solid OpenSCAD_Model
  facet normal -1 0 0
    outer loop
      vertex 2.4 2.4 2
      vertex 2.4 41.6 8
      vertex 2.4 41.6 2
    endloop
  endfacet
  facet normal -1 -0 0
    outer loop
      vertex 2.4 41.6 8
      vertex 2.4 2.4 2
      vertex 2.4 2.4 8
    endloop
  endfacet
  facet normal 0 0 1
    outer loop
      vertex 74.6 41.6 8
      vertex 73.2 40.2 8
      vertex 74.6 2.4 8
    endloop
  endfacet
  facet normal -0 0 1
    outer loop
      vertex 58.54 41.6 8
      vertex 73.2 40.2 8
      vertex 74.6 41.6 8
    endloop
  endfacet
  facet normal 0 0 1
    outer loop
      vertex 73.2 40.2 8
      vertex 58.54 41.6 8
      vertex 58.54 40.2 8
    endloop
  endfacet
  facet normal -0 0 1
    outer loop
      vertex 73.2 3.8 8
      vertex 74.6 2.4 8
      vertex 73.2 40.2 8
    endloop
  endfacet
  facet normal 0 0 1
    outer loop
      vertex 58.54 2.4 8
      vertex 73.2 3.8 8
      vertex 58.54 3.8 8
    endloop
  endfacet
  facet normal 0 0 1
    outer loop
      vertex 73.2 3.8 8
      vertex 58.54 2.4 8
      vertex 74.6 2.4 8
    endloop
  endfacet
  facet normal 0 0 1
    outer loop
      vertex 18.46 41.6 8
      vertex 3.8 40.2 8
      vertex 18.46 40.2 8
    endloop
  endfacet
  facet normal 0 0 1
    outer loop
      vertex 3.8 40.2 8
      vertex 2.4 41.6 8
      vertex 3.8 3.8 8
    endloop
  endfacet
  facet normal -0 0 1
    outer loop
      vertex 2.4 41.6 8
      vertex 3.8 40.2 8
      vertex 18.46 41.6 8
    endloop
  endfacet
  facet normal -0 0 1
    outer loop
      vertex 3.8 3.8 8
      vertex 18.46 2.4 8
      vertex 18.46 3.8 8
    endloop
  endfacet
  facet normal 0 0 1
    outer loop
      vertex 3.8 3.8 8
      vertex 2.4 2.4 8
      vertex 18.46 2.4 8
    endloop
  endfacet
  facet normal 0 0 1
    outer loop
      vertex 2.4 2.4 8
      vertex 3.8 3.8 8
      vertex 2.4 41.6 8
    endloop
  endfacet
  facet normal -0 0 1
    outer loop
      vertex 19.06 3.8 8
      vertex 24.06 2.4 8
      vertex 24.06 3.8 8
    endloop
  endfacet
  facet normal 0 0 1
    outer loop
      vertex 24.06 2.4 8
      vertex 19.06 3.8 8
      vertex 19.06 2.4 8
    endloop
  endfacet
  facet normal -0 0 1
    outer loop
      vertex 52.94 3.8 8
      vertex 57.94 2.4 8
      vertex 57.94 3.8 8
    endloop
  endfacet
  facet normal 0 0 1
    outer loop
      vertex 57.94 2.4 8
      vertex 52.94 3.8 8
      vertex 52.94 2.4 8
    endloop
  endfacet
  facet normal -0 0 1
    outer loop
      vertex 19.06 41.65 8
      vertex 24.06 40.2 8
      vertex 24.06 41.65 8
    endloop
  endfacet
  facet normal 0 0 1
    outer loop
      vertex 24.06 40.2 8
      vertex 19.06 41.65 8
      vertex 19.06 40.2 8
    endloop
  endfacet
  facet normal -0 0 1
    outer loop
      vertex 52.94 41.65 8
      vertex 57.94 40.2 8
      vertex 57.94 41.65 8
    endloop
  endfacet
  facet normal 0 0 1
    outer loop
      vertex 57.94 40.2 8
      vertex 52.94 41.65 8
      vertex 52.94 40.2 8
    endloop
  endfacet
  facet normal -0 0 1
    outer loop
      vertex 24.66 3.8 8
      vertex 52.34 2.4 8
      vertex 52.34 3.8 8
    endloop
  endfacet
  facet normal 0 0 1
    outer loop
      vertex 52.34 2.4 8
      vertex 24.66 3.8 8
      vertex 24.66 2.4 8
    endloop
  endfacet
  facet normal -0 0 1
    outer loop
      vertex 24.66 41.6 8
      vertex 52.34 40.2 8
      vertex 52.34 41.6 8
    endloop
  endfacet
  facet normal 0 0 1
    outer loop
      vertex 52.34 40.2 8
      vertex 24.66 41.6 8
      vertex 24.66 40.2 8
    endloop
  endfacet
  facet normal 1 -0 0
    outer loop
      vertex 74.6 2.4 8
      vertex 74.6 41.6 2
      vertex 74.6 41.6 8
    endloop
  endfacet
  facet normal 1 0 0
    outer loop
      vertex 74.6 41.6 2
      vertex 74.6 2.4 8
      vertex 74.6 2.4 2
    endloop
  endfacet
  facet normal 0 1 -0
    outer loop
      vertex 74.6 41.6 2
      vertex 58.54 41.6 8
      vertex 74.6 41.6 8
    endloop
  endfacet
  facet normal 0 1 0
    outer loop
      vertex 58.54 41.6 8
      vertex 74.6 41.6 2
      vertex 58.54 41.6 2
    endloop
  endfacet
  facet normal 0 1 -0
    outer loop
      vertex 18.46 41.6 2
      vertex 2.4 41.6 8
      vertex 18.46 41.6 8
    endloop
  endfacet
  facet normal 0 1 0
    outer loop
      vertex 2.4 41.6 8
      vertex 18.46 41.6 2
      vertex 2.4 41.6 2
    endloop
  endfacet
  facet normal 0 1 -0
    outer loop
      vertex 24.06 41.6 5.8
      vertex 19.06 41.6 7.7
      vertex 24.06 41.6 7.7
    endloop
  endfacet
  facet normal 0 1 0
    outer loop
      vertex 19.06 41.6 7.7
      vertex 24.06 41.6 5.8
      vertex 19.06 41.6 5.8
    endloop
  endfacet
  facet normal 0 1 -0
    outer loop
      vertex 24.06 41.6 2
      vertex 19.06 41.6 4.6
      vertex 24.06 41.6 4.6
    endloop
  endfacet
  facet normal 0 1 0
    outer loop
      vertex 19.06 41.6 4.6
      vertex 24.06 41.6 2
      vertex 19.06 41.6 2
    endloop
  endfacet
  facet normal 0 1 -0
    outer loop
      vertex 57.94 41.6 5.8
      vertex 52.94 41.6 7.7
      vertex 57.94 41.6 7.7
    endloop
  endfacet
  facet normal 0 1 0
    outer loop
      vertex 52.94 41.6 7.7
      vertex 57.94 41.6 5.8
      vertex 52.94 41.6 5.8
    endloop
  endfacet
  facet normal 0 1 -0
    outer loop
      vertex 57.94 41.6 2
      vertex 52.94 41.6 4.6
      vertex 57.94 41.6 4.6
    endloop
  endfacet
  facet normal 0 1 0
    outer loop
      vertex 52.94 41.6 4.6
      vertex 57.94 41.6 2
      vertex 52.94 41.6 2
    endloop
  endfacet
  facet normal 0 1 -0
    outer loop
      vertex 52.34 41.6 2
      vertex 24.66 41.6 8
      vertex 52.34 41.6 8
    endloop
  endfacet
  facet normal 0 1 0
    outer loop
      vertex 24.66 41.6 8
      vertex 52.34 41.6 2
      vertex 24.66 41.6 2
    endloop
  endfacet
  facet normal 0 0 1
    outer loop
      vertex 28.2975 23.7227 2
      vertex 18.1 28.9 2
      vertex 29.7744 19.8991 2
    endloop
  endfacet
  facet normal 0 0 1
    outer loop
      vertex 29.7744 19.8991 2
      vertex 18.1 28.9 2
      vertex 18.46 3.8 2
    endloop
  endfacet
  facet normal 0 0 1
    outer loop
      vertex 17.8074 28.9288 2
      vertex 18.46 3.8 2
      vertex 18.1 28.9 2
    endloop
  endfacet
  facet normal 0 0 1
    outer loop
      vertex 17.526 29.0142 2
      vertex 18.46 3.8 2
      vertex 17.8074 28.9288 2
    endloop
  endfacet
  facet normal 0 0 1
    outer loop
      vertex 3.8 3.8 2
      vertex 17.526 29.0142 2
      vertex 17.2666 29.1528 2
    endloop
  endfacet
  facet normal 0 0 1
    outer loop
      vertex 3.8 3.8 2
      vertex 17.2666 29.1528 2
      vertex 17.0393 29.3393 2
    endloop
  endfacet
  facet normal 0 0 1
    outer loop
      vertex 3.8 3.8 2
      vertex 17.0393 29.3393 2
      vertex 16.8528 29.5666 2
    endloop
  endfacet
  facet normal 0 0 1
    outer loop
      vertex 3.8 3.8 2
      vertex 16.8528 29.5666 2
      vertex 16.7142 29.826 2
    endloop
  endfacet
  facet normal 0 0 1
    outer loop
      vertex 3.8 40.2 2
      vertex 16.7142 29.826 2
      vertex 16.6288 30.1074 2
    endloop
  endfacet
  facet normal 0 0 1
    outer loop
      vertex 3.8 40.2 2
      vertex 16.6288 30.1074 2
      vertex 16.6 30.4 2
    endloop
  endfacet
  facet normal 0 0 1
    outer loop
      vertex 16.7142 29.826 2
      vertex 3.8 40.2 2
      vertex 3.8 3.8 2
    endloop
  endfacet
  facet normal 0 0 1
    outer loop
      vertex 17.526 29.0142 2
      vertex 3.8 3.8 2
      vertex 18.46 3.8 2
    endloop
  endfacet
  facet normal 0 0 1
    outer loop
      vertex 18.3926 31.8712 2
      vertex 19.06 40.2 2
      vertex 18.46 40.2 2
    endloop
  endfacet
  facet normal 0 0 1
    outer loop
      vertex 19.06 40.2 2
      vertex 18.3926 31.8712 2
      vertex 18.674 31.7858 2
    endloop
  endfacet
  facet normal 0 0 1
    outer loop
      vertex 18.46 40.2 2
      vertex 18.1 31.9 2
      vertex 18.3926 31.8712 2
    endloop
  endfacet
  facet normal 0 0 1
    outer loop
      vertex 18.46 40.2 2
      vertex 17.8074 31.8712 2
      vertex 18.1 31.9 2
    endloop
  endfacet
  facet normal 0 0 1
    outer loop
      vertex 18.46 40.2 2
      vertex 17.526 31.7858 2
      vertex 17.8074 31.8712 2
    endloop
  endfacet
  facet normal 0 0 1
    outer loop
      vertex 18.46 40.2 2
      vertex 17.2666 31.6472 2
      vertex 17.526 31.7858 2
    endloop
  endfacet
  facet normal 0 0 1
    outer loop
      vertex 18.46 40.2 2
      vertex 17.0393 31.4607 2
      vertex 17.2666 31.6472 2
    endloop
  endfacet
  facet normal -0 0 1
    outer loop
      vertex 3.8 40.2 2
      vertex 17.0393 31.4607 2
      vertex 18.46 40.2 2
    endloop
  endfacet
  facet normal 0 0 1
    outer loop
      vertex 17.0393 31.4607 2
      vertex 3.8 40.2 2
      vertex 16.8528 31.2334 2
    endloop
  endfacet
  facet normal 0 0 1
    outer loop
      vertex 16.8528 31.2334 2
      vertex 3.8 40.2 2
      vertex 16.7142 30.974 2
    endloop
  endfacet
  facet normal 0 0 1
    outer loop
      vertex 16.6288 30.6926 2
      vertex 3.8 40.2 2
      vertex 16.6 30.4 2
    endloop
  endfacet
  facet normal 0 0 1
    outer loop
      vertex 16.7142 30.974 2
      vertex 3.8 40.2 2
      vertex 16.6288 30.6926 2
    endloop
  endfacet
  facet normal 0 0 1
    outer loop
      vertex 29.7744 19.8991 2
      vertex 24.06 3.8 2
      vertex 24.66 3.8 2
    endloop
  endfacet
  facet normal 0 0 1
    outer loop
      vertex 24.66 40.2 2
      vertex 19.5712 30.6926 2
      vertex 19.6 30.4 2
    endloop
  endfacet
  facet normal 0 0 1
    outer loop
      vertex 24.66 40.2 2
      vertex 19.4858 30.974 2
      vertex 19.5712 30.6926 2
    endloop
  endfacet
  facet normal 0 0 1
    outer loop
      vertex 24.66 40.2 2
      vertex 19.3472 31.2334 2
      vertex 19.4858 30.974 2
    endloop
  endfacet
  facet normal 0 0 1
    outer loop
      vertex 24.06 40.2 2
      vertex 19.1607 31.4607 2
      vertex 19.3472 31.2334 2
    endloop
  endfacet
  facet normal 0 0 1
    outer loop
      vertex 18.9334 31.6472 2
      vertex 24.06 40.2 2
      vertex 19.06 40.2 2
    endloop
  endfacet
  facet normal 0 0 1
    outer loop
      vertex 24.06 40.2 2
      vertex 18.9334 31.6472 2
      vertex 19.1607 31.4607 2
    endloop
  endfacet
  facet normal 0 0 1
    outer loop
      vertex 25.1993 29.3393 2
      vertex 19.1607 29.3393 2
      vertex 25.4266 29.1528 2
    endloop
  endfacet
  facet normal 0 0 1
    outer loop
      vertex 18.9334 29.1528 2
      vertex 25.4266 29.1528 2
      vertex 19.1607 29.3393 2
    endloop
  endfacet
  facet normal 0 0 1
    outer loop
      vertex 25.4266 29.1528 2
      vertex 18.9334 29.1528 2
      vertex 28.2975 23.7227 2
    endloop
  endfacet
  facet normal -0 0 1
    outer loop
      vertex 18.674 29.0142 2
      vertex 28.2975 23.7227 2
      vertex 18.9334 29.1528 2
    endloop
  endfacet
  facet normal -0 0 1
    outer loop
      vertex 18.3926 28.9288 2
      vertex 28.2975 23.7227 2
      vertex 18.674 29.0142 2
    endloop
  endfacet
  facet normal 0 0 1
    outer loop
      vertex 29.7744 19.8991 2
      vertex 19.06 3.8 2
      vertex 24.06 3.8 2
    endloop
  endfacet
  facet normal -0 0 1
    outer loop
      vertex 18.1 28.9 2
      vertex 28.2975 23.7227 2
      vertex 18.3926 28.9288 2
    endloop
  endfacet
  facet normal 0 0 1
    outer loop
      vertex 29.7744 23.7227 2
      vertex 28.2975 23.7227 2
      vertex 29.7744 19.8991 2
    endloop
  endfacet
  facet normal -0 0 1
    outer loop
      vertex 45.8674 23.7227 2
      vertex 48.3636 22.3434 2
      vertex 48.5467 23.7227 2
    endloop
  endfacet
  facet normal 0 0 1
    outer loop
      vertex 48.3636 22.3434 2
      vertex 45.8674 23.7227 2
      vertex 45.8674 22.3434 2
    endloop
  endfacet
  facet normal 0 0 1
    outer loop
      vertex 57.94 3.8 2
      vertex 48.6718 19.8991 2
      vertex 52.94 3.8 2
    endloop
  endfacet
  facet normal 0 0 1
    outer loop
      vertex 52.94 40.2 2
      vertex 48.5467 24.1987 2
      vertex 48.5467 23.7227 2
    endloop
  endfacet
  facet normal 0 0 1
    outer loop
      vertex 52.34 40.2 2
      vertex 45.2846 24.1987 2
      vertex 48.5467 24.1987 2
    endloop
  endfacet
  facet normal 0 0 1
    outer loop
      vertex 45.2846 24.1987 2
      vertex 44.6394 20.9732 2
      vertex 45.2846 19.8991 2
    endloop
  endfacet
  facet normal 0 0 1
    outer loop
      vertex 45.2846 24.1987 2
      vertex 44.5997 23.1978 2
      vertex 44.6394 20.9732 2
    endloop
  endfacet
  facet normal -0 0 1
    outer loop
      vertex 43.288 24.2198 2
      vertex 45.2846 24.1987 2
      vertex 52.34 40.2 2
    endloop
  endfacet
  facet normal 0 0 1
    outer loop
      vertex 45.2846 24.1987 2
      vertex 44.5033 23.3986 2
      vertex 44.5997 23.1978 2
    endloop
  endfacet
  facet normal 0 0 1
    outer loop
      vertex 45.2846 24.1987 2
      vertex 44.3873 23.5786 2
      vertex 44.5033 23.3986 2
    endloop
  endfacet
  facet normal 0 0 1
    outer loop
      vertex 45.2846 24.1987 2
      vertex 44.2518 23.7379 2
      vertex 44.3873 23.5786 2
    endloop
  endfacet
  facet normal 0 0 1
    outer loop
      vertex 45.2846 24.1987 2
      vertex 44.0968 23.8764 2
      vertex 44.2518 23.7379 2
    endloop
  endfacet
  facet normal 0 0 1
    outer loop
      vertex 45.2846 24.1987 2
      vertex 43.9222 23.9942 2
      vertex 44.0968 23.8764 2
    endloop
  endfacet
  facet normal 0 0 1
    outer loop
      vertex 45.2846 24.1987 2
      vertex 43.7289 24.0909 2
      vertex 43.9222 23.9942 2
    endloop
  endfacet
  facet normal 0 0 1
    outer loop
      vertex 45.2846 24.1987 2
      vertex 43.5175 24.1661 2
      vertex 43.7289 24.0909 2
    endloop
  endfacet
  facet normal 0 0 1
    outer loop
      vertex 45.2846 24.1987 2
      vertex 43.288 24.2198 2
      vertex 43.5175 24.1661 2
    endloop
  endfacet
  facet normal 0 0 1
    outer loop
      vertex 52.34 40.2 2
      vertex 43.0405 24.2521 2
      vertex 43.288 24.2198 2
    endloop
  endfacet
  facet normal 0 0 1
    outer loop
      vertex 52.34 40.2 2
      vertex 42.7749 24.2628 2
      vertex 43.0405 24.2521 2
    endloop
  endfacet
  facet normal 0 0 1
    outer loop
      vertex 52.34 40.2 2
      vertex 42.3989 24.2395 2
      vertex 42.7749 24.2628 2
    endloop
  endfacet
  facet normal 0 0 1
    outer loop
      vertex 38.7222 24.1987 2
      vertex 42.3989 24.2395 2
      vertex 52.34 40.2 2
    endloop
  endfacet
  facet normal 0 0 1
    outer loop
      vertex 42.3989 24.2395 2
      vertex 38.7222 24.1987 2
      vertex 42.0571 24.1695 2
    endloop
  endfacet
  facet normal 0 0 1
    outer loop
      vertex 42.0571 24.1695 2
      vertex 38.7222 24.1987 2
      vertex 41.7495 24.053 2
    endloop
  endfacet
  facet normal 0 0 1
    outer loop
      vertex 41.7495 24.053 2
      vertex 38.7222 24.1987 2
      vertex 41.4761 23.8898 2
    endloop
  endfacet
  facet normal 0 0 1
    outer loop
      vertex 41.4761 23.8898 2
      vertex 38.7222 24.1987 2
      vertex 41.2369 23.68 2
    endloop
  endfacet
  facet normal 0 0 1
    outer loop
      vertex 38.7222 24.1987 2
      vertex 40.6815 22.0687 2
      vertex 40.7037 22.4623 2
    endloop
  endfacet
  facet normal 0 0 1
    outer loop
      vertex 40.6815 22.0687 2
      vertex 38.7222 24.1987 2
      vertex 40.4494 19.8991 2
    endloop
  endfacet
  facet normal 0 0 1
    outer loop
      vertex 40.7704 22.8201 2
      vertex 38.7222 24.1987 2
      vertex 40.7037 22.4623 2
    endloop
  endfacet
  facet normal 0 0 1
    outer loop
      vertex 40.8814 23.1424 2
      vertex 38.7222 24.1987 2
      vertex 40.7704 22.8201 2
    endloop
  endfacet
  facet normal 0 0 1
    outer loop
      vertex 41.0369 23.429 2
      vertex 38.7222 24.1987 2
      vertex 40.8814 23.1424 2
    endloop
  endfacet
  facet normal 0 0 1
    outer loop
      vertex 41.2369 23.68 2
      vertex 38.7222 24.1987 2
      vertex 41.0369 23.429 2
    endloop
  endfacet
  facet normal -0 0 1
    outer loop
      vertex 27.5072 31.2334 2
      vertex 38.7222 24.1987 2
      vertex 52.34 40.2 2
    endloop
  endfacet
  facet normal -0 0 1
    outer loop
      vertex 35.8373 22.4489 2
      vertex 36.3053 19.8991 2
      vertex 38.06 24.1987 2
    endloop
  endfacet
  facet normal 0 0 1
    outer loop
      vertex 35.9267 22.7834 2
      vertex 38.06 24.1987 2
      vertex 35.9379 22.9689 2
    endloop
  endfacet
  facet normal 0 0 1
    outer loop
      vertex 38.7222 24.1987 2
      vertex 27.6458 30.974 2
      vertex 38.06 24.1987 2
    endloop
  endfacet
  facet normal 0 0 1
    outer loop
      vertex 38.06 24.1987 2
      vertex 35.922 23.1906 2
      vertex 35.9379 22.9689 2
    endloop
  endfacet
  facet normal 0 0 1
    outer loop
      vertex 38.06 24.1987 2
      vertex 35.8746 23.392 2
      vertex 35.922 23.1906 2
    endloop
  endfacet
  facet normal 0 0 1
    outer loop
      vertex 38.06 24.1987 2
      vertex 35.7956 23.573 2
      vertex 35.8746 23.392 2
    endloop
  endfacet
  facet normal 0 0 1
    outer loop
      vertex 38.06 24.1987 2
      vertex 35.6849 23.7335 2
      vertex 35.7956 23.573 2
    endloop
  endfacet
  facet normal 0 0 1
    outer loop
      vertex 38.06 24.1987 2
      vertex 35.5427 23.8737 2
      vertex 35.6849 23.7335 2
    endloop
  endfacet
  facet normal 0 0 1
    outer loop
      vertex 38.06 24.1987 2
      vertex 35.3714 23.9907 2
      vertex 35.5427 23.8737 2
    endloop
  endfacet
  facet normal 0 0 1
    outer loop
      vertex 38.06 24.1987 2
      vertex 35.1736 24.0817 2
      vertex 35.3714 23.9907 2
    endloop
  endfacet
  facet normal -0 -0 1
    outer loop
      vertex 27.7312 30.6926 2
      vertex 38.06 24.1987 2
      vertex 27.6458 30.974 2
    endloop
  endfacet
  facet normal 0 0 1
    outer loop
      vertex 38.06 24.1987 2
      vertex 34.9493 24.1467 2
      vertex 35.1736 24.0817 2
    endloop
  endfacet
  facet normal 0 0 1
    outer loop
      vertex 38.06 24.1987 2
      vertex 27.7312 30.6926 2
      vertex 34.9493 24.1467 2
    endloop
  endfacet
  facet normal 0 0 1
    outer loop
      vertex 34.9493 24.1467 2
      vertex 27.7312 30.6926 2
      vertex 34.6985 24.1857 2
    endloop
  endfacet
  facet normal 0 0 1
    outer loop
      vertex 31.8312 23.7227 2
      vertex 32.3981 24.1987 2
      vertex 31.8312 24.1987 2
    endloop
  endfacet
  facet normal -0 -0 1
    outer loop
      vertex 27.76 30.4 2
      vertex 34.4212 24.1987 2
      vertex 27.7312 30.6926 2
    endloop
  endfacet
  facet normal 0 0 1
    outer loop
      vertex 34.4212 24.1987 2
      vertex 27.76 30.4 2
      vertex 32.3981 24.1987 2
    endloop
  endfacet
  facet normal -0 0 1
    outer loop
      vertex 27.6458 29.826 2
      vertex 31.8312 24.1987 2
      vertex 27.7312 30.1074 2
    endloop
  endfacet
  facet normal 0 0 1
    outer loop
      vertex 32.3981 24.1987 2
      vertex 27.7312 30.1074 2
      vertex 31.8312 24.1987 2
    endloop
  endfacet
  facet normal -0 0 1
    outer loop
      vertex 27.7312 30.1074 2
      vertex 32.3981 24.1987 2
      vertex 27.76 30.4 2
    endloop
  endfacet
  facet normal 0 0 1
    outer loop
      vertex 34.6985 24.1857 2
      vertex 27.7312 30.6926 2
      vertex 34.4212 24.1987 2
    endloop
  endfacet
  facet normal 0 0 1
    outer loop
      vertex 38.7222 24.1987 2
      vertex 27.5072 31.2334 2
      vertex 27.6458 30.974 2
    endloop
  endfacet
  facet normal -0 0 1
    outer loop
      vertex 24.66 40.2 2
      vertex 27.5072 31.2334 2
      vertex 52.34 40.2 2
    endloop
  endfacet
  facet normal 0 0 1
    outer loop
      vertex 27.5072 31.2334 2
      vertex 24.66 40.2 2
      vertex 27.3207 31.4607 2
    endloop
  endfacet
  facet normal 0 0 1
    outer loop
      vertex 27.3207 31.4607 2
      vertex 24.66 40.2 2
      vertex 27.0934 31.6472 2
    endloop
  endfacet
  facet normal 0 0 1
    outer loop
      vertex 27.0934 31.6472 2
      vertex 24.66 40.2 2
      vertex 26.834 31.7858 2
    endloop
  endfacet
  facet normal 0 0 1
    outer loop
      vertex 26.834 31.7858 2
      vertex 24.66 40.2 2
      vertex 26.5526 31.8712 2
    endloop
  endfacet
  facet normal 0 0 1
    outer loop
      vertex 26.5526 31.8712 2
      vertex 24.66 40.2 2
      vertex 26.26 31.9 2
    endloop
  endfacet
  facet normal 0 0 1
    outer loop
      vertex 26.26 31.9 2
      vertex 24.66 40.2 2
      vertex 25.9674 31.8712 2
    endloop
  endfacet
  facet normal 0 0 1
    outer loop
      vertex 24.8742 30.974 2
      vertex 19.6 30.4 2
      vertex 24.7888 30.6926 2
    endloop
  endfacet
  facet normal 0 0 1
    outer loop
      vertex 25.0128 31.2334 2
      vertex 19.6 30.4 2
      vertex 24.8742 30.974 2
    endloop
  endfacet
  facet normal 0 0 1
    outer loop
      vertex 25.1993 31.4607 2
      vertex 19.6 30.4 2
      vertex 25.0128 31.2334 2
    endloop
  endfacet
  facet normal 0 0 1
    outer loop
      vertex 19.6 30.4 2
      vertex 25.1993 31.4607 2
      vertex 24.66 40.2 2
    endloop
  endfacet
  facet normal 0 0 1
    outer loop
      vertex 25.4266 31.6472 2
      vertex 24.66 40.2 2
      vertex 25.1993 31.4607 2
    endloop
  endfacet
  facet normal 0 0 1
    outer loop
      vertex 25.686 31.7858 2
      vertex 24.66 40.2 2
      vertex 25.4266 31.6472 2
    endloop
  endfacet
  facet normal 0 0 1
    outer loop
      vertex 25.9674 31.8712 2
      vertex 24.66 40.2 2
      vertex 25.686 31.7858 2
    endloop
  endfacet
  facet normal 0 0 1
    outer loop
      vertex 48.6718 20.3751 2
      vertex 57.94 40.2 2
      vertex 52.94 40.2 2
    endloop
  endfacet
  facet normal 0 0 1
    outer loop
      vertex 73.2 3.8 2
      vertex 48.6718 19.8991 2
      vertex 58.54 3.8 2
    endloop
  endfacet
  facet normal 0 0 1
    outer loop
      vertex 77 44 2
      vertex 74.6 41.6 2
      vertex 77 0 2
    endloop
  endfacet
  facet normal 0 0 1
    outer loop
      vertex 77 44 2
      vertex 58.54 41.6 2
      vertex 74.6 41.6 2
    endloop
  endfacet
  facet normal 0 0 1
    outer loop
      vertex 57.94 40.2 2
      vertex 58.54 40.2 2
      vertex 58.54 41.6 2
    endloop
  endfacet
  facet normal 0 0 1
    outer loop
      vertex 48.6718 20.3751 2
      vertex 58.54 40.2 2
      vertex 57.94 40.2 2
    endloop
  endfacet
  facet normal 0 0 1
    outer loop
      vertex 57.94 40.2 2
      vertex 58.54 41.6 2
      vertex 57.94 41.6 2
    endloop
  endfacet
  facet normal 0 0 1
    outer loop
      vertex 77 44 2
      vertex 57.94 41.6 2
      vertex 58.54 41.6 2
    endloop
  endfacet
  facet normal 0 0 1
    outer loop
      vertex 77 44 2
      vertex 52.94 41.6 2
      vertex 57.94 41.6 2
    endloop
  endfacet
  facet normal 0 0 1
    outer loop
      vertex 52.34 40.2 2
      vertex 52.94 40.2 2
      vertex 52.94 41.6 2
    endloop
  endfacet
  facet normal 0 0 1
    outer loop
      vertex 48.5467 24.1987 2
      vertex 52.94 40.2 2
      vertex 52.34 40.2 2
    endloop
  endfacet
  facet normal 0 0 1
    outer loop
      vertex 52.34 40.2 2
      vertex 52.94 41.6 2
      vertex 52.34 41.6 2
    endloop
  endfacet
  facet normal 0 0 1
    outer loop
      vertex 77 44 2
      vertex 52.34 41.6 2
      vertex 52.94 41.6 2
    endloop
  endfacet
  facet normal 0 0 1
    outer loop
      vertex 77 44 2
      vertex 24.66 41.6 2
      vertex 52.34 41.6 2
    endloop
  endfacet
  facet normal 0 0 1
    outer loop
      vertex 24.06 40.2 2
      vertex 24.66 40.2 2
      vertex 24.66 41.6 2
    endloop
  endfacet
  facet normal 0 0 1
    outer loop
      vertex 19.3472 31.2334 2
      vertex 24.66 40.2 2
      vertex 24.06 40.2 2
    endloop
  endfacet
  facet normal 0 0 1
    outer loop
      vertex 24.06 40.2 2
      vertex 24.66 41.6 2
      vertex 24.06 41.6 2
    endloop
  endfacet
  facet normal -0 0 1
    outer loop
      vertex 0 44 2
      vertex 24.66 41.6 2
      vertex 77 44 2
    endloop
  endfacet
  facet normal 0 0 1
    outer loop
      vertex 24.66 41.6 2
      vertex 0 44 2
      vertex 24.06 41.6 2
    endloop
  endfacet
  facet normal -0 0 1
    outer loop
      vertex 18.46 41.6 2
      vertex 19.06 40.2 2
      vertex 19.06 41.6 2
    endloop
  endfacet
  facet normal 0 0 1
    outer loop
      vertex 19.06 40.2 2
      vertex 18.674 31.7858 2
      vertex 18.9334 31.6472 2
    endloop
  endfacet
  facet normal 0 0 1
    outer loop
      vertex 18.46 40.2 2
      vertex 19.06 40.2 2
      vertex 18.46 41.6 2
    endloop
  endfacet
  facet normal 0 0 1
    outer loop
      vertex 24.06 41.6 2
      vertex 0 44 2
      vertex 19.06 41.6 2
    endloop
  endfacet
  facet normal 0 0 1
    outer loop
      vertex 19.06 41.6 2
      vertex 0 44 2
      vertex 18.46 41.6 2
    endloop
  endfacet
  facet normal 0 0 1
    outer loop
      vertex 2.4 41.6 2
      vertex 0 44 2
      vertex 2.4 2.4 2
    endloop
  endfacet
  facet normal 0 0 1
    outer loop
      vertex 18.46 41.6 2
      vertex 0 44 2
      vertex 2.4 41.6 2
    endloop
  endfacet
  facet normal -0 0 1
    outer loop
      vertex 74.6 2.4 2
      vertex 77 0 2
      vertex 74.6 41.6 2
    endloop
  endfacet
  facet normal -0 0 1
    outer loop
      vertex 58.54 2.4 2
      vertex 77 0 2
      vertex 74.6 2.4 2
    endloop
  endfacet
  facet normal -0 0 1
    outer loop
      vertex 48.6718 19.8991 2
      vertex 73.2 3.8 2
      vertex 48.6718 20.3751 2
    endloop
  endfacet
  facet normal 0 0 1
    outer loop
      vertex 58.54 3.8 2
      vertex 57.94 3.8 2
      vertex 58.54 2.4 2
    endloop
  endfacet
  facet normal 0 0 1
    outer loop
      vertex 57.94 2.4 2
      vertex 58.54 2.4 2
      vertex 57.94 3.8 2
    endloop
  endfacet
  facet normal -0 0 1
    outer loop
      vertex 57.94 2.4 2
      vertex 77 0 2
      vertex 58.54 2.4 2
    endloop
  endfacet
  facet normal -0 0 1
    outer loop
      vertex 52.94 2.4 2
      vertex 77 0 2
      vertex 57.94 2.4 2
    endloop
  endfacet
  facet normal 0 0 1
    outer loop
      vertex 58.54 3.8 2
      vertex 48.6718 19.8991 2
      vertex 57.94 3.8 2
    endloop
  endfacet
  facet normal 0 0 1
    outer loop
      vertex 52.94 3.8 2
      vertex 52.34 3.8 2
      vertex 52.94 2.4 2
    endloop
  endfacet
  facet normal 0 0 1
    outer loop
      vertex 52.34 2.4 2
      vertex 52.94 2.4 2
      vertex 52.34 3.8 2
    endloop
  endfacet
  facet normal -0 0 1
    outer loop
      vertex 52.34 2.4 2
      vertex 77 0 2
      vertex 52.94 2.4 2
    endloop
  endfacet
  facet normal -0 0 1
    outer loop
      vertex 24.66 2.4 2
      vertex 77 0 2
      vertex 52.34 2.4 2
    endloop
  endfacet
  facet normal 0 0 1
    outer loop
      vertex 19.1607 29.3393 2
      vertex 25.1993 29.3393 2
      vertex 19.3472 29.5666 2
    endloop
  endfacet
  facet normal 0 0 1
    outer loop
      vertex 24.66 3.8 2
      vertex 24.06 3.8 2
      vertex 24.66 2.4 2
    endloop
  endfacet
  facet normal 0 0 1
    outer loop
      vertex 24.06 2.4 2
      vertex 24.66 2.4 2
      vertex 24.06 3.8 2
    endloop
  endfacet
  facet normal 0 0 1
    outer loop
      vertex 0 0 2
      vertex 24.66 2.4 2
      vertex 24.06 2.4 2
    endloop
  endfacet
  facet normal 0 0 1
    outer loop
      vertex 0 0 2
      vertex 24.06 2.4 2
      vertex 19.06 2.4 2
    endloop
  endfacet
  facet normal 0 0 1
    outer loop
      vertex 29.7744 19.8991 2
      vertex 18.46 3.8 2
      vertex 19.06 3.8 2
    endloop
  endfacet
  facet normal 0 0 1
    outer loop
      vertex 19.06 3.8 2
      vertex 18.46 3.8 2
      vertex 19.06 2.4 2
    endloop
  endfacet
  facet normal 0 0 1
    outer loop
      vertex 18.46 2.4 2
      vertex 19.06 2.4 2
      vertex 18.46 3.8 2
    endloop
  endfacet
  facet normal 0 0 1
    outer loop
      vertex 0 0 2
      vertex 19.06 2.4 2
      vertex 18.46 2.4 2
    endloop
  endfacet
  facet normal 0 0 1
    outer loop
      vertex 0 0 2
      vertex 18.46 2.4 2
      vertex 2.4 2.4 2
    endloop
  endfacet
  facet normal 0 0 1
    outer loop
      vertex 24.66 2.4 2
      vertex 0 0 2
      vertex 77 0 2
    endloop
  endfacet
  facet normal 0 0 1
    outer loop
      vertex 0 0 2
      vertex 2.4 2.4 2
      vertex 0 44 2
    endloop
  endfacet
  facet normal 0 0 1
    outer loop
      vertex 48.6718 20.3751 2
      vertex 73.2 40.2 2
      vertex 58.54 40.2 2
    endloop
  endfacet
  facet normal 0 0 1
    outer loop
      vertex 73.2 40.2 2
      vertex 48.6718 20.3751 2
      vertex 73.2 3.8 2
    endloop
  endfacet
  facet normal 0 0 1
    outer loop
      vertex 52.94 3.8 2
      vertex 48.6718 19.8991 2
      vertex 52.34 3.8 2
    endloop
  endfacet
  facet normal -0 0 1
    outer loop
      vertex 45.2846 19.8991 2
      vertex 52.34 3.8 2
      vertex 48.6718 19.8991 2
    endloop
  endfacet
  facet normal -0 0 1
    outer loop
      vertex 44.5246 20.7617 2
      vertex 45.2846 19.8991 2
      vertex 44.6394 20.9732 2
    endloop
  endfacet
  facet normal -0 0 1
    outer loop
      vertex 44.3926 20.5714 2
      vertex 45.2846 19.8991 2
      vertex 44.5246 20.7617 2
    endloop
  endfacet
  facet normal -0 0 1
    outer loop
      vertex 44.2433 20.4023 2
      vertex 45.2846 19.8991 2
      vertex 44.3926 20.5714 2
    endloop
  endfacet
  facet normal -0 0 1
    outer loop
      vertex 44.0769 20.2545 2
      vertex 45.2846 19.8991 2
      vertex 44.2433 20.4023 2
    endloop
  endfacet
  facet normal -0 0 1
    outer loop
      vertex 43.8932 20.1279 2
      vertex 45.2846 19.8991 2
      vertex 44.0769 20.2545 2
    endloop
  endfacet
  facet normal -0 0 1
    outer loop
      vertex 43.6949 20.0236 2
      vertex 45.2846 19.8991 2
      vertex 43.8932 20.1279 2
    endloop
  endfacet
  facet normal -0 0 1
    outer loop
      vertex 43.4841 19.9424 2
      vertex 45.2846 19.8991 2
      vertex 43.6949 20.0236 2
    endloop
  endfacet
  facet normal 0 0 1
    outer loop
      vertex 43.261 19.8844 2
      vertex 45.2846 19.8991 2
      vertex 43.4841 19.9424 2
    endloop
  endfacet
  facet normal 0 0 1
    outer loop
      vertex 43.0257 19.8496 2
      vertex 45.2846 19.8991 2
      vertex 43.261 19.8844 2
    endloop
  endfacet
  facet normal 0 0 1
    outer loop
      vertex 45.2846 19.8991 2
      vertex 43.0257 19.8496 2
      vertex 52.34 3.8 2
    endloop
  endfacet
  facet normal -0 0 1
    outer loop
      vertex 42.7779 19.838 2
      vertex 52.34 3.8 2
      vertex 43.0257 19.8496 2
    endloop
  endfacet
  facet normal 0 0 1
    outer loop
      vertex 42.525 19.8488 2
      vertex 52.34 3.8 2
      vertex 42.7779 19.838 2
    endloop
  endfacet
  facet normal 0 0 1
    outer loop
      vertex 40.4494 19.8991 2
      vertex 42.525 19.8488 2
      vertex 42.286 19.8813 2
    endloop
  endfacet
  facet normal -0 0 1
    outer loop
      vertex 40.4494 19.8991 2
      vertex 42.286 19.8813 2
      vertex 42.0611 19.9353 2
    endloop
  endfacet
  facet normal 0 0 1
    outer loop
      vertex 40.4494 19.8991 2
      vertex 42.0611 19.9353 2
      vertex 41.8503 20.0109 2
    endloop
  endfacet
  facet normal 0 0 1
    outer loop
      vertex 40.4494 19.8991 2
      vertex 41.8503 20.0109 2
      vertex 41.6534 20.1081 2
    endloop
  endfacet
  facet normal 0 0 1
    outer loop
      vertex 40.4494 19.8991 2
      vertex 41.6534 20.1081 2
      vertex 41.4726 20.2254 2
    endloop
  endfacet
  facet normal 0 0 1
    outer loop
      vertex 40.4494 19.8991 2
      vertex 41.4726 20.2254 2
      vertex 41.3099 20.3613 2
    endloop
  endfacet
  facet normal 0 0 1
    outer loop
      vertex 40.4494 19.8991 2
      vertex 41.3099 20.3613 2
      vertex 41.1653 20.5157 2
    endloop
  endfacet
  facet normal 0 0 1
    outer loop
      vertex 40.4494 19.8991 2
      vertex 41.1653 20.5157 2
      vertex 41.0387 20.6886 2
    endloop
  endfacet
  facet normal 0 0 1
    outer loop
      vertex 40.4494 19.8991 2
      vertex 40.6915 21.8015 2
      vertex 40.6815 22.0687 2
    endloop
  endfacet
  facet normal 0 0 1
    outer loop
      vertex 40.4494 19.8991 2
      vertex 40.7213 21.549 2
      vertex 40.6915 21.8015 2
    endloop
  endfacet
  facet normal 0 0 1
    outer loop
      vertex 40.4494 19.8991 2
      vertex 40.771 21.3113 2
      vertex 40.7213 21.549 2
    endloop
  endfacet
  facet normal 0 0 1
    outer loop
      vertex 40.4494 19.8991 2
      vertex 40.8407 21.0883 2
      vertex 40.771 21.3113 2
    endloop
  endfacet
  facet normal 0 0 1
    outer loop
      vertex 40.4494 19.8991 2
      vertex 40.9302 20.8802 2
      vertex 40.8407 21.0883 2
    endloop
  endfacet
  facet normal 0 0 1
    outer loop
      vertex 40.4494 19.8991 2
      vertex 41.0387 20.6886 2
      vertex 40.9302 20.8802 2
    endloop
  endfacet
  facet normal 0 0 1
    outer loop
      vertex 42.525 19.8488 2
      vertex 40.4494 19.8991 2
      vertex 52.34 3.8 2
    endloop
  endfacet
  facet normal -0 0 1
    outer loop
      vertex 39.8543 19.8991 2
      vertex 52.34 3.8 2
      vertex 40.4494 19.8991 2
    endloop
  endfacet
  facet normal -0 0 1
    outer loop
      vertex 37.4039 21.1563 2
      vertex 39.8543 19.8991 2
      vertex 39.363 21.1563 2
    endloop
  endfacet
  facet normal 0 0 1
    outer loop
      vertex 36.9095 19.8991 2
      vertex 39.8543 19.8991 2
      vertex 37.4039 21.1563 2
    endloop
  endfacet
  facet normal 0 0 1
    outer loop
      vertex 39.8543 19.8991 2
      vertex 36.9095 19.8991 2
      vertex 52.34 3.8 2
    endloop
  endfacet
  facet normal 0 0 1
    outer loop
      vertex 24.66 3.8 2
      vertex 36.9095 19.8991 2
      vertex 36.3053 19.8991 2
    endloop
  endfacet
  facet normal 0 0 1
    outer loop
      vertex 24.66 3.8 2
      vertex 36.3053 19.8991 2
      vertex 36.1088 19.8991 2
    endloop
  endfacet
  facet normal 0 0 1
    outer loop
      vertex 24.66 3.8 2
      vertex 36.1088 19.8991 2
      vertex 35.4374 19.8991 2
    endloop
  endfacet
  facet normal 0 0 1
    outer loop
      vertex 32.9809 19.8991 2
      vertex 34.3205 21.6842 2
      vertex 32.9809 21.6842 2
    endloop
  endfacet
  facet normal 0 0 1
    outer loop
      vertex 34.3205 21.6842 2
      vertex 32.9809 19.8991 2
      vertex 35.4374 19.8991 2
    endloop
  endfacet
  facet normal 0 0 1
    outer loop
      vertex 24.66 3.8 2
      vertex 35.4374 19.8991 2
      vertex 32.9809 19.8991 2
    endloop
  endfacet
  facet normal 0 0 1
    outer loop
      vertex 24.66 3.8 2
      vertex 32.9809 19.8991 2
      vertex 32.3981 19.8991 2
    endloop
  endfacet
  facet normal 0 0 1
    outer loop
      vertex 32.3981 24.1987 2
      vertex 31.8312 23.7227 2
      vertex 32.3981 19.8991 2
    endloop
  endfacet
  facet normal 0 0 1
    outer loop
      vertex 30.3542 19.8991 2
      vertex 31.8312 23.7227 2
      vertex 30.3542 23.7227 2
    endloop
  endfacet
  facet normal 0 0 1
    outer loop
      vertex 31.8312 23.7227 2
      vertex 30.3542 19.8991 2
      vertex 32.3981 19.8991 2
    endloop
  endfacet
  facet normal 0 0 1
    outer loop
      vertex 24.66 3.8 2
      vertex 32.3981 19.8991 2
      vertex 30.3542 19.8991 2
    endloop
  endfacet
  facet normal 0 0 1
    outer loop
      vertex 24.66 3.8 2
      vertex 30.3542 19.8991 2
      vertex 29.7744 19.8991 2
    endloop
  endfacet
  facet normal -0 0 1
    outer loop
      vertex 27.5072 29.5666 2
      vertex 31.8312 24.1987 2
      vertex 27.6458 29.826 2
    endloop
  endfacet
  facet normal -0 0 1
    outer loop
      vertex 27.3207 29.3393 2
      vertex 31.8312 24.1987 2
      vertex 27.5072 29.5666 2
    endloop
  endfacet
  facet normal 0 0 1
    outer loop
      vertex 31.8312 24.1987 2
      vertex 27.3207 29.3393 2
      vertex 28.2975 24.1987 2
    endloop
  endfacet
  facet normal -0 0 1
    outer loop
      vertex 27.0934 29.1528 2
      vertex 28.2975 24.1987 2
      vertex 27.3207 29.3393 2
    endloop
  endfacet
  facet normal -0 0 1
    outer loop
      vertex 26.834 29.0142 2
      vertex 28.2975 24.1987 2
      vertex 27.0934 29.1528 2
    endloop
  endfacet
  facet normal -0 0 1
    outer loop
      vertex 26.5526 28.9288 2
      vertex 28.2975 24.1987 2
      vertex 26.834 29.0142 2
    endloop
  endfacet
  facet normal -0 0 1
    outer loop
      vertex 26.26 28.9 2
      vertex 28.2975 24.1987 2
      vertex 26.5526 28.9288 2
    endloop
  endfacet
  facet normal 0 0 1
    outer loop
      vertex 25.9674 28.9288 2
      vertex 28.2975 24.1987 2
      vertex 26.26 28.9 2
    endloop
  endfacet
  facet normal 0 0 1
    outer loop
      vertex 25.686 29.0142 2
      vertex 28.2975 24.1987 2
      vertex 25.9674 28.9288 2
    endloop
  endfacet
  facet normal 0 0 1
    outer loop
      vertex 25.4266 29.1528 2
      vertex 28.2975 24.1987 2
      vertex 25.686 29.0142 2
    endloop
  endfacet
  facet normal 0 0 1
    outer loop
      vertex 28.2975 24.1987 2
      vertex 25.4266 29.1528 2
      vertex 28.2975 23.7227 2
    endloop
  endfacet
  facet normal 0 0 1
    outer loop
      vertex 24.8742 29.826 2
      vertex 19.4858 29.826 2
      vertex 25.0128 29.5666 2
    endloop
  endfacet
  facet normal 0 0 1
    outer loop
      vertex 19.4858 29.826 2
      vertex 24.8742 29.826 2
      vertex 19.5712 30.1074 2
    endloop
  endfacet
  facet normal 0 0 1
    outer loop
      vertex 19.3472 29.5666 2
      vertex 25.0128 29.5666 2
      vertex 19.4858 29.826 2
    endloop
  endfacet
  facet normal 0 0 1
    outer loop
      vertex 24.7888 30.1074 2
      vertex 19.5712 30.1074 2
      vertex 24.8742 29.826 2
    endloop
  endfacet
  facet normal 0 0 1
    outer loop
      vertex 36.9095 19.8991 2
      vertex 24.66 3.8 2
      vertex 52.34 3.8 2
    endloop
  endfacet
  facet normal 0 0 1
    outer loop
      vertex 25.0128 29.5666 2
      vertex 19.3472 29.5666 2
      vertex 25.1993 29.3393 2
    endloop
  endfacet
  facet normal 0 0 1
    outer loop
      vertex 19.5712 30.1074 2
      vertex 24.7888 30.1074 2
      vertex 19.6 30.4 2
    endloop
  endfacet
  facet normal -0 0 1
    outer loop
      vertex 19.6 30.4 2
      vertex 24.7888 30.1074 2
      vertex 24.76 30.4 2
    endloop
  endfacet
  facet normal 0 0 1
    outer loop
      vertex 24.7888 30.6926 2
      vertex 19.6 30.4 2
      vertex 24.76 30.4 2
    endloop
  endfacet
  facet normal 0 0 1
    outer loop
      vertex 52.94 40.2 2
      vertex 48.5467 23.7227 2
      vertex 48.6718 20.3751 2
    endloop
  endfacet
  facet normal -0 0 1
    outer loop
      vertex 48.3636 22.3434 2
      vertex 48.6718 20.3751 2
      vertex 48.5467 23.7227 2
    endloop
  endfacet
  facet normal -0 0 1
    outer loop
      vertex 48.3636 21.8734 2
      vertex 48.6718 20.3751 2
      vertex 48.3636 22.3434 2
    endloop
  endfacet
  facet normal 0 0 1
    outer loop
      vertex 45.8674 20.3751 2
      vertex 48.3636 21.8734 2
      vertex 45.8674 21.8734 2
    endloop
  endfacet
  facet normal 0 0 1
    outer loop
      vertex 48.3636 21.8734 2
      vertex 45.8674 20.3751 2
      vertex 48.6718 20.3751 2
    endloop
  endfacet
  facet normal 0 0 1
    outer loop
      vertex 44.5997 23.1978 2
      vertex 44.1633 21.2112 2
      vertex 44.6394 20.9732 2
    endloop
  endfacet
  facet normal -0 0 1
    outer loop
      vertex 44.0474 23.0147 2
      vertex 44.1633 21.2112 2
      vertex 44.5997 23.1978 2
    endloop
  endfacet
  facet normal 0 0 1
    outer loop
      vertex 43.4294 23.6598 2
      vertex 44.0474 23.0147 2
      vertex 43.9803 23.1578 2
    endloop
  endfacet
  facet normal 0 0 1
    outer loop
      vertex 44.0474 23.0147 2
      vertex 41.2735 22.0687 2
      vertex 44.1633 21.2112 2
    endloop
  endfacet
  facet normal 0 0 1
    outer loop
      vertex 43.4294 23.6598 2
      vertex 43.9803 23.1578 2
      vertex 43.8987 23.2867 2
    endloop
  endfacet
  facet normal 0 0 1
    outer loop
      vertex 43.5667 23.5884 2
      vertex 43.8987 23.2867 2
      vertex 43.8026 23.4014 2
    endloop
  endfacet
  facet normal -0 -0 1
    outer loop
      vertex 41.29 21.765 2
      vertex 44.1633 21.2112 2
      vertex 41.2735 22.0687 2
    endloop
  endfacet
  facet normal 0 0 1
    outer loop
      vertex 43.5667 23.5884 2
      vertex 43.8026 23.4014 2
      vertex 43.6919 23.502 2
    endloop
  endfacet
  facet normal 0 0 1
    outer loop
      vertex 43.4294 23.6598 2
      vertex 43.8987 23.2867 2
      vertex 43.5667 23.5884 2
    endloop
  endfacet
  facet normal -0 -0 1
    outer loop
      vertex 41.3396 21.486 2
      vertex 44.1633 21.2112 2
      vertex 41.29 21.765 2
    endloop
  endfacet
  facet normal 0 0 1
    outer loop
      vertex 44.0474 23.0147 2
      vertex 43.4294 23.6598 2
      vertex 43.2821 23.7153 2
    endloop
  endfacet
  facet normal 0 0 1
    outer loop
      vertex 44.0474 23.0147 2
      vertex 43.2821 23.7153 2
      vertex 43.125 23.755 2
    endloop
  endfacet
  facet normal 0 0 1
    outer loop
      vertex 44.1633 21.2112 2
      vertex 41.3396 21.486 2
      vertex 43.9635 20.8893 2
    endloop
  endfacet
  facet normal 0 0 1
    outer loop
      vertex 44.0474 23.0147 2
      vertex 43.125 23.755 2
      vertex 42.9579 23.7788 2
    endloop
  endfacet
  facet normal 0 0 1
    outer loop
      vertex 44.0474 23.0147 2
      vertex 42.9579 23.7788 2
      vertex 42.781 23.7867 2
    endloop
  endfacet
  facet normal -0 -0 1
    outer loop
      vertex 41.4223 21.2318 2
      vertex 43.9635 20.8893 2
      vertex 41.3396 21.486 2
    endloop
  endfacet
  facet normal 0 0 1
    outer loop
      vertex 44.0474 23.0147 2
      vertex 42.781 23.7867 2
      vertex 41.337 22.6539 2
    endloop
  endfacet
  facet normal 0 0 1
    outer loop
      vertex 43.9635 20.8893 2
      vertex 42.8054 20.3171 2
      vertex 43.7278 20.639 2
    endloop
  endfacet
  facet normal 0 0 1
    outer loop
      vertex 41.337 22.6539 2
      vertex 42.781 23.7867 2
      vertex 42.508 23.7684 2
    endloop
  endfacet
  facet normal 0 -0 1
    outer loop
      vertex 43.1488 20.3529 2
      vertex 43.7278 20.639 2
      vertex 42.8054 20.3171 2
    endloop
  endfacet
  facet normal 0 0 1
    outer loop
      vertex 41.5274 23.1302 2
      vertex 42.508 23.7684 2
      vertex 42.2605 23.7133 2
    endloop
  endfacet
  facet normal 0 0 1
    outer loop
      vertex 43.7278 20.639 2
      vertex 43.1488 20.3529 2
      vertex 43.4562 20.4602 2
    endloop
  endfacet
  facet normal 0 0 1
    outer loop
      vertex 41.5274 23.1302 2
      vertex 42.2605 23.7133 2
      vertex 42.0383 23.6214 2
    endloop
  endfacet
  facet normal 0 0 1
    outer loop
      vertex 43.9635 20.8893 2
      vertex 41.4223 21.2318 2
      vertex 42.8054 20.3171 2
    endloop
  endfacet
  facet normal 0 0 1
    outer loop
      vertex 41.6702 23.3275 2
      vertex 42.0383 23.6214 2
      vertex 41.8416 23.4928 2
    endloop
  endfacet
  facet normal 0 0 1
    outer loop
      vertex 42.8054 20.3171 2
      vertex 41.4223 21.2318 2
      vertex 42.5351 20.3363 2
    endloop
  endfacet
  facet normal 0 0 1
    outer loop
      vertex 41.5274 23.1302 2
      vertex 42.0383 23.6214 2
      vertex 41.6702 23.3275 2
    endloop
  endfacet
  facet normal -0 -0 1
    outer loop
      vertex 41.5381 21.0024 2
      vertex 42.5351 20.3363 2
      vertex 41.4223 21.2318 2
    endloop
  endfacet
  facet normal 0 0 1
    outer loop
      vertex 42.508 23.7684 2
      vertex 41.5274 23.1302 2
      vertex 41.4163 22.9056 2
    endloop
  endfacet
  facet normal 0 0 1
    outer loop
      vertex 42.5351 20.3363 2
      vertex 41.5381 21.0024 2
      vertex 42.2881 20.394 2
    endloop
  endfacet
  facet normal 0 0 1
    outer loop
      vertex 42.508 23.7684 2
      vertex 41.4163 22.9056 2
      vertex 41.337 22.6539 2
    endloop
  endfacet
  facet normal -0 -0 1
    outer loop
      vertex 41.687 20.7977 2
      vertex 42.2881 20.394 2
      vertex 41.5381 21.0024 2
    endloop
  endfacet
  facet normal 0 0 1
    outer loop
      vertex 44.0474 23.0147 2
      vertex 41.337 22.6539 2
      vertex 41.2894 22.3749 2
    endloop
  endfacet
  facet normal 0 0 1
    outer loop
      vertex 42.0644 20.4901 2
      vertex 41.687 20.7977 2
      vertex 41.864 20.6247 2
    endloop
  endfacet
  facet normal 0 0 1
    outer loop
      vertex 44.0474 23.0147 2
      vertex 41.2894 22.3749 2
      vertex 41.2735 22.0687 2
    endloop
  endfacet
  facet normal 0 0 1
    outer loop
      vertex 42.2881 20.394 2
      vertex 41.687 20.7977 2
      vertex 42.0644 20.4901 2
    endloop
  endfacet
  facet normal 0 0 1
    outer loop
      vertex 35.8932 22.6101 2
      vertex 38.06 24.1987 2
      vertex 35.9267 22.7834 2
    endloop
  endfacet
  facet normal 0 0 1
    outer loop
      vertex 35.8373 22.4489 2
      vertex 38.06 24.1987 2
      vertex 35.8932 22.6101 2
    endloop
  endfacet
  facet normal -0 0 1
    outer loop
      vertex 35.7592 22.3 2
      vertex 36.3053 19.8991 2
      vertex 35.8373 22.4489 2
    endloop
  endfacet
  facet normal -0 0 1
    outer loop
      vertex 35.6586 22.1633 2
      vertex 36.3053 19.8991 2
      vertex 35.7592 22.3 2
    endloop
  endfacet
  facet normal -0 0 1
    outer loop
      vertex 35.5385 22.0424 2
      vertex 36.3053 19.8991 2
      vertex 35.6586 22.1633 2
    endloop
  endfacet
  facet normal 0 0 1
    outer loop
      vertex 36.3053 19.8991 2
      vertex 35.5385 22.0424 2
      vertex 36.1088 19.8991 2
    endloop
  endfacet
  facet normal -0 0 1
    outer loop
      vertex 35.4013 21.9407 2
      vertex 36.1088 19.8991 2
      vertex 35.5385 22.0424 2
    endloop
  endfacet
  facet normal -0 0 1
    outer loop
      vertex 35.2472 21.8583 2
      vertex 36.1088 19.8991 2
      vertex 35.4013 21.9407 2
    endloop
  endfacet
  facet normal -0 0 1
    outer loop
      vertex 35.0762 21.7952 2
      vertex 36.1088 19.8991 2
      vertex 35.2472 21.8583 2
    endloop
  endfacet
  facet normal 0 0 1
    outer loop
      vertex 36.1088 19.8991 2
      vertex 35.0762 21.7952 2
      vertex 34.8881 21.7514 2
    endloop
  endfacet
  facet normal 0 0 1
    outer loop
      vertex 34.8574 23.661 2
      vertex 35.352 22.9628 2
      vertex 35.3418 23.1058 2
    endloop
  endfacet
  facet normal 0 0 1
    outer loop
      vertex 35.352 22.9628 2
      vertex 34.8574 23.661 2
      vertex 35.3419 22.8147 2
    endloop
  endfacet
  facet normal 0 0 1
    outer loop
      vertex 34.9862 23.6059 2
      vertex 35.3418 23.1058 2
      vertex 35.3112 23.2345 2
    endloop
  endfacet
  facet normal 0 -0 1
    outer loop
      vertex 34.8653 22.2225 2
      vertex 35.3419 22.8147 2
      vertex 34.8574 23.661 2
    endloop
  endfacet
  facet normal 0 0 1
    outer loop
      vertex 35.0971 23.535 2
      vertex 35.3112 23.2345 2
      vertex 35.2602 23.349 2
    endloop
  endfacet
  facet normal 0 0 1
    outer loop
      vertex 35.3418 23.1058 2
      vertex 34.9862 23.6059 2
      vertex 34.8574 23.661 2
    endloop
  endfacet
  facet normal 0 0 1
    outer loop
      vertex 35.0971 23.535 2
      vertex 35.2602 23.349 2
      vertex 35.1889 23.4491 2
    endloop
  endfacet
  facet normal 0 -0 1
    outer loop
      vertex 34.9911 22.2827 2
      vertex 35.3419 22.8147 2
      vertex 34.8653 22.2225 2
    endloop
  endfacet
  facet normal 0 0 1
    outer loop
      vertex 35.3112 23.2345 2
      vertex 35.0971 23.535 2
      vertex 34.9862 23.6059 2
    endloop
  endfacet
  facet normal 0 0 1
    outer loop
      vertex 35.3117 22.6804 2
      vertex 34.9911 22.2827 2
      vertex 35.2613 22.5598 2
    endloop
  endfacet
  facet normal 0 0 1
    outer loop
      vertex 35.2613 22.5598 2
      vertex 35.1002 22.3602 2
      vertex 35.1908 22.4531 2
    endloop
  endfacet
  facet normal 0 0 1
    outer loop
      vertex 35.2613 22.5598 2
      vertex 34.9911 22.2827 2
      vertex 35.1002 22.3602 2
    endloop
  endfacet
  facet normal 0 0 1
    outer loop
      vertex 35.3419 22.8147 2
      vertex 34.9911 22.2827 2
      vertex 35.3117 22.6804 2
    endloop
  endfacet
  facet normal 0 0 1
    outer loop
      vertex 34.7106 23.7003 2
      vertex 34.8653 22.2225 2
      vertex 34.8574 23.661 2
    endloop
  endfacet
  facet normal 0 0 1
    outer loop
      vertex 34.8653 22.2225 2
      vertex 34.7106 23.7003 2
      vertex 34.7228 22.1794 2
    endloop
  endfacet
  facet normal 0 0 1
    outer loop
      vertex 34.7106 23.7003 2
      vertex 34.5636 22.1536 2
      vertex 34.7228 22.1794 2
    endloop
  endfacet
  facet normal 0 0 1
    outer loop
      vertex 34.5459 23.724 2
      vertex 34.5636 22.1536 2
      vertex 34.7106 23.7003 2
    endloop
  endfacet
  facet normal 0 0 1
    outer loop
      vertex 34.5459 23.724 2
      vertex 34.3876 22.145 2
      vertex 34.5636 22.1536 2
    endloop
  endfacet
  facet normal 0 0 1
    outer loop
      vertex 34.3633 23.7318 2
      vertex 34.3876 22.145 2
      vertex 34.5459 23.724 2
    endloop
  endfacet
  facet normal 0 0 1
    outer loop
      vertex 32.9809 22.145 2
      vertex 34.3633 23.7318 2
      vertex 32.9809 23.7318 2
    endloop
  endfacet
  facet normal 0 0 1
    outer loop
      vertex 34.3633 23.7318 2
      vertex 32.9809 22.145 2
      vertex 34.3876 22.145 2
    endloop
  endfacet
  facet normal 0 0 1
    outer loop
      vertex 38.1302 23.0238 2
      vertex 38.6367 23.03 2
      vertex 38.6025 23.1164 2
    endloop
  endfacet
  facet normal -0 0 1
    outer loop
      vertex 38.356 23.6738 2
      vertex 38.4659 23.506 2
      vertex 38.3835 23.7593 2
    endloop
  endfacet
  facet normal -0 0 1
    outer loop
      vertex 38.3225 23.5668 2
      vertex 38.4659 23.506 2
      vertex 38.356 23.6738 2
    endloop
  endfacet
  facet normal 0 0 1
    outer loop
      vertex 38.2832 23.4483 2
      vertex 38.4659 23.506 2
      vertex 38.3225 23.5668 2
    endloop
  endfacet
  facet normal 0 0 1
    outer loop
      vertex 38.4659 23.506 2
      vertex 38.2832 23.4483 2
      vertex 38.5 23.402 2
    endloop
  endfacet
  facet normal 0 0 1
    outer loop
      vertex 38.2381 23.3183 2
      vertex 38.5 23.402 2
      vertex 38.2832 23.4483 2
    endloop
  endfacet
  facet normal 0 0 1
    outer loop
      vertex 38.5 23.402 2
      vertex 38.2381 23.3183 2
      vertex 38.5342 23.3024 2
    endloop
  endfacet
  facet normal 0 0 1
    outer loop
      vertex 38.5342 23.3024 2
      vertex 38.2381 23.3183 2
      vertex 38.5684 23.2072 2
    endloop
  endfacet
  facet normal 0 0 1
    outer loop
      vertex 38.1871 23.1768 2
      vertex 38.5684 23.2072 2
      vertex 38.2381 23.3183 2
    endloop
  endfacet
  facet normal 0 0 1
    outer loop
      vertex 38.5684 23.2072 2
      vertex 38.1871 23.1768 2
      vertex 38.6025 23.1164 2
    endloop
  endfacet
  facet normal 0 0 1
    outer loop
      vertex 38.1302 23.0238 2
      vertex 38.6025 23.1164 2
      vertex 38.1871 23.1768 2
    endloop
  endfacet
  facet normal 0 0 1
    outer loop
      vertex 38.6367 23.03 2
      vertex 38.1302 23.0238 2
      vertex 39.1891 21.611 2
    endloop
  endfacet
  facet normal 0 0 1
    outer loop
      vertex 39.1891 21.611 2
      vertex 38.1302 23.0238 2
      vertex 37.5809 21.611 2
    endloop
  endfacet
  facet normal 0 -1 0
    outer loop
      vertex 58.54 2.4 2
      vertex 74.6 2.4 8
      vertex 58.54 2.4 8
    endloop
  endfacet
  facet normal 0 -1 -0
    outer loop
      vertex 74.6 2.4 8
      vertex 58.54 2.4 2
      vertex 74.6 2.4 2
    endloop
  endfacet
  facet normal 0 -1 0
    outer loop
      vertex 2.4 2.4 2
      vertex 18.46 2.4 8
      vertex 2.4 2.4 8
    endloop
  endfacet
  facet normal 0 -1 -0
    outer loop
      vertex 18.46 2.4 8
      vertex 2.4 2.4 2
      vertex 18.46 2.4 2
    endloop
  endfacet
  facet normal 0 -1 0
    outer loop
      vertex 19.06 2.4 2
      vertex 24.06 2.4 4.6
      vertex 19.06 2.4 4.6
    endloop
  endfacet
  facet normal 0 -1 -0
    outer loop
      vertex 24.06 2.4 4.6
      vertex 19.06 2.4 2
      vertex 24.06 2.4 2
    endloop
  endfacet
  facet normal 0 -1 0
    outer loop
      vertex 19.06 2.4 5.8
      vertex 24.06 2.4 7.5625
      vertex 19.06 2.4 7.5625
    endloop
  endfacet
  facet normal 0 -1 -0
    outer loop
      vertex 24.06 2.4 7.5625
      vertex 19.06 2.4 5.8
      vertex 24.06 2.4 5.8
    endloop
  endfacet
  facet normal 0 -1 0
    outer loop
      vertex 52.94 2.4 2
      vertex 57.94 2.4 4.6
      vertex 52.94 2.4 4.6
    endloop
  endfacet
  facet normal 0 -1 -0
    outer loop
      vertex 57.94 2.4 4.6
      vertex 52.94 2.4 2
      vertex 57.94 2.4 2
    endloop
  endfacet
  facet normal 0 -1 0
    outer loop
      vertex 52.94 2.4 5.8
      vertex 57.94 2.4 7.5625
      vertex 52.94 2.4 7.5625
    endloop
  endfacet
  facet normal 0 -1 -0
    outer loop
      vertex 57.94 2.4 7.5625
      vertex 52.94 2.4 5.8
      vertex 57.94 2.4 5.8
    endloop
  endfacet
  facet normal 0 -1 0
    outer loop
      vertex 24.66 2.4 2
      vertex 52.34 2.4 8
      vertex 24.66 2.4 8
    endloop
  endfacet
  facet normal 0 -1 -0
    outer loop
      vertex 52.34 2.4 8
      vertex 24.66 2.4 2
      vertex 52.34 2.4 2
    endloop
  endfacet
  facet normal 1 -0 0
    outer loop
      vertex 3.8 3.8 8
      vertex 3.8 40.2 2
      vertex 3.8 40.2 8
    endloop
  endfacet
  facet normal 1 0 0
    outer loop
      vertex 3.8 40.2 2
      vertex 3.8 3.8 8
      vertex 3.8 3.8 2
    endloop
  endfacet
  facet normal -1 0 0
    outer loop
      vertex 73.2 3.8 2
      vertex 73.2 40.2 8
      vertex 73.2 40.2 2
    endloop
  endfacet
  facet normal -1 -0 0
    outer loop
      vertex 73.2 40.2 8
      vertex 73.2 3.8 2
      vertex 73.2 3.8 8
    endloop
  endfacet
  facet normal 0 1 -0
    outer loop
      vertex 18.46 3.8 2
      vertex 3.8 3.8 8
      vertex 18.46 3.8 8
    endloop
  endfacet
  facet normal 0 1 0
    outer loop
      vertex 3.8 3.8 8
      vertex 18.46 3.8 2
      vertex 3.8 3.8 2
    endloop
  endfacet
  facet normal 0 1 -0
    outer loop
      vertex 73.2 3.8 2
      vertex 58.54 3.8 8
      vertex 73.2 3.8 8
    endloop
  endfacet
  facet normal 0 1 0
    outer loop
      vertex 58.54 3.8 8
      vertex 73.2 3.8 2
      vertex 58.54 3.8 2
    endloop
  endfacet
  facet normal 0 1 -0
    outer loop
      vertex 24.06 3.8 2
      vertex 19.06 3.8 8
      vertex 24.06 3.8 8
    endloop
  endfacet
  facet normal 0 1 0
    outer loop
      vertex 19.06 3.8 8
      vertex 24.06 3.8 2
      vertex 19.06 3.8 2
    endloop
  endfacet
  facet normal 0 1 -0
    outer loop
      vertex 52.34 3.8 2
      vertex 24.66 3.8 8
      vertex 52.34 3.8 8
    endloop
  endfacet
  facet normal 0 1 0
    outer loop
      vertex 24.66 3.8 8
      vertex 52.34 3.8 2
      vertex 24.66 3.8 2
    endloop
  endfacet
  facet normal 0 1 -0
    outer loop
      vertex 57.94 3.8 2
      vertex 52.94 3.8 8
      vertex 57.94 3.8 8
    endloop
  endfacet
  facet normal 0 1 0
    outer loop
      vertex 52.94 3.8 8
      vertex 57.94 3.8 2
      vertex 52.94 3.8 2
    endloop
  endfacet
  facet normal 0 -1 0
    outer loop
      vertex 3.8 40.2 2
      vertex 18.46 40.2 8
      vertex 3.8 40.2 8
    endloop
  endfacet
  facet normal 0 -1 -0
    outer loop
      vertex 18.46 40.2 8
      vertex 3.8 40.2 2
      vertex 18.46 40.2 2
    endloop
  endfacet
  facet normal 0 -1 0
    outer loop
      vertex 58.54 40.2 2
      vertex 73.2 40.2 8
      vertex 58.54 40.2 8
    endloop
  endfacet
  facet normal 0 -1 -0
    outer loop
      vertex 73.2 40.2 8
      vertex 58.54 40.2 2
      vertex 73.2 40.2 2
    endloop
  endfacet
  facet normal 0 -1 0
    outer loop
      vertex 19.06 40.2 2
      vertex 24.06 40.2 8
      vertex 19.06 40.2 8
    endloop
  endfacet
  facet normal 0 -1 -0
    outer loop
      vertex 24.06 40.2 8
      vertex 19.06 40.2 2
      vertex 24.06 40.2 2
    endloop
  endfacet
  facet normal 0 -1 0
    outer loop
      vertex 24.66 40.2 2
      vertex 52.34 40.2 8
      vertex 24.66 40.2 8
    endloop
  endfacet
  facet normal 0 -1 -0
    outer loop
      vertex 52.34 40.2 8
      vertex 24.66 40.2 2
      vertex 52.34 40.2 2
    endloop
  endfacet
  facet normal 0 -1 0
    outer loop
      vertex 52.94 40.2 2
      vertex 57.94 40.2 8
      vertex 52.94 40.2 8
    endloop
  endfacet
  facet normal 0 -1 -0
    outer loop
      vertex 57.94 40.2 8
      vertex 52.94 40.2 2
      vertex 57.94 40.2 2
    endloop
  endfacet
  facet normal 0 -0.921635 0.388057
    outer loop
      vertex 19.06 2.3 7.7625
      vertex 24.06 2.4 8
      vertex 19.06 2.4 8
    endloop
  endfacet
  facet normal 0 -0.921635 0.388057
    outer loop
      vertex 19.06 2.3 7.7625
      vertex 24.06 2.3 7.7625
      vertex 24.06 2.4 8
    endloop
  endfacet
  facet normal 0 -0.921635 0.388057
    outer loop
      vertex 19.06 1.6 6.1
      vertex 24.06 2.3 7.7625
      vertex 19.06 2.3 7.7625
    endloop
  endfacet
  facet normal 0 -0.921635 0.388057
    outer loop
      vertex 24.06 2.3 7.7625
      vertex 19.06 1.6 6.1
      vertex 24.06 1.6 6.1
    endloop
  endfacet
  facet normal 0 0.939793 -0.341743
    outer loop
      vertex 24.06 2.3 7.2875
      vertex 19.06 2.4 7.5625
      vertex 24.06 2.4 7.5625
    endloop
  endfacet
  facet normal 0 0.939793 -0.341743
    outer loop
      vertex 24.06 2.3 7.2875
      vertex 19.06 2.3 7.2875
      vertex 19.06 2.4 7.5625
    endloop
  endfacet
  facet normal 0 0.939793 -0.341744
    outer loop
      vertex 24.06 1.75909 5.8
      vertex 19.06 2.3 7.2875
      vertex 24.06 2.3 7.2875
    endloop
  endfacet
  facet normal 0 0.939793 -0.341744
    outer loop
      vertex 19.06 2.3 7.2875
      vertex 24.06 1.75909 5.8
      vertex 19.06 1.75909 5.8
    endloop
  endfacet
  facet normal 0 -1 0
    outer loop
      vertex 19.06 1.6 4.6
      vertex 24.06 1.6 6.1
      vertex 19.06 1.6 6.1
    endloop
  endfacet
  facet normal 0 -1 -0
    outer loop
      vertex 24.06 1.6 6.1
      vertex 19.06 1.6 4.6
      vertex 24.06 1.6 4.6
    endloop
  endfacet
  facet normal -1 0 0
    outer loop
      vertex 19.06 2.3 4.6
      vertex 19.06 1.75909 5.8
      vertex 19.06 2.3 5.8
    endloop
  endfacet
  facet normal -1 0 -0
    outer loop
      vertex 19.06 1.75909 5.8
      vertex 19.06 2.3 4.6
      vertex 19.06 1.6 4.6
    endloop
  endfacet
  facet normal -1 0 0
    outer loop
      vertex 19.06 1.6 6.1
      vertex 19.06 2.3 7.2875
      vertex 19.06 1.75909 5.8
    endloop
  endfacet
  facet normal -1 -0 0
    outer loop
      vertex 19.06 2.3 7.2875
      vertex 19.06 1.6 6.1
      vertex 19.06 2.3 7.7625
    endloop
  endfacet
  facet normal -1 0 0
    outer loop
      vertex 19.06 1.6 6.1
      vertex 19.06 1.75909 5.8
      vertex 19.06 1.6 4.6
    endloop
  endfacet
  facet normal -1 0 0
    outer loop
      vertex 19.06 2.3 4.6
      vertex 19.06 2.4 5.8
      vertex 19.06 2.4 4.6
    endloop
  endfacet
  facet normal -1 -0 0
    outer loop
      vertex 19.06 2.4 5.8
      vertex 19.06 2.3 4.6
      vertex 19.06 2.3 5.8
    endloop
  endfacet
  facet normal -1 0 0
    outer loop
      vertex 19.06 2.4 4.6
      vertex 19.06 3.8 2
      vertex 19.06 2.4 2
    endloop
  endfacet
  facet normal -1 0 0
    outer loop
      vertex 19.06 3.8 2
      vertex 19.06 2.4 4.6
      vertex 19.06 3.8 8
    endloop
  endfacet
  facet normal -1 0 0
    outer loop
      vertex 19.06 2.4 5.8
      vertex 19.06 3.8 8
      vertex 19.06 2.4 4.6
    endloop
  endfacet
  facet normal -1 0 0
    outer loop
      vertex 19.06 2.4 7.5625
      vertex 19.06 3.8 8
      vertex 19.06 2.4 5.8
    endloop
  endfacet
  facet normal -1 0 0
    outer loop
      vertex 19.06 2.4 7.5625
      vertex 19.06 2.4 8
      vertex 19.06 3.8 8
    endloop
  endfacet
  facet normal -1 0 0
    outer loop
      vertex 19.06 2.3 7.7625
      vertex 19.06 2.4 7.5625
      vertex 19.06 2.3 7.2875
    endloop
  endfacet
  facet normal -1 0 0
    outer loop
      vertex 19.06 2.4 7.5625
      vertex 19.06 2.3 7.7625
      vertex 19.06 2.4 8
    endloop
  endfacet
  facet normal 1 -0 0
    outer loop
      vertex 24.06 2.3 5.8
      vertex 24.06 2.4 4.6
      vertex 24.06 2.4 5.8
    endloop
  endfacet
  facet normal 1 0 0
    outer loop
      vertex 24.06 2.4 4.6
      vertex 24.06 2.3 5.8
      vertex 24.06 2.3 4.6
    endloop
  endfacet
  facet normal 1 -0 0
    outer loop
      vertex 24.06 2.3 7.7625
      vertex 24.06 2.4 7.5625
      vertex 24.06 2.4 8
    endloop
  endfacet
  facet normal 1 0 0
    outer loop
      vertex 24.06 2.4 7.5625
      vertex 24.06 2.3 7.7625
      vertex 24.06 2.3 7.2875
    endloop
  endfacet
  facet normal 1 0 0
    outer loop
      vertex 24.06 2.4 7.5625
      vertex 24.06 3.8 8
      vertex 24.06 2.4 8
    endloop
  endfacet
  facet normal 1 0 0
    outer loop
      vertex 24.06 2.4 5.8
      vertex 24.06 3.8 8
      vertex 24.06 2.4 7.5625
    endloop
  endfacet
  facet normal 1 0 0
    outer loop
      vertex 24.06 2.4 4.6
      vertex 24.06 3.8 8
      vertex 24.06 2.4 5.8
    endloop
  endfacet
  facet normal 1 0 0
    outer loop
      vertex 24.06 3.8 8
      vertex 24.06 2.4 4.6
      vertex 24.06 3.8 2
    endloop
  endfacet
  facet normal 1 0 0
    outer loop
      vertex 24.06 3.8 2
      vertex 24.06 2.4 4.6
      vertex 24.06 2.4 2
    endloop
  endfacet
  facet normal 1 0 0
    outer loop
      vertex 24.06 1.6 6.1
      vertex 24.06 2.3 7.2875
      vertex 24.06 2.3 7.7625
    endloop
  endfacet
  facet normal 1 0 0
    outer loop
      vertex 24.06 2.3 7.2875
      vertex 24.06 1.6 6.1
      vertex 24.06 1.75909 5.8
    endloop
  endfacet
  facet normal 1 -0 0
    outer loop
      vertex 24.06 1.75909 5.8
      vertex 24.06 2.3 4.6
      vertex 24.06 2.3 5.8
    endloop
  endfacet
  facet normal 1 0 0
    outer loop
      vertex 24.06 1.6 4.6
      vertex 24.06 1.75909 5.8
      vertex 24.06 1.6 6.1
    endloop
  endfacet
  facet normal 1 0 0
    outer loop
      vertex 24.06 1.75909 5.8
      vertex 24.06 1.6 4.6
      vertex 24.06 2.3 4.6
    endloop
  endfacet
  facet normal 0 0 1
    outer loop
      vertex 19.06 2.3 5.8
      vertex 24.06 2.3 5.8
      vertex 24.06 2.4 5.8
    endloop
  endfacet
  facet normal 0 0 1
    outer loop
      vertex 19.06 2.3 5.8
      vertex 24.06 2.4 5.8
      vertex 19.06 2.4 5.8
    endloop
  endfacet
  facet normal 0 0 1
    outer loop
      vertex 24.06 2.3 5.8
      vertex 19.06 2.3 5.8
      vertex 24.06 1.75909 5.8
    endloop
  endfacet
  facet normal 0 0 1
    outer loop
      vertex 24.06 1.75909 5.8
      vertex 19.06 2.3 5.8
      vertex 19.06 1.75909 5.8
    endloop
  endfacet
  facet normal 0 0 -1
    outer loop
      vertex 19.06 2.3 4.6
      vertex 24.06 2.3 4.6
      vertex 24.06 1.6 4.6
    endloop
  endfacet
  facet normal 0 0 -1
    outer loop
      vertex 19.06 2.3 4.6
      vertex 24.06 1.6 4.6
      vertex 19.06 1.6 4.6
    endloop
  endfacet
  facet normal 0 0 -1
    outer loop
      vertex 24.06 2.3 4.6
      vertex 19.06 2.3 4.6
      vertex 24.06 2.4 4.6
    endloop
  endfacet
  facet normal -0 0 -1
    outer loop
      vertex 24.06 2.4 4.6
      vertex 19.06 2.3 4.6
      vertex 19.06 2.4 4.6
    endloop
  endfacet
  facet normal -1 0 0
    outer loop
      vertex 19.06 40.2 2
      vertex 19.06 41.6 4.6
      vertex 19.06 41.6 2
    endloop
  endfacet
  facet normal -1 0 0
    outer loop
      vertex 19.06 40.2 8
      vertex 19.06 41.6 4.6
      vertex 19.06 40.2 2
    endloop
  endfacet
  facet normal -1 0 0
    outer loop
      vertex 19.06 41.6 4.6
      vertex 19.06 40.2 8
      vertex 19.06 41.6 5.8
    endloop
  endfacet
  facet normal -1 0 0
    outer loop
      vertex 19.06 41.6 4.6
      vertex 19.06 41.7 5.8
      vertex 19.06 41.7 4.6
    endloop
  endfacet
  facet normal -1 -0 0
    outer loop
      vertex 19.06 41.7 5.8
      vertex 19.06 41.6 4.6
      vertex 19.06 41.6 5.8
    endloop
  endfacet
  facet normal -1 0 0
    outer loop
      vertex 19.06 41.6 7.7
      vertex 19.06 41.7 7.88125
      vertex 19.06 41.7 7.425
    endloop
  endfacet
  facet normal -1 -0 0
    outer loop
      vertex 19.06 41.7 7.88125
      vertex 19.06 41.6 7.7
      vertex 19.06 41.65 8
    endloop
  endfacet
  facet normal -1 0 0
    outer loop
      vertex 19.06 41.6 5.8
      vertex 19.06 40.2 8
      vertex 19.06 41.6 7.7
    endloop
  endfacet
  facet normal -1 0 0
    outer loop
      vertex 19.06 41.6 7.7
      vertex 19.06 40.2 8
      vertex 19.06 41.65 8
    endloop
  endfacet
  facet normal -1 0 0
    outer loop
      vertex 19.06 41.7 4.6
      vertex 19.06 42.4 5.5
      vertex 19.06 42.4 4.6
    endloop
  endfacet
  facet normal -1 0 0
    outer loop
      vertex 19.06 41.7 5.8
      vertex 19.06 42.4 5.5
      vertex 19.06 41.7 4.6
    endloop
  endfacet
  facet normal -1 0 0
    outer loop
      vertex 19.06 42.4 5.5
      vertex 19.06 41.7 5.8
      vertex 19.06 42.2909 5.8
    endloop
  endfacet
  facet normal -1 0 0
    outer loop
      vertex 19.06 42.2909 5.8
      vertex 19.06 42.45 5.5
      vertex 19.06 42.4 5.5
    endloop
  endfacet
  facet normal -1 0 0
    outer loop
      vertex 19.06 42.45 5.5
      vertex 19.06 42.2909 5.8
      vertex 19.06 42.45 6.1
    endloop
  endfacet
  facet normal -1 0 0
    outer loop
      vertex 19.06 41.7 7.425
      vertex 19.06 42.45 6.1
      vertex 19.06 42.2909 5.8
    endloop
  endfacet
  facet normal -1 0 0
    outer loop
      vertex 19.06 42.45 6.1
      vertex 19.06 41.7 7.425
      vertex 19.06 41.7 7.88125
    endloop
  endfacet
  facet normal 0 1 -0
    outer loop
      vertex 24.06 42.45 5.5
      vertex 19.06 42.45 6.1
      vertex 24.06 42.45 6.1
    endloop
  endfacet
  facet normal 0 1 0
    outer loop
      vertex 19.06 42.45 6.1
      vertex 24.06 42.45 5.5
      vertex 19.06 42.45 5.5
    endloop
  endfacet
  facet normal 0 0.921635 0.388057
    outer loop
      vertex 24.06 41.7 7.88125
      vertex 19.06 41.65 8
      vertex 24.06 41.65 8
    endloop
  endfacet
  facet normal 0 0.921635 0.388057
    outer loop
      vertex 24.06 41.7 7.88125
      vertex 19.06 41.7 7.88125
      vertex 19.06 41.65 8
    endloop
  endfacet
  facet normal 0 0.921635 0.388057
    outer loop
      vertex 24.06 42.45 6.1
      vertex 19.06 41.7 7.88125
      vertex 24.06 41.7 7.88125
    endloop
  endfacet
  facet normal 0 0.921635 0.388057
    outer loop
      vertex 19.06 41.7 7.88125
      vertex 24.06 42.45 6.1
      vertex 19.06 42.45 6.1
    endloop
  endfacet
  facet normal 0 -0.939793 -0.341743
    outer loop
      vertex 19.06 41.7 7.425
      vertex 24.06 41.6 7.7
      vertex 19.06 41.6 7.7
    endloop
  endfacet
  facet normal 0 -0.939793 -0.341743
    outer loop
      vertex 19.06 41.7 7.425
      vertex 24.06 41.7 7.425
      vertex 24.06 41.6 7.7
    endloop
  endfacet
  facet normal 0 -0.939795 -0.341738
    outer loop
      vertex 19.06 42.2909 5.8
      vertex 24.06 41.7 7.425
      vertex 19.06 41.7 7.425
    endloop
  endfacet
  facet normal 0 -0.939795 -0.341738
    outer loop
      vertex 24.06 41.7 7.425
      vertex 19.06 42.2909 5.8
      vertex 24.06 42.2909 5.8
    endloop
  endfacet
  facet normal 1 0 0
    outer loop
      vertex 24.06 41.6 7.7
      vertex 24.06 41.7 7.88125
      vertex 24.06 41.65 8
    endloop
  endfacet
  facet normal 1 0 0
    outer loop
      vertex 24.06 41.7 7.88125
      vertex 24.06 41.6 7.7
      vertex 24.06 41.7 7.425
    endloop
  endfacet
  facet normal 1 0 0
    outer loop
      vertex 24.06 40.2 8
      vertex 24.06 41.6 5.8
      vertex 24.06 41.6 7.7
    endloop
  endfacet
  facet normal 1 0 0
    outer loop
      vertex 24.06 41.6 5.8
      vertex 24.06 40.2 8
      vertex 24.06 41.6 4.6
    endloop
  endfacet
  facet normal 1 -0 0
    outer loop
      vertex 24.06 40.2 8
      vertex 24.06 41.6 7.7
      vertex 24.06 41.65 8
    endloop
  endfacet
  facet normal 1 0 0
    outer loop
      vertex 24.06 41.6 4.6
      vertex 24.06 40.2 8
      vertex 24.06 40.2 2
    endloop
  endfacet
  facet normal 1 0 0
    outer loop
      vertex 24.06 41.6 4.6
      vertex 24.06 40.2 2
      vertex 24.06 41.6 2
    endloop
  endfacet
  facet normal 1 -0 0
    outer loop
      vertex 24.06 41.6 5.8
      vertex 24.06 41.7 4.6
      vertex 24.06 41.7 5.8
    endloop
  endfacet
  facet normal 1 0 0
    outer loop
      vertex 24.06 41.7 4.6
      vertex 24.06 41.6 5.8
      vertex 24.06 41.6 4.6
    endloop
  endfacet
  facet normal 1 -0 0
    outer loop
      vertex 24.06 42.2909 5.8
      vertex 24.06 42.45 5.5
      vertex 24.06 42.45 6.1
    endloop
  endfacet
  facet normal 1 -0 0
    outer loop
      vertex 24.06 41.7 5.8
      vertex 24.06 42.4 5.5
      vertex 24.06 42.2909 5.8
    endloop
  endfacet
  facet normal 1 0 0
    outer loop
      vertex 24.06 42.45 5.5
      vertex 24.06 42.2909 5.8
      vertex 24.06 42.4 5.5
    endloop
  endfacet
  facet normal 1 -0 0
    outer loop
      vertex 24.06 41.7 7.425
      vertex 24.06 42.45 6.1
      vertex 24.06 41.7 7.88125
    endloop
  endfacet
  facet normal 1 0 0
    outer loop
      vertex 24.06 42.45 6.1
      vertex 24.06 41.7 7.425
      vertex 24.06 42.2909 5.8
    endloop
  endfacet
  facet normal 1 0 0
    outer loop
      vertex 24.06 42.4 5.5
      vertex 24.06 41.7 5.8
      vertex 24.06 41.7 4.6
    endloop
  endfacet
  facet normal 1 0 0
    outer loop
      vertex 24.06 42.4 5.5
      vertex 24.06 41.7 4.6
      vertex 24.06 42.4 4.6
    endloop
  endfacet
  facet normal 0 0 -1
    outer loop
      vertex 19.06 42.4 5.5
      vertex 24.06 42.45 5.5
      vertex 24.06 42.4 5.5
    endloop
  endfacet
  facet normal -0 0 -1
    outer loop
      vertex 24.06 42.45 5.5
      vertex 19.06 42.4 5.5
      vertex 19.06 42.45 5.5
    endloop
  endfacet
  facet normal 0 0 1
    outer loop
      vertex 19.06 41.7 5.8
      vertex 24.06 41.7 5.8
      vertex 24.06 42.2909 5.8
    endloop
  endfacet
  facet normal 0 0 1
    outer loop
      vertex 19.06 41.7 5.8
      vertex 24.06 42.2909 5.8
      vertex 19.06 42.2909 5.8
    endloop
  endfacet
  facet normal 0 0 1
    outer loop
      vertex 24.06 41.7 5.8
      vertex 19.06 41.7 5.8
      vertex 24.06 41.6 5.8
    endloop
  endfacet
  facet normal 0 0 1
    outer loop
      vertex 24.06 41.6 5.8
      vertex 19.06 41.7 5.8
      vertex 19.06 41.6 5.8
    endloop
  endfacet
  facet normal 0 0 -1
    outer loop
      vertex 19.06 41.7 4.6
      vertex 24.06 41.7 4.6
      vertex 24.06 41.6 4.6
    endloop
  endfacet
  facet normal 0 0 -1
    outer loop
      vertex 19.06 41.7 4.6
      vertex 24.06 41.6 4.6
      vertex 19.06 41.6 4.6
    endloop
  endfacet
  facet normal 0 0 -1
    outer loop
      vertex 24.06 41.7 4.6
      vertex 19.06 41.7 4.6
      vertex 24.06 42.4 4.6
    endloop
  endfacet
  facet normal -0 0 -1
    outer loop
      vertex 24.06 42.4 4.6
      vertex 19.06 41.7 4.6
      vertex 19.06 42.4 4.6
    endloop
  endfacet
  facet normal 0 1 -0
    outer loop
      vertex 24.06 42.4 4.6
      vertex 19.06 42.4 5.5
      vertex 24.06 42.4 5.5
    endloop
  endfacet
  facet normal 0 1 0
    outer loop
      vertex 19.06 42.4 5.5
      vertex 24.06 42.4 4.6
      vertex 19.06 42.4 4.6
    endloop
  endfacet
  facet normal 0 -0.921635 0.388057
    outer loop
      vertex 52.94 2.3 7.7625
      vertex 57.94 2.4 8
      vertex 52.94 2.4 8
    endloop
  endfacet
  facet normal 0 -0.921635 0.388057
    outer loop
      vertex 52.94 2.3 7.7625
      vertex 57.94 2.3 7.7625
      vertex 57.94 2.4 8
    endloop
  endfacet
  facet normal 0 -0.921635 0.388057
    outer loop
      vertex 52.94 1.6 6.1
      vertex 57.94 2.3 7.7625
      vertex 52.94 2.3 7.7625
    endloop
  endfacet
  facet normal 0 -0.921635 0.388057
    outer loop
      vertex 57.94 2.3 7.7625
      vertex 52.94 1.6 6.1
      vertex 57.94 1.6 6.1
    endloop
  endfacet
  facet normal 0 0.939793 -0.341743
    outer loop
      vertex 57.94 2.3 7.2875
      vertex 52.94 2.4 7.5625
      vertex 57.94 2.4 7.5625
    endloop
  endfacet
  facet normal 0 0.939793 -0.341743
    outer loop
      vertex 57.94 2.3 7.2875
      vertex 52.94 2.3 7.2875
      vertex 52.94 2.4 7.5625
    endloop
  endfacet
  facet normal 0 0.939793 -0.341744
    outer loop
      vertex 57.94 1.75909 5.8
      vertex 52.94 2.3 7.2875
      vertex 57.94 2.3 7.2875
    endloop
  endfacet
  facet normal 0 0.939793 -0.341744
    outer loop
      vertex 52.94 2.3 7.2875
      vertex 57.94 1.75909 5.8
      vertex 52.94 1.75909 5.8
    endloop
  endfacet
  facet normal 0 -1 0
    outer loop
      vertex 52.94 1.6 4.6
      vertex 57.94 1.6 6.1
      vertex 52.94 1.6 6.1
    endloop
  endfacet
  facet normal 0 -1 -0
    outer loop
      vertex 57.94 1.6 6.1
      vertex 52.94 1.6 4.6
      vertex 57.94 1.6 4.6
    endloop
  endfacet
  facet normal -1 0 0
    outer loop
      vertex 52.94 2.3 4.6
      vertex 52.94 1.75909 5.8
      vertex 52.94 2.3 5.8
    endloop
  endfacet
  facet normal -1 0 -0
    outer loop
      vertex 52.94 1.75909 5.8
      vertex 52.94 2.3 4.6
      vertex 52.94 1.6 4.6
    endloop
  endfacet
  facet normal -1 0 0
    outer loop
      vertex 52.94 1.6 6.1
      vertex 52.94 2.3 7.2875
      vertex 52.94 1.75909 5.8
    endloop
  endfacet
  facet normal -1 -0 0
    outer loop
      vertex 52.94 2.3 7.2875
      vertex 52.94 1.6 6.1
      vertex 52.94 2.3 7.7625
    endloop
  endfacet
  facet normal -1 0 0
    outer loop
      vertex 52.94 1.6 6.1
      vertex 52.94 1.75909 5.8
      vertex 52.94 1.6 4.6
    endloop
  endfacet
  facet normal -1 0 0
    outer loop
      vertex 52.94 2.3 4.6
      vertex 52.94 2.4 5.8
      vertex 52.94 2.4 4.6
    endloop
  endfacet
  facet normal -1 -0 0
    outer loop
      vertex 52.94 2.4 5.8
      vertex 52.94 2.3 4.6
      vertex 52.94 2.3 5.8
    endloop
  endfacet
  facet normal -1 0 0
    outer loop
      vertex 52.94 2.4 4.6
      vertex 52.94 3.8 2
      vertex 52.94 2.4 2
    endloop
  endfacet
  facet normal -1 0 0
    outer loop
      vertex 52.94 3.8 2
      vertex 52.94 2.4 4.6
      vertex 52.94 3.8 8
    endloop
  endfacet
  facet normal -1 0 0
    outer loop
      vertex 52.94 2.4 5.8
      vertex 52.94 3.8 8
      vertex 52.94 2.4 4.6
    endloop
  endfacet
  facet normal -1 0 0
    outer loop
      vertex 52.94 2.4 7.5625
      vertex 52.94 3.8 8
      vertex 52.94 2.4 5.8
    endloop
  endfacet
  facet normal -1 0 0
    outer loop
      vertex 52.94 2.4 7.5625
      vertex 52.94 2.4 8
      vertex 52.94 3.8 8
    endloop
  endfacet
  facet normal -1 0 0
    outer loop
      vertex 52.94 2.3 7.7625
      vertex 52.94 2.4 7.5625
      vertex 52.94 2.3 7.2875
    endloop
  endfacet
  facet normal -1 0 0
    outer loop
      vertex 52.94 2.4 7.5625
      vertex 52.94 2.3 7.7625
      vertex 52.94 2.4 8
    endloop
  endfacet
  facet normal 1 -0 0
    outer loop
      vertex 57.94 2.3 5.8
      vertex 57.94 2.4 4.6
      vertex 57.94 2.4 5.8
    endloop
  endfacet
  facet normal 1 0 0
    outer loop
      vertex 57.94 2.4 4.6
      vertex 57.94 2.3 5.8
      vertex 57.94 2.3 4.6
    endloop
  endfacet
  facet normal 1 -0 0
    outer loop
      vertex 57.94 2.3 7.7625
      vertex 57.94 2.4 7.5625
      vertex 57.94 2.4 8
    endloop
  endfacet
  facet normal 1 0 0
    outer loop
      vertex 57.94 2.4 7.5625
      vertex 57.94 2.3 7.7625
      vertex 57.94 2.3 7.2875
    endloop
  endfacet
  facet normal 1 0 0
    outer loop
      vertex 57.94 2.4 7.5625
      vertex 57.94 3.8 8
      vertex 57.94 2.4 8
    endloop
  endfacet
  facet normal 1 0 0
    outer loop
      vertex 57.94 2.4 5.8
      vertex 57.94 3.8 8
      vertex 57.94 2.4 7.5625
    endloop
  endfacet
  facet normal 1 0 0
    outer loop
      vertex 57.94 2.4 4.6
      vertex 57.94 3.8 8
      vertex 57.94 2.4 5.8
    endloop
  endfacet
  facet normal 1 0 0
    outer loop
      vertex 57.94 3.8 8
      vertex 57.94 2.4 4.6
      vertex 57.94 3.8 2
    endloop
  endfacet
  facet normal 1 0 0
    outer loop
      vertex 57.94 3.8 2
      vertex 57.94 2.4 4.6
      vertex 57.94 2.4 2
    endloop
  endfacet
  facet normal 1 0 0
    outer loop
      vertex 57.94 1.6 6.1
      vertex 57.94 2.3 7.2875
      vertex 57.94 2.3 7.7625
    endloop
  endfacet
  facet normal 1 0 0
    outer loop
      vertex 57.94 2.3 7.2875
      vertex 57.94 1.6 6.1
      vertex 57.94 1.75909 5.8
    endloop
  endfacet
  facet normal 1 -0 0
    outer loop
      vertex 57.94 1.75909 5.8
      vertex 57.94 2.3 4.6
      vertex 57.94 2.3 5.8
    endloop
  endfacet
  facet normal 1 0 0
    outer loop
      vertex 57.94 1.6 4.6
      vertex 57.94 1.75909 5.8
      vertex 57.94 1.6 6.1
    endloop
  endfacet
  facet normal 1 0 0
    outer loop
      vertex 57.94 1.75909 5.8
      vertex 57.94 1.6 4.6
      vertex 57.94 2.3 4.6
    endloop
  endfacet
  facet normal 0 0 1
    outer loop
      vertex 52.94 2.3 5.8
      vertex 57.94 2.3 5.8
      vertex 57.94 2.4 5.8
    endloop
  endfacet
  facet normal 0 0 1
    outer loop
      vertex 52.94 2.3 5.8
      vertex 57.94 2.4 5.8
      vertex 52.94 2.4 5.8
    endloop
  endfacet
  facet normal 0 0 1
    outer loop
      vertex 57.94 2.3 5.8
      vertex 52.94 2.3 5.8
      vertex 57.94 1.75909 5.8
    endloop
  endfacet
  facet normal 0 0 1
    outer loop
      vertex 57.94 1.75909 5.8
      vertex 52.94 2.3 5.8
      vertex 52.94 1.75909 5.8
    endloop
  endfacet
  facet normal 0 0 -1
    outer loop
      vertex 52.94 2.3 4.6
      vertex 57.94 2.3 4.6
      vertex 57.94 1.6 4.6
    endloop
  endfacet
  facet normal 0 0 -1
    outer loop
      vertex 52.94 2.3 4.6
      vertex 57.94 1.6 4.6
      vertex 52.94 1.6 4.6
    endloop
  endfacet
  facet normal 0 0 -1
    outer loop
      vertex 57.94 2.3 4.6
      vertex 52.94 2.3 4.6
      vertex 57.94 2.4 4.6
    endloop
  endfacet
  facet normal -0 0 -1
    outer loop
      vertex 57.94 2.4 4.6
      vertex 52.94 2.3 4.6
      vertex 52.94 2.4 4.6
    endloop
  endfacet
  facet normal -1 0 0
    outer loop
      vertex 52.94 40.2 2
      vertex 52.94 41.6 4.6
      vertex 52.94 41.6 2
    endloop
  endfacet
  facet normal -1 0 0
    outer loop
      vertex 52.94 40.2 8
      vertex 52.94 41.6 4.6
      vertex 52.94 40.2 2
    endloop
  endfacet
  facet normal -1 0 0
    outer loop
      vertex 52.94 41.6 4.6
      vertex 52.94 40.2 8
      vertex 52.94 41.6 5.8
    endloop
  endfacet
  facet normal -1 0 0
    outer loop
      vertex 52.94 41.6 4.6
      vertex 52.94 41.7 5.8
      vertex 52.94 41.7 4.6
    endloop
  endfacet
  facet normal -1 -0 0
    outer loop
      vertex 52.94 41.7 5.8
      vertex 52.94 41.6 4.6
      vertex 52.94 41.6 5.8
    endloop
  endfacet
  facet normal -1 0 0
    outer loop
      vertex 52.94 41.6 7.7
      vertex 52.94 41.7 7.88125
      vertex 52.94 41.7 7.425
    endloop
  endfacet
  facet normal -1 -0 0
    outer loop
      vertex 52.94 41.7 7.88125
      vertex 52.94 41.6 7.7
      vertex 52.94 41.65 8
    endloop
  endfacet
  facet normal -1 0 0
    outer loop
      vertex 52.94 41.6 5.8
      vertex 52.94 40.2 8
      vertex 52.94 41.6 7.7
    endloop
  endfacet
  facet normal -1 0 0
    outer loop
      vertex 52.94 41.6 7.7
      vertex 52.94 40.2 8
      vertex 52.94 41.65 8
    endloop
  endfacet
  facet normal -1 0 0
    outer loop
      vertex 52.94 41.7 4.6
      vertex 52.94 42.4 5.5
      vertex 52.94 42.4 4.6
    endloop
  endfacet
  facet normal -1 0 0
    outer loop
      vertex 52.94 41.7 5.8
      vertex 52.94 42.4 5.5
      vertex 52.94 41.7 4.6
    endloop
  endfacet
  facet normal -1 0 0
    outer loop
      vertex 52.94 42.4 5.5
      vertex 52.94 41.7 5.8
      vertex 52.94 42.2909 5.8
    endloop
  endfacet
  facet normal -1 0 0
    outer loop
      vertex 52.94 42.2909 5.8
      vertex 52.94 42.45 5.5
      vertex 52.94 42.4 5.5
    endloop
  endfacet
  facet normal -1 0 0
    outer loop
      vertex 52.94 42.45 5.5
      vertex 52.94 42.2909 5.8
      vertex 52.94 42.45 6.1
    endloop
  endfacet
  facet normal -1 0 0
    outer loop
      vertex 52.94 41.7 7.425
      vertex 52.94 42.45 6.1
      vertex 52.94 42.2909 5.8
    endloop
  endfacet
  facet normal -1 0 0
    outer loop
      vertex 52.94 42.45 6.1
      vertex 52.94 41.7 7.425
      vertex 52.94 41.7 7.88125
    endloop
  endfacet
  facet normal 0 1 -0
    outer loop
      vertex 57.94 42.45 5.5
      vertex 52.94 42.45 6.1
      vertex 57.94 42.45 6.1
    endloop
  endfacet
  facet normal 0 1 0
    outer loop
      vertex 52.94 42.45 6.1
      vertex 57.94 42.45 5.5
      vertex 52.94 42.45 5.5
    endloop
  endfacet
  facet normal 0 0.921635 0.388057
    outer loop
      vertex 57.94 41.7 7.88125
      vertex 52.94 41.65 8
      vertex 57.94 41.65 8
    endloop
  endfacet
  facet normal 0 0.921635 0.388057
    outer loop
      vertex 57.94 41.7 7.88125
      vertex 52.94 41.7 7.88125
      vertex 52.94 41.65 8
    endloop
  endfacet
  facet normal 0 0.921635 0.388057
    outer loop
      vertex 57.94 42.45 6.1
      vertex 52.94 41.7 7.88125
      vertex 57.94 41.7 7.88125
    endloop
  endfacet
  facet normal 0 0.921635 0.388057
    outer loop
      vertex 52.94 41.7 7.88125
      vertex 57.94 42.45 6.1
      vertex 52.94 42.45 6.1
    endloop
  endfacet
  facet normal 0 -0.939793 -0.341743
    outer loop
      vertex 52.94 41.7 7.425
      vertex 57.94 41.6 7.7
      vertex 52.94 41.6 7.7
    endloop
  endfacet
  facet normal 0 -0.939793 -0.341743
    outer loop
      vertex 52.94 41.7 7.425
      vertex 57.94 41.7 7.425
      vertex 57.94 41.6 7.7
    endloop
  endfacet
  facet normal 0 -0.939795 -0.341738
    outer loop
      vertex 52.94 42.2909 5.8
      vertex 57.94 41.7 7.425
      vertex 52.94 41.7 7.425
    endloop
  endfacet
  facet normal 0 -0.939795 -0.341738
    outer loop
      vertex 57.94 41.7 7.425
      vertex 52.94 42.2909 5.8
      vertex 57.94 42.2909 5.8
    endloop
  endfacet
  facet normal 1 0 0
    outer loop
      vertex 57.94 41.6 7.7
      vertex 57.94 41.7 7.88125
      vertex 57.94 41.65 8
    endloop
  endfacet
  facet normal 1 0 0
    outer loop
      vertex 57.94 41.7 7.88125
      vertex 57.94 41.6 7.7
      vertex 57.94 41.7 7.425
    endloop
  endfacet
  facet normal 1 0 0
    outer loop
      vertex 57.94 40.2 8
      vertex 57.94 41.6 5.8
      vertex 57.94 41.6 7.7
    endloop
  endfacet
  facet normal 1 0 0
    outer loop
      vertex 57.94 41.6 5.8
      vertex 57.94 40.2 8
      vertex 57.94 41.6 4.6
    endloop
  endfacet
  facet normal 1 -0 0
    outer loop
      vertex 57.94 40.2 8
      vertex 57.94 41.6 7.7
      vertex 57.94 41.65 8
    endloop
  endfacet
  facet normal 1 0 0
    outer loop
      vertex 57.94 41.6 4.6
      vertex 57.94 40.2 8
      vertex 57.94 40.2 2
    endloop
  endfacet
  facet normal 1 0 0
    outer loop
      vertex 57.94 41.6 4.6
      vertex 57.94 40.2 2
      vertex 57.94 41.6 2
    endloop
  endfacet
  facet normal 1 -0 0
    outer loop
      vertex 57.94 41.6 5.8
      vertex 57.94 41.7 4.6
      vertex 57.94 41.7 5.8
    endloop
  endfacet
  facet normal 1 0 0
    outer loop
      vertex 57.94 41.7 4.6
      vertex 57.94 41.6 5.8
      vertex 57.94 41.6 4.6
    endloop
  endfacet
  facet normal 1 -0 0
    outer loop
      vertex 57.94 42.2909 5.8
      vertex 57.94 42.45 5.5
      vertex 57.94 42.45 6.1
    endloop
  endfacet
  facet normal 1 -0 0
    outer loop
      vertex 57.94 41.7 5.8
      vertex 57.94 42.4 5.5
      vertex 57.94 42.2909 5.8
    endloop
  endfacet
  facet normal 1 0 0
    outer loop
      vertex 57.94 42.45 5.5
      vertex 57.94 42.2909 5.8
      vertex 57.94 42.4 5.5
    endloop
  endfacet
  facet normal 1 -0 0
    outer loop
      vertex 57.94 41.7 7.425
      vertex 57.94 42.45 6.1
      vertex 57.94 41.7 7.88125
    endloop
  endfacet
  facet normal 1 0 0
    outer loop
      vertex 57.94 42.45 6.1
      vertex 57.94 41.7 7.425
      vertex 57.94 42.2909 5.8
    endloop
  endfacet
  facet normal 1 0 0
    outer loop
      vertex 57.94 42.4 5.5
      vertex 57.94 41.7 5.8
      vertex 57.94 41.7 4.6
    endloop
  endfacet
  facet normal 1 0 0
    outer loop
      vertex 57.94 42.4 5.5
      vertex 57.94 41.7 4.6
      vertex 57.94 42.4 4.6
    endloop
  endfacet
  facet normal 0 0 -1
    outer loop
      vertex 52.94 42.4 5.5
      vertex 57.94 42.45 5.5
      vertex 57.94 42.4 5.5
    endloop
  endfacet
  facet normal -0 0 -1
    outer loop
      vertex 57.94 42.45 5.5
      vertex 52.94 42.4 5.5
      vertex 52.94 42.45 5.5
    endloop
  endfacet
  facet normal 0 0 1
    outer loop
      vertex 52.94 41.7 5.8
      vertex 57.94 41.7 5.8
      vertex 57.94 42.2909 5.8
    endloop
  endfacet
  facet normal 0 0 1
    outer loop
      vertex 52.94 41.7 5.8
      vertex 57.94 42.2909 5.8
      vertex 52.94 42.2909 5.8
    endloop
  endfacet
  facet normal 0 0 1
    outer loop
      vertex 57.94 41.7 5.8
      vertex 52.94 41.7 5.8
      vertex 57.94 41.6 5.8
    endloop
  endfacet
  facet normal 0 0 1
    outer loop
      vertex 57.94 41.6 5.8
      vertex 52.94 41.7 5.8
      vertex 52.94 41.6 5.8
    endloop
  endfacet
  facet normal 0 0 -1
    outer loop
      vertex 52.94 41.7 4.6
      vertex 57.94 41.7 4.6
      vertex 57.94 41.6 4.6
    endloop
  endfacet
  facet normal 0 0 -1
    outer loop
      vertex 52.94 41.7 4.6
      vertex 57.94 41.6 4.6
      vertex 52.94 41.6 4.6
    endloop
  endfacet
  facet normal 0 0 -1
    outer loop
      vertex 57.94 41.7 4.6
      vertex 52.94 41.7 4.6
      vertex 57.94 42.4 4.6
    endloop
  endfacet
  facet normal -0 0 -1
    outer loop
      vertex 57.94 42.4 4.6
      vertex 52.94 41.7 4.6
      vertex 52.94 42.4 4.6
    endloop
  endfacet
  facet normal 0 1 -0
    outer loop
      vertex 57.94 42.4 4.6
      vertex 52.94 42.4 5.5
      vertex 57.94 42.4 5.5
    endloop
  endfacet
  facet normal 0 1 0
    outer loop
      vertex 52.94 42.4 5.5
      vertex 57.94 42.4 4.6
      vertex 52.94 42.4 4.6
    endloop
  endfacet
  facet normal 1 -0 0
    outer loop
      vertex 18.46 2.4 8
      vertex 18.46 3.8 2
      vertex 18.46 3.8 8
    endloop
  endfacet
  facet normal 1 0 0
    outer loop
      vertex 18.46 3.8 2
      vertex 18.46 2.4 8
      vertex 18.46 2.4 2
    endloop
  endfacet
  facet normal -1 0 0
    outer loop
      vertex 24.66 2.4 2
      vertex 24.66 3.8 8
      vertex 24.66 3.8 2
    endloop
  endfacet
  facet normal -1 -0 0
    outer loop
      vertex 24.66 3.8 8
      vertex 24.66 2.4 2
      vertex 24.66 2.4 8
    endloop
  endfacet
  facet normal 1 -0 0
    outer loop
      vertex 18.46 40.2 8
      vertex 18.46 41.6 2
      vertex 18.46 41.6 8
    endloop
  endfacet
  facet normal 1 0 0
    outer loop
      vertex 18.46 41.6 2
      vertex 18.46 40.2 8
      vertex 18.46 40.2 2
    endloop
  endfacet
  facet normal -1 0 0
    outer loop
      vertex 24.66 40.2 2
      vertex 24.66 41.6 8
      vertex 24.66 41.6 2
    endloop
  endfacet
  facet normal -1 -0 0
    outer loop
      vertex 24.66 41.6 8
      vertex 24.66 40.2 2
      vertex 24.66 40.2 8
    endloop
  endfacet
  facet normal 1 -0 0
    outer loop
      vertex 52.34 2.4 8
      vertex 52.34 3.8 2
      vertex 52.34 3.8 8
    endloop
  endfacet
  facet normal 1 0 0
    outer loop
      vertex 52.34 3.8 2
      vertex 52.34 2.4 8
      vertex 52.34 2.4 2
    endloop
  endfacet
  facet normal -1 0 0
    outer loop
      vertex 58.54 2.4 2
      vertex 58.54 3.8 8
      vertex 58.54 3.8 2
    endloop
  endfacet
  facet normal -1 -0 0
    outer loop
      vertex 58.54 3.8 8
      vertex 58.54 2.4 2
      vertex 58.54 2.4 8
    endloop
  endfacet
  facet normal 1 -0 0
    outer loop
      vertex 52.34 40.2 8
      vertex 52.34 41.6 2
      vertex 52.34 41.6 8
    endloop
  endfacet
  facet normal 1 0 0
    outer loop
      vertex 52.34 41.6 2
      vertex 52.34 40.2 8
      vertex 52.34 40.2 2
    endloop
  endfacet
  facet normal -1 0 0
    outer loop
      vertex 58.54 40.2 2
      vertex 58.54 41.6 8
      vertex 58.54 41.6 2
    endloop
  endfacet
  facet normal -1 -0 0
    outer loop
      vertex 58.54 41.6 8
      vertex 58.54 40.2 2
      vertex 58.54 40.2 8
    endloop
  endfacet
  facet normal -1 0 0
    outer loop
      vertex 0 0 0
      vertex 0 44 2
      vertex 0 44 0
    endloop
  endfacet
  facet normal -1 -0 0
    outer loop
      vertex 0 44 2
      vertex 0 0 0
      vertex 0 0 2
    endloop
  endfacet
  facet normal 1 -0 0
    outer loop
      vertex 77 0 2
      vertex 77 44 0
      vertex 77 44 2
    endloop
  endfacet
  facet normal 1 0 0
    outer loop
      vertex 77 44 0
      vertex 77 0 2
      vertex 77 0 0
    endloop
  endfacet
  facet normal 0 0 -1
    outer loop
      vertex 27.7312 30.1074 0
      vertex 77 44 0
      vertex 77 0 0
    endloop
  endfacet
  facet normal 0 0 -1
    outer loop
      vertex 77 44 0
      vertex 27.7312 30.1074 0
      vertex 27.76 30.4 0
    endloop
  endfacet
  facet normal 0 0 -1
    outer loop
      vertex 77 0 0
      vertex 27.6458 29.826 0
      vertex 27.7312 30.1074 0
    endloop
  endfacet
  facet normal 0 0 -1
    outer loop
      vertex 77 0 0
      vertex 27.5072 29.5666 0
      vertex 27.6458 29.826 0
    endloop
  endfacet
  facet normal 0 0 -1
    outer loop
      vertex 77 0 0
      vertex 27.3207 29.3393 0
      vertex 27.5072 29.5666 0
    endloop
  endfacet
  facet normal 0 0 -1
    outer loop
      vertex 77 0 0
      vertex 27.0934 29.1528 0
      vertex 27.3207 29.3393 0
    endloop
  endfacet
  facet normal 0 0 -1
    outer loop
      vertex 77 0 0
      vertex 26.834 29.0142 0
      vertex 27.0934 29.1528 0
    endloop
  endfacet
  facet normal 0 0 -1
    outer loop
      vertex 77 0 0
      vertex 26.5526 28.9288 0
      vertex 26.834 29.0142 0
    endloop
  endfacet
  facet normal 0 0 -1
    outer loop
      vertex 0 0 0
      vertex 26.5526 28.9288 0
      vertex 77 0 0
    endloop
  endfacet
  facet normal 0 0 -1
    outer loop
      vertex 26.5526 28.9288 0
      vertex 0 0 0
      vertex 26.26 28.9 0
    endloop
  endfacet
  facet normal -0 0 -1
    outer loop
      vertex 26.26 28.9 0
      vertex 0 0 0
      vertex 25.9674 28.9288 0
    endloop
  endfacet
  facet normal 0 -0 -1
    outer loop
      vertex 18.3926 28.9288 0
      vertex 25.9674 28.9288 0
      vertex 0 0 0
    endloop
  endfacet
  facet normal 0 0 -1
    outer loop
      vertex 24.7888 30.1074 0
      vertex 19.6 30.4 0
      vertex 24.76 30.4 0
    endloop
  endfacet
  facet normal 0 0 -1
    outer loop
      vertex 19.5712 30.1074 0
      vertex 24.7888 30.1074 0
      vertex 24.8742 29.826 0
    endloop
  endfacet
  facet normal 0 0 -1
    outer loop
      vertex 19.4858 29.826 0
      vertex 24.8742 29.826 0
      vertex 25.0128 29.5666 0
    endloop
  endfacet
  facet normal 0 0 -1
    outer loop
      vertex 19.3472 29.5666 0
      vertex 25.0128 29.5666 0
      vertex 25.1993 29.3393 0
    endloop
  endfacet
  facet normal 0 0 -1
    outer loop
      vertex 19.1607 29.3393 0
      vertex 25.1993 29.3393 0
      vertex 25.4266 29.1528 0
    endloop
  endfacet
  facet normal 0 0 -1
    outer loop
      vertex 25.9674 28.9288 0
      vertex 18.3926 28.9288 0
      vertex 25.686 29.0142 0
    endloop
  endfacet
  facet normal 0 0 -1
    outer loop
      vertex 24.7888 30.1074 0
      vertex 19.5712 30.1074 0
      vertex 19.6 30.4 0
    endloop
  endfacet
  facet normal 0 0 -1
    outer loop
      vertex 24.8742 29.826 0
      vertex 19.4858 29.826 0
      vertex 19.5712 30.1074 0
    endloop
  endfacet
  facet normal 0 0 -1
    outer loop
      vertex 25.0128 29.5666 0
      vertex 19.3472 29.5666 0
      vertex 19.4858 29.826 0
    endloop
  endfacet
  facet normal 0 0 -1
    outer loop
      vertex 25.1993 29.3393 0
      vertex 19.1607 29.3393 0
      vertex 19.3472 29.5666 0
    endloop
  endfacet
  facet normal 0 0 -1
    outer loop
      vertex 25.4266 29.1528 0
      vertex 18.9334 29.1528 0
      vertex 19.1607 29.3393 0
    endloop
  endfacet
  facet normal 0 -0 -1
    outer loop
      vertex 18.674 29.0142 0
      vertex 25.686 29.0142 0
      vertex 18.3926 28.9288 0
    endloop
  endfacet
  facet normal -0 0 -1
    outer loop
      vertex 25.4266 29.1528 0
      vertex 18.674 29.0142 0
      vertex 18.9334 29.1528 0
    endloop
  endfacet
  facet normal 0 0 -1
    outer loop
      vertex 25.686 29.0142 0
      vertex 18.674 29.0142 0
      vertex 25.4266 29.1528 0
    endloop
  endfacet
  facet normal 0 0 -1
    outer loop
      vertex 18.3926 28.9288 0
      vertex 0 0 0
      vertex 18.1 28.9 0
    endloop
  endfacet
  facet normal -0 0 -1
    outer loop
      vertex 18.1 28.9 0
      vertex 0 0 0
      vertex 17.8074 28.9288 0
    endloop
  endfacet
  facet normal 0 0 -1
    outer loop
      vertex 16.7142 29.826 0
      vertex 0 44 0
      vertex 16.6288 30.1074 0
    endloop
  endfacet
  facet normal 0 0 -1
    outer loop
      vertex 0 44 0
      vertex 16.7142 29.826 0
      vertex 0 0 0
    endloop
  endfacet
  facet normal -0 0 -1
    outer loop
      vertex 16.8528 29.5666 0
      vertex 0 0 0
      vertex 16.7142 29.826 0
    endloop
  endfacet
  facet normal -0 0 -1
    outer loop
      vertex 17.0393 29.3393 0
      vertex 0 0 0
      vertex 16.8528 29.5666 0
    endloop
  endfacet
  facet normal -0 0 -1
    outer loop
      vertex 17.2666 29.1528 0
      vertex 0 0 0
      vertex 17.0393 29.3393 0
    endloop
  endfacet
  facet normal -0 0 -1
    outer loop
      vertex 17.526 29.0142 0
      vertex 0 0 0
      vertex 17.2666 29.1528 0
    endloop
  endfacet
  facet normal -0 0 -1
    outer loop
      vertex 17.8074 28.9288 0
      vertex 0 0 0
      vertex 17.526 29.0142 0
    endloop
  endfacet
  facet normal 0 0 -1
    outer loop
      vertex 27.7312 30.6926 0
      vertex 77 44 0
      vertex 27.76 30.4 0
    endloop
  endfacet
  facet normal 0 0 -1
    outer loop
      vertex 27.6458 30.974 0
      vertex 77 44 0
      vertex 27.7312 30.6926 0
    endloop
  endfacet
  facet normal 0 0 -1
    outer loop
      vertex 27.5072 31.2334 0
      vertex 77 44 0
      vertex 27.6458 30.974 0
    endloop
  endfacet
  facet normal 0 0 -1
    outer loop
      vertex 27.3207 31.4607 0
      vertex 77 44 0
      vertex 27.5072 31.2334 0
    endloop
  endfacet
  facet normal 0 0 -1
    outer loop
      vertex 27.0934 31.6472 0
      vertex 77 44 0
      vertex 27.3207 31.4607 0
    endloop
  endfacet
  facet normal 0 0 -1
    outer loop
      vertex 26.834 31.7858 0
      vertex 77 44 0
      vertex 27.0934 31.6472 0
    endloop
  endfacet
  facet normal 0 0 -1
    outer loop
      vertex 26.5526 31.8712 0
      vertex 77 44 0
      vertex 26.834 31.7858 0
    endloop
  endfacet
  facet normal 0 0 -1
    outer loop
      vertex 0 44 0
      vertex 26.5526 31.8712 0
      vertex 26.26 31.9 0
    endloop
  endfacet
  facet normal 0 0 -1
    outer loop
      vertex 0 44 0
      vertex 26.26 31.9 0
      vertex 25.9674 31.8712 0
    endloop
  endfacet
  facet normal 0 0 -1
    outer loop
      vertex 19.6 30.4 0
      vertex 24.7888 30.6926 0
      vertex 24.76 30.4 0
    endloop
  endfacet
  facet normal 0 0 -1
    outer loop
      vertex 19.5712 30.6926 0
      vertex 24.7888 30.6926 0
      vertex 19.6 30.4 0
    endloop
  endfacet
  facet normal 0 0 -1
    outer loop
      vertex 24.7888 30.6926 0
      vertex 19.5712 30.6926 0
      vertex 24.8742 30.974 0
    endloop
  endfacet
  facet normal 0 0 -1
    outer loop
      vertex 19.4858 30.974 0
      vertex 24.8742 30.974 0
      vertex 19.5712 30.6926 0
    endloop
  endfacet
  facet normal 0 0 -1
    outer loop
      vertex 24.8742 30.974 0
      vertex 19.4858 30.974 0
      vertex 25.0128 31.2334 0
    endloop
  endfacet
  facet normal 0 0 -1
    outer loop
      vertex 19.3472 31.2334 0
      vertex 25.0128 31.2334 0
      vertex 19.4858 30.974 0
    endloop
  endfacet
  facet normal 0 0 -1
    outer loop
      vertex 25.0128 31.2334 0
      vertex 19.3472 31.2334 0
      vertex 25.1993 31.4607 0
    endloop
  endfacet
  facet normal 0 0 -1
    outer loop
      vertex 19.1607 31.4607 0
      vertex 25.1993 31.4607 0
      vertex 19.3472 31.2334 0
    endloop
  endfacet
  facet normal 0 0 -1
    outer loop
      vertex 25.1993 31.4607 0
      vertex 19.1607 31.4607 0
      vertex 25.4266 31.6472 0
    endloop
  endfacet
  facet normal 0 0 -1
    outer loop
      vertex 18.9334 31.6472 0
      vertex 25.4266 31.6472 0
      vertex 19.1607 31.4607 0
    endloop
  endfacet
  facet normal 0 0 -1
    outer loop
      vertex 25.4266 31.6472 0
      vertex 18.9334 31.6472 0
      vertex 25.686 31.7858 0
    endloop
  endfacet
  facet normal 0 0 -1
    outer loop
      vertex 18.674 31.7858 0
      vertex 25.686 31.7858 0
      vertex 18.9334 31.6472 0
    endloop
  endfacet
  facet normal 0 0 -1
    outer loop
      vertex 25.686 31.7858 0
      vertex 18.674 31.7858 0
      vertex 25.9674 31.8712 0
    endloop
  endfacet
  facet normal 0 0 -1
    outer loop
      vertex 18.3926 31.8712 0
      vertex 25.9674 31.8712 0
      vertex 18.674 31.7858 0
    endloop
  endfacet
  facet normal 0 0 -1
    outer loop
      vertex 25.9674 31.8712 0
      vertex 18.3926 31.8712 0
      vertex 0 44 0
    endloop
  endfacet
  facet normal 0 0 -1
    outer loop
      vertex 0 44 0
      vertex 18.3926 31.8712 0
      vertex 18.1 31.9 0
    endloop
  endfacet
  facet normal 0 0 -1
    outer loop
      vertex 0 44 0
      vertex 18.1 31.9 0
      vertex 17.8074 31.8712 0
    endloop
  endfacet
  facet normal 0 0 -1
    outer loop
      vertex 16.6288 30.1074 0
      vertex 0 44 0
      vertex 16.6 30.4 0
    endloop
  endfacet
  facet normal 0 0 -1
    outer loop
      vertex 16.6 30.4 0
      vertex 0 44 0
      vertex 16.6288 30.6926 0
    endloop
  endfacet
  facet normal 0 0 -1
    outer loop
      vertex 16.6288 30.6926 0
      vertex 0 44 0
      vertex 16.7142 30.974 0
    endloop
  endfacet
  facet normal 0 0 -1
    outer loop
      vertex 26.5526 31.8712 0
      vertex 0 44 0
      vertex 77 44 0
    endloop
  endfacet
  facet normal 0 0 -1
    outer loop
      vertex 17.526 31.7858 0
      vertex 0 44 0
      vertex 17.8074 31.8712 0
    endloop
  endfacet
  facet normal 0 0 -1
    outer loop
      vertex 17.2666 31.6472 0
      vertex 0 44 0
      vertex 17.526 31.7858 0
    endloop
  endfacet
  facet normal 0 0 -1
    outer loop
      vertex 17.0393 31.4607 0
      vertex 0 44 0
      vertex 17.2666 31.6472 0
    endloop
  endfacet
  facet normal 0 0 -1
    outer loop
      vertex 16.8528 31.2334 0
      vertex 0 44 0
      vertex 17.0393 31.4607 0
    endloop
  endfacet
  facet normal 0 0 -1
    outer loop
      vertex 16.7142 30.974 0
      vertex 0 44 0
      vertex 16.8528 31.2334 0
    endloop
  endfacet
  facet normal 0 -1 0
    outer loop
      vertex 0 0 0
      vertex 77 0 2
      vertex 0 0 2
    endloop
  endfacet
  facet normal 0 -1 -0
    outer loop
      vertex 77 0 2
      vertex 0 0 0
      vertex 77 0 0
    endloop
  endfacet
  facet normal 0 1 -0
    outer loop
      vertex 77 44 0
      vertex 0 44 2
      vertex 77 44 2
    endloop
  endfacet
  facet normal 0 1 0
    outer loop
      vertex 0 44 2
      vertex 77 44 0
      vertex 0 44 0
    endloop
  endfacet
  facet normal -0.995191 -0.0979545 0
    outer loop
      vertex 19.6 30.4 0
      vertex 19.5712 30.6926 2
      vertex 19.5712 30.6926 0
    endloop
  endfacet
  facet normal -0.995191 -0.0979545 0
    outer loop
      vertex 19.5712 30.6926 2
      vertex 19.6 30.4 0
      vertex 19.6 30.4 2
    endloop
  endfacet
  facet normal 0.0979545 -0.995191 0
    outer loop
      vertex 17.8074 31.8712 0
      vertex 18.1 31.9 2
      vertex 17.8074 31.8712 2
    endloop
  endfacet
  facet normal 0.0979545 -0.995191 0
    outer loop
      vertex 18.1 31.9 2
      vertex 17.8074 31.8712 0
      vertex 18.1 31.9 0
    endloop
  endfacet
  facet normal -0.634311 -0.773078 0
    outer loop
      vertex 18.9334 31.6472 0
      vertex 19.1607 31.4607 2
      vertex 18.9334 31.6472 2
    endloop
  endfacet
  facet normal -0.634311 -0.773078 -0
    outer loop
      vertex 19.1607 31.4607 2
      vertex 18.9334 31.6472 0
      vertex 19.1607 31.4607 0
    endloop
  endfacet
  facet normal 0.773078 -0.634311 0
    outer loop
      vertex 16.8528 31.2334 2
      vertex 17.0393 31.4607 0
      vertex 17.0393 31.4607 2
    endloop
  endfacet
  facet normal 0.773078 -0.634311 0
    outer loop
      vertex 17.0393 31.4607 0
      vertex 16.8528 31.2334 2
      vertex 16.8528 31.2334 0
    endloop
  endfacet
  facet normal 0.471259 -0.881995 0
    outer loop
      vertex 17.2666 31.6472 0
      vertex 17.526 31.7858 2
      vertex 17.2666 31.6472 2
    endloop
  endfacet
  facet normal 0.471259 -0.881995 0
    outer loop
      vertex 17.526 31.7858 2
      vertex 17.2666 31.6472 0
      vertex 17.526 31.7858 0
    endloop
  endfacet
  facet normal -0.881995 -0.471259 0
    outer loop
      vertex 19.4858 30.974 0
      vertex 19.3472 31.2334 2
      vertex 19.3472 31.2334 0
    endloop
  endfacet
  facet normal -0.881995 -0.471259 0
    outer loop
      vertex 19.3472 31.2334 2
      vertex 19.4858 30.974 0
      vertex 19.4858 30.974 2
    endloop
  endfacet
  facet normal -0.956904 -0.290404 0
    outer loop
      vertex 19.5712 30.6926 0
      vertex 19.4858 30.974 2
      vertex 19.4858 30.974 0
    endloop
  endfacet
  facet normal -0.956904 -0.290404 0
    outer loop
      vertex 19.4858 30.974 2
      vertex 19.5712 30.6926 0
      vertex 19.5712 30.6926 2
    endloop
  endfacet
  facet normal -0.773078 -0.634311 0
    outer loop
      vertex 19.3472 31.2334 0
      vertex 19.1607 31.4607 2
      vertex 19.1607 31.4607 0
    endloop
  endfacet
  facet normal -0.773078 -0.634311 0
    outer loop
      vertex 19.1607 31.4607 2
      vertex 19.3472 31.2334 0
      vertex 19.3472 31.2334 2
    endloop
  endfacet
  facet normal -0.290404 -0.956904 0
    outer loop
      vertex 18.3926 31.8712 0
      vertex 18.674 31.7858 2
      vertex 18.3926 31.8712 2
    endloop
  endfacet
  facet normal -0.290404 -0.956904 -0
    outer loop
      vertex 18.674 31.7858 2
      vertex 18.3926 31.8712 0
      vertex 18.674 31.7858 0
    endloop
  endfacet
  facet normal -0.0979545 -0.995191 0
    outer loop
      vertex 18.1 31.9 0
      vertex 18.3926 31.8712 2
      vertex 18.1 31.9 2
    endloop
  endfacet
  facet normal -0.0979545 -0.995191 -0
    outer loop
      vertex 18.3926 31.8712 2
      vertex 18.1 31.9 0
      vertex 18.3926 31.8712 0
    endloop
  endfacet
  facet normal -0.471259 -0.881995 0
    outer loop
      vertex 18.674 31.7858 0
      vertex 18.9334 31.6472 2
      vertex 18.674 31.7858 2
    endloop
  endfacet
  facet normal -0.471259 -0.881995 -0
    outer loop
      vertex 18.9334 31.6472 2
      vertex 18.674 31.7858 0
      vertex 18.9334 31.6472 0
    endloop
  endfacet
  facet normal 0.956904 -0.290404 0
    outer loop
      vertex 16.6288 30.6926 2
      vertex 16.7142 30.974 0
      vertex 16.7142 30.974 2
    endloop
  endfacet
  facet normal 0.956904 -0.290404 0
    outer loop
      vertex 16.7142 30.974 0
      vertex 16.6288 30.6926 2
      vertex 16.6288 30.6926 0
    endloop
  endfacet
  facet normal 0.881995 -0.471259 0
    outer loop
      vertex 16.7142 30.974 2
      vertex 16.8528 31.2334 0
      vertex 16.8528 31.2334 2
    endloop
  endfacet
  facet normal 0.881995 -0.471259 0
    outer loop
      vertex 16.8528 31.2334 0
      vertex 16.7142 30.974 2
      vertex 16.7142 30.974 0
    endloop
  endfacet
  facet normal 0.995191 -0.0979545 0
    outer loop
      vertex 16.6 30.4 2
      vertex 16.6288 30.6926 0
      vertex 16.6288 30.6926 2
    endloop
  endfacet
  facet normal 0.995191 -0.0979545 0
    outer loop
      vertex 16.6288 30.6926 0
      vertex 16.6 30.4 2
      vertex 16.6 30.4 0
    endloop
  endfacet
  facet normal 0.634311 -0.773078 0
    outer loop
      vertex 17.0393 31.4607 0
      vertex 17.2666 31.6472 2
      vertex 17.0393 31.4607 2
    endloop
  endfacet
  facet normal 0.634311 -0.773078 0
    outer loop
      vertex 17.2666 31.6472 2
      vertex 17.0393 31.4607 0
      vertex 17.2666 31.6472 0
    endloop
  endfacet
  facet normal 0.290404 -0.956904 0
    outer loop
      vertex 17.526 31.7858 0
      vertex 17.8074 31.8712 2
      vertex 17.526 31.7858 2
    endloop
  endfacet
  facet normal 0.290404 -0.956904 0
    outer loop
      vertex 17.8074 31.8712 2
      vertex 17.526 31.7858 0
      vertex 17.8074 31.8712 0
    endloop
  endfacet
  facet normal -0.995191 0.0979545 0
    outer loop
      vertex 19.5712 30.1074 0
      vertex 19.6 30.4 2
      vertex 19.6 30.4 0
    endloop
  endfacet
  facet normal -0.995191 0.0979545 0
    outer loop
      vertex 19.6 30.4 2
      vertex 19.5712 30.1074 0
      vertex 19.5712 30.1074 2
    endloop
  endfacet
  facet normal -0.290404 0.956904 0
    outer loop
      vertex 18.674 29.0142 0
      vertex 18.3926 28.9288 2
      vertex 18.674 29.0142 2
    endloop
  endfacet
  facet normal -0.290404 0.956904 0
    outer loop
      vertex 18.3926 28.9288 2
      vertex 18.674 29.0142 0
      vertex 18.3926 28.9288 0
    endloop
  endfacet
  facet normal -0.634311 0.773078 0
    outer loop
      vertex 19.1607 29.3393 0
      vertex 18.9334 29.1528 2
      vertex 19.1607 29.3393 2
    endloop
  endfacet
  facet normal -0.634311 0.773078 0
    outer loop
      vertex 18.9334 29.1528 2
      vertex 19.1607 29.3393 0
      vertex 18.9334 29.1528 0
    endloop
  endfacet
  facet normal -0.881995 0.471259 0
    outer loop
      vertex 19.3472 29.5666 0
      vertex 19.4858 29.826 2
      vertex 19.4858 29.826 0
    endloop
  endfacet
  facet normal -0.881995 0.471259 0
    outer loop
      vertex 19.4858 29.826 2
      vertex 19.3472 29.5666 0
      vertex 19.3472 29.5666 2
    endloop
  endfacet
  facet normal 0.290404 0.956904 -0
    outer loop
      vertex 17.8074 28.9288 0
      vertex 17.526 29.0142 2
      vertex 17.8074 28.9288 2
    endloop
  endfacet
  facet normal 0.290404 0.956904 0
    outer loop
      vertex 17.526 29.0142 2
      vertex 17.8074 28.9288 0
      vertex 17.526 29.0142 0
    endloop
  endfacet
  facet normal 0.471259 0.881995 -0
    outer loop
      vertex 17.526 29.0142 0
      vertex 17.2666 29.1528 2
      vertex 17.526 29.0142 2
    endloop
  endfacet
  facet normal 0.471259 0.881995 0
    outer loop
      vertex 17.2666 29.1528 2
      vertex 17.526 29.0142 0
      vertex 17.2666 29.1528 0
    endloop
  endfacet
  facet normal 0.0979545 0.995191 -0
    outer loop
      vertex 18.1 28.9 0
      vertex 17.8074 28.9288 2
      vertex 18.1 28.9 2
    endloop
  endfacet
  facet normal 0.0979545 0.995191 0
    outer loop
      vertex 17.8074 28.9288 2
      vertex 18.1 28.9 0
      vertex 17.8074 28.9288 0
    endloop
  endfacet
  facet normal 0.773078 0.634311 0
    outer loop
      vertex 17.0393 29.3393 2
      vertex 16.8528 29.5666 0
      vertex 16.8528 29.5666 2
    endloop
  endfacet
  facet normal 0.773078 0.634311 0
    outer loop
      vertex 16.8528 29.5666 0
      vertex 17.0393 29.3393 2
      vertex 17.0393 29.3393 0
    endloop
  endfacet
  facet normal 0.634311 0.773078 -0
    outer loop
      vertex 17.2666 29.1528 0
      vertex 17.0393 29.3393 2
      vertex 17.2666 29.1528 2
    endloop
  endfacet
  facet normal 0.634311 0.773078 0
    outer loop
      vertex 17.0393 29.3393 2
      vertex 17.2666 29.1528 0
      vertex 17.0393 29.3393 0
    endloop
  endfacet
  facet normal 0.956904 0.290404 0
    outer loop
      vertex 16.7142 29.826 2
      vertex 16.6288 30.1074 0
      vertex 16.6288 30.1074 2
    endloop
  endfacet
  facet normal 0.956904 0.290404 0
    outer loop
      vertex 16.6288 30.1074 0
      vertex 16.7142 29.826 2
      vertex 16.7142 29.826 0
    endloop
  endfacet
  facet normal 0.995191 0.0979545 0
    outer loop
      vertex 16.6288 30.1074 2
      vertex 16.6 30.4 0
      vertex 16.6 30.4 2
    endloop
  endfacet
  facet normal 0.995191 0.0979545 0
    outer loop
      vertex 16.6 30.4 0
      vertex 16.6288 30.1074 2
      vertex 16.6288 30.1074 0
    endloop
  endfacet
  facet normal -0.471259 0.881995 0
    outer loop
      vertex 18.9334 29.1528 0
      vertex 18.674 29.0142 2
      vertex 18.9334 29.1528 2
    endloop
  endfacet
  facet normal -0.471259 0.881995 0
    outer loop
      vertex 18.674 29.0142 2
      vertex 18.9334 29.1528 0
      vertex 18.674 29.0142 0
    endloop
  endfacet
  facet normal -0.773078 0.634311 0
    outer loop
      vertex 19.1607 29.3393 0
      vertex 19.3472 29.5666 2
      vertex 19.3472 29.5666 0
    endloop
  endfacet
  facet normal -0.773078 0.634311 0
    outer loop
      vertex 19.3472 29.5666 2
      vertex 19.1607 29.3393 0
      vertex 19.1607 29.3393 2
    endloop
  endfacet
  facet normal -0.956904 0.290404 0
    outer loop
      vertex 19.4858 29.826 0
      vertex 19.5712 30.1074 2
      vertex 19.5712 30.1074 0
    endloop
  endfacet
  facet normal -0.956904 0.290404 0
    outer loop
      vertex 19.5712 30.1074 2
      vertex 19.4858 29.826 0
      vertex 19.4858 29.826 2
    endloop
  endfacet
  facet normal -0.0979545 0.995191 0
    outer loop
      vertex 18.3926 28.9288 0
      vertex 18.1 28.9 2
      vertex 18.3926 28.9288 2
    endloop
  endfacet
  facet normal -0.0979545 0.995191 0
    outer loop
      vertex 18.1 28.9 2
      vertex 18.3926 28.9288 0
      vertex 18.1 28.9 0
    endloop
  endfacet
  facet normal 0.881995 0.471259 0
    outer loop
      vertex 16.8528 29.5666 2
      vertex 16.7142 29.826 0
      vertex 16.7142 29.826 2
    endloop
  endfacet
  facet normal 0.881995 0.471259 0
    outer loop
      vertex 16.7142 29.826 0
      vertex 16.8528 29.5666 2
      vertex 16.8528 29.5666 0
    endloop
  endfacet
  facet normal -0.471259 -0.881995 0
    outer loop
      vertex 26.834 31.7858 0
      vertex 27.0934 31.6472 2
      vertex 26.834 31.7858 2
    endloop
  endfacet
  facet normal -0.471259 -0.881995 -0
    outer loop
      vertex 27.0934 31.6472 2
      vertex 26.834 31.7858 0
      vertex 27.0934 31.6472 0
    endloop
  endfacet
  facet normal -0.995191 0.0979545 0
    outer loop
      vertex 27.7312 30.1074 0
      vertex 27.76 30.4 2
      vertex 27.76 30.4 0
    endloop
  endfacet
  facet normal -0.995191 0.0979545 0
    outer loop
      vertex 27.76 30.4 2
      vertex 27.7312 30.1074 0
      vertex 27.7312 30.1074 2
    endloop
  endfacet
  facet normal 0.0979545 0.995191 -0
    outer loop
      vertex 26.26 28.9 0
      vertex 25.9674 28.9288 2
      vertex 26.26 28.9 2
    endloop
  endfacet
  facet normal 0.0979545 0.995191 0
    outer loop
      vertex 25.9674 28.9288 2
      vertex 26.26 28.9 0
      vertex 25.9674 28.9288 0
    endloop
  endfacet
  facet normal 0.471259 -0.881995 0
    outer loop
      vertex 25.4266 31.6472 0
      vertex 25.686 31.7858 2
      vertex 25.4266 31.6472 2
    endloop
  endfacet
  facet normal 0.471259 -0.881995 0
    outer loop
      vertex 25.686 31.7858 2
      vertex 25.4266 31.6472 0
      vertex 25.686 31.7858 0
    endloop
  endfacet
  facet normal 0.956904 -0.290404 0
    outer loop
      vertex 24.7888 30.6926 2
      vertex 24.8742 30.974 0
      vertex 24.8742 30.974 2
    endloop
  endfacet
  facet normal 0.956904 -0.290404 0
    outer loop
      vertex 24.8742 30.974 0
      vertex 24.7888 30.6926 2
      vertex 24.7888 30.6926 0
    endloop
  endfacet
  facet normal 0.773078 0.634311 0
    outer loop
      vertex 25.1993 29.3393 2
      vertex 25.0128 29.5666 0
      vertex 25.0128 29.5666 2
    endloop
  endfacet
  facet normal 0.773078 0.634311 0
    outer loop
      vertex 25.0128 29.5666 0
      vertex 25.1993 29.3393 2
      vertex 25.1993 29.3393 0
    endloop
  endfacet
  facet normal -0.881995 -0.471259 0
    outer loop
      vertex 27.6458 30.974 0
      vertex 27.5072 31.2334 2
      vertex 27.5072 31.2334 0
    endloop
  endfacet
  facet normal -0.881995 -0.471259 0
    outer loop
      vertex 27.5072 31.2334 2
      vertex 27.6458 30.974 0
      vertex 27.6458 30.974 2
    endloop
  endfacet
  facet normal -0.773078 -0.634311 0
    outer loop
      vertex 27.5072 31.2334 0
      vertex 27.3207 31.4607 2
      vertex 27.3207 31.4607 0
    endloop
  endfacet
  facet normal -0.773078 -0.634311 0
    outer loop
      vertex 27.3207 31.4607 2
      vertex 27.5072 31.2334 0
      vertex 27.5072 31.2334 2
    endloop
  endfacet
  facet normal -0.634311 -0.773078 0
    outer loop
      vertex 27.0934 31.6472 0
      vertex 27.3207 31.4607 2
      vertex 27.0934 31.6472 2
    endloop
  endfacet
  facet normal -0.634311 -0.773078 -0
    outer loop
      vertex 27.3207 31.4607 2
      vertex 27.0934 31.6472 0
      vertex 27.3207 31.4607 0
    endloop
  endfacet
  facet normal -0.290404 -0.956904 0
    outer loop
      vertex 26.5526 31.8712 0
      vertex 26.834 31.7858 2
      vertex 26.5526 31.8712 2
    endloop
  endfacet
  facet normal -0.290404 -0.956904 -0
    outer loop
      vertex 26.834 31.7858 2
      vertex 26.5526 31.8712 0
      vertex 26.834 31.7858 0
    endloop
  endfacet
  facet normal 0.0979545 -0.995191 0
    outer loop
      vertex 25.9674 31.8712 0
      vertex 26.26 31.9 2
      vertex 25.9674 31.8712 2
    endloop
  endfacet
  facet normal 0.0979545 -0.995191 0
    outer loop
      vertex 26.26 31.9 2
      vertex 25.9674 31.8712 0
      vertex 26.26 31.9 0
    endloop
  endfacet
  facet normal 0.995191 0.0979545 0
    outer loop
      vertex 24.7888 30.1074 2
      vertex 24.76 30.4 0
      vertex 24.76 30.4 2
    endloop
  endfacet
  facet normal 0.995191 0.0979545 0
    outer loop
      vertex 24.76 30.4 0
      vertex 24.7888 30.1074 2
      vertex 24.7888 30.1074 0
    endloop
  endfacet
  facet normal 0.881995 -0.471259 0
    outer loop
      vertex 24.8742 30.974 2
      vertex 25.0128 31.2334 0
      vertex 25.0128 31.2334 2
    endloop
  endfacet
  facet normal 0.881995 -0.471259 0
    outer loop
      vertex 25.0128 31.2334 0
      vertex 24.8742 30.974 2
      vertex 24.8742 30.974 0
    endloop
  endfacet
  facet normal 0.634311 -0.773078 0
    outer loop
      vertex 25.1993 31.4607 0
      vertex 25.4266 31.6472 2
      vertex 25.1993 31.4607 2
    endloop
  endfacet
  facet normal 0.634311 -0.773078 0
    outer loop
      vertex 25.4266 31.6472 2
      vertex 25.1993 31.4607 0
      vertex 25.4266 31.6472 0
    endloop
  endfacet
  facet normal 0.290404 -0.956904 0
    outer loop
      vertex 25.686 31.7858 0
      vertex 25.9674 31.8712 2
      vertex 25.686 31.7858 2
    endloop
  endfacet
  facet normal 0.290404 -0.956904 0
    outer loop
      vertex 25.9674 31.8712 2
      vertex 25.686 31.7858 0
      vertex 25.9674 31.8712 0
    endloop
  endfacet
  facet normal 0.773078 -0.634311 0
    outer loop
      vertex 25.0128 31.2334 2
      vertex 25.1993 31.4607 0
      vertex 25.1993 31.4607 2
    endloop
  endfacet
  facet normal 0.773078 -0.634311 0
    outer loop
      vertex 25.1993 31.4607 0
      vertex 25.0128 31.2334 2
      vertex 25.0128 31.2334 0
    endloop
  endfacet
  facet normal -0.995191 -0.0979545 0
    outer loop
      vertex 27.76 30.4 0
      vertex 27.7312 30.6926 2
      vertex 27.7312 30.6926 0
    endloop
  endfacet
  facet normal -0.995191 -0.0979545 0
    outer loop
      vertex 27.7312 30.6926 2
      vertex 27.76 30.4 0
      vertex 27.76 30.4 2
    endloop
  endfacet
  facet normal -0.290404 0.956904 0
    outer loop
      vertex 26.834 29.0142 0
      vertex 26.5526 28.9288 2
      vertex 26.834 29.0142 2
    endloop
  endfacet
  facet normal -0.290404 0.956904 0
    outer loop
      vertex 26.5526 28.9288 2
      vertex 26.834 29.0142 0
      vertex 26.5526 28.9288 0
    endloop
  endfacet
  facet normal -0.471259 0.881995 0
    outer loop
      vertex 27.0934 29.1528 0
      vertex 26.834 29.0142 2
      vertex 27.0934 29.1528 2
    endloop
  endfacet
  facet normal -0.471259 0.881995 0
    outer loop
      vertex 26.834 29.0142 2
      vertex 27.0934 29.1528 0
      vertex 26.834 29.0142 0
    endloop
  endfacet
  facet normal -0.634311 0.773078 0
    outer loop
      vertex 27.3207 29.3393 0
      vertex 27.0934 29.1528 2
      vertex 27.3207 29.3393 2
    endloop
  endfacet
  facet normal -0.634311 0.773078 0
    outer loop
      vertex 27.0934 29.1528 2
      vertex 27.3207 29.3393 0
      vertex 27.0934 29.1528 0
    endloop
  endfacet
  facet normal -0.881995 0.471259 0
    outer loop
      vertex 27.5072 29.5666 0
      vertex 27.6458 29.826 2
      vertex 27.6458 29.826 0
    endloop
  endfacet
  facet normal -0.881995 0.471259 0
    outer loop
      vertex 27.6458 29.826 2
      vertex 27.5072 29.5666 0
      vertex 27.5072 29.5666 2
    endloop
  endfacet
  facet normal 0.471259 0.881995 -0
    outer loop
      vertex 25.686 29.0142 0
      vertex 25.4266 29.1528 2
      vertex 25.686 29.0142 2
    endloop
  endfacet
  facet normal 0.471259 0.881995 0
    outer loop
      vertex 25.4266 29.1528 2
      vertex 25.686 29.0142 0
      vertex 25.4266 29.1528 0
    endloop
  endfacet
  facet normal 0.290404 0.956904 -0
    outer loop
      vertex 25.9674 28.9288 0
      vertex 25.686 29.0142 2
      vertex 25.9674 28.9288 2
    endloop
  endfacet
  facet normal 0.290404 0.956904 0
    outer loop
      vertex 25.686 29.0142 2
      vertex 25.9674 28.9288 0
      vertex 25.686 29.0142 0
    endloop
  endfacet
  facet normal 0.956904 0.290404 0
    outer loop
      vertex 24.8742 29.826 2
      vertex 24.7888 30.1074 0
      vertex 24.7888 30.1074 2
    endloop
  endfacet
  facet normal 0.956904 0.290404 0
    outer loop
      vertex 24.7888 30.1074 0
      vertex 24.8742 29.826 2
      vertex 24.8742 29.826 0
    endloop
  endfacet
  facet normal -0.956904 -0.290404 0
    outer loop
      vertex 27.7312 30.6926 0
      vertex 27.6458 30.974 2
      vertex 27.6458 30.974 0
    endloop
  endfacet
  facet normal -0.956904 -0.290404 0
    outer loop
      vertex 27.6458 30.974 2
      vertex 27.7312 30.6926 0
      vertex 27.7312 30.6926 2
    endloop
  endfacet
  facet normal -0.0979545 -0.995191 0
    outer loop
      vertex 26.26 31.9 0
      vertex 26.5526 31.8712 2
      vertex 26.26 31.9 2
    endloop
  endfacet
  facet normal -0.0979545 -0.995191 -0
    outer loop
      vertex 26.5526 31.8712 2
      vertex 26.26 31.9 0
      vertex 26.5526 31.8712 0
    endloop
  endfacet
  facet normal 0.995191 -0.0979545 0
    outer loop
      vertex 24.76 30.4 2
      vertex 24.7888 30.6926 0
      vertex 24.7888 30.6926 2
    endloop
  endfacet
  facet normal 0.995191 -0.0979545 0
    outer loop
      vertex 24.7888 30.6926 0
      vertex 24.76 30.4 2
      vertex 24.76 30.4 0
    endloop
  endfacet
  facet normal -0.773078 0.634311 0
    outer loop
      vertex 27.3207 29.3393 0
      vertex 27.5072 29.5666 2
      vertex 27.5072 29.5666 0
    endloop
  endfacet
  facet normal -0.773078 0.634311 0
    outer loop
      vertex 27.5072 29.5666 2
      vertex 27.3207 29.3393 0
      vertex 27.3207 29.3393 2
    endloop
  endfacet
  facet normal -0.956904 0.290404 0
    outer loop
      vertex 27.6458 29.826 0
      vertex 27.7312 30.1074 2
      vertex 27.7312 30.1074 0
    endloop
  endfacet
  facet normal -0.956904 0.290404 0
    outer loop
      vertex 27.7312 30.1074 2
      vertex 27.6458 29.826 0
      vertex 27.6458 29.826 2
    endloop
  endfacet
  facet normal -0.0979545 0.995191 0
    outer loop
      vertex 26.5526 28.9288 0
      vertex 26.26 28.9 2
      vertex 26.5526 28.9288 2
    endloop
  endfacet
  facet normal -0.0979545 0.995191 0
    outer loop
      vertex 26.26 28.9 2
      vertex 26.5526 28.9288 0
      vertex 26.26 28.9 0
    endloop
  endfacet
  facet normal 0.881995 0.471259 0
    outer loop
      vertex 25.0128 29.5666 2
      vertex 24.8742 29.826 0
      vertex 24.8742 29.826 2
    endloop
  endfacet
  facet normal 0.881995 0.471259 0
    outer loop
      vertex 24.8742 29.826 0
      vertex 25.0128 29.5666 2
      vertex 25.0128 29.5666 0
    endloop
  endfacet
  facet normal 0.634311 0.773078 -0
    outer loop
      vertex 25.4266 29.1528 0
      vertex 25.1993 29.3393 2
      vertex 25.4266 29.1528 2
    endloop
  endfacet
  facet normal 0.634311 0.773078 0
    outer loop
      vertex 25.1993 29.3393 2
      vertex 25.4266 29.1528 0
      vertex 25.1993 29.3393 0
    endloop
  endfacet
  facet normal 0 0 1
    outer loop
      vertex 43.9803 23.1578 1.61
      vertex 44.5033 23.3986 1.61
      vertex 44.3873 23.5786 1.61
    endloop
  endfacet
  facet normal 0 0 1
    outer loop
      vertex 43.8987 23.2867 1.61
      vertex 44.3873 23.5786 1.61
      vertex 44.2518 23.7379 1.61
    endloop
  endfacet
  facet normal 0 0 1
    outer loop
      vertex 43.8026 23.4014 1.61
      vertex 44.2518 23.7379 1.61
      vertex 44.0968 23.8764 1.61
    endloop
  endfacet
  facet normal 0 0 1
    outer loop
      vertex 44.3873 23.5786 1.61
      vertex 43.8987 23.2867 1.61
      vertex 43.9803 23.1578 1.61
    endloop
  endfacet
  facet normal 0 0 1
    outer loop
      vertex 44.5033 23.3986 1.61
      vertex 44.0474 23.0147 1.61
      vertex 44.5997 23.1978 1.61
    endloop
  endfacet
  facet normal 0 0 1
    outer loop
      vertex 43.6919 23.502 1.61
      vertex 44.0968 23.8764 1.61
      vertex 43.9222 23.9942 1.61
    endloop
  endfacet
  facet normal 0 -0 1
    outer loop
      vertex 44.0474 23.0147 1.61
      vertex 44.5033 23.3986 1.61
      vertex 43.9803 23.1578 1.61
    endloop
  endfacet
  facet normal 0 0 1
    outer loop
      vertex 44.2518 23.7379 1.61
      vertex 43.8026 23.4014 1.61
      vertex 43.8987 23.2867 1.61
    endloop
  endfacet
  facet normal 0 0 1
    outer loop
      vertex 43.5667 23.5884 1.61
      vertex 43.9222 23.9942 1.61
      vertex 43.7289 24.0909 1.61
    endloop
  endfacet
  facet normal 0 0 1
    outer loop
      vertex 44.0968 23.8764 1.61
      vertex 43.6919 23.502 1.61
      vertex 43.8026 23.4014 1.61
    endloop
  endfacet
  facet normal 0 0 1
    outer loop
      vertex 43.9222 23.9942 1.61
      vertex 43.5667 23.5884 1.61
      vertex 43.6919 23.502 1.61
    endloop
  endfacet
  facet normal 0 0 1
    outer loop
      vertex 43.4294 23.6598 1.61
      vertex 43.7289 24.0909 1.61
      vertex 43.5175 24.1661 1.61
    endloop
  endfacet
  facet normal 0 0 1
    outer loop
      vertex 43.7289 24.0909 1.61
      vertex 43.4294 23.6598 1.61
      vertex 43.5667 23.5884 1.61
    endloop
  endfacet
  facet normal 0 0 1
    outer loop
      vertex 43.2821 23.7153 1.61
      vertex 43.5175 24.1661 1.61
      vertex 43.288 24.2198 1.61
    endloop
  endfacet
  facet normal 0 0 1
    outer loop
      vertex 43.5175 24.1661 1.61
      vertex 43.2821 23.7153 1.61
      vertex 43.4294 23.6598 1.61
    endloop
  endfacet
  facet normal 0 0 1
    outer loop
      vertex 43.288 24.2198 1.61
      vertex 43.125 23.755 1.61
      vertex 43.2821 23.7153 1.61
    endloop
  endfacet
  facet normal 0 0 1
    outer loop
      vertex 43.0405 24.2521 1.61
      vertex 43.125 23.755 1.61
      vertex 43.288 24.2198 1.61
    endloop
  endfacet
  facet normal 0 0 1
    outer loop
      vertex 43.0405 24.2521 1.61
      vertex 42.9579 23.7788 1.61
      vertex 43.125 23.755 1.61
    endloop
  endfacet
  facet normal 0 0 1
    outer loop
      vertex 42.7749 24.2628 1.61
      vertex 42.9579 23.7788 1.61
      vertex 43.0405 24.2521 1.61
    endloop
  endfacet
  facet normal 0 0 1
    outer loop
      vertex 42.9579 23.7788 1.61
      vertex 42.7749 24.2628 1.61
      vertex 42.781 23.7867 1.61
    endloop
  endfacet
  facet normal 0 0 1
    outer loop
      vertex 42.7749 24.2628 1.61
      vertex 42.508 23.7684 1.61
      vertex 42.781 23.7867 1.61
    endloop
  endfacet
  facet normal -0 0 1
    outer loop
      vertex 42.3989 24.2395 1.61
      vertex 42.508 23.7684 1.61
      vertex 42.7749 24.2628 1.61
    endloop
  endfacet
  facet normal 0 0 1
    outer loop
      vertex 42.3989 24.2395 1.61
      vertex 42.2605 23.7133 1.61
      vertex 42.508 23.7684 1.61
    endloop
  endfacet
  facet normal -0 0 1
    outer loop
      vertex 42.0571 24.1695 1.61
      vertex 42.2605 23.7133 1.61
      vertex 42.3989 24.2395 1.61
    endloop
  endfacet
  facet normal 0 0 1
    outer loop
      vertex 42.0571 24.1695 1.61
      vertex 42.0383 23.6214 1.61
      vertex 42.2605 23.7133 1.61
    endloop
  endfacet
  facet normal -0 0 1
    outer loop
      vertex 41.7495 24.053 1.61
      vertex 42.0383 23.6214 1.61
      vertex 42.0571 24.1695 1.61
    endloop
  endfacet
  facet normal 0 0 1
    outer loop
      vertex 42.0383 23.6214 1.61
      vertex 41.7495 24.053 1.61
      vertex 41.8416 23.4928 1.61
    endloop
  endfacet
  facet normal -0 0 1
    outer loop
      vertex 41.4761 23.8898 1.61
      vertex 41.8416 23.4928 1.61
      vertex 41.7495 24.053 1.61
    endloop
  endfacet
  facet normal 0 0 1
    outer loop
      vertex 41.8416 23.4928 1.61
      vertex 41.4761 23.8898 1.61
      vertex 41.6702 23.3275 1.61
    endloop
  endfacet
  facet normal -0 0 1
    outer loop
      vertex 41.2369 23.68 1.61
      vertex 41.6702 23.3275 1.61
      vertex 41.4761 23.8898 1.61
    endloop
  endfacet
  facet normal 0 0 1
    outer loop
      vertex 41.6702 23.3275 1.61
      vertex 41.2369 23.68 1.61
      vertex 41.5274 23.1302 1.61
    endloop
  endfacet
  facet normal -0 0 1
    outer loop
      vertex 41.0369 23.429 1.61
      vertex 41.5274 23.1302 1.61
      vertex 41.2369 23.68 1.61
    endloop
  endfacet
  facet normal 0 0 1
    outer loop
      vertex 41.5274 23.1302 1.61
      vertex 41.0369 23.429 1.61
      vertex 41.4163 22.9056 1.61
    endloop
  endfacet
  facet normal 0 0 1
    outer loop
      vertex 40.7704 22.8201 1.61
      vertex 41.4163 22.9056 1.61
      vertex 40.8814 23.1424 1.61
    endloop
  endfacet
  facet normal -0 0 1
    outer loop
      vertex 40.8814 23.1424 1.61
      vertex 41.4163 22.9056 1.61
      vertex 41.0369 23.429 1.61
    endloop
  endfacet
  facet normal 0 0 1
    outer loop
      vertex 44.1633 21.2112 1.61
      vertex 44.5246 20.7617 1.61
      vertex 44.6394 20.9732 1.61
    endloop
  endfacet
  facet normal 0 0 1
    outer loop
      vertex 44.5246 20.7617 1.61
      vertex 43.9635 20.8893 1.61
      vertex 44.3926 20.5714 1.61
    endloop
  endfacet
  facet normal 0 0 1
    outer loop
      vertex 44.5246 20.7617 1.61
      vertex 44.1633 21.2112 1.61
      vertex 43.9635 20.8893 1.61
    endloop
  endfacet
  facet normal 0 0 1
    outer loop
      vertex 44.3926 20.5714 1.61
      vertex 43.9635 20.8893 1.61
      vertex 44.2433 20.4023 1.61
    endloop
  endfacet
  facet normal -0 0 1
    outer loop
      vertex 43.7278 20.639 1.61
      vertex 44.2433 20.4023 1.61
      vertex 43.9635 20.8893 1.61
    endloop
  endfacet
  facet normal 0 0 1
    outer loop
      vertex 44.2433 20.4023 1.61
      vertex 43.7278 20.639 1.61
      vertex 44.0769 20.2545 1.61
    endloop
  endfacet
  facet normal 0 0 1
    outer loop
      vertex 44.0769 20.2545 1.61
      vertex 43.7278 20.639 1.61
      vertex 43.8932 20.1279 1.61
    endloop
  endfacet
  facet normal -0 0 1
    outer loop
      vertex 43.4562 20.4602 1.61
      vertex 43.8932 20.1279 1.61
      vertex 43.7278 20.639 1.61
    endloop
  endfacet
  facet normal 0 0 1
    outer loop
      vertex 43.8932 20.1279 1.61
      vertex 43.4562 20.4602 1.61
      vertex 43.6949 20.0236 1.61
    endloop
  endfacet
  facet normal 0 0 1
    outer loop
      vertex 43.6949 20.0236 1.61
      vertex 43.4562 20.4602 1.61
      vertex 43.4841 19.9424 1.61
    endloop
  endfacet
  facet normal -0 0 1
    outer loop
      vertex 43.1488 20.3529 1.61
      vertex 43.4841 19.9424 1.61
      vertex 43.4562 20.4602 1.61
    endloop
  endfacet
  facet normal 0 0 1
    outer loop
      vertex 43.4841 19.9424 1.61
      vertex 43.1488 20.3529 1.61
      vertex 43.261 19.8844 1.61
    endloop
  endfacet
  facet normal 0 0 1
    outer loop
      vertex 43.1488 20.3529 1.61
      vertex 43.0257 19.8496 1.61
      vertex 43.261 19.8844 1.61
    endloop
  endfacet
  facet normal -0 0 1
    outer loop
      vertex 42.8054 20.3171 1.61
      vertex 43.0257 19.8496 1.61
      vertex 43.1488 20.3529 1.61
    endloop
  endfacet
  facet normal 0 0 1
    outer loop
      vertex 42.8054 20.3171 1.61
      vertex 42.7779 19.838 1.61
      vertex 43.0257 19.8496 1.61
    endloop
  endfacet
  facet normal 0 0 1
    outer loop
      vertex 42.525 19.8488 1.61
      vertex 42.8054 20.3171 1.61
      vertex 42.5351 20.3363 1.61
    endloop
  endfacet
  facet normal 0 0 1
    outer loop
      vertex 42.8054 20.3171 1.61
      vertex 42.525 19.8488 1.61
      vertex 42.7779 19.838 1.61
    endloop
  endfacet
  facet normal 0 0 1
    outer loop
      vertex 42.286 19.8813 1.61
      vertex 42.5351 20.3363 1.61
      vertex 42.2881 20.394 1.61
    endloop
  endfacet
  facet normal 0 0 1
    outer loop
      vertex 42.5351 20.3363 1.61
      vertex 42.286 19.8813 1.61
      vertex 42.525 19.8488 1.61
    endloop
  endfacet
  facet normal 0 0 1
    outer loop
      vertex 42.0611 19.9353 1.61
      vertex 42.2881 20.394 1.61
      vertex 42.0644 20.4901 1.61
    endloop
  endfacet
  facet normal 0 0 1
    outer loop
      vertex 42.2881 20.394 1.61
      vertex 42.0611 19.9353 1.61
      vertex 42.286 19.8813 1.61
    endloop
  endfacet
  facet normal 0 0 1
    outer loop
      vertex 41.6534 20.1081 1.61
      vertex 42.0644 20.4901 1.61
      vertex 41.864 20.6247 1.61
    endloop
  endfacet
  facet normal 0 0 1
    outer loop
      vertex 42.0644 20.4901 1.61
      vertex 41.8503 20.0109 1.61
      vertex 42.0611 19.9353 1.61
    endloop
  endfacet
  facet normal 0 0 1
    outer loop
      vertex 41.4726 20.2254 1.61
      vertex 41.864 20.6247 1.61
      vertex 41.687 20.7977 1.61
    endloop
  endfacet
  facet normal 0 0 1
    outer loop
      vertex 42.0644 20.4901 1.61
      vertex 41.6534 20.1081 1.61
      vertex 41.8503 20.0109 1.61
    endloop
  endfacet
  facet normal 0 0 1
    outer loop
      vertex 41.1653 20.5157 1.61
      vertex 41.687 20.7977 1.61
      vertex 41.5381 21.0024 1.61
    endloop
  endfacet
  facet normal 0 0 1
    outer loop
      vertex 41.864 20.6247 1.61
      vertex 41.4726 20.2254 1.61
      vertex 41.6534 20.1081 1.61
    endloop
  endfacet
  facet normal 0 0 1
    outer loop
      vertex 40.9302 20.8802 1.61
      vertex 41.5381 21.0024 1.61
      vertex 41.4223 21.2318 1.61
    endloop
  endfacet
  facet normal 0 0 1
    outer loop
      vertex 40.8407 21.0883 1.61
      vertex 41.4223 21.2318 1.61
      vertex 41.3396 21.486 1.61
    endloop
  endfacet
  facet normal 0 0 1
    outer loop
      vertex 41.687 20.7977 1.61
      vertex 41.3099 20.3613 1.61
      vertex 41.4726 20.2254 1.61
    endloop
  endfacet
  facet normal -0 0 1
    outer loop
      vertex 40.7213 21.549 1.61
      vertex 41.3396 21.486 1.61
      vertex 41.29 21.765 1.61
    endloop
  endfacet
  facet normal -0 0 1
    outer loop
      vertex 40.6915 21.8015 1.61
      vertex 41.29 21.765 1.61
      vertex 41.2735 22.0687 1.61
    endloop
  endfacet
  facet normal 0 0 1
    outer loop
      vertex 41.4163 22.9056 1.61
      vertex 40.7704 22.8201 1.61
      vertex 41.337 22.6539 1.61
    endloop
  endfacet
  facet normal 0 -0 1
    outer loop
      vertex 40.6915 21.8015 1.61
      vertex 41.2735 22.0687 1.61
      vertex 40.6815 22.0687 1.61
    endloop
  endfacet
  facet normal 0 0 1
    outer loop
      vertex 41.29 21.765 1.61
      vertex 40.6915 21.8015 1.61
      vertex 40.7213 21.549 1.61
    endloop
  endfacet
  facet normal 0 0 1
    outer loop
      vertex 40.7037 22.4623 1.61
      vertex 41.337 22.6539 1.61
      vertex 40.7704 22.8201 1.61
    endloop
  endfacet
  facet normal 0 0 1
    outer loop
      vertex 41.3396 21.486 1.61
      vertex 40.7213 21.549 1.61
      vertex 40.771 21.3113 1.61
    endloop
  endfacet
  facet normal 0 0 1
    outer loop
      vertex 41.337 22.6539 1.61
      vertex 40.7037 22.4623 1.61
      vertex 41.2894 22.3749 1.61
    endloop
  endfacet
  facet normal 0 0 1
    outer loop
      vertex 41.3396 21.486 1.61
      vertex 40.771 21.3113 1.61
      vertex 40.8407 21.0883 1.61
    endloop
  endfacet
  facet normal 0 0 1
    outer loop
      vertex 41.5381 21.0024 1.61
      vertex 41.0387 20.6886 1.61
      vertex 41.1653 20.5157 1.61
    endloop
  endfacet
  facet normal 0 0 1
    outer loop
      vertex 40.6815 22.0687 1.61
      vertex 41.2894 22.3749 1.61
      vertex 40.7037 22.4623 1.61
    endloop
  endfacet
  facet normal 0 0 1
    outer loop
      vertex 41.5381 21.0024 1.61
      vertex 40.9302 20.8802 1.61
      vertex 41.0387 20.6886 1.61
    endloop
  endfacet
  facet normal 0 0 1
    outer loop
      vertex 41.2894 22.3749 1.61
      vertex 40.6815 22.0687 1.61
      vertex 41.2735 22.0687 1.61
    endloop
  endfacet
  facet normal 0 0 1
    outer loop
      vertex 41.687 20.7977 1.61
      vertex 41.1653 20.5157 1.61
      vertex 41.3099 20.3613 1.61
    endloop
  endfacet
  facet normal 0 0 1
    outer loop
      vertex 41.4223 21.2318 1.61
      vertex 40.8407 21.0883 1.61
      vertex 40.9302 20.8802 1.61
    endloop
  endfacet
  facet normal 0 0 1
    outer loop
      vertex 35.9379 22.9689 1.61
      vertex 35.3418 23.1058 1.61
      vertex 35.352 22.9628 1.61
    endloop
  endfacet
  facet normal 0 0 1
    outer loop
      vertex 35.5427 23.8737 1.61
      vertex 35.3112 23.2345 1.61
      vertex 35.3418 23.1058 1.61
    endloop
  endfacet
  facet normal 0 0 1
    outer loop
      vertex 35.5427 23.8737 1.61
      vertex 35.2602 23.349 1.61
      vertex 35.3112 23.2345 1.61
    endloop
  endfacet
  facet normal 0 0 1
    outer loop
      vertex 35.5427 23.8737 1.61
      vertex 35.1889 23.4491 1.61
      vertex 35.2602 23.349 1.61
    endloop
  endfacet
  facet normal 0 0 1
    outer loop
      vertex 34.9862 23.6059 1.61
      vertex 35.3714 23.9907 1.61
      vertex 35.1736 24.0817 1.61
    endloop
  endfacet
  facet normal 0 0 1
    outer loop
      vertex 35.5427 23.8737 1.61
      vertex 35.0971 23.535 1.61
      vertex 35.1889 23.4491 1.61
    endloop
  endfacet
  facet normal 0 0 1
    outer loop
      vertex 35.3714 23.9907 1.61
      vertex 34.9862 23.6059 1.61
      vertex 35.0971 23.535 1.61
    endloop
  endfacet
  facet normal 0 0 1
    outer loop
      vertex 34.8574 23.661 1.61
      vertex 35.1736 24.0817 1.61
      vertex 34.9493 24.1467 1.61
    endloop
  endfacet
  facet normal 0 0 1
    outer loop
      vertex 35.1736 24.0817 1.61
      vertex 34.8574 23.661 1.61
      vertex 34.9862 23.6059 1.61
    endloop
  endfacet
  facet normal 0 0 1
    outer loop
      vertex 34.9493 24.1467 1.61
      vertex 34.7106 23.7003 1.61
      vertex 34.8574 23.661 1.61
    endloop
  endfacet
  facet normal 0 0 1
    outer loop
      vertex 34.6985 24.1857 1.61
      vertex 34.7106 23.7003 1.61
      vertex 34.9493 24.1467 1.61
    endloop
  endfacet
  facet normal 0 0 1
    outer loop
      vertex 34.6985 24.1857 1.61
      vertex 34.5459 23.724 1.61
      vertex 34.7106 23.7003 1.61
    endloop
  endfacet
  facet normal 0 0 1
    outer loop
      vertex 34.4212 24.1987 1.61
      vertex 34.5459 23.724 1.61
      vertex 34.6985 24.1857 1.61
    endloop
  endfacet
  facet normal 0 0 1
    outer loop
      vertex 34.4212 24.1987 1.61
      vertex 34.3633 23.7318 1.61
      vertex 34.5459 23.724 1.61
    endloop
  endfacet
  facet normal 0 0 1
    outer loop
      vertex 34.4212 24.1987 1.61
      vertex 32.9809 23.7318 1.61
      vertex 34.3633 23.7318 1.61
    endloop
  endfacet
  facet normal 0 0 1
    outer loop
      vertex 32.3981 24.1987 1.61
      vertex 32.9809 22.145 1.61
      vertex 32.9809 23.7318 1.61
    endloop
  endfacet
  facet normal 0 0 1
    outer loop
      vertex 32.3981 19.8991 1.61
      vertex 32.9809 22.145 1.61
      vertex 32.3981 24.1987 1.61
    endloop
  endfacet
  facet normal -0 0 1
    outer loop
      vertex 32.3981 24.1987 1.61
      vertex 32.9809 23.7318 1.61
      vertex 34.4212 24.1987 1.61
    endloop
  endfacet
  facet normal 0 0 1
    outer loop
      vertex 32.9809 22.145 1.61
      vertex 32.3981 19.8991 1.61
      vertex 32.9809 21.6842 1.61
    endloop
  endfacet
  facet normal 0 0 1
    outer loop
      vertex 32.9809 21.6842 1.61
      vertex 32.3981 19.8991 1.61
      vertex 32.9809 19.8991 1.61
    endloop
  endfacet
  facet normal -0 0 1
    outer loop
      vertex 35.3418 23.1058 1.61
      vertex 35.9379 22.9689 1.61
      vertex 35.922 23.1906 1.61
    endloop
  endfacet
  facet normal 0 0 1
    outer loop
      vertex 35.9379 22.9689 1.61
      vertex 35.352 22.9628 1.61
      vertex 35.9267 22.7834 1.61
    endloop
  endfacet
  facet normal 0 0 1
    outer loop
      vertex 35.3418 23.1058 1.61
      vertex 35.922 23.1906 1.61
      vertex 35.8746 23.392 1.61
    endloop
  endfacet
  facet normal -0 0 1
    outer loop
      vertex 35.3419 22.8147 1.61
      vertex 35.9267 22.7834 1.61
      vertex 35.352 22.9628 1.61
    endloop
  endfacet
  facet normal 0 0 1
    outer loop
      vertex 35.3418 23.1058 1.61
      vertex 35.8746 23.392 1.61
      vertex 35.7956 23.573 1.61
    endloop
  endfacet
  facet normal 0 0 1
    outer loop
      vertex 35.9267 22.7834 1.61
      vertex 35.3419 22.8147 1.61
      vertex 35.8932 22.6101 1.61
    endloop
  endfacet
  facet normal 0 0 1
    outer loop
      vertex 35.3418 23.1058 1.61
      vertex 35.7956 23.573 1.61
      vertex 35.6849 23.7335 1.61
    endloop
  endfacet
  facet normal -0 0 1
    outer loop
      vertex 35.3117 22.6804 1.61
      vertex 35.8932 22.6101 1.61
      vertex 35.3419 22.8147 1.61
    endloop
  endfacet
  facet normal 0 0 1
    outer loop
      vertex 35.3418 23.1058 1.61
      vertex 35.6849 23.7335 1.61
      vertex 35.5427 23.8737 1.61
    endloop
  endfacet
  facet normal 0 0 1
    outer loop
      vertex 35.8932 22.6101 1.61
      vertex 35.3117 22.6804 1.61
      vertex 35.8373 22.4489 1.61
    endloop
  endfacet
  facet normal -0 0 1
    outer loop
      vertex 35.2613 22.5598 1.61
      vertex 35.8373 22.4489 1.61
      vertex 35.3117 22.6804 1.61
    endloop
  endfacet
  facet normal 0 0 1
    outer loop
      vertex 35.0971 23.535 1.61
      vertex 35.5427 23.8737 1.61
      vertex 35.3714 23.9907 1.61
    endloop
  endfacet
  facet normal 0 0 1
    outer loop
      vertex 35.8373 22.4489 1.61
      vertex 35.2613 22.5598 1.61
      vertex 35.7592 22.3 1.61
    endloop
  endfacet
  facet normal 0 0 1
    outer loop
      vertex 35.7592 22.3 1.61
      vertex 35.2613 22.5598 1.61
      vertex 35.6586 22.1633 1.61
    endloop
  endfacet
  facet normal -0 0 1
    outer loop
      vertex 35.1908 22.4531 1.61
      vertex 35.6586 22.1633 1.61
      vertex 35.2613 22.5598 1.61
    endloop
  endfacet
  facet normal 0 0 1
    outer loop
      vertex 35.6586 22.1633 1.61
      vertex 35.1908 22.4531 1.61
      vertex 35.5385 22.0424 1.61
    endloop
  endfacet
  facet normal -0 0 1
    outer loop
      vertex 35.1002 22.3602 1.61
      vertex 35.5385 22.0424 1.61
      vertex 35.1908 22.4531 1.61
    endloop
  endfacet
  facet normal 0 0 1
    outer loop
      vertex 35.5385 22.0424 1.61
      vertex 35.1002 22.3602 1.61
      vertex 35.4013 21.9407 1.61
    endloop
  endfacet
  facet normal 0 0 1
    outer loop
      vertex 35.4013 21.9407 1.61
      vertex 35.1002 22.3602 1.61
      vertex 35.2472 21.8583 1.61
    endloop
  endfacet
  facet normal -0 0 1
    outer loop
      vertex 34.9911 22.2827 1.61
      vertex 35.2472 21.8583 1.61
      vertex 35.1002 22.3602 1.61
    endloop
  endfacet
  facet normal 0 0 1
    outer loop
      vertex 35.2472 21.8583 1.61
      vertex 34.9911 22.2827 1.61
      vertex 35.0762 21.7952 1.61
    endloop
  endfacet
  facet normal -0 0 1
    outer loop
      vertex 34.8653 22.2225 1.61
      vertex 35.0762 21.7952 1.61
      vertex 34.9911 22.2827 1.61
    endloop
  endfacet
  facet normal 0 0 1
    outer loop
      vertex 35.0762 21.7952 1.61
      vertex 34.8653 22.2225 1.61
      vertex 34.8881 21.7514 1.61
    endloop
  endfacet
  facet normal 0 0 1
    outer loop
      vertex 34.8881 21.7514 1.61
      vertex 35.4374 19.8991 1.61
      vertex 36.1088 19.8991 1.61
    endloop
  endfacet
  facet normal -0 0 1
    outer loop
      vertex 34.7228 22.1794 1.61
      vertex 34.8881 21.7514 1.61
      vertex 34.8653 22.2225 1.61
    endloop
  endfacet
  facet normal -0 0 1
    outer loop
      vertex 34.5636 22.1536 1.61
      vertex 34.8881 21.7514 1.61
      vertex 34.7228 22.1794 1.61
    endloop
  endfacet
  facet normal 0 0 1
    outer loop
      vertex 34.8881 21.7514 1.61
      vertex 34.5636 22.1536 1.61
      vertex 34.3205 21.6842 1.61
    endloop
  endfacet
  facet normal 0 0 1
    outer loop
      vertex 34.3205 21.6842 1.61
      vertex 34.5636 22.1536 1.61
      vertex 34.3876 22.145 1.61
    endloop
  endfacet
  facet normal 0 0 1
    outer loop
      vertex 34.8881 21.7514 1.61
      vertex 34.3205 21.6842 1.61
      vertex 35.4374 19.8991 1.61
    endloop
  endfacet
  facet normal -0 0 1
    outer loop
      vertex 32.9809 22.145 1.61
      vertex 34.3205 21.6842 1.61
      vertex 34.3876 22.145 1.61
    endloop
  endfacet
  facet normal 0 0 1
    outer loop
      vertex 34.3205 21.6842 1.61
      vertex 32.9809 22.145 1.61
      vertex 32.9809 21.6842 1.61
    endloop
  endfacet
  facet normal 0 0 1
    outer loop
      vertex 40.4494 19.8991 1.61
      vertex 39.363 21.1563 1.61
      vertex 39.8543 19.8991 1.61
    endloop
  endfacet
  facet normal 0 0 1
    outer loop
      vertex 40.4494 19.8991 1.61
      vertex 39.1891 21.611 1.61
      vertex 39.363 21.1563 1.61
    endloop
  endfacet
  facet normal 0 0 1
    outer loop
      vertex 38.7222 24.1987 1.61
      vertex 39.1891 21.611 1.61
      vertex 40.4494 19.8991 1.61
    endloop
  endfacet
  facet normal 0 0 1
    outer loop
      vertex 38.7222 24.1987 1.61
      vertex 38.6367 23.03 1.61
      vertex 39.1891 21.611 1.61
    endloop
  endfacet
  facet normal 0 0 1
    outer loop
      vertex 38.7222 24.1987 1.61
      vertex 38.6025 23.1164 1.61
      vertex 38.6367 23.03 1.61
    endloop
  endfacet
  facet normal 0 0 1
    outer loop
      vertex 38.7222 24.1987 1.61
      vertex 38.5684 23.2072 1.61
      vertex 38.6025 23.1164 1.61
    endloop
  endfacet
  facet normal 0 0 1
    outer loop
      vertex 38.7222 24.1987 1.61
      vertex 38.5342 23.3024 1.61
      vertex 38.5684 23.2072 1.61
    endloop
  endfacet
  facet normal 0 0 1
    outer loop
      vertex 38.7222 24.1987 1.61
      vertex 38.5 23.402 1.61
      vertex 38.5342 23.3024 1.61
    endloop
  endfacet
  facet normal 0 0 1
    outer loop
      vertex 38.7222 24.1987 1.61
      vertex 38.4659 23.506 1.61
      vertex 38.5 23.402 1.61
    endloop
  endfacet
  facet normal 0 0 1
    outer loop
      vertex 38.7222 24.1987 1.61
      vertex 38.3835 23.7593 1.61
      vertex 38.4659 23.506 1.61
    endloop
  endfacet
  facet normal 0 0 1
    outer loop
      vertex 38.06 24.1987 1.61
      vertex 38.3225 23.5668 1.61
      vertex 38.356 23.6738 1.61
    endloop
  endfacet
  facet normal 0 0 1
    outer loop
      vertex 38.06 24.1987 1.61
      vertex 38.356 23.6738 1.61
      vertex 38.3835 23.7593 1.61
    endloop
  endfacet
  facet normal 0 0 1
    outer loop
      vertex 38.3225 23.5668 1.61
      vertex 38.06 24.1987 1.61
      vertex 38.2832 23.4483 1.61
    endloop
  endfacet
  facet normal 0 0 1
    outer loop
      vertex 38.2832 23.4483 1.61
      vertex 38.06 24.1987 1.61
      vertex 38.2381 23.3183 1.61
    endloop
  endfacet
  facet normal 0 0 1
    outer loop
      vertex 38.2381 23.3183 1.61
      vertex 38.06 24.1987 1.61
      vertex 38.1871 23.1768 1.61
    endloop
  endfacet
  facet normal -0 0 1
    outer loop
      vertex 38.06 24.1987 1.61
      vertex 38.3835 23.7593 1.61
      vertex 38.7222 24.1987 1.61
    endloop
  endfacet
  facet normal 0 0 1
    outer loop
      vertex 38.1871 23.1768 1.61
      vertex 38.06 24.1987 1.61
      vertex 38.1302 23.0238 1.61
    endloop
  endfacet
  facet normal 0 0 1
    outer loop
      vertex 38.06 24.1987 1.61
      vertex 37.5809 21.611 1.61
      vertex 38.1302 23.0238 1.61
    endloop
  endfacet
  facet normal 0 0 1
    outer loop
      vertex 36.3053 19.8991 1.61
      vertex 37.5809 21.611 1.61
      vertex 38.06 24.1987 1.61
    endloop
  endfacet
  facet normal 0 0 1
    outer loop
      vertex 37.5809 21.611 1.61
      vertex 36.3053 19.8991 1.61
      vertex 37.4039 21.1563 1.61
    endloop
  endfacet
  facet normal 0 0 1
    outer loop
      vertex 37.4039 21.1563 1.61
      vertex 36.3053 19.8991 1.61
      vertex 36.9095 19.8991 1.61
    endloop
  endfacet
  facet normal -0 0 1
    outer loop
      vertex 37.5809 21.611 1.61
      vertex 39.363 21.1563 1.61
      vertex 39.1891 21.611 1.61
    endloop
  endfacet
  facet normal 0 0 1
    outer loop
      vertex 39.363 21.1563 1.61
      vertex 37.5809 21.611 1.61
      vertex 37.4039 21.1563 1.61
    endloop
  endfacet
  facet normal 0 0 1
    outer loop
      vertex 31.8312 24.1987 1.61
      vertex 30.3542 23.7227 1.61
      vertex 31.8312 23.7227 1.61
    endloop
  endfacet
  facet normal 0 0 1
    outer loop
      vertex 30.3542 23.7227 1.61
      vertex 29.7744 23.7227 1.61
      vertex 30.3542 19.8991 1.61
    endloop
  endfacet
  facet normal 0 0 1
    outer loop
      vertex 31.8312 24.1987 1.61
      vertex 29.7744 23.7227 1.61
      vertex 30.3542 23.7227 1.61
    endloop
  endfacet
  facet normal -0 0 1
    outer loop
      vertex 28.2975 24.1987 1.61
      vertex 29.7744 23.7227 1.61
      vertex 31.8312 24.1987 1.61
    endloop
  endfacet
  facet normal 0 0 1
    outer loop
      vertex 29.7744 23.7227 1.61
      vertex 28.2975 24.1987 1.61
      vertex 28.2975 23.7227 1.61
    endloop
  endfacet
  facet normal 0 0 1
    outer loop
      vertex 30.3542 19.8991 1.61
      vertex 29.7744 23.7227 1.61
      vertex 29.7744 19.8991 1.61
    endloop
  endfacet
  facet normal 0 0 1
    outer loop
      vertex 48.5467 24.1987 1.61
      vertex 45.8674 23.7227 1.61
      vertex 48.5467 23.7227 1.61
    endloop
  endfacet
  facet normal 0 0 1
    outer loop
      vertex 45.2846 24.1987 1.61
      vertex 45.8674 22.3434 1.61
      vertex 45.8674 23.7227 1.61
    endloop
  endfacet
  facet normal 0 0 1
    outer loop
      vertex 45.8674 22.3434 1.61
      vertex 45.2846 24.1987 1.61
      vertex 45.8674 21.8734 1.61
    endloop
  endfacet
  facet normal 0 0 1
    outer loop
      vertex 45.2846 19.8991 1.61
      vertex 45.8674 21.8734 1.61
      vertex 45.2846 24.1987 1.61
    endloop
  endfacet
  facet normal -0 0 1
    outer loop
      vertex 45.2846 24.1987 1.61
      vertex 45.8674 23.7227 1.61
      vertex 48.5467 24.1987 1.61
    endloop
  endfacet
  facet normal -0 0 1
    outer loop
      vertex 45.8674 22.3434 1.61
      vertex 48.3636 21.8734 1.61
      vertex 48.3636 22.3434 1.61
    endloop
  endfacet
  facet normal 0 0 1
    outer loop
      vertex 48.3636 21.8734 1.61
      vertex 45.8674 22.3434 1.61
      vertex 45.8674 21.8734 1.61
    endloop
  endfacet
  facet normal -0 0 1
    outer loop
      vertex 45.8674 20.3751 1.61
      vertex 48.6718 19.8991 1.61
      vertex 48.6718 20.3751 1.61
    endloop
  endfacet
  facet normal 0 0 1
    outer loop
      vertex 45.8674 20.3751 1.61
      vertex 45.2846 19.8991 1.61
      vertex 48.6718 19.8991 1.61
    endloop
  endfacet
  facet normal 0 0 1
    outer loop
      vertex 45.8674 21.8734 1.61
      vertex 45.2846 19.8991 1.61
      vertex 45.8674 20.3751 1.61
    endloop
  endfacet
  facet normal -0.146305 0.98924 0
    outer loop
      vertex 43.261 19.8844 1.61
      vertex 43.0257 19.8496 2
      vertex 43.261 19.8844 2
    endloop
  endfacet
  facet normal -0.146305 0.98924 0
    outer loop
      vertex 43.0257 19.8496 2
      vertex 43.261 19.8844 1.61
      vertex 43.0257 19.8496 1.61
    endloop
  endfacet
  facet normal -0.251609 0.967829 0
    outer loop
      vertex 43.4841 19.9424 1.61
      vertex 43.261 19.8844 2
      vertex 43.4841 19.9424 2
    endloop
  endfacet
  facet normal -0.251609 0.967829 0
    outer loop
      vertex 43.261 19.8844 2
      vertex 43.4841 19.9424 1.61
      vertex 43.261 19.8844 1.61
    endloop
  endfacet
  facet normal -0.359454 0.933163 0
    outer loop
      vertex 43.6949 20.0236 1.61
      vertex 43.4841 19.9424 2
      vertex 43.6949 20.0236 2
    endloop
  endfacet
  facet normal -0.359454 0.933163 0
    outer loop
      vertex 43.4841 19.9424 2
      vertex 43.6949 20.0236 1.61
      vertex 43.4841 19.9424 1.61
    endloop
  endfacet
  facet normal -0.465507 0.885044 0
    outer loop
      vertex 43.8932 20.1279 1.61
      vertex 43.6949 20.0236 2
      vertex 43.8932 20.1279 2
    endloop
  endfacet
  facet normal -0.465507 0.885044 0
    outer loop
      vertex 43.6949 20.0236 2
      vertex 43.8932 20.1279 1.61
      vertex 43.6949 20.0236 1.61
    endloop
  endfacet
  facet normal -0.567461 0.823401 0
    outer loop
      vertex 44.0769 20.2545 1.61
      vertex 43.8932 20.1279 2
      vertex 44.0769 20.2545 2
    endloop
  endfacet
  facet normal -0.567461 0.823401 0
    outer loop
      vertex 43.8932 20.1279 2
      vertex 44.0769 20.2545 1.61
      vertex 43.8932 20.1279 1.61
    endloop
  endfacet
  facet normal -0.664085 0.747657 0
    outer loop
      vertex 44.2433 20.4023 1.61
      vertex 44.0769 20.2545 2
      vertex 44.2433 20.4023 2
    endloop
  endfacet
  facet normal -0.664085 0.747657 0
    outer loop
      vertex 44.0769 20.2545 2
      vertex 44.2433 20.4023 1.61
      vertex 44.0769 20.2545 1.61
    endloop
  endfacet
  facet normal -0.749631 0.661856 0
    outer loop
      vertex 44.2433 20.4023 1.61
      vertex 44.3926 20.5714 2
      vertex 44.3926 20.5714 1.61
    endloop
  endfacet
  facet normal -0.749631 0.661856 0
    outer loop
      vertex 44.3926 20.5714 2
      vertex 44.2433 20.4023 1.61
      vertex 44.2433 20.4023 2
    endloop
  endfacet
  facet normal -0.821679 0.569951 0
    outer loop
      vertex 44.3926 20.5714 1.61
      vertex 44.5246 20.7617 2
      vertex 44.5246 20.7617 1.61
    endloop
  endfacet
  facet normal -0.821679 0.569951 0
    outer loop
      vertex 44.5246 20.7617 2
      vertex 44.3926 20.5714 1.61
      vertex 44.3926 20.5714 2
    endloop
  endfacet
  facet normal -0.878878 0.477046 0
    outer loop
      vertex 44.5246 20.7617 1.61
      vertex 44.6394 20.9732 2
      vertex 44.6394 20.9732 1.61
    endloop
  endfacet
  facet normal -0.878878 0.477046 0
    outer loop
      vertex 44.6394 20.9732 2
      vertex 44.5246 20.7617 1.61
      vertex 44.5246 20.7617 2
    endloop
  endfacet
  facet normal -0.447138 -0.894465 0
    outer loop
      vertex 44.1633 21.2112 1.61
      vertex 44.6394 20.9732 2
      vertex 44.1633 21.2112 2
    endloop
  endfacet
  facet normal -0.447138 -0.894465 -0
    outer loop
      vertex 44.6394 20.9732 2
      vertex 44.1633 21.2112 1.61
      vertex 44.6394 20.9732 1.61
    endloop
  endfacet
  facet normal 0.84964 -0.527363 0
    outer loop
      vertex 43.9635 20.8893 2
      vertex 44.1633 21.2112 1.61
      vertex 44.1633 21.2112 2
    endloop
  endfacet
  facet normal 0.84964 -0.527363 0
    outer loop
      vertex 44.1633 21.2112 1.61
      vertex 43.9635 20.8893 2
      vertex 43.9635 20.8893 1.61
    endloop
  endfacet
  facet normal 0.728021 -0.685555 0
    outer loop
      vertex 43.7278 20.639 2
      vertex 43.9635 20.8893 1.61
      vertex 43.9635 20.8893 2
    endloop
  endfacet
  facet normal 0.728021 -0.685555 0
    outer loop
      vertex 43.9635 20.8893 1.61
      vertex 43.7278 20.639 2
      vertex 43.7278 20.639 1.61
    endloop
  endfacet
  facet normal 0.549865 -0.835254 0
    outer loop
      vertex 43.4562 20.4602 1.61
      vertex 43.7278 20.639 2
      vertex 43.4562 20.4602 2
    endloop
  endfacet
  facet normal 0.549865 -0.835254 0
    outer loop
      vertex 43.7278 20.639 2
      vertex 43.4562 20.4602 1.61
      vertex 43.7278 20.639 1.61
    endloop
  endfacet
  facet normal 0.329557 -0.944136 0
    outer loop
      vertex 43.1488 20.3529 1.61
      vertex 43.4562 20.4602 2
      vertex 43.1488 20.3529 2
    endloop
  endfacet
  facet normal 0.329557 -0.944136 0
    outer loop
      vertex 43.4562 20.4602 2
      vertex 43.1488 20.3529 1.61
      vertex 43.4562 20.4602 1.61
    endloop
  endfacet
  facet normal 0.10369 -0.99461 0
    outer loop
      vertex 42.8054 20.3171 1.61
      vertex 43.1488 20.3529 2
      vertex 42.8054 20.3171 2
    endloop
  endfacet
  facet normal 0.10369 -0.99461 0
    outer loop
      vertex 43.1488 20.3529 2
      vertex 42.8054 20.3171 1.61
      vertex 43.1488 20.3529 1.61
    endloop
  endfacet
  facet normal -0.0708537 -0.997487 0
    outer loop
      vertex 42.5351 20.3363 1.61
      vertex 42.8054 20.3171 2
      vertex 42.5351 20.3363 2
    endloop
  endfacet
  facet normal -0.0708537 -0.997487 -0
    outer loop
      vertex 42.8054 20.3171 2
      vertex 42.5351 20.3363 1.61
      vertex 42.8054 20.3171 1.61
    endloop
  endfacet
  facet normal -0.227479 -0.973783 0
    outer loop
      vertex 42.2881 20.394 1.61
      vertex 42.5351 20.3363 2
      vertex 42.2881 20.394 2
    endloop
  endfacet
  facet normal -0.227479 -0.973783 -0
    outer loop
      vertex 42.5351 20.3363 2
      vertex 42.2881 20.394 1.61
      vertex 42.5351 20.3363 1.61
    endloop
  endfacet
  facet normal -0.394712 -0.918805 0
    outer loop
      vertex 42.0644 20.4901 1.61
      vertex 42.2881 20.394 2
      vertex 42.0644 20.4901 2
    endloop
  endfacet
  facet normal -0.394712 -0.918805 -0
    outer loop
      vertex 42.2881 20.394 2
      vertex 42.0644 20.4901 1.61
      vertex 42.2881 20.394 1.61
    endloop
  endfacet
  facet normal -0.557565 -0.830133 0
    outer loop
      vertex 41.864 20.6247 1.61
      vertex 42.0644 20.4901 2
      vertex 41.864 20.6247 2
    endloop
  endfacet
  facet normal -0.557565 -0.830133 -0
    outer loop
      vertex 42.0644 20.4901 2
      vertex 41.864 20.6247 1.61
      vertex 42.0644 20.4901 1.61
    endloop
  endfacet
  facet normal -0.69898 -0.715141 0
    outer loop
      vertex 41.687 20.7977 1.61
      vertex 41.864 20.6247 2
      vertex 41.687 20.7977 2
    endloop
  endfacet
  facet normal -0.69898 -0.715141 -0
    outer loop
      vertex 41.864 20.6247 2
      vertex 41.687 20.7977 1.61
      vertex 41.864 20.6247 1.61
    endloop
  endfacet
  facet normal -0.808685 -0.588242 0
    outer loop
      vertex 41.687 20.7977 1.61
      vertex 41.5381 21.0024 2
      vertex 41.5381 21.0024 1.61
    endloop
  endfacet
  facet normal -0.808685 -0.588242 0
    outer loop
      vertex 41.5381 21.0024 2
      vertex 41.687 20.7977 1.61
      vertex 41.687 20.7977 2
    endloop
  endfacet
  facet normal -0.892708 -0.450635 0
    outer loop
      vertex 41.5381 21.0024 1.61
      vertex 41.4223 21.2318 2
      vertex 41.4223 21.2318 1.61
    endloop
  endfacet
  facet normal -0.892708 -0.450635 0
    outer loop
      vertex 41.4223 21.2318 2
      vertex 41.5381 21.0024 1.61
      vertex 41.5381 21.0024 2
    endloop
  endfacet
  facet normal -0.950941 -0.309374 0
    outer loop
      vertex 41.4223 21.2318 1.61
      vertex 41.3396 21.486 2
      vertex 41.3396 21.486 1.61
    endloop
  endfacet
  facet normal -0.950941 -0.309374 0
    outer loop
      vertex 41.3396 21.486 2
      vertex 41.4223 21.2318 1.61
      vertex 41.4223 21.2318 2
    endloop
  endfacet
  facet normal -0.984563 -0.175033 0
    outer loop
      vertex 41.3396 21.486 1.61
      vertex 41.29 21.765 2
      vertex 41.29 21.765 1.61
    endloop
  endfacet
  facet normal -0.984563 -0.175033 0
    outer loop
      vertex 41.29 21.765 2
      vertex 41.3396 21.486 1.61
      vertex 41.3396 21.486 2
    endloop
  endfacet
  facet normal -0.998527 -0.0542499 0
    outer loop
      vertex 41.29 21.765 1.61
      vertex 41.2735 22.0687 2
      vertex 41.2735 22.0687 1.61
    endloop
  endfacet
  facet normal -0.998527 -0.0542499 0
    outer loop
      vertex 41.2735 22.0687 2
      vertex 41.29 21.765 1.61
      vertex 41.29 21.765 2
    endloop
  endfacet
  facet normal -0.998655 0.051857 0
    outer loop
      vertex 41.2735 22.0687 1.61
      vertex 41.2894 22.3749 2
      vertex 41.2894 22.3749 1.61
    endloop
  endfacet
  facet normal -0.998655 0.051857 0
    outer loop
      vertex 41.2894 22.3749 2
      vertex 41.2735 22.0687 1.61
      vertex 41.2735 22.0687 2
    endloop
  endfacet
  facet normal -0.985756 0.168179 0
    outer loop
      vertex 41.2894 22.3749 1.61
      vertex 41.337 22.6539 2
      vertex 41.337 22.6539 1.61
    endloop
  endfacet
  facet normal -0.985756 0.168179 0
    outer loop
      vertex 41.337 22.6539 2
      vertex 41.2894 22.3749 1.61
      vertex 41.2894 22.3749 2
    endloop
  endfacet
  facet normal -0.953783 0.300497 0
    outer loop
      vertex 41.337 22.6539 1.61
      vertex 41.4163 22.9056 2
      vertex 41.4163 22.9056 1.61
    endloop
  endfacet
  facet normal -0.953783 0.300497 0
    outer loop
      vertex 41.4163 22.9056 2
      vertex 41.337 22.6539 1.61
      vertex 41.337 22.6539 2
    endloop
  endfacet
  facet normal -0.896335 0.443378 0
    outer loop
      vertex 41.4163 22.9056 1.61
      vertex 41.5274 23.1302 2
      vertex 41.5274 23.1302 1.61
    endloop
  endfacet
  facet normal -0.896335 0.443378 0
    outer loop
      vertex 41.5274 23.1302 2
      vertex 41.4163 22.9056 1.61
      vertex 41.4163 22.9056 2
    endloop
  endfacet
  facet normal -0.810083 0.586315 0
    outer loop
      vertex 41.5274 23.1302 1.61
      vertex 41.6702 23.3275 2
      vertex 41.6702 23.3275 1.61
    endloop
  endfacet
  facet normal -0.810083 0.586315 0
    outer loop
      vertex 41.6702 23.3275 2
      vertex 41.5274 23.1302 1.61
      vertex 41.5274 23.1302 2
    endloop
  endfacet
  facet normal -0.694182 0.719799 0
    outer loop
      vertex 41.8416 23.4928 1.61
      vertex 41.6702 23.3275 2
      vertex 41.8416 23.4928 2
    endloop
  endfacet
  facet normal -0.694182 0.719799 0
    outer loop
      vertex 41.6702 23.3275 2
      vertex 41.8416 23.4928 1.61
      vertex 41.6702 23.3275 1.61
    endloop
  endfacet
  facet normal -0.547215 0.836992 0
    outer loop
      vertex 42.0383 23.6214 1.61
      vertex 41.8416 23.4928 2
      vertex 42.0383 23.6214 2
    endloop
  endfacet
  facet normal -0.547215 0.836992 0
    outer loop
      vertex 41.8416 23.4928 2
      vertex 42.0383 23.6214 1.61
      vertex 41.8416 23.4928 1.61
    endloop
  endfacet
  facet normal -0.382193 0.924083 0
    outer loop
      vertex 42.2605 23.7133 1.61
      vertex 42.0383 23.6214 2
      vertex 42.2605 23.7133 2
    endloop
  endfacet
  facet normal -0.382193 0.924083 0
    outer loop
      vertex 42.0383 23.6214 2
      vertex 42.2605 23.7133 1.61
      vertex 42.0383 23.6214 1.61
    endloop
  endfacet
  facet normal -0.217306 0.976103 0
    outer loop
      vertex 42.508 23.7684 1.61
      vertex 42.2605 23.7133 2
      vertex 42.508 23.7684 2
    endloop
  endfacet
  facet normal -0.217306 0.976103 0
    outer loop
      vertex 42.2605 23.7133 2
      vertex 42.508 23.7684 1.61
      vertex 42.2605 23.7133 1.61
    endloop
  endfacet
  facet normal -0.0668829 0.997761 0
    outer loop
      vertex 42.781 23.7867 1.61
      vertex 42.508 23.7684 2
      vertex 42.781 23.7867 2
    endloop
  endfacet
  facet normal -0.0668829 0.997761 0
    outer loop
      vertex 42.508 23.7684 2
      vertex 42.781 23.7867 1.61
      vertex 42.508 23.7684 1.61
    endloop
  endfacet
  facet normal 0.0446135 0.999004 -0
    outer loop
      vertex 42.9579 23.7788 1.61
      vertex 42.781 23.7867 2
      vertex 42.9579 23.7788 2
    endloop
  endfacet
  facet normal 0.0446135 0.999004 0
    outer loop
      vertex 42.781 23.7867 2
      vertex 42.9579 23.7788 1.61
      vertex 42.781 23.7867 1.61
    endloop
  endfacet
  facet normal 0.141007 0.990009 -0
    outer loop
      vertex 43.125 23.755 1.61
      vertex 42.9579 23.7788 2
      vertex 43.125 23.755 2
    endloop
  endfacet
  facet normal 0.141007 0.990009 0
    outer loop
      vertex 42.9579 23.7788 2
      vertex 43.125 23.755 1.61
      vertex 42.9579 23.7788 1.61
    endloop
  endfacet
  facet normal 0.245003 0.969522 -0
    outer loop
      vertex 43.2821 23.7153 1.61
      vertex 43.125 23.755 2
      vertex 43.2821 23.7153 2
    endloop
  endfacet
  facet normal 0.245003 0.969522 0
    outer loop
      vertex 43.125 23.755 2
      vertex 43.2821 23.7153 1.61
      vertex 43.125 23.755 1.61
    endloop
  endfacet
  facet normal 0.352585 0.93578 -0
    outer loop
      vertex 43.4294 23.6598 1.61
      vertex 43.2821 23.7153 2
      vertex 43.4294 23.6598 2
    endloop
  endfacet
  facet normal 0.352585 0.93578 0
    outer loop
      vertex 43.2821 23.7153 2
      vertex 43.4294 23.6598 1.61
      vertex 43.2821 23.7153 1.61
    endloop
  endfacet
  facet normal 0.461373 0.887206 -0
    outer loop
      vertex 43.5667 23.5884 1.61
      vertex 43.4294 23.6598 2
      vertex 43.5667 23.5884 2
    endloop
  endfacet
  facet normal 0.461373 0.887206 0
    outer loop
      vertex 43.4294 23.6598 2
      vertex 43.5667 23.5884 1.61
      vertex 43.4294 23.6598 1.61
    endloop
  endfacet
  facet normal 0.567979 0.823043 -0
    outer loop
      vertex 43.6919 23.502 1.61
      vertex 43.5667 23.5884 2
      vertex 43.6919 23.502 2
    endloop
  endfacet
  facet normal 0.567979 0.823043 0
    outer loop
      vertex 43.5667 23.5884 2
      vertex 43.6919 23.502 1.61
      vertex 43.5667 23.5884 1.61
    endloop
  endfacet
  facet normal 0.67254 0.740061 -0
    outer loop
      vertex 43.8026 23.4014 1.61
      vertex 43.6919 23.502 2
      vertex 43.8026 23.4014 2
    endloop
  endfacet
  facet normal 0.67254 0.740061 0
    outer loop
      vertex 43.6919 23.502 2
      vertex 43.8026 23.4014 1.61
      vertex 43.6919 23.502 1.61
    endloop
  endfacet
  facet normal 0.76652 0.64222 0
    outer loop
      vertex 43.8987 23.2867 2
      vertex 43.8026 23.4014 1.61
      vertex 43.8026 23.4014 2
    endloop
  endfacet
  facet normal 0.76652 0.64222 0
    outer loop
      vertex 43.8026 23.4014 1.61
      vertex 43.8987 23.2867 2
      vertex 43.8987 23.2867 1.61
    endloop
  endfacet
  facet normal 0.844928 0.534881 0
    outer loop
      vertex 43.9803 23.1578 2
      vertex 43.8987 23.2867 1.61
      vertex 43.8987 23.2867 2
    endloop
  endfacet
  facet normal 0.844928 0.534881 0
    outer loop
      vertex 43.8987 23.2867 1.61
      vertex 43.9803 23.1578 2
      vertex 43.9803 23.1578 1.61
    endloop
  endfacet
  facet normal 0.905406 0.424547 0
    outer loop
      vertex 44.0474 23.0147 2
      vertex 43.9803 23.1578 1.61
      vertex 43.9803 23.1578 2
    endloop
  endfacet
  facet normal 0.905406 0.424547 0
    outer loop
      vertex 43.9803 23.1578 1.61
      vertex 44.0474 23.0147 2
      vertex 44.0474 23.0147 1.61
    endloop
  endfacet
  facet normal -0.314681 0.949198 0
    outer loop
      vertex 44.5997 23.1978 1.61
      vertex 44.0474 23.0147 2
      vertex 44.5997 23.1978 2
    endloop
  endfacet
  facet normal -0.314681 0.949198 0
    outer loop
      vertex 44.0474 23.0147 2
      vertex 44.5997 23.1978 1.61
      vertex 44.0474 23.0147 1.61
    endloop
  endfacet
  facet normal -0.901495 -0.432789 0
    outer loop
      vertex 44.5997 23.1978 1.61
      vertex 44.5033 23.3986 2
      vertex 44.5033 23.3986 1.61
    endloop
  endfacet
  facet normal -0.901495 -0.432789 0
    outer loop
      vertex 44.5033 23.3986 2
      vertex 44.5997 23.1978 1.61
      vertex 44.5997 23.1978 2
    endloop
  endfacet
  facet normal -0.840571 -0.541701 0
    outer loop
      vertex 44.5033 23.3986 1.61
      vertex 44.3873 23.5786 2
      vertex 44.3873 23.5786 1.61
    endloop
  endfacet
  facet normal -0.840571 -0.541701 0
    outer loop
      vertex 44.3873 23.5786 2
      vertex 44.5033 23.3986 1.61
      vertex 44.5033 23.3986 2
    endloop
  endfacet
  facet normal -0.761715 -0.647912 0
    outer loop
      vertex 44.3873 23.5786 1.61
      vertex 44.2518 23.7379 2
      vertex 44.2518 23.7379 1.61
    endloop
  endfacet
  facet normal -0.761715 -0.647912 0
    outer loop
      vertex 44.2518 23.7379 2
      vertex 44.3873 23.5786 1.61
      vertex 44.3873 23.5786 2
    endloop
  endfacet
  facet normal -0.666303 -0.745682 0
    outer loop
      vertex 44.0968 23.8764 1.61
      vertex 44.2518 23.7379 2
      vertex 44.0968 23.8764 2
    endloop
  endfacet
  facet normal -0.666303 -0.745682 -0
    outer loop
      vertex 44.2518 23.7379 2
      vertex 44.0968 23.8764 1.61
      vertex 44.2518 23.7379 1.61
    endloop
  endfacet
  facet normal -0.559293 -0.82897 0
    outer loop
      vertex 43.9222 23.9942 1.61
      vertex 44.0968 23.8764 2
      vertex 43.9222 23.9942 2
    endloop
  endfacet
  facet normal -0.559293 -0.82897 -0
    outer loop
      vertex 44.0968 23.8764 2
      vertex 43.9222 23.9942 1.61
      vertex 44.0968 23.8764 1.61
    endloop
  endfacet
  facet normal -0.447399 -0.894335 0
    outer loop
      vertex 43.7289 24.0909 1.61
      vertex 43.9222 23.9942 2
      vertex 43.7289 24.0909 2
    endloop
  endfacet
  facet normal -0.447399 -0.894335 -0
    outer loop
      vertex 43.9222 23.9942 2
      vertex 43.7289 24.0909 1.61
      vertex 43.9222 23.9942 1.61
    endloop
  endfacet
  facet normal -0.33515 -0.942165 0
    outer loop
      vertex 43.5175 24.1661 1.61
      vertex 43.7289 24.0909 2
      vertex 43.5175 24.1661 2
    endloop
  endfacet
  facet normal -0.33515 -0.942165 -0
    outer loop
      vertex 43.7289 24.0909 2
      vertex 43.5175 24.1661 1.61
      vertex 43.7289 24.0909 1.61
    endloop
  endfacet
  facet normal -0.227833 -0.9737 0
    outer loop
      vertex 43.288 24.2198 1.61
      vertex 43.5175 24.1661 2
      vertex 43.288 24.2198 2
    endloop
  endfacet
  facet normal -0.227833 -0.9737 -0
    outer loop
      vertex 43.5175 24.1661 2
      vertex 43.288 24.2198 1.61
      vertex 43.5175 24.1661 1.61
    endloop
  endfacet
  facet normal -0.129408 -0.991591 0
    outer loop
      vertex 43.0405 24.2521 1.61
      vertex 43.288 24.2198 2
      vertex 43.0405 24.2521 2
    endloop
  endfacet
  facet normal -0.129408 -0.991591 -0
    outer loop
      vertex 43.288 24.2198 2
      vertex 43.0405 24.2521 1.61
      vertex 43.288 24.2198 1.61
    endloop
  endfacet
  facet normal -0.0402535 -0.999189 0
    outer loop
      vertex 42.7749 24.2628 1.61
      vertex 43.0405 24.2521 2
      vertex 42.7749 24.2628 2
    endloop
  endfacet
  facet normal -0.0402535 -0.999189 -0
    outer loop
      vertex 43.0405 24.2521 2
      vertex 42.7749 24.2628 1.61
      vertex 43.0405 24.2521 1.61
    endloop
  endfacet
  facet normal 0.0618494 -0.998085 0
    outer loop
      vertex 42.3989 24.2395 1.61
      vertex 42.7749 24.2628 2
      vertex 42.3989 24.2395 2
    endloop
  endfacet
  facet normal 0.0618494 -0.998085 0
    outer loop
      vertex 42.7749 24.2628 2
      vertex 42.3989 24.2395 1.61
      vertex 42.7749 24.2628 1.61
    endloop
  endfacet
  facet normal 0.200634 -0.979666 0
    outer loop
      vertex 42.0571 24.1695 1.61
      vertex 42.3989 24.2395 2
      vertex 42.0571 24.1695 2
    endloop
  endfacet
  facet normal 0.200634 -0.979666 0
    outer loop
      vertex 42.3989 24.2395 2
      vertex 42.0571 24.1695 1.61
      vertex 42.3989 24.2395 1.61
    endloop
  endfacet
  facet normal 0.354187 -0.935175 0
    outer loop
      vertex 41.7495 24.053 1.61
      vertex 42.0571 24.1695 2
      vertex 41.7495 24.053 2
    endloop
  endfacet
  facet normal 0.354187 -0.935175 0
    outer loop
      vertex 42.0571 24.1695 2
      vertex 41.7495 24.053 1.61
      vertex 42.0571 24.1695 1.61
    endloop
  endfacet
  facet normal 0.512555 -0.858655 0
    outer loop
      vertex 41.4761 23.8898 1.61
      vertex 41.7495 24.053 2
      vertex 41.4761 23.8898 2
    endloop
  endfacet
  facet normal 0.512555 -0.858655 0
    outer loop
      vertex 41.7495 24.053 2
      vertex 41.4761 23.8898 1.61
      vertex 41.7495 24.053 1.61
    endloop
  endfacet
  facet normal 0.659394 -0.751797 0
    outer loop
      vertex 41.2369 23.68 1.61
      vertex 41.4761 23.8898 2
      vertex 41.2369 23.68 2
    endloop
  endfacet
  facet normal 0.659394 -0.751797 0
    outer loop
      vertex 41.4761 23.8898 2
      vertex 41.2369 23.68 1.61
      vertex 41.4761 23.8898 1.61
    endloop
  endfacet
  facet normal 0.782083 -0.623174 0
    outer loop
      vertex 41.0369 23.429 2
      vertex 41.2369 23.68 1.61
      vertex 41.2369 23.68 2
    endloop
  endfacet
  facet normal 0.782083 -0.623174 0
    outer loop
      vertex 41.2369 23.68 1.61
      vertex 41.0369 23.429 2
      vertex 41.0369 23.429 1.61
    endloop
  endfacet
  facet normal 0.87896 -0.476896 0
    outer loop
      vertex 40.8814 23.1424 2
      vertex 41.0369 23.429 1.61
      vertex 41.0369 23.429 2
    endloop
  endfacet
  facet normal 0.87896 -0.476896 0
    outer loop
      vertex 41.0369 23.429 1.61
      vertex 40.8814 23.1424 2
      vertex 40.8814 23.1424 1.61
    endloop
  endfacet
  facet normal 0.945498 -0.325629 0
    outer loop
      vertex 40.7704 22.8201 2
      vertex 40.8814 23.1424 1.61
      vertex 40.8814 23.1424 2
    endloop
  endfacet
  facet normal 0.945498 -0.325629 0
    outer loop
      vertex 40.8814 23.1424 1.61
      vertex 40.7704 22.8201 2
      vertex 40.7704 22.8201 1.61
    endloop
  endfacet
  facet normal 0.983064 -0.18326 0
    outer loop
      vertex 40.7037 22.4623 2
      vertex 40.7704 22.8201 1.61
      vertex 40.7704 22.8201 2
    endloop
  endfacet
  facet normal 0.983064 -0.18326 0
    outer loop
      vertex 40.7704 22.8201 1.61
      vertex 40.7037 22.4623 2
      vertex 40.7037 22.4623 1.61
    endloop
  endfacet
  facet normal 0.998413 -0.0563129 0
    outer loop
      vertex 40.6815 22.0687 2
      vertex 40.7037 22.4623 1.61
      vertex 40.7037 22.4623 2
    endloop
  endfacet
  facet normal 0.998413 -0.0563129 0
    outer loop
      vertex 40.7037 22.4623 1.61
      vertex 40.6815 22.0687 2
      vertex 40.6815 22.0687 1.61
    endloop
  endfacet
  facet normal 0.9993 0.037399 0
    outer loop
      vertex 40.6915 21.8015 2
      vertex 40.6815 22.0687 1.61
      vertex 40.6815 22.0687 2
    endloop
  endfacet
  facet normal 0.9993 0.037399 0
    outer loop
      vertex 40.6815 22.0687 1.61
      vertex 40.6915 21.8015 2
      vertex 40.6915 21.8015 1.61
    endloop
  endfacet
  facet normal 0.993108 0.117206 0
    outer loop
      vertex 40.7213 21.549 2
      vertex 40.6915 21.8015 1.61
      vertex 40.6915 21.8015 2
    endloop
  endfacet
  facet normal 0.993108 0.117206 0
    outer loop
      vertex 40.6915 21.8015 1.61
      vertex 40.7213 21.549 2
      vertex 40.7213 21.549 1.61
    endloop
  endfacet
  facet normal 0.978833 0.204661 0
    outer loop
      vertex 40.771 21.3113 2
      vertex 40.7213 21.549 1.61
      vertex 40.7213 21.549 2
    endloop
  endfacet
  facet normal 0.978833 0.204661 0
    outer loop
      vertex 40.7213 21.549 1.61
      vertex 40.771 21.3113 2
      vertex 40.771 21.3113 1.61
    endloop
  endfacet
  facet normal 0.954465 0.298324 0
    outer loop
      vertex 40.8407 21.0883 2
      vertex 40.771 21.3113 1.61
      vertex 40.771 21.3113 2
    endloop
  endfacet
  facet normal 0.954465 0.298324 0
    outer loop
      vertex 40.771 21.3113 1.61
      vertex 40.8407 21.0883 2
      vertex 40.8407 21.0883 1.61
    endloop
  endfacet
  facet normal 0.918642 0.395091 0
    outer loop
      vertex 40.9302 20.8802 2
      vertex 40.8407 21.0883 1.61
      vertex 40.8407 21.0883 2
    endloop
  endfacet
  facet normal 0.918642 0.395091 0
    outer loop
      vertex 40.8407 21.0883 1.61
      vertex 40.9302 20.8802 2
      vertex 40.9302 20.8802 1.61
    endloop
  endfacet
  facet normal 0.870165 0.49276 0
    outer loop
      vertex 41.0387 20.6886 2
      vertex 40.9302 20.8802 1.61
      vertex 40.9302 20.8802 2
    endloop
  endfacet
  facet normal 0.870165 0.49276 0
    outer loop
      vertex 40.9302 20.8802 1.61
      vertex 41.0387 20.6886 2
      vertex 41.0387 20.6886 1.61
    endloop
  endfacet
  facet normal 0.806835 0.590777 0
    outer loop
      vertex 41.1653 20.5157 2
      vertex 41.0387 20.6886 1.61
      vertex 41.0387 20.6886 2
    endloop
  endfacet
  facet normal 0.806835 0.590777 0
    outer loop
      vertex 41.0387 20.6886 1.61
      vertex 41.1653 20.5157 2
      vertex 41.1653 20.5157 1.61
    endloop
  endfacet
  facet normal 0.729891 0.683564 0
    outer loop
      vertex 41.3099 20.3613 2
      vertex 41.1653 20.5157 1.61
      vertex 41.1653 20.5157 2
    endloop
  endfacet
  facet normal 0.729891 0.683564 0
    outer loop
      vertex 41.1653 20.5157 1.61
      vertex 41.3099 20.3613 2
      vertex 41.3099 20.3613 1.61
    endloop
  endfacet
  facet normal 0.641066 0.767486 -0
    outer loop
      vertex 41.4726 20.2254 1.61
      vertex 41.3099 20.3613 2
      vertex 41.4726 20.2254 2
    endloop
  endfacet
  facet normal 0.641066 0.767486 0
    outer loop
      vertex 41.3099 20.3613 2
      vertex 41.4726 20.2254 1.61
      vertex 41.3099 20.3613 1.61
    endloop
  endfacet
  facet normal 0.544271 0.83891 -0
    outer loop
      vertex 41.6534 20.1081 1.61
      vertex 41.4726 20.2254 2
      vertex 41.6534 20.1081 2
    endloop
  endfacet
  facet normal 0.544271 0.83891 0
    outer loop
      vertex 41.4726 20.2254 2
      vertex 41.6534 20.1081 1.61
      vertex 41.4726 20.2254 1.61
    endloop
  endfacet
  facet normal 0.442654 0.896693 -0
    outer loop
      vertex 41.8503 20.0109 1.61
      vertex 41.6534 20.1081 2
      vertex 41.8503 20.0109 2
    endloop
  endfacet
  facet normal 0.442654 0.896693 0
    outer loop
      vertex 41.6534 20.1081 2
      vertex 41.8503 20.0109 1.61
      vertex 41.6534 20.1081 1.61
    endloop
  endfacet
  facet normal 0.337581 0.941297 -0
    outer loop
      vertex 42.0611 19.9353 1.61
      vertex 41.8503 20.0109 2
      vertex 42.0611 19.9353 2
    endloop
  endfacet
  facet normal 0.337581 0.941297 0
    outer loop
      vertex 41.8503 20.0109 2
      vertex 42.0611 19.9353 1.61
      vertex 41.8503 20.0109 1.61
    endloop
  endfacet
  facet normal 0.233471 0.972364 -0
    outer loop
      vertex 42.286 19.8813 1.61
      vertex 42.0611 19.9353 2
      vertex 42.286 19.8813 2
    endloop
  endfacet
  facet normal 0.233471 0.972364 0
    outer loop
      vertex 42.0611 19.9353 2
      vertex 42.286 19.8813 1.61
      vertex 42.0611 19.9353 1.61
    endloop
  endfacet
  facet normal 0.134743 0.990881 -0
    outer loop
      vertex 42.525 19.8488 1.61
      vertex 42.286 19.8813 2
      vertex 42.525 19.8488 2
    endloop
  endfacet
  facet normal 0.134743 0.990881 0
    outer loop
      vertex 42.286 19.8813 2
      vertex 42.525 19.8488 1.61
      vertex 42.286 19.8813 1.61
    endloop
  endfacet
  facet normal 0.0426657 0.999089 -0
    outer loop
      vertex 42.7779 19.838 1.61
      vertex 42.525 19.8488 2
      vertex 42.7779 19.838 2
    endloop
  endfacet
  facet normal 0.0426657 0.999089 0
    outer loop
      vertex 42.525 19.8488 2
      vertex 42.7779 19.838 1.61
      vertex 42.525 19.8488 1.61
    endloop
  endfacet
  facet normal -0.0467607 0.998906 0
    outer loop
      vertex 43.0257 19.8496 1.61
      vertex 42.7779 19.838 2
      vertex 43.0257 19.8496 2
    endloop
  endfacet
  facet normal -0.0467607 0.998906 0
    outer loop
      vertex 42.7779 19.838 2
      vertex 43.0257 19.8496 1.61
      vertex 42.7779 19.838 1.61
    endloop
  endfacet
  facet normal 0 1 -0
    outer loop
      vertex 31.8312 23.7227 1.61
      vertex 30.3542 23.7227 2
      vertex 31.8312 23.7227 2
    endloop
  endfacet
  facet normal 0 1 0
    outer loop
      vertex 30.3542 23.7227 2
      vertex 31.8312 23.7227 1.61
      vertex 30.3542 23.7227 1.61
    endloop
  endfacet
  facet normal -1 0 0
    outer loop
      vertex 31.8312 23.7227 1.61
      vertex 31.8312 24.1987 2
      vertex 31.8312 24.1987 1.61
    endloop
  endfacet
  facet normal -1 -0 0
    outer loop
      vertex 31.8312 24.1987 2
      vertex 31.8312 23.7227 1.61
      vertex 31.8312 23.7227 2
    endloop
  endfacet
  facet normal 0 -1 0
    outer loop
      vertex 28.2975 24.1987 1.61
      vertex 31.8312 24.1987 2
      vertex 28.2975 24.1987 2
    endloop
  endfacet
  facet normal 0 -1 -0
    outer loop
      vertex 31.8312 24.1987 2
      vertex 28.2975 24.1987 1.61
      vertex 31.8312 24.1987 1.61
    endloop
  endfacet
  facet normal 1 -0 0
    outer loop
      vertex 28.2975 23.7227 2
      vertex 28.2975 24.1987 1.61
      vertex 28.2975 24.1987 2
    endloop
  endfacet
  facet normal 1 0 0
    outer loop
      vertex 28.2975 24.1987 1.61
      vertex 28.2975 23.7227 2
      vertex 28.2975 23.7227 1.61
    endloop
  endfacet
  facet normal 0 1 -0
    outer loop
      vertex 29.7744 23.7227 1.61
      vertex 28.2975 23.7227 2
      vertex 29.7744 23.7227 2
    endloop
  endfacet
  facet normal 0 1 0
    outer loop
      vertex 28.2975 23.7227 2
      vertex 29.7744 23.7227 1.61
      vertex 28.2975 23.7227 1.61
    endloop
  endfacet
  facet normal 1 -0 0
    outer loop
      vertex 29.7744 19.8991 2
      vertex 29.7744 23.7227 1.61
      vertex 29.7744 23.7227 2
    endloop
  endfacet
  facet normal 1 0 0
    outer loop
      vertex 29.7744 23.7227 1.61
      vertex 29.7744 19.8991 2
      vertex 29.7744 19.8991 1.61
    endloop
  endfacet
  facet normal 0 1 -0
    outer loop
      vertex 30.3542 19.8991 1.61
      vertex 29.7744 19.8991 2
      vertex 30.3542 19.8991 2
    endloop
  endfacet
  facet normal 0 1 0
    outer loop
      vertex 29.7744 19.8991 2
      vertex 30.3542 19.8991 1.61
      vertex 29.7744 19.8991 1.61
    endloop
  endfacet
  facet normal -1 0 0
    outer loop
      vertex 30.3542 19.8991 1.61
      vertex 30.3542 23.7227 2
      vertex 30.3542 23.7227 1.61
    endloop
  endfacet
  facet normal -1 -0 0
    outer loop
      vertex 30.3542 23.7227 2
      vertex 30.3542 19.8991 1.61
      vertex 30.3542 19.8991 2
    endloop
  endfacet
  facet normal 0 1 -0
    outer loop
      vertex 34.3205 21.6842 1.61
      vertex 32.9809 21.6842 2
      vertex 34.3205 21.6842 2
    endloop
  endfacet
  facet normal 0 1 0
    outer loop
      vertex 32.9809 21.6842 2
      vertex 34.3205 21.6842 1.61
      vertex 32.9809 21.6842 1.61
    endloop
  endfacet
  facet normal 0.847739 0.530413 0
    outer loop
      vertex 35.4374 19.8991 2
      vertex 34.3205 21.6842 1.61
      vertex 34.3205 21.6842 2
    endloop
  endfacet
  facet normal 0.847739 0.530413 0
    outer loop
      vertex 34.3205 21.6842 1.61
      vertex 35.4374 19.8991 2
      vertex 35.4374 19.8991 1.61
    endloop
  endfacet
  facet normal 0 1 -0
    outer loop
      vertex 36.1088 19.8991 1.61
      vertex 35.4374 19.8991 2
      vertex 36.1088 19.8991 2
    endloop
  endfacet
  facet normal 0 1 0
    outer loop
      vertex 35.4374 19.8991 2
      vertex 36.1088 19.8991 1.61
      vertex 35.4374 19.8991 1.61
    endloop
  endfacet
  facet normal -0.834986 -0.550271 0
    outer loop
      vertex 36.1088 19.8991 1.61
      vertex 34.8881 21.7514 2
      vertex 34.8881 21.7514 1.61
    endloop
  endfacet
  facet normal -0.834986 -0.550271 0
    outer loop
      vertex 34.8881 21.7514 2
      vertex 36.1088 19.8991 1.61
      vertex 36.1088 19.8991 2
    endloop
  endfacet
  facet normal -0.226788 0.973944 0
    outer loop
      vertex 35.0762 21.7952 1.61
      vertex 34.8881 21.7514 2
      vertex 35.0762 21.7952 2
    endloop
  endfacet
  facet normal -0.226788 0.973944 0
    outer loop
      vertex 34.8881 21.7514 2
      vertex 35.0762 21.7952 1.61
      vertex 34.8881 21.7514 1.61
    endloop
  endfacet
  facet normal -0.346188 0.938165 0
    outer loop
      vertex 35.2472 21.8583 1.61
      vertex 35.0762 21.7952 2
      vertex 35.2472 21.8583 2
    endloop
  endfacet
  facet normal -0.346188 0.938165 0
    outer loop
      vertex 35.0762 21.7952 2
      vertex 35.2472 21.8583 1.61
      vertex 35.0762 21.7952 1.61
    endloop
  endfacet
  facet normal -0.471538 0.881846 0
    outer loop
      vertex 35.4013 21.9407 1.61
      vertex 35.2472 21.8583 2
      vertex 35.4013 21.9407 2
    endloop
  endfacet
  facet normal -0.471538 0.881846 0
    outer loop
      vertex 35.2472 21.8583 2
      vertex 35.4013 21.9407 1.61
      vertex 35.2472 21.8583 1.61
    endloop
  endfacet
  facet normal -0.595494 0.80336 0
    outer loop
      vertex 35.5385 22.0424 1.61
      vertex 35.4013 21.9407 2
      vertex 35.5385 22.0424 2
    endloop
  endfacet
  facet normal -0.595494 0.80336 0
    outer loop
      vertex 35.4013 21.9407 2
      vertex 35.5385 22.0424 1.61
      vertex 35.4013 21.9407 1.61
    endloop
  endfacet
  facet normal -0.70945 0.704756 0
    outer loop
      vertex 35.5385 22.0424 1.61
      vertex 35.6586 22.1633 2
      vertex 35.6586 22.1633 1.61
    endloop
  endfacet
  facet normal -0.70945 0.704756 0
    outer loop
      vertex 35.6586 22.1633 2
      vertex 35.5385 22.0424 1.61
      vertex 35.5385 22.0424 2
    endloop
  endfacet
  facet normal -0.805411 0.592717 0
    outer loop
      vertex 35.6586 22.1633 1.61
      vertex 35.7592 22.3 2
      vertex 35.7592 22.3 1.61
    endloop
  endfacet
  facet normal -0.805411 0.592717 0
    outer loop
      vertex 35.7592 22.3 2
      vertex 35.6586 22.1633 1.61
      vertex 35.6586 22.1633 2
    endloop
  endfacet
  facet normal -0.885575 0.464496 0
    outer loop
      vertex 35.7592 22.3 1.61
      vertex 35.8373 22.4489 2
      vertex 35.8373 22.4489 1.61
    endloop
  endfacet
  facet normal -0.885575 0.464496 0
    outer loop
      vertex 35.8373 22.4489 2
      vertex 35.7592 22.3 1.61
      vertex 35.7592 22.3 2
    endloop
  endfacet
  facet normal -0.944805 0.327634 0
    outer loop
      vertex 35.8373 22.4489 1.61
      vertex 35.8932 22.6101 2
      vertex 35.8932 22.6101 1.61
    endloop
  endfacet
  facet normal -0.944805 0.327634 0
    outer loop
      vertex 35.8932 22.6101 2
      vertex 35.8373 22.4489 1.61
      vertex 35.8373 22.4489 2
    endloop
  endfacet
  facet normal -0.981824 0.189793 0
    outer loop
      vertex 35.8932 22.6101 1.61
      vertex 35.9267 22.7834 2
      vertex 35.9267 22.7834 1.61
    endloop
  endfacet
  facet normal -0.981824 0.189793 0
    outer loop
      vertex 35.9267 22.7834 2
      vertex 35.8932 22.6101 1.61
      vertex 35.8932 22.6101 2
    endloop
  endfacet
  facet normal -0.998182 0.0602676 0
    outer loop
      vertex 35.9267 22.7834 1.61
      vertex 35.9379 22.9689 2
      vertex 35.9379 22.9689 1.61
    endloop
  endfacet
  facet normal -0.998182 0.0602676 0
    outer loop
      vertex 35.9379 22.9689 2
      vertex 35.9267 22.7834 1.61
      vertex 35.9267 22.7834 2
    endloop
  endfacet
  facet normal -0.997438 -0.0715348 0
    outer loop
      vertex 35.9379 22.9689 1.61
      vertex 35.922 23.1906 2
      vertex 35.922 23.1906 1.61
    endloop
  endfacet
  facet normal -0.997438 -0.0715348 0
    outer loop
      vertex 35.922 23.1906 2
      vertex 35.9379 22.9689 1.61
      vertex 35.9379 22.9689 2
    endloop
  endfacet
  facet normal -0.973404 -0.229093 0
    outer loop
      vertex 35.922 23.1906 1.61
      vertex 35.8746 23.392 2
      vertex 35.8746 23.392 1.61
    endloop
  endfacet
  facet normal -0.973404 -0.229093 0
    outer loop
      vertex 35.8746 23.392 2
      vertex 35.922 23.1906 1.61
      vertex 35.922 23.1906 2
    endloop
  endfacet
  facet normal -0.916506 -0.400022 0
    outer loop
      vertex 35.8746 23.392 1.61
      vertex 35.7956 23.573 2
      vertex 35.7956 23.573 1.61
    endloop
  endfacet
  facet normal -0.916506 -0.400022 0
    outer loop
      vertex 35.7956 23.573 2
      vertex 35.8746 23.392 1.61
      vertex 35.8746 23.392 2
    endloop
  endfacet
  facet normal -0.823188 -0.567769 0
    outer loop
      vertex 35.7956 23.573 1.61
      vertex 35.6849 23.7335 2
      vertex 35.6849 23.7335 1.61
    endloop
  endfacet
  facet normal -0.823188 -0.567769 0
    outer loop
      vertex 35.6849 23.7335 2
      vertex 35.7956 23.573 1.61
      vertex 35.7956 23.573 2
    endloop
  endfacet
  facet normal -0.702081 -0.712097 0
    outer loop
      vertex 35.5427 23.8737 1.61
      vertex 35.6849 23.7335 2
      vertex 35.5427 23.8737 2
    endloop
  endfacet
  facet normal -0.702081 -0.712097 -0
    outer loop
      vertex 35.6849 23.7335 2
      vertex 35.5427 23.8737 1.61
      vertex 35.6849 23.7335 1.61
    endloop
  endfacet
  facet normal -0.56401 -0.825768 0
    outer loop
      vertex 35.3714 23.9907 1.61
      vertex 35.5427 23.8737 2
      vertex 35.3714 23.9907 2
    endloop
  endfacet
  facet normal -0.56401 -0.825768 -0
    outer loop
      vertex 35.5427 23.8737 2
      vertex 35.3714 23.9907 1.61
      vertex 35.5427 23.8737 1.61
    endloop
  endfacet
  facet normal -0.417951 -0.90847 0
    outer loop
      vertex 35.1736 24.0817 1.61
      vertex 35.3714 23.9907 2
      vertex 35.1736 24.0817 2
    endloop
  endfacet
  facet normal -0.417951 -0.90847 -0
    outer loop
      vertex 35.3714 23.9907 2
      vertex 35.1736 24.0817 1.61
      vertex 35.3714 23.9907 1.61
    endloop
  endfacet
  facet normal -0.278339 -0.960483 0
    outer loop
      vertex 34.9493 24.1467 1.61
      vertex 35.1736 24.0817 2
      vertex 34.9493 24.1467 2
    endloop
  endfacet
  facet normal -0.278339 -0.960483 -0
    outer loop
      vertex 35.1736 24.0817 2
      vertex 34.9493 24.1467 1.61
      vertex 35.1736 24.0817 1.61
    endloop
  endfacet
  facet normal -0.153656 -0.988124 0
    outer loop
      vertex 34.6985 24.1857 1.61
      vertex 34.9493 24.1467 2
      vertex 34.6985 24.1857 2
    endloop
  endfacet
  facet normal -0.153656 -0.988124 -0
    outer loop
      vertex 34.9493 24.1467 2
      vertex 34.6985 24.1857 1.61
      vertex 34.9493 24.1467 1.61
    endloop
  endfacet
  facet normal -0.0468292 -0.998903 0
    outer loop
      vertex 34.4212 24.1987 1.61
      vertex 34.6985 24.1857 2
      vertex 34.4212 24.1987 2
    endloop
  endfacet
  facet normal -0.0468292 -0.998903 -0
    outer loop
      vertex 34.6985 24.1857 2
      vertex 34.4212 24.1987 1.61
      vertex 34.6985 24.1857 1.61
    endloop
  endfacet
  facet normal 0 -1 0
    outer loop
      vertex 32.3981 24.1987 1.61
      vertex 34.4212 24.1987 2
      vertex 32.3981 24.1987 2
    endloop
  endfacet
  facet normal 0 -1 -0
    outer loop
      vertex 34.4212 24.1987 2
      vertex 32.3981 24.1987 1.61
      vertex 34.4212 24.1987 1.61
    endloop
  endfacet
  facet normal 1 -0 0
    outer loop
      vertex 32.3981 19.8991 2
      vertex 32.3981 24.1987 1.61
      vertex 32.3981 24.1987 2
    endloop
  endfacet
  facet normal 1 0 0
    outer loop
      vertex 32.3981 24.1987 1.61
      vertex 32.3981 19.8991 2
      vertex 32.3981 19.8991 1.61
    endloop
  endfacet
  facet normal 0 1 -0
    outer loop
      vertex 32.9809 19.8991 1.61
      vertex 32.3981 19.8991 2
      vertex 32.9809 19.8991 2
    endloop
  endfacet
  facet normal 0 1 0
    outer loop
      vertex 32.3981 19.8991 2
      vertex 32.9809 19.8991 1.61
      vertex 32.3981 19.8991 1.61
    endloop
  endfacet
  facet normal -1 0 0
    outer loop
      vertex 32.9809 19.8991 1.61
      vertex 32.9809 21.6842 2
      vertex 32.9809 21.6842 1.61
    endloop
  endfacet
  facet normal -1 -0 0
    outer loop
      vertex 32.9809 21.6842 2
      vertex 32.9809 19.8991 1.61
      vertex 32.9809 19.8991 2
    endloop
  endfacet
  facet normal -1 0 0
    outer loop
      vertex 32.9809 22.145 1.61
      vertex 32.9809 23.7318 2
      vertex 32.9809 23.7318 1.61
    endloop
  endfacet
  facet normal -1 -0 0
    outer loop
      vertex 32.9809 23.7318 2
      vertex 32.9809 22.145 1.61
      vertex 32.9809 22.145 2
    endloop
  endfacet
  facet normal 0 1 -0
    outer loop
      vertex 34.3633 23.7318 1.61
      vertex 32.9809 23.7318 2
      vertex 34.3633 23.7318 2
    endloop
  endfacet
  facet normal 0 1 0
    outer loop
      vertex 32.9809 23.7318 2
      vertex 34.3633 23.7318 1.61
      vertex 32.9809 23.7318 1.61
    endloop
  endfacet
  facet normal 0.0426774 0.999089 -0
    outer loop
      vertex 34.5459 23.724 1.61
      vertex 34.3633 23.7318 2
      vertex 34.5459 23.724 2
    endloop
  endfacet
  facet normal 0.0426774 0.999089 0
    outer loop
      vertex 34.3633 23.7318 2
      vertex 34.5459 23.724 1.61
      vertex 34.3633 23.7318 1.61
    endloop
  endfacet
  facet normal 0.142431 0.989805 -0
    outer loop
      vertex 34.7106 23.7003 1.61
      vertex 34.5459 23.724 2
      vertex 34.7106 23.7003 2
    endloop
  endfacet
  facet normal 0.142431 0.989805 0
    outer loop
      vertex 34.5459 23.724 2
      vertex 34.7106 23.7003 1.61
      vertex 34.5459 23.724 1.61
    endloop
  endfacet
  facet normal 0.258605 0.965983 -0
    outer loop
      vertex 34.8574 23.661 1.61
      vertex 34.7106 23.7003 2
      vertex 34.8574 23.661 2
    endloop
  endfacet
  facet normal 0.258605 0.965983 0
    outer loop
      vertex 34.7106 23.7003 2
      vertex 34.8574 23.661 1.61
      vertex 34.7106 23.7003 1.61
    endloop
  endfacet
  facet normal 0.393316 0.919403 -0
    outer loop
      vertex 34.9862 23.6059 1.61
      vertex 34.8574 23.661 2
      vertex 34.9862 23.6059 2
    endloop
  endfacet
  facet normal 0.393316 0.919403 0
    outer loop
      vertex 34.8574 23.661 2
      vertex 34.9862 23.6059 1.61
      vertex 34.8574 23.661 1.61
    endloop
  endfacet
  facet normal 0.538644 0.842533 -0
    outer loop
      vertex 35.0971 23.535 1.61
      vertex 34.9862 23.6059 2
      vertex 35.0971 23.535 2
    endloop
  endfacet
  facet normal 0.538644 0.842533 0
    outer loop
      vertex 34.9862 23.6059 2
      vertex 35.0971 23.535 1.61
      vertex 34.9862 23.6059 1.61
    endloop
  endfacet
  facet normal 0.683253 0.730182 -0
    outer loop
      vertex 35.1889 23.4491 1.61
      vertex 35.0971 23.535 2
      vertex 35.1889 23.4491 2
    endloop
  endfacet
  facet normal 0.683253 0.730182 0
    outer loop
      vertex 35.0971 23.535 2
      vertex 35.1889 23.4491 1.61
      vertex 35.0971 23.535 1.61
    endloop
  endfacet
  facet normal 0.814502 0.58016 0
    outer loop
      vertex 35.2602 23.349 2
      vertex 35.1889 23.4491 1.61
      vertex 35.1889 23.4491 2
    endloop
  endfacet
  facet normal 0.814502 0.58016 0
    outer loop
      vertex 35.1889 23.4491 1.61
      vertex 35.2602 23.349 2
      vertex 35.2602 23.349 1.61
    endloop
  endfacet
  facet normal 0.913482 0.406879 0
    outer loop
      vertex 35.3112 23.2345 2
      vertex 35.2602 23.349 1.61
      vertex 35.2602 23.349 2
    endloop
  endfacet
  facet normal 0.913482 0.406879 0
    outer loop
      vertex 35.2602 23.349 1.61
      vertex 35.3112 23.2345 2
      vertex 35.3112 23.2345 1.61
    endloop
  endfacet
  facet normal 0.972879 0.231314 0
    outer loop
      vertex 35.3418 23.1058 2
      vertex 35.3112 23.2345 1.61
      vertex 35.3112 23.2345 2
    endloop
  endfacet
  facet normal 0.972879 0.231314 0
    outer loop
      vertex 35.3112 23.2345 1.61
      vertex 35.3418 23.1058 2
      vertex 35.3418 23.1058 1.61
    endloop
  endfacet
  facet normal 0.997466 0.0711479 0
    outer loop
      vertex 35.352 22.9628 2
      vertex 35.3418 23.1058 1.61
      vertex 35.3418 23.1058 2
    endloop
  endfacet
  facet normal 0.997466 0.0711479 0
    outer loop
      vertex 35.3418 23.1058 1.61
      vertex 35.352 22.9628 2
      vertex 35.352 22.9628 1.61
    endloop
  endfacet
  facet normal 0.997683 -0.0680391 0
    outer loop
      vertex 35.3419 22.8147 2
      vertex 35.352 22.9628 1.61
      vertex 35.352 22.9628 2
    endloop
  endfacet
  facet normal 0.997683 -0.0680391 0
    outer loop
      vertex 35.352 22.9628 1.61
      vertex 35.3419 22.8147 2
      vertex 35.3419 22.8147 1.61
    endloop
  endfacet
  facet normal 0.975637 -0.219391 0
    outer loop
      vertex 35.3117 22.6804 2
      vertex 35.3419 22.8147 1.61
      vertex 35.3419 22.8147 2
    endloop
  endfacet
  facet normal 0.975637 -0.219391 0
    outer loop
      vertex 35.3419 22.8147 1.61
      vertex 35.3117 22.6804 2
      vertex 35.3117 22.6804 1.61
    endloop
  endfacet
  facet normal 0.922669 -0.385593 0
    outer loop
      vertex 35.2613 22.5598 2
      vertex 35.3117 22.6804 1.61
      vertex 35.3117 22.6804 2
    endloop
  endfacet
  facet normal 0.922669 -0.385593 0
    outer loop
      vertex 35.3117 22.6804 1.61
      vertex 35.2613 22.5598 2
      vertex 35.2613 22.5598 1.61
    endloop
  endfacet
  facet normal 0.834329 -0.551267 0
    outer loop
      vertex 35.1908 22.4531 2
      vertex 35.2613 22.5598 1.61
      vertex 35.2613 22.5598 2
    endloop
  endfacet
  facet normal 0.834329 -0.551267 0
    outer loop
      vertex 35.2613 22.5598 1.61
      vertex 35.1908 22.4531 2
      vertex 35.1908 22.4531 1.61
    endloop
  endfacet
  facet normal 0.715913 -0.698189 0
    outer loop
      vertex 35.1002 22.3602 2
      vertex 35.1908 22.4531 1.61
      vertex 35.1908 22.4531 2
    endloop
  endfacet
  facet normal 0.715913 -0.698189 0
    outer loop
      vertex 35.1908 22.4531 1.61
      vertex 35.1002 22.3602 2
      vertex 35.1002 22.3602 1.61
    endloop
  endfacet
  facet normal 0.579116 -0.815245 0
    outer loop
      vertex 34.9911 22.2827 1.61
      vertex 35.1002 22.3602 2
      vertex 34.9911 22.2827 2
    endloop
  endfacet
  facet normal 0.579116 -0.815245 0
    outer loop
      vertex 35.1002 22.3602 2
      vertex 34.9911 22.2827 1.61
      vertex 35.1002 22.3602 1.61
    endloop
  endfacet
  facet normal 0.431658 -0.902037 0
    outer loop
      vertex 34.8653 22.2225 1.61
      vertex 34.9911 22.2827 2
      vertex 34.8653 22.2225 2
    endloop
  endfacet
  facet normal 0.431658 -0.902037 0
    outer loop
      vertex 34.9911 22.2827 2
      vertex 34.8653 22.2225 1.61
      vertex 34.9911 22.2827 1.61
    endloop
  endfacet
  facet normal 0.289504 -0.957177 0
    outer loop
      vertex 34.7228 22.1794 1.61
      vertex 34.8653 22.2225 2
      vertex 34.7228 22.1794 2
    endloop
  endfacet
  facet normal 0.289504 -0.957177 0
    outer loop
      vertex 34.8653 22.2225 2
      vertex 34.7228 22.1794 1.61
      vertex 34.8653 22.2225 1.61
    endloop
  endfacet
  facet normal 0.159973 -0.987121 0
    outer loop
      vertex 34.5636 22.1536 1.61
      vertex 34.7228 22.1794 2
      vertex 34.5636 22.1536 2
    endloop
  endfacet
  facet normal 0.159973 -0.987121 0
    outer loop
      vertex 34.7228 22.1794 2
      vertex 34.5636 22.1536 1.61
      vertex 34.7228 22.1794 1.61
    endloop
  endfacet
  facet normal 0.0488054 -0.998808 0
    outer loop
      vertex 34.3876 22.145 1.61
      vertex 34.5636 22.1536 2
      vertex 34.3876 22.145 2
    endloop
  endfacet
  facet normal 0.0488054 -0.998808 0
    outer loop
      vertex 34.5636 22.1536 2
      vertex 34.3876 22.145 1.61
      vertex 34.5636 22.1536 1.61
    endloop
  endfacet
  facet normal 0 -1 0
    outer loop
      vertex 32.9809 22.145 1.61
      vertex 34.3876 22.145 2
      vertex 32.9809 22.145 2
    endloop
  endfacet
  facet normal 0 -1 -0
    outer loop
      vertex 34.3876 22.145 2
      vertex 32.9809 22.145 1.61
      vertex 34.3876 22.145 1.61
    endloop
  endfacet
  facet normal 0 1 -0
    outer loop
      vertex 39.363 21.1563 1.61
      vertex 37.4039 21.1563 2
      vertex 39.363 21.1563 2
    endloop
  endfacet
  facet normal 0 1 0
    outer loop
      vertex 37.4039 21.1563 2
      vertex 39.363 21.1563 1.61
      vertex 37.4039 21.1563 1.61
    endloop
  endfacet
  facet normal 0.931406 0.363983 0
    outer loop
      vertex 39.8543 19.8991 2
      vertex 39.363 21.1563 1.61
      vertex 39.363 21.1563 2
    endloop
  endfacet
  facet normal 0.931406 0.363983 0
    outer loop
      vertex 39.363 21.1563 1.61
      vertex 39.8543 19.8991 2
      vertex 39.8543 19.8991 1.61
    endloop
  endfacet
  facet normal 0 1 -0
    outer loop
      vertex 40.4494 19.8991 1.61
      vertex 39.8543 19.8991 2
      vertex 40.4494 19.8991 2
    endloop
  endfacet
  facet normal 0 1 0
    outer loop
      vertex 39.8543 19.8991 2
      vertex 40.4494 19.8991 1.61
      vertex 39.8543 19.8991 1.61
    endloop
  endfacet
  facet normal -0.927928 -0.37276 0
    outer loop
      vertex 40.4494 19.8991 1.61
      vertex 38.7222 24.1987 2
      vertex 38.7222 24.1987 1.61
    endloop
  endfacet
  facet normal -0.927928 -0.37276 0
    outer loop
      vertex 38.7222 24.1987 2
      vertex 40.4494 19.8991 1.61
      vertex 40.4494 19.8991 2
    endloop
  endfacet
  facet normal 0 -1 0
    outer loop
      vertex 38.06 24.1987 1.61
      vertex 38.7222 24.1987 2
      vertex 38.06 24.1987 2
    endloop
  endfacet
  facet normal 0 -1 -0
    outer loop
      vertex 38.7222 24.1987 2
      vertex 38.06 24.1987 1.61
      vertex 38.7222 24.1987 1.61
    endloop
  endfacet
  facet normal 0.925866 -0.377853 0
    outer loop
      vertex 36.3053 19.8991 2
      vertex 38.06 24.1987 1.61
      vertex 38.06 24.1987 2
    endloop
  endfacet
  facet normal 0.925866 -0.377853 0
    outer loop
      vertex 38.06 24.1987 1.61
      vertex 36.3053 19.8991 2
      vertex 36.3053 19.8991 1.61
    endloop
  endfacet
  facet normal 0 1 -0
    outer loop
      vertex 36.9095 19.8991 1.61
      vertex 36.3053 19.8991 2
      vertex 36.9095 19.8991 2
    endloop
  endfacet
  facet normal 0 1 0
    outer loop
      vertex 36.3053 19.8991 2
      vertex 36.9095 19.8991 1.61
      vertex 36.3053 19.8991 1.61
    endloop
  endfacet
  facet normal -0.930625 0.365973 0
    outer loop
      vertex 36.9095 19.8991 1.61
      vertex 37.4039 21.1563 2
      vertex 37.4039 21.1563 1.61
    endloop
  endfacet
  facet normal -0.930625 0.365973 0
    outer loop
      vertex 37.4039 21.1563 2
      vertex 36.9095 19.8991 1.61
      vertex 36.9095 19.8991 2
    endloop
  endfacet
  facet normal -0.932032 0.362376 0
    outer loop
      vertex 37.5809 21.611 1.61
      vertex 38.1302 23.0238 2
      vertex 38.1302 23.0238 1.61
    endloop
  endfacet
  facet normal -0.932032 0.362376 0
    outer loop
      vertex 38.1302 23.0238 2
      vertex 37.5809 21.611 1.61
      vertex 37.5809 21.611 2
    endloop
  endfacet
  facet normal -0.937282 0.348571 0
    outer loop
      vertex 38.1302 23.0238 1.61
      vertex 38.1871 23.1768 2
      vertex 38.1871 23.1768 1.61
    endloop
  endfacet
  facet normal -0.937282 0.348571 0
    outer loop
      vertex 38.1871 23.1768 2
      vertex 38.1302 23.0238 1.61
      vertex 38.1302 23.0238 2
    endloop
  endfacet
  facet normal -0.94076 0.339073 0
    outer loop
      vertex 38.1871 23.1768 1.61
      vertex 38.2381 23.3183 2
      vertex 38.2381 23.3183 1.61
    endloop
  endfacet
  facet normal -0.94076 0.339073 0
    outer loop
      vertex 38.2381 23.3183 2
      vertex 38.1871 23.1768 1.61
      vertex 38.1871 23.1768 2
    endloop
  endfacet
  facet normal -0.944761 0.327759 0
    outer loop
      vertex 38.2381 23.3183 1.61
      vertex 38.2832 23.4483 2
      vertex 38.2832 23.4483 1.61
    endloop
  endfacet
  facet normal -0.944761 0.327759 0
    outer loop
      vertex 38.2832 23.4483 2
      vertex 38.2381 23.3183 1.61
      vertex 38.2381 23.3183 2
    endloop
  endfacet
  facet normal -0.949163 0.314786 0
    outer loop
      vertex 38.2832 23.4483 1.61
      vertex 38.3225 23.5668 2
      vertex 38.3225 23.5668 1.61
    endloop
  endfacet
  facet normal -0.949163 0.314786 0
    outer loop
      vertex 38.3225 23.5668 2
      vertex 38.2832 23.4483 1.61
      vertex 38.2832 23.4483 2
    endloop
  endfacet
  facet normal -0.954321 0.298783 0
    outer loop
      vertex 38.3225 23.5668 1.61
      vertex 38.356 23.6738 2
      vertex 38.356 23.6738 1.61
    endloop
  endfacet
  facet normal -0.954321 0.298783 0
    outer loop
      vertex 38.356 23.6738 2
      vertex 38.3225 23.5668 1.61
      vertex 38.3225 23.5668 2
    endloop
  endfacet
  facet normal -0.951971 0.306189 0
    outer loop
      vertex 38.356 23.6738 1.61
      vertex 38.3835 23.7593 2
      vertex 38.3835 23.7593 1.61
    endloop
  endfacet
  facet normal -0.951971 0.306189 0
    outer loop
      vertex 38.3835 23.7593 2
      vertex 38.356 23.6738 1.61
      vertex 38.356 23.6738 2
    endloop
  endfacet
  facet normal 0.950949 0.309349 0
    outer loop
      vertex 38.4659 23.506 2
      vertex 38.3835 23.7593 1.61
      vertex 38.3835 23.7593 2
    endloop
  endfacet
  facet normal 0.950949 0.309349 0
    outer loop
      vertex 38.3835 23.7593 1.61
      vertex 38.4659 23.506 2
      vertex 38.4659 23.506 1.61
    endloop
  endfacet
  facet normal 0.950225 0.311564 0
    outer loop
      vertex 38.5 23.402 2
      vertex 38.4659 23.506 1.61
      vertex 38.4659 23.506 2
    endloop
  endfacet
  facet normal 0.950225 0.311564 0
    outer loop
      vertex 38.4659 23.506 1.61
      vertex 38.5 23.402 2
      vertex 38.5 23.402 1.61
    endloop
  endfacet
  facet normal 0.945796 0.324761 0
    outer loop
      vertex 38.5342 23.3024 2
      vertex 38.5 23.402 1.61
      vertex 38.5 23.402 2
    endloop
  endfacet
  facet normal 0.945796 0.324761 0
    outer loop
      vertex 38.5 23.402 1.61
      vertex 38.5342 23.3024 2
      vertex 38.5342 23.3024 1.61
    endloop
  endfacet
  facet normal 0.941114 0.338089 0
    outer loop
      vertex 38.5684 23.2072 2
      vertex 38.5342 23.3024 1.61
      vertex 38.5342 23.3024 2
    endloop
  endfacet
  facet normal 0.941114 0.338089 0
    outer loop
      vertex 38.5342 23.3024 1.61
      vertex 38.5684 23.2072 2
      vertex 38.5684 23.2072 1.61
    endloop
  endfacet
  facet normal 0.93616 0.351575 0
    outer loop
      vertex 38.6025 23.1164 2
      vertex 38.5684 23.2072 1.61
      vertex 38.5684 23.2072 2
    endloop
  endfacet
  facet normal 0.93616 0.351575 0
    outer loop
      vertex 38.5684 23.2072 1.61
      vertex 38.6025 23.1164 2
      vertex 38.6025 23.1164 1.61
    endloop
  endfacet
  facet normal 0.929807 0.368048 0
    outer loop
      vertex 38.6367 23.03 2
      vertex 38.6025 23.1164 1.61
      vertex 38.6025 23.1164 2
    endloop
  endfacet
  facet normal 0.929807 0.368048 0
    outer loop
      vertex 38.6025 23.1164 1.61
      vertex 38.6367 23.03 2
      vertex 38.6367 23.03 1.61
    endloop
  endfacet
  facet normal 0.931879 0.362769 0
    outer loop
      vertex 39.1891 21.611 2
      vertex 38.6367 23.03 1.61
      vertex 38.6367 23.03 2
    endloop
  endfacet
  facet normal 0.931879 0.362769 0
    outer loop
      vertex 38.6367 23.03 1.61
      vertex 39.1891 21.611 2
      vertex 39.1891 21.611 1.61
    endloop
  endfacet
  facet normal 0 -1 0
    outer loop
      vertex 37.5809 21.611 1.61
      vertex 39.1891 21.611 2
      vertex 37.5809 21.611 2
    endloop
  endfacet
  facet normal 0 -1 -0
    outer loop
      vertex 39.1891 21.611 2
      vertex 37.5809 21.611 1.61
      vertex 39.1891 21.611 1.61
    endloop
  endfacet
  facet normal 0 -1 0
    outer loop
      vertex 45.8674 20.3751 1.61
      vertex 48.6718 20.3751 2
      vertex 45.8674 20.3751 2
    endloop
  endfacet
  facet normal 0 -1 -0
    outer loop
      vertex 48.6718 20.3751 2
      vertex 45.8674 20.3751 1.61
      vertex 48.6718 20.3751 1.61
    endloop
  endfacet
  facet normal -1 0 0
    outer loop
      vertex 45.8674 20.3751 1.61
      vertex 45.8674 21.8734 2
      vertex 45.8674 21.8734 1.61
    endloop
  endfacet
  facet normal -1 -0 0
    outer loop
      vertex 45.8674 21.8734 2
      vertex 45.8674 20.3751 1.61
      vertex 45.8674 20.3751 2
    endloop
  endfacet
  facet normal 0 1 -0
    outer loop
      vertex 48.3636 21.8734 1.61
      vertex 45.8674 21.8734 2
      vertex 48.3636 21.8734 2
    endloop
  endfacet
  facet normal 0 1 0
    outer loop
      vertex 45.8674 21.8734 2
      vertex 48.3636 21.8734 1.61
      vertex 45.8674 21.8734 1.61
    endloop
  endfacet
  facet normal -1 0 0
    outer loop
      vertex 48.3636 21.8734 1.61
      vertex 48.3636 22.3434 2
      vertex 48.3636 22.3434 1.61
    endloop
  endfacet
  facet normal -1 -0 0
    outer loop
      vertex 48.3636 22.3434 2
      vertex 48.3636 21.8734 1.61
      vertex 48.3636 21.8734 2
    endloop
  endfacet
  facet normal 0 -1 0
    outer loop
      vertex 45.8674 22.3434 1.61
      vertex 48.3636 22.3434 2
      vertex 45.8674 22.3434 2
    endloop
  endfacet
  facet normal 0 -1 -0
    outer loop
      vertex 48.3636 22.3434 2
      vertex 45.8674 22.3434 1.61
      vertex 48.3636 22.3434 1.61
    endloop
  endfacet
  facet normal -1 0 0
    outer loop
      vertex 45.8674 22.3434 1.61
      vertex 45.8674 23.7227 2
      vertex 45.8674 23.7227 1.61
    endloop
  endfacet
  facet normal -1 -0 0
    outer loop
      vertex 45.8674 23.7227 2
      vertex 45.8674 22.3434 1.61
      vertex 45.8674 22.3434 2
    endloop
  endfacet
  facet normal 0 1 -0
    outer loop
      vertex 48.5467 23.7227 1.61
      vertex 45.8674 23.7227 2
      vertex 48.5467 23.7227 2
    endloop
  endfacet
  facet normal 0 1 0
    outer loop
      vertex 45.8674 23.7227 2
      vertex 48.5467 23.7227 1.61
      vertex 45.8674 23.7227 1.61
    endloop
  endfacet
  facet normal -1 0 0
    outer loop
      vertex 48.5467 23.7227 1.61
      vertex 48.5467 24.1987 2
      vertex 48.5467 24.1987 1.61
    endloop
  endfacet
  facet normal -1 -0 0
    outer loop
      vertex 48.5467 24.1987 2
      vertex 48.5467 23.7227 1.61
      vertex 48.5467 23.7227 2
    endloop
  endfacet
  facet normal 0 -1 0
    outer loop
      vertex 45.2846 24.1987 1.61
      vertex 48.5467 24.1987 2
      vertex 45.2846 24.1987 2
    endloop
  endfacet
  facet normal 0 -1 -0
    outer loop
      vertex 48.5467 24.1987 2
      vertex 45.2846 24.1987 1.61
      vertex 48.5467 24.1987 1.61
    endloop
  endfacet
  facet normal 1 -0 0
    outer loop
      vertex 45.2846 19.8991 2
      vertex 45.2846 24.1987 1.61
      vertex 45.2846 24.1987 2
    endloop
  endfacet
  facet normal 1 0 0
    outer loop
      vertex 45.2846 24.1987 1.61
      vertex 45.2846 19.8991 2
      vertex 45.2846 19.8991 1.61
    endloop
  endfacet
  facet normal 0 1 -0
    outer loop
      vertex 48.6718 19.8991 1.61
      vertex 45.2846 19.8991 2
      vertex 48.6718 19.8991 2
    endloop
  endfacet
  facet normal 0 1 0
    outer loop
      vertex 45.2846 19.8991 2
      vertex 48.6718 19.8991 1.61
      vertex 45.2846 19.8991 1.61
    endloop
  endfacet
  facet normal -1 0 0
    outer loop
      vertex 48.6718 19.8991 1.61
      vertex 48.6718 20.3751 2
      vertex 48.6718 20.3751 1.61
    endloop
  endfacet
  facet normal -1 -0 0
    outer loop
      vertex 48.6718 20.3751 2
      vertex 48.6718 19.8991 1.61
      vertex 48.6718 19.8991 2
    endloop
  endfacet
endsolid OpenSCAD_Model
