solid OpenSCAD_Model
  facet normal 1 -0 0
    outer loop
      vertex 24 0 11.2
      vertex 24 2 10
      vertex 24 2 11.2
    endloop
  endfacet
  facet normal 1 0 0
    outer loop
      vertex 24 2 10
      vertex 24 0 11.2
      vertex 24 0 10
    endloop
  endfacet
  facet normal 0 0 -1
    outer loop
      vertex 24 0 11.2
      vertex 28 2 11.2
      vertex 28 0 11.2
    endloop
  endfacet
  facet normal -0 0 -1
    outer loop
      vertex 28 2 11.2
      vertex 24 0 11.2
      vertex 24 2 11.2
    endloop
  endfacet
  facet normal -1 0 0
    outer loop
      vertex 28 0 10
      vertex 28 2 11.2
      vertex 28 2 10
    endloop
  endfacet
  facet normal -1 -0 0
    outer loop
      vertex 28 2 11.2
      vertex 28 0 10
      vertex 28 0 11.2
    endloop
  endfacet
  facet normal -0 0 1
    outer loop
      vertex 24 2 10
      vertex 28 0 10
      vertex 28 2 10
    endloop
  endfacet
  facet normal 0 0 1
    outer loop
      vertex 28 0 10
      vertex 24 2 10
      vertex 24 0 10
    endloop
  endfacet
  facet normal 1 -0 0
    outer loop
      vertex 30 0 11.2
      vertex 30 2 10
      vertex 30 2 11.2
    endloop
  endfacet
  facet normal 1 0 0
    outer loop
      vertex 30 2 10
      vertex 30 0 11.2
      vertex 30 0 10
    endloop
  endfacet
  facet normal 0 0 -1
    outer loop
      vertex 30 0 11.2
      vertex 34 2 11.2
      vertex 34 0 11.2
    endloop
  endfacet
  facet normal -0 0 -1
    outer loop
      vertex 34 2 11.2
      vertex 30 0 11.2
      vertex 30 2 11.2
    endloop
  endfacet
  facet normal -1 0 0
    outer loop
      vertex 34 0 10
      vertex 34 2 11.2
      vertex 34 2 10
    endloop
  endfacet
  facet normal -1 -0 0
    outer loop
      vertex 34 2 11.2
      vertex 34 0 10
      vertex 34 0 11.2
    endloop
  endfacet
  facet normal -0 0 1
    outer loop
      vertex 30 2 10
      vertex 34 0 10
      vertex 34 2 10
    endloop
  endfacet
  facet normal 0 0 1
    outer loop
      vertex 34 0 10
      vertex 30 2 10
      vertex 30 0 10
    endloop
  endfacet
  facet normal 1 -0 0
    outer loop
      vertex 36 0 11.2
      vertex 36 2 10
      vertex 36 2 11.2
    endloop
  endfacet
  facet normal 1 0 0
    outer loop
      vertex 36 2 10
      vertex 36 0 11.2
      vertex 36 0 10
    endloop
  endfacet
  facet normal 0 0 -1
    outer loop
      vertex 36 0 11.2
      vertex 40 2 11.2
      vertex 40 0 11.2
    endloop
  endfacet
  facet normal -0 0 -1
    outer loop
      vertex 40 2 11.2
      vertex 36 0 11.2
      vertex 36 2 11.2
    endloop
  endfacet
  facet normal -1 0 0
    outer loop
      vertex 40 0 10
      vertex 40 2 11.2
      vertex 40 2 10
    endloop
  endfacet
  facet normal -1 -0 0
    outer loop
      vertex 40 2 11.2
      vertex 40 0 10
      vertex 40 0 11.2
    endloop
  endfacet
  facet normal -0 0 1
    outer loop
      vertex 36 2 10
      vertex 40 0 10
      vertex 40 2 10
    endloop
  endfacet
  facet normal 0 0 1
    outer loop
      vertex 40 0 10
      vertex 36 2 10
      vertex 36 0 10
    endloop
  endfacet
  facet normal 1 -0 0
    outer loop
      vertex 24 42 11.2
      vertex 24 44 10
      vertex 24 44 11.2
    endloop
  endfacet
  facet normal 1 0 0
    outer loop
      vertex 24 44 10
      vertex 24 42 11.2
      vertex 24 42 10
    endloop
  endfacet
  facet normal 0 0 -1
    outer loop
      vertex 24 42 11.2
      vertex 28 44 11.2
      vertex 28 42 11.2
    endloop
  endfacet
  facet normal -0 0 -1
    outer loop
      vertex 28 44 11.2
      vertex 24 42 11.2
      vertex 24 44 11.2
    endloop
  endfacet
  facet normal -1 0 0
    outer loop
      vertex 28 42 10
      vertex 28 44 11.2
      vertex 28 44 10
    endloop
  endfacet
  facet normal -1 -0 0
    outer loop
      vertex 28 44 11.2
      vertex 28 42 10
      vertex 28 42 11.2
    endloop
  endfacet
  facet normal -0 0 1
    outer loop
      vertex 24 44 10
      vertex 28 42 10
      vertex 28 44 10
    endloop
  endfacet
  facet normal 0 0 1
    outer loop
      vertex 28 42 10
      vertex 24 44 10
      vertex 24 42 10
    endloop
  endfacet
  facet normal 1 -0 0
    outer loop
      vertex 30 42 11.2
      vertex 30 44 10
      vertex 30 44 11.2
    endloop
  endfacet
  facet normal 1 0 0
    outer loop
      vertex 30 44 10
      vertex 30 42 11.2
      vertex 30 42 10
    endloop
  endfacet
  facet normal 0 0 -1
    outer loop
      vertex 30 42 11.2
      vertex 34 44 11.2
      vertex 34 42 11.2
    endloop
  endfacet
  facet normal -0 0 -1
    outer loop
      vertex 34 44 11.2
      vertex 30 42 11.2
      vertex 30 44 11.2
    endloop
  endfacet
  facet normal -1 0 0
    outer loop
      vertex 34 42 10
      vertex 34 44 11.2
      vertex 34 44 10
    endloop
  endfacet
  facet normal -1 -0 0
    outer loop
      vertex 34 44 11.2
      vertex 34 42 10
      vertex 34 42 11.2
    endloop
  endfacet
  facet normal -0 0 1
    outer loop
      vertex 30 44 10
      vertex 34 42 10
      vertex 34 44 10
    endloop
  endfacet
  facet normal 0 0 1
    outer loop
      vertex 34 42 10
      vertex 30 44 10
      vertex 30 42 10
    endloop
  endfacet
  facet normal 1 -0 0
    outer loop
      vertex 36 42 11.2
      vertex 36 44 10
      vertex 36 44 11.2
    endloop
  endfacet
  facet normal 1 0 0
    outer loop
      vertex 36 44 10
      vertex 36 42 11.2
      vertex 36 42 10
    endloop
  endfacet
  facet normal 0 0 -1
    outer loop
      vertex 36 42 11.2
      vertex 40 44 11.2
      vertex 40 42 11.2
    endloop
  endfacet
  facet normal -0 0 -1
    outer loop
      vertex 40 44 11.2
      vertex 36 42 11.2
      vertex 36 44 11.2
    endloop
  endfacet
  facet normal -1 0 0
    outer loop
      vertex 40 42 10
      vertex 40 44 11.2
      vertex 40 44 10
    endloop
  endfacet
  facet normal -1 -0 0
    outer loop
      vertex 40 44 11.2
      vertex 40 42 10
      vertex 40 42 11.2
    endloop
  endfacet
  facet normal -0 0 1
    outer loop
      vertex 36 44 10
      vertex 40 42 10
      vertex 40 44 10
    endloop
  endfacet
  facet normal 0 0 1
    outer loop
      vertex 40 42 10
      vertex 36 44 10
      vertex 36 42 10
    endloop
  endfacet
  facet normal 1 -0 0
    outer loop
      vertex 14.62 0 14.7
      vertex 14.62 2 12.5
      vertex 14.62 2 14.7
    endloop
  endfacet
  facet normal 1 0 0
    outer loop
      vertex 14.62 2 12.5
      vertex 14.62 0 14.7
      vertex 14.62 0 12.5
    endloop
  endfacet
  facet normal 0 0 -1
    outer loop
      vertex 14.62 0 14.7
      vertex 21.22 2 14.7
      vertex 21.22 0 14.7
    endloop
  endfacet
  facet normal -0 0 -1
    outer loop
      vertex 21.22 2 14.7
      vertex 14.62 0 14.7
      vertex 14.62 2 14.7
    endloop
  endfacet
  facet normal -1 0 0
    outer loop
      vertex 21.22 0 12.5
      vertex 21.22 2 14.7
      vertex 21.22 2 12.5
    endloop
  endfacet
  facet normal -1 -0 0
    outer loop
      vertex 21.22 2 14.7
      vertex 21.22 0 12.5
      vertex 21.22 0 14.7
    endloop
  endfacet
  facet normal -0 0 1
    outer loop
      vertex 14.62 2 12.5
      vertex 21.22 0 12.5
      vertex 21.22 2 12.5
    endloop
  endfacet
  facet normal 0 0 1
    outer loop
      vertex 21.22 0 12.5
      vertex 14.62 2 12.5
      vertex 14.62 0 12.5
    endloop
  endfacet
  facet normal 1 -0 0
    outer loop
      vertex 14.62 42 14.7
      vertex 14.62 44 12.5
      vertex 14.62 44 14.7
    endloop
  endfacet
  facet normal 1 0 0
    outer loop
      vertex 14.62 44 12.5
      vertex 14.62 42 14.7
      vertex 14.62 42 12.5
    endloop
  endfacet
  facet normal 0 0 -1
    outer loop
      vertex 14.62 42 14.7
      vertex 21.22 44 14.7
      vertex 21.22 42 14.7
    endloop
  endfacet
  facet normal -0 0 -1
    outer loop
      vertex 21.22 44 14.7
      vertex 14.62 42 14.7
      vertex 14.62 44 14.7
    endloop
  endfacet
  facet normal -1 0 0
    outer loop
      vertex 21.22 42 12.5
      vertex 21.22 44 14.7
      vertex 21.22 44 12.5
    endloop
  endfacet
  facet normal -1 -0 0
    outer loop
      vertex 21.22 44 14.7
      vertex 21.22 42 12.5
      vertex 21.22 42 14.7
    endloop
  endfacet
  facet normal -0 0 1
    outer loop
      vertex 14.62 44 12.5
      vertex 21.22 42 12.5
      vertex 21.22 44 12.5
    endloop
  endfacet
  facet normal 0 0 1
    outer loop
      vertex 21.22 42 12.5
      vertex 14.62 44 12.5
      vertex 14.62 42 12.5
    endloop
  endfacet
  facet normal 1 -0 0
    outer loop
      vertex 42.78 0 14.7
      vertex 42.78 2 12.5
      vertex 42.78 2 14.7
    endloop
  endfacet
  facet normal 1 0 0
    outer loop
      vertex 42.78 2 12.5
      vertex 42.78 0 14.7
      vertex 42.78 0 12.5
    endloop
  endfacet
  facet normal 0 0 -1
    outer loop
      vertex 42.78 0 14.7
      vertex 49.38 2 14.7
      vertex 49.38 0 14.7
    endloop
  endfacet
  facet normal -0 0 -1
    outer loop
      vertex 49.38 2 14.7
      vertex 42.78 0 14.7
      vertex 42.78 2 14.7
    endloop
  endfacet
  facet normal -1 0 0
    outer loop
      vertex 49.38 0 12.5
      vertex 49.38 2 14.7
      vertex 49.38 2 12.5
    endloop
  endfacet
  facet normal -1 -0 0
    outer loop
      vertex 49.38 2 14.7
      vertex 49.38 0 12.5
      vertex 49.38 0 14.7
    endloop
  endfacet
  facet normal -0 0 1
    outer loop
      vertex 42.78 2 12.5
      vertex 49.38 0 12.5
      vertex 49.38 2 12.5
    endloop
  endfacet
  facet normal 0 0 1
    outer loop
      vertex 49.38 0 12.5
      vertex 42.78 2 12.5
      vertex 42.78 0 12.5
    endloop
  endfacet
  facet normal 1 -0 0
    outer loop
      vertex 42.78 42 14.7
      vertex 42.78 44 12.5
      vertex 42.78 44 14.7
    endloop
  endfacet
  facet normal 1 0 0
    outer loop
      vertex 42.78 44 12.5
      vertex 42.78 42 14.7
      vertex 42.78 42 12.5
    endloop
  endfacet
  facet normal 0 0 -1
    outer loop
      vertex 42.78 42 14.7
      vertex 49.38 44 14.7
      vertex 49.38 42 14.7
    endloop
  endfacet
  facet normal -0 0 -1
    outer loop
      vertex 49.38 44 14.7
      vertex 42.78 42 14.7
      vertex 42.78 44 14.7
    endloop
  endfacet
  facet normal -1 0 0
    outer loop
      vertex 49.38 42 12.5
      vertex 49.38 44 14.7
      vertex 49.38 44 12.5
    endloop
  endfacet
  facet normal -1 -0 0
    outer loop
      vertex 49.38 44 14.7
      vertex 49.38 42 12.5
      vertex 49.38 42 14.7
    endloop
  endfacet
  facet normal -0 0 1
    outer loop
      vertex 42.78 44 12.5
      vertex 49.38 42 12.5
      vertex 49.38 44 12.5
    endloop
  endfacet
  facet normal 0 0 1
    outer loop
      vertex 49.38 42 12.5
      vertex 42.78 44 12.5
      vertex 42.78 42 12.5
    endloop
  endfacet
  facet normal -1 0 0
    outer loop
      vertex 0 44 0
      vertex 0 41 2.8
      vertex 0 44 16.8
    endloop
  endfacet
  facet normal -1 0 0
    outer loop
      vertex 0 44 0
      vertex 0 3 2.8
      vertex 0 41 2.8
    endloop
  endfacet
  facet normal -1 0 0
    outer loop
      vertex 0 0 16.8
      vertex 0 3 2.8
      vertex 0 0 0
    endloop
  endfacet
  facet normal -1 0 0
    outer loop
      vertex 0 0 0
      vertex 0 3 2.8
      vertex 0 44 0
    endloop
  endfacet
  facet normal -1 0 0
    outer loop
      vertex 0 41 14.8
      vertex 0 44 16.8
      vertex 0 41 2.8
    endloop
  endfacet
  facet normal -1 0 0
    outer loop
      vertex 0 3 14.8
      vertex 0 44 16.8
      vertex 0 41 14.8
    endloop
  endfacet
  facet normal -1 0 0
    outer loop
      vertex 0 3 14.8
      vertex 0 0 16.8
      vertex 0 44 16.8
    endloop
  endfacet
  facet normal -1 0 0
    outer loop
      vertex 0 3 2.8
      vertex 0 0 16.8
      vertex 0 3 14.8
    endloop
  endfacet
  facet normal 0 0 1
    outer loop
      vertex 64 44 16.8
      vertex 62 42 16.8
      vertex 64 0 16.8
    endloop
  endfacet
  facet normal 0 0 1
    outer loop
      vertex 64 44 16.8
      vertex 2 42 16.8
      vertex 62 42 16.8
    endloop
  endfacet
  facet normal 0 0 1
    outer loop
      vertex 2 42 16.8
      vertex 0 44 16.8
      vertex 2 2 16.8
    endloop
  endfacet
  facet normal -0 0 1
    outer loop
      vertex 0 44 16.8
      vertex 2 42 16.8
      vertex 64 44 16.8
    endloop
  endfacet
  facet normal -0 0 1
    outer loop
      vertex 62 2 16.8
      vertex 64 0 16.8
      vertex 62 42 16.8
    endloop
  endfacet
  facet normal -0 0 1
    outer loop
      vertex 2 2 16.8
      vertex 64 0 16.8
      vertex 62 2 16.8
    endloop
  endfacet
  facet normal 0 0 1
    outer loop
      vertex 2 2 16.8
      vertex 0 0 16.8
      vertex 64 0 16.8
    endloop
  endfacet
  facet normal 0 0 1
    outer loop
      vertex 0 0 16.8
      vertex 2 2 16.8
      vertex 0 44 16.8
    endloop
  endfacet
  facet normal 1 -0 0
    outer loop
      vertex 64 0 16.8
      vertex 64 44 0
      vertex 64 44 16.8
    endloop
  endfacet
  facet normal 1 0 0
    outer loop
      vertex 64 44 0
      vertex 64 0 16.8
      vertex 64 0 0
    endloop
  endfacet
  facet normal 0 0 -1
    outer loop
      vertex 0 0 0
      vertex 64 44 0
      vertex 64 0 0
    endloop
  endfacet
  facet normal -0 0 -1
    outer loop
      vertex 64 44 0
      vertex 0 0 0
      vertex 0 44 0
    endloop
  endfacet
  facet normal 0 -1 0
    outer loop
      vertex 34 0 10
      vertex 36 0 11.2
      vertex 34 0 11.2
    endloop
  endfacet
  facet normal 0 -1 -0
    outer loop
      vertex 36 0 11.2
      vertex 34 0 10
      vertex 36 0 10
    endloop
  endfacet
  facet normal 0 -1 0
    outer loop
      vertex 28 0 10
      vertex 30 0 11.2
      vertex 28 0 11.2
    endloop
  endfacet
  facet normal 0 -1 -0
    outer loop
      vertex 30 0 11.2
      vertex 28 0 10
      vertex 30 0 10
    endloop
  endfacet
  facet normal 0 -1 0
    outer loop
      vertex 21.22 0 12.5
      vertex 24 0 10
      vertex 24 0 11.2
    endloop
  endfacet
  facet normal 0 -1 0
    outer loop
      vertex 11.1 0 3.8
      vertex 28 0 10
      vertex 24 0 10
    endloop
  endfacet
  facet normal 0 -1 -0
    outer loop
      vertex 28 0 10
      vertex 11.1 0 3.8
      vertex 30 0 10
    endloop
  endfacet
  facet normal 0 -1 -0
    outer loop
      vertex 30 0 10
      vertex 11.1 0 3.8
      vertex 34 0 10
    endloop
  endfacet
  facet normal 0 -1 -0
    outer loop
      vertex 34 0 10
      vertex 11.1 0 3.8
      vertex 36 0 10
    endloop
  endfacet
  facet normal 0 -1 0
    outer loop
      vertex 64 0 0
      vertex 36 0 10
      vertex 11.1 0 3.8
    endloop
  endfacet
  facet normal 0 -1 -0
    outer loop
      vertex 14.62 0 12.5
      vertex 11.1 0 3.8
      vertex 24 0 10
    endloop
  endfacet
  facet normal 0 -1 0
    outer loop
      vertex 24 0 11.2
      vertex 21.22 0 14.7
      vertex 21.22 0 12.5
    endloop
  endfacet
  facet normal 0 -1 0
    outer loop
      vertex 21.22 0 14.7
      vertex 30 0 11.2
      vertex 42.78 0 14.7
    endloop
  endfacet
  facet normal 0 -1 0
    outer loop
      vertex 21.22 0 14.7
      vertex 0 0 16.8
      vertex 14.62 0 14.7
    endloop
  endfacet
  facet normal 0 -1 0
    outer loop
      vertex 8.1 0 11.8
      vertex 14.62 0 14.7
      vertex 0 0 16.8
    endloop
  endfacet
  facet normal 0 -1 0
    outer loop
      vertex 24 0 10
      vertex 21.22 0 12.5
      vertex 14.62 0 12.5
    endloop
  endfacet
  facet normal 0 -1 0
    outer loop
      vertex 34 0 11.2
      vertex 42.78 0 14.7
      vertex 30 0 11.2
    endloop
  endfacet
  facet normal 0 -1 -0
    outer loop
      vertex 14.62 0 14.7
      vertex 11.1 0 11.8
      vertex 14.62 0 12.5
    endloop
  endfacet
  facet normal 0 -1 0
    outer loop
      vertex 14.62 0 14.7
      vertex 8.1 0 11.8
      vertex 11.1 0 11.8
    endloop
  endfacet
  facet normal 0 -1 0
    outer loop
      vertex 0 0 0
      vertex 8.1 0 11.8
      vertex 0 0 16.8
    endloop
  endfacet
  facet normal 0 -1 -0
    outer loop
      vertex 8.1 0 3.8
      vertex 0 0 0
      vertex 11.1 0 3.8
    endloop
  endfacet
  facet normal 0 -1 -0
    outer loop
      vertex 8.1 0 11.8
      vertex 0 0 0
      vertex 8.1 0 3.8
    endloop
  endfacet
  facet normal 0 -1 0
    outer loop
      vertex 0 0 16.8
      vertex 21.22 0 14.7
      vertex 64 0 16.8
    endloop
  endfacet
  facet normal 0 -1 0
    outer loop
      vertex 42.78 0 14.7
      vertex 64 0 16.8
      vertex 21.22 0 14.7
    endloop
  endfacet
  facet normal 0 -1 0
    outer loop
      vertex 49.38 0 14.7
      vertex 64 0 16.8
      vertex 42.78 0 14.7
    endloop
  endfacet
  facet normal 0 -1 0
    outer loop
      vertex 49.38 0 12.5
      vertex 64 0 16.8
      vertex 49.38 0 14.7
    endloop
  endfacet
  facet normal 0 -1 0
    outer loop
      vertex 11.1 0 3.8
      vertex 14.62 0 12.5
      vertex 11.1 0 11.8
    endloop
  endfacet
  facet normal 0 -1 0
    outer loop
      vertex 21.22 0 14.7
      vertex 24 0 11.2
      vertex 28 0 11.2
    endloop
  endfacet
  facet normal 0 -1 0
    outer loop
      vertex 21.22 0 14.7
      vertex 28 0 11.2
      vertex 30 0 11.2
    endloop
  endfacet
  facet normal 0 -1 0
    outer loop
      vertex 36 0 11.2
      vertex 42.78 0 14.7
      vertex 34 0 11.2
    endloop
  endfacet
  facet normal 0 -1 0
    outer loop
      vertex 40 0 11.2
      vertex 42.78 0 14.7
      vertex 36 0 11.2
    endloop
  endfacet
  facet normal 0 -1 -0
    outer loop
      vertex 42.78 0 14.7
      vertex 40 0 11.2
      vertex 42.78 0 12.5
    endloop
  endfacet
  facet normal 0 -1 0
    outer loop
      vertex 40 0 10
      vertex 42.78 0 12.5
      vertex 40 0 11.2
    endloop
  endfacet
  facet normal 0 -1 -0
    outer loop
      vertex 42.78 0 12.5
      vertex 40 0 10
      vertex 49.38 0 12.5
    endloop
  endfacet
  facet normal 0 -1 0
    outer loop
      vertex 64 0 0
      vertex 11.1 0 3.8
      vertex 0 0 0
    endloop
  endfacet
  facet normal 0 -1 0
    outer loop
      vertex 49.38 0 12.5
      vertex 64 0 0
      vertex 64 0 16.8
    endloop
  endfacet
  facet normal 0 -1 0
    outer loop
      vertex 40 0 10
      vertex 64 0 0
      vertex 49.38 0 12.5
    endloop
  endfacet
  facet normal 0 -1 0
    outer loop
      vertex 36 0 10
      vertex 64 0 0
      vertex 40 0 10
    endloop
  endfacet
  facet normal 0 1 -0
    outer loop
      vertex 30 44 10
      vertex 28 44 11.2
      vertex 30 44 11.2
    endloop
  endfacet
  facet normal 0 1 0
    outer loop
      vertex 28 44 11.2
      vertex 30 44 10
      vertex 28 44 10
    endloop
  endfacet
  facet normal 0 1 -0
    outer loop
      vertex 36 44 10
      vertex 34 44 11.2
      vertex 36 44 11.2
    endloop
  endfacet
  facet normal 0 1 0
    outer loop
      vertex 34 44 11.2
      vertex 36 44 10
      vertex 34 44 10
    endloop
  endfacet
  facet normal 0 1 0
    outer loop
      vertex 40 44 11.2
      vertex 42.78 44 14.7
      vertex 42.78 44 12.5
    endloop
  endfacet
  facet normal 0 1 0
    outer loop
      vertex 42.78 44 14.7
      vertex 34 44 11.2
      vertex 21.22 44 14.7
    endloop
  endfacet
  facet normal 0 1 0
    outer loop
      vertex 42.78 44 14.7
      vertex 64 44 16.8
      vertex 49.38 44 14.7
    endloop
  endfacet
  facet normal 0 1 0
    outer loop
      vertex 64 44 16.8
      vertex 49.38 44 12.5
      vertex 49.38 44 14.7
    endloop
  endfacet
  facet normal 0 1 0
    outer loop
      vertex 40 44 10
      vertex 42.78 44 12.5
      vertex 49.38 44 12.5
    endloop
  endfacet
  facet normal 0 1 -0
    outer loop
      vertex 30 44 11.2
      vertex 21.22 44 14.7
      vertex 34 44 11.2
    endloop
  endfacet
  facet normal 0 1 0
    outer loop
      vertex 42.78 44 14.7
      vertex 40 44 11.2
      vertex 36 44 11.2
    endloop
  endfacet
  facet normal 0 1 0
    outer loop
      vertex 42.78 44 12.5
      vertex 40 44 10
      vertex 40 44 11.2
    endloop
  endfacet
  facet normal 0 1 0
    outer loop
      vertex 64 44 0
      vertex 36 44 10
      vertex 40 44 10
    endloop
  endfacet
  facet normal 0 1 0
    outer loop
      vertex 36 44 10
      vertex 64 44 0
      vertex 34 44 10
    endloop
  endfacet
  facet normal 0 1 0
    outer loop
      vertex 34 44 10
      vertex 64 44 0
      vertex 30 44 10
    endloop
  endfacet
  facet normal 0 1 0
    outer loop
      vertex 0 44 0
      vertex 30 44 10
      vertex 64 44 0
    endloop
  endfacet
  facet normal 0 1 0
    outer loop
      vertex 30 44 10
      vertex 0 44 0
      vertex 28 44 10
    endloop
  endfacet
  facet normal 0 1 0
    outer loop
      vertex 49.38 44 12.5
      vertex 64 44 0
      vertex 40 44 10
    endloop
  endfacet
  facet normal 0 1 -0
    outer loop
      vertex 64 44 0
      vertex 49.38 44 12.5
      vertex 64 44 16.8
    endloop
  endfacet
  facet normal 0 1 0
    outer loop
      vertex 64 44 16.8
      vertex 42.78 44 14.7
      vertex 0 44 16.8
    endloop
  endfacet
  facet normal 0 1 -0
    outer loop
      vertex 21.22 44 14.7
      vertex 0 44 16.8
      vertex 42.78 44 14.7
    endloop
  endfacet
  facet normal 0 1 -0
    outer loop
      vertex 14.62 44 14.7
      vertex 0 44 16.8
      vertex 21.22 44 14.7
    endloop
  endfacet
  facet normal 0 1 -0
    outer loop
      vertex 14.62 44 12.5
      vertex 0 44 16.8
      vertex 14.62 44 14.7
    endloop
  endfacet
  facet normal 0 1 0
    outer loop
      vertex 42.78 44 14.7
      vertex 36 44 11.2
      vertex 34 44 11.2
    endloop
  endfacet
  facet normal 0 1 -0
    outer loop
      vertex 28 44 11.2
      vertex 21.22 44 14.7
      vertex 30 44 11.2
    endloop
  endfacet
  facet normal 0 1 -0
    outer loop
      vertex 24 44 11.2
      vertex 21.22 44 14.7
      vertex 28 44 11.2
    endloop
  endfacet
  facet normal 0 1 0
    outer loop
      vertex 21.22 44 14.7
      vertex 24 44 11.2
      vertex 21.22 44 12.5
    endloop
  endfacet
  facet normal 0 1 -0
    outer loop
      vertex 24 44 10
      vertex 21.22 44 12.5
      vertex 24 44 11.2
    endloop
  endfacet
  facet normal 0 1 0
    outer loop
      vertex 21.22 44 12.5
      vertex 24 44 10
      vertex 14.62 44 12.5
    endloop
  endfacet
  facet normal 0 1 0
    outer loop
      vertex 14.62 44 12.5
      vertex 0 44 0
      vertex 0 44 16.8
    endloop
  endfacet
  facet normal 0 1 0
    outer loop
      vertex 24 44 10
      vertex 0 44 0
      vertex 14.62 44 12.5
    endloop
  endfacet
  facet normal 0 1 0
    outer loop
      vertex 28 44 10
      vertex 0 44 0
      vertex 24 44 10
    endloop
  endfacet
  facet normal 1 0 0
    outer loop
      vertex 2 42 16.8
      vertex 2 41 14.8
      vertex 2 42 2
    endloop
  endfacet
  facet normal 1 0 0
    outer loop
      vertex 2 42 16.8
      vertex 2 3 14.8
      vertex 2 41 14.8
    endloop
  endfacet
  facet normal 1 0 0
    outer loop
      vertex 2 2 2
      vertex 2 3 14.8
      vertex 2 2 16.8
    endloop
  endfacet
  facet normal 1 -0 0
    outer loop
      vertex 2 2 16.8
      vertex 2 3 14.8
      vertex 2 42 16.8
    endloop
  endfacet
  facet normal 1 -0 0
    outer loop
      vertex 2 41 2.8
      vertex 2 42 2
      vertex 2 41 14.8
    endloop
  endfacet
  facet normal 1 -0 0
    outer loop
      vertex 2 3 2.8
      vertex 2 42 2
      vertex 2 41 2.8
    endloop
  endfacet
  facet normal 1 0 0
    outer loop
      vertex 2 3 2.8
      vertex 2 2 2
      vertex 2 42 2
    endloop
  endfacet
  facet normal 1 0 0
    outer loop
      vertex 2 3 14.8
      vertex 2 2 2
      vertex 2 3 2.8
    endloop
  endfacet
  facet normal -1 0 0
    outer loop
      vertex 62 2 2
      vertex 62 42 16.8
      vertex 62 42 2
    endloop
  endfacet
  facet normal -1 -0 0
    outer loop
      vertex 62 42 16.8
      vertex 62 2 2
      vertex 62 2 16.8
    endloop
  endfacet
  facet normal 0 0 1
    outer loop
      vertex 53.6522 29.7346 2
      vertex 10.3478 29.7346 2
      vertex 53.6522 14.2654 2
    endloop
  endfacet
  facet normal 0 0 1
    outer loop
      vertex 53.6522 14.2654 2
      vertex 10.4616 13.8902 2
      vertex 10.5 13.5 2
    endloop
  endfacet
  facet normal 0 0 1
    outer loop
      vertex 10.3478 14.2654 2
      vertex 53.6522 14.2654 2
      vertex 10.3478 29.7346 2
    endloop
  endfacet
  facet normal 0 0 1
    outer loop
      vertex 53.6522 14.2654 2
      vertex 10.3478 14.2654 2
      vertex 10.4616 13.8902 2
    endloop
  endfacet
  facet normal -0 0 1
    outer loop
      vertex 10.1629 29.3889 2
      vertex 10.3478 14.2654 2
      vertex 10.3478 29.7346 2
    endloop
  endfacet
  facet normal 0 0 1
    outer loop
      vertex 10.1629 29.3889 2
      vertex 10.1629 14.6111 2
      vertex 10.3478 14.2654 2
    endloop
  endfacet
  facet normal -0 0 1
    outer loop
      vertex 9.91421 29.0858 2
      vertex 10.1629 14.6111 2
      vertex 10.1629 29.3889 2
    endloop
  endfacet
  facet normal 0 0 1
    outer loop
      vertex 9.91421 29.0858 2
      vertex 9.91421 14.9142 2
      vertex 10.1629 14.6111 2
    endloop
  endfacet
  facet normal -0 0 1
    outer loop
      vertex 9.61114 28.8371 2
      vertex 9.91421 14.9142 2
      vertex 9.91421 29.0858 2
    endloop
  endfacet
  facet normal 0 0 1
    outer loop
      vertex 9.61114 28.8371 2
      vertex 9.61114 15.1629 2
      vertex 9.91421 14.9142 2
    endloop
  endfacet
  facet normal -0 0 1
    outer loop
      vertex 9.26537 28.6522 2
      vertex 9.61114 15.1629 2
      vertex 9.61114 28.8371 2
    endloop
  endfacet
  facet normal 0 0 1
    outer loop
      vertex 9.26537 28.6522 2
      vertex 9.26537 15.3478 2
      vertex 9.61114 15.1629 2
    endloop
  endfacet
  facet normal -0 0 1
    outer loop
      vertex 8.89018 28.5384 2
      vertex 9.26537 15.3478 2
      vertex 9.26537 28.6522 2
    endloop
  endfacet
  facet normal 0 0 1
    outer loop
      vertex 8.89018 28.5384 2
      vertex 8.89018 15.4616 2
      vertex 9.26537 15.3478 2
    endloop
  endfacet
  facet normal -0 0 1
    outer loop
      vertex 8.5 28.5 2
      vertex 8.89018 15.4616 2
      vertex 8.89018 28.5384 2
    endloop
  endfacet
  facet normal 0 0 1
    outer loop
      vertex 8.5 28.5 2
      vertex 8.5 15.5 2
      vertex 8.89018 15.4616 2
    endloop
  endfacet
  facet normal 0 0 1
    outer loop
      vertex 8.10982 28.5384 2
      vertex 8.5 15.5 2
      vertex 8.5 28.5 2
    endloop
  endfacet
  facet normal 0 0 1
    outer loop
      vertex 8.10982 28.5384 2
      vertex 8.10982 15.4616 2
      vertex 8.5 15.5 2
    endloop
  endfacet
  facet normal 0 0 1
    outer loop
      vertex 7.73463 28.6522 2
      vertex 8.10982 15.4616 2
      vertex 8.10982 28.5384 2
    endloop
  endfacet
  facet normal 0 0 1
    outer loop
      vertex 7.73463 28.6522 2
      vertex 7.73463 15.3478 2
      vertex 8.10982 15.4616 2
    endloop
  endfacet
  facet normal 0 0 1
    outer loop
      vertex 7.38886 28.8371 2
      vertex 7.73463 15.3478 2
      vertex 7.73463 28.6522 2
    endloop
  endfacet
  facet normal 0 0 1
    outer loop
      vertex 7.38886 28.8371 2
      vertex 7.38886 15.1629 2
      vertex 7.73463 15.3478 2
    endloop
  endfacet
  facet normal 0 0 1
    outer loop
      vertex 7.08579 29.0858 2
      vertex 7.38886 15.1629 2
      vertex 7.38886 28.8371 2
    endloop
  endfacet
  facet normal 0 0 1
    outer loop
      vertex 7.08579 29.0858 2
      vertex 7.08579 14.9142 2
      vertex 7.38886 15.1629 2
    endloop
  endfacet
  facet normal 0 0 1
    outer loop
      vertex 6.83706 29.3889 2
      vertex 7.08579 14.9142 2
      vertex 7.08579 29.0858 2
    endloop
  endfacet
  facet normal 0 0 1
    outer loop
      vertex 6.83706 29.3889 2
      vertex 6.83706 14.6111 2
      vertex 7.08579 14.9142 2
    endloop
  endfacet
  facet normal 0 0 1
    outer loop
      vertex 6.65224 29.7346 2
      vertex 6.83706 14.6111 2
      vertex 6.83706 29.3889 2
    endloop
  endfacet
  facet normal 0 0 1
    outer loop
      vertex 6.65224 29.7346 2
      vertex 6.65224 14.2654 2
      vertex 6.83706 14.6111 2
    endloop
  endfacet
  facet normal 0 0 1
    outer loop
      vertex 6.53843 30.1098 2
      vertex 6.65224 14.2654 2
      vertex 6.65224 29.7346 2
    endloop
  endfacet
  facet normal 0 0 1
    outer loop
      vertex 6.53843 30.1098 2
      vertex 6.53843 13.8902 2
      vertex 6.65224 14.2654 2
    endloop
  endfacet
  facet normal 0 0 1
    outer loop
      vertex 2 42 2
      vertex 6.53843 30.1098 2
      vertex 6.5 30.5 2
    endloop
  endfacet
  facet normal 0 0 1
    outer loop
      vertex 6.53843 30.1098 2
      vertex 2 42 2
      vertex 6.53843 13.8902 2
    endloop
  endfacet
  facet normal -0 0 1
    outer loop
      vertex 57.4616 13.8902 2
      vertex 62 2 2
      vertex 57.4616 30.1098 2
    endloop
  endfacet
  facet normal 0 0 1
    outer loop
      vertex 62 2 2
      vertex 57.4616 13.8902 2
      vertex 57.5 13.5 2
    endloop
  endfacet
  facet normal -0 0 1
    outer loop
      vertex 57.3478 29.7346 2
      vertex 57.4616 13.8902 2
      vertex 57.4616 30.1098 2
    endloop
  endfacet
  facet normal 0 0 1
    outer loop
      vertex 57.3478 29.7346 2
      vertex 57.3478 14.2654 2
      vertex 57.4616 13.8902 2
    endloop
  endfacet
  facet normal -0 0 1
    outer loop
      vertex 57.1629 29.3889 2
      vertex 57.3478 14.2654 2
      vertex 57.3478 29.7346 2
    endloop
  endfacet
  facet normal 0 0 1
    outer loop
      vertex 57.1629 29.3889 2
      vertex 57.1629 14.6111 2
      vertex 57.3478 14.2654 2
    endloop
  endfacet
  facet normal -0 0 1
    outer loop
      vertex 56.9142 29.0858 2
      vertex 57.1629 14.6111 2
      vertex 57.1629 29.3889 2
    endloop
  endfacet
  facet normal 0 0 1
    outer loop
      vertex 56.9142 29.0858 2
      vertex 56.9142 14.9142 2
      vertex 57.1629 14.6111 2
    endloop
  endfacet
  facet normal -0 0 1
    outer loop
      vertex 56.6111 28.8371 2
      vertex 56.9142 14.9142 2
      vertex 56.9142 29.0858 2
    endloop
  endfacet
  facet normal 0 0 1
    outer loop
      vertex 56.6111 28.8371 2
      vertex 56.6111 15.1629 2
      vertex 56.9142 14.9142 2
    endloop
  endfacet
  facet normal -0 0 1
    outer loop
      vertex 56.2654 28.6522 2
      vertex 56.6111 15.1629 2
      vertex 56.6111 28.8371 2
    endloop
  endfacet
  facet normal 0 0 1
    outer loop
      vertex 56.2654 28.6522 2
      vertex 56.2654 15.3478 2
      vertex 56.6111 15.1629 2
    endloop
  endfacet
  facet normal -0 0 1
    outer loop
      vertex 55.8902 28.5384 2
      vertex 56.2654 15.3478 2
      vertex 56.2654 28.6522 2
    endloop
  endfacet
  facet normal 0 0 1
    outer loop
      vertex 55.8902 28.5384 2
      vertex 55.8902 15.4616 2
      vertex 56.2654 15.3478 2
    endloop
  endfacet
  facet normal -0 0 1
    outer loop
      vertex 55.5 28.5 2
      vertex 55.8902 15.4616 2
      vertex 55.8902 28.5384 2
    endloop
  endfacet
  facet normal 0 0 1
    outer loop
      vertex 55.5 28.5 2
      vertex 55.5 15.5 2
      vertex 55.8902 15.4616 2
    endloop
  endfacet
  facet normal 0 0 1
    outer loop
      vertex 55.1098 28.5384 2
      vertex 55.5 15.5 2
      vertex 55.5 28.5 2
    endloop
  endfacet
  facet normal 0 0 1
    outer loop
      vertex 55.1098 28.5384 2
      vertex 55.1098 15.4616 2
      vertex 55.5 15.5 2
    endloop
  endfacet
  facet normal 0 0 1
    outer loop
      vertex 54.7346 28.6522 2
      vertex 55.1098 15.4616 2
      vertex 55.1098 28.5384 2
    endloop
  endfacet
  facet normal 0 0 1
    outer loop
      vertex 54.7346 28.6522 2
      vertex 54.7346 15.3478 2
      vertex 55.1098 15.4616 2
    endloop
  endfacet
  facet normal 0 0 1
    outer loop
      vertex 54.3889 28.8371 2
      vertex 54.7346 15.3478 2
      vertex 54.7346 28.6522 2
    endloop
  endfacet
  facet normal 0 0 1
    outer loop
      vertex 54.3889 28.8371 2
      vertex 54.3889 15.1629 2
      vertex 54.7346 15.3478 2
    endloop
  endfacet
  facet normal 0 0 1
    outer loop
      vertex 54.0858 29.0858 2
      vertex 54.3889 15.1629 2
      vertex 54.3889 28.8371 2
    endloop
  endfacet
  facet normal 0 0 1
    outer loop
      vertex 54.0858 29.0858 2
      vertex 54.0858 14.9142 2
      vertex 54.3889 15.1629 2
    endloop
  endfacet
  facet normal 0 0 1
    outer loop
      vertex 53.8371 29.3889 2
      vertex 54.0858 14.9142 2
      vertex 54.0858 29.0858 2
    endloop
  endfacet
  facet normal 0 0 1
    outer loop
      vertex 53.8371 29.3889 2
      vertex 53.8371 14.6111 2
      vertex 54.0858 14.9142 2
    endloop
  endfacet
  facet normal 0 0 1
    outer loop
      vertex 53.6522 29.7346 2
      vertex 53.8371 14.6111 2
      vertex 53.8371 29.3889 2
    endloop
  endfacet
  facet normal 0 0 1
    outer loop
      vertex 53.6522 29.7346 2
      vertex 53.6522 14.2654 2
      vertex 53.8371 14.6111 2
    endloop
  endfacet
  facet normal 0 0 1
    outer loop
      vertex 10.4616 30.1098 2
      vertex 53.5384 30.1098 2
      vertex 10.5 30.5 2
    endloop
  endfacet
  facet normal 0 0 1
    outer loop
      vertex 53.5384 30.1098 2
      vertex 10.4616 30.1098 2
      vertex 53.6522 29.7346 2
    endloop
  endfacet
  facet normal -0 0 1
    outer loop
      vertex 10.5 30.5 2
      vertex 53.5384 30.1098 2
      vertex 53.5 30.5 2
    endloop
  endfacet
  facet normal 0 0 1
    outer loop
      vertex 10.3478 29.7346 2
      vertex 53.6522 29.7346 2
      vertex 10.4616 30.1098 2
    endloop
  endfacet
  facet normal 0 0 1
    outer loop
      vertex 57.4616 30.1098 2
      vertex 62 42 2
      vertex 57.5 30.5 2
    endloop
  endfacet
  facet normal 0 0 1
    outer loop
      vertex 62 42 2
      vertex 57.4616 30.8902 2
      vertex 57.5 30.5 2
    endloop
  endfacet
  facet normal 0 0 1
    outer loop
      vertex 62 42 2
      vertex 57.3478 31.2654 2
      vertex 57.4616 30.8902 2
    endloop
  endfacet
  facet normal 0 0 1
    outer loop
      vertex 62 42 2
      vertex 57.1629 31.6111 2
      vertex 57.3478 31.2654 2
    endloop
  endfacet
  facet normal 0 0 1
    outer loop
      vertex 62 42 2
      vertex 56.9142 31.9142 2
      vertex 57.1629 31.6111 2
    endloop
  endfacet
  facet normal 0 0 1
    outer loop
      vertex 62 42 2
      vertex 56.6111 32.1629 2
      vertex 56.9142 31.9142 2
    endloop
  endfacet
  facet normal 0 0 1
    outer loop
      vertex 62 42 2
      vertex 56.2654 32.3478 2
      vertex 56.6111 32.1629 2
    endloop
  endfacet
  facet normal 0 0 1
    outer loop
      vertex 62 42 2
      vertex 55.8902 32.4616 2
      vertex 56.2654 32.3478 2
    endloop
  endfacet
  facet normal 0 0 1
    outer loop
      vertex 62 42 2
      vertex 55.5 32.5 2
      vertex 55.8902 32.4616 2
    endloop
  endfacet
  facet normal 0 0 1
    outer loop
      vertex 62 42 2
      vertex 55.1098 32.4616 2
      vertex 55.5 32.5 2
    endloop
  endfacet
  facet normal 0 0 1
    outer loop
      vertex 62 42 2
      vertex 54.7346 32.3478 2
      vertex 55.1098 32.4616 2
    endloop
  endfacet
  facet normal 0 0 1
    outer loop
      vertex 62 42 2
      vertex 54.3889 32.1629 2
      vertex 54.7346 32.3478 2
    endloop
  endfacet
  facet normal 0 0 1
    outer loop
      vertex 62 42 2
      vertex 54.0858 31.9142 2
      vertex 54.3889 32.1629 2
    endloop
  endfacet
  facet normal 0 0 1
    outer loop
      vertex 9.91421 31.9142 2
      vertex 54.0858 31.9142 2
      vertex 62 42 2
    endloop
  endfacet
  facet normal 0 0 1
    outer loop
      vertex 53.6522 14.2654 2
      vertex 10.5 13.5 2
      vertex 53.5384 13.8902 2
    endloop
  endfacet
  facet normal 0 0 1
    outer loop
      vertex 53.5384 30.8902 2
      vertex 10.5 30.5 2
      vertex 53.5 30.5 2
    endloop
  endfacet
  facet normal 0 0 1
    outer loop
      vertex 10.4616 30.8902 2
      vertex 53.5384 30.8902 2
      vertex 53.6522 31.2654 2
    endloop
  endfacet
  facet normal 0 0 1
    outer loop
      vertex 10.3478 31.2654 2
      vertex 53.6522 31.2654 2
      vertex 53.8371 31.6111 2
    endloop
  endfacet
  facet normal 0 0 1
    outer loop
      vertex 54.0858 31.9142 2
      vertex 9.91421 31.9142 2
      vertex 53.8371 31.6111 2
    endloop
  endfacet
  facet normal 0 0 1
    outer loop
      vertex 53.5384 30.8902 2
      vertex 10.4616 30.8902 2
      vertex 10.5 30.5 2
    endloop
  endfacet
  facet normal 0 0 1
    outer loop
      vertex 53.6522 31.2654 2
      vertex 10.3478 31.2654 2
      vertex 10.4616 30.8902 2
    endloop
  endfacet
  facet normal 0 0 1
    outer loop
      vertex 53.8371 31.6111 2
      vertex 10.1629 31.6111 2
      vertex 10.3478 31.2654 2
    endloop
  endfacet
  facet normal 0 0 1
    outer loop
      vertex 53.8371 31.6111 2
      vertex 9.91421 31.9142 2
      vertex 10.1629 31.6111 2
    endloop
  endfacet
  facet normal -0 0 1
    outer loop
      vertex 2 42 2
      vertex 9.91421 31.9142 2
      vertex 62 42 2
    endloop
  endfacet
  facet normal 0 0 1
    outer loop
      vertex 9.91421 31.9142 2
      vertex 2 42 2
      vertex 9.61114 32.1629 2
    endloop
  endfacet
  facet normal 0 0 1
    outer loop
      vertex 9.61114 32.1629 2
      vertex 2 42 2
      vertex 9.26537 32.3478 2
    endloop
  endfacet
  facet normal 0 0 1
    outer loop
      vertex 9.26537 32.3478 2
      vertex 2 42 2
      vertex 8.89018 32.4616 2
    endloop
  endfacet
  facet normal 0 0 1
    outer loop
      vertex 8.89018 32.4616 2
      vertex 2 42 2
      vertex 8.5 32.5 2
    endloop
  endfacet
  facet normal 0 0 1
    outer loop
      vertex 2 2 2
      vertex 6.53843 13.8902 2
      vertex 2 42 2
    endloop
  endfacet
  facet normal 0 0 1
    outer loop
      vertex 6.53843 30.8902 2
      vertex 2 42 2
      vertex 6.5 30.5 2
    endloop
  endfacet
  facet normal 0 0 1
    outer loop
      vertex 6.65224 31.2654 2
      vertex 2 42 2
      vertex 6.53843 30.8902 2
    endloop
  endfacet
  facet normal 0 0 1
    outer loop
      vertex 6.83706 31.6111 2
      vertex 2 42 2
      vertex 6.65224 31.2654 2
    endloop
  endfacet
  facet normal 0 0 1
    outer loop
      vertex 7.08579 31.9142 2
      vertex 2 42 2
      vertex 6.83706 31.6111 2
    endloop
  endfacet
  facet normal 0 0 1
    outer loop
      vertex 7.38886 32.1629 2
      vertex 2 42 2
      vertex 7.08579 31.9142 2
    endloop
  endfacet
  facet normal 0 0 1
    outer loop
      vertex 7.73463 32.3478 2
      vertex 2 42 2
      vertex 7.38886 32.1629 2
    endloop
  endfacet
  facet normal 0 0 1
    outer loop
      vertex 8.10982 32.4616 2
      vertex 2 42 2
      vertex 7.73463 32.3478 2
    endloop
  endfacet
  facet normal 0 0 1
    outer loop
      vertex 8.5 32.5 2
      vertex 2 42 2
      vertex 8.10982 32.4616 2
    endloop
  endfacet
  facet normal 0 0 1
    outer loop
      vertex 62 42 2
      vertex 57.4616 30.1098 2
      vertex 62 2 2
    endloop
  endfacet
  facet normal -0 0 1
    outer loop
      vertex 57.4616 13.1098 2
      vertex 62 2 2
      vertex 57.5 13.5 2
    endloop
  endfacet
  facet normal -0 0 1
    outer loop
      vertex 57.3478 12.7346 2
      vertex 62 2 2
      vertex 57.4616 13.1098 2
    endloop
  endfacet
  facet normal -0 0 1
    outer loop
      vertex 57.1629 12.3889 2
      vertex 62 2 2
      vertex 57.3478 12.7346 2
    endloop
  endfacet
  facet normal -0 0 1
    outer loop
      vertex 56.9142 12.0858 2
      vertex 62 2 2
      vertex 57.1629 12.3889 2
    endloop
  endfacet
  facet normal -0 0 1
    outer loop
      vertex 56.6111 11.8371 2
      vertex 62 2 2
      vertex 56.9142 12.0858 2
    endloop
  endfacet
  facet normal -0 0 1
    outer loop
      vertex 56.2654 11.6522 2
      vertex 62 2 2
      vertex 56.6111 11.8371 2
    endloop
  endfacet
  facet normal -0 0 1
    outer loop
      vertex 55.8902 11.5384 2
      vertex 62 2 2
      vertex 56.2654 11.6522 2
    endloop
  endfacet
  facet normal -0 0 1
    outer loop
      vertex 55.5 11.5 2
      vertex 62 2 2
      vertex 55.8902 11.5384 2
    endloop
  endfacet
  facet normal 0 0 1
    outer loop
      vertex 55.1098 11.5384 2
      vertex 62 2 2
      vertex 55.5 11.5 2
    endloop
  endfacet
  facet normal 0 0 1
    outer loop
      vertex 54.7346 11.6522 2
      vertex 62 2 2
      vertex 55.1098 11.5384 2
    endloop
  endfacet
  facet normal 0 0 1
    outer loop
      vertex 54.3889 11.8371 2
      vertex 62 2 2
      vertex 54.7346 11.6522 2
    endloop
  endfacet
  facet normal 0 0 1
    outer loop
      vertex 54.0858 12.0858 2
      vertex 62 2 2
      vertex 54.3889 11.8371 2
    endloop
  endfacet
  facet normal 0 0 1
    outer loop
      vertex 9.91421 12.0858 2
      vertex 54.0858 12.0858 2
      vertex 53.8371 12.3889 2
    endloop
  endfacet
  facet normal 0 0 1
    outer loop
      vertex 53.5384 13.8902 2
      vertex 10.5 13.5 2
      vertex 53.5 13.5 2
    endloop
  endfacet
  facet normal 0 0 1
    outer loop
      vertex 53.5 13.5 2
      vertex 10.5 13.5 2
      vertex 53.5384 13.1098 2
    endloop
  endfacet
  facet normal 0 0 1
    outer loop
      vertex 10.4616 13.1098 2
      vertex 53.5384 13.1098 2
      vertex 10.5 13.5 2
    endloop
  endfacet
  facet normal 0 0 1
    outer loop
      vertex 53.5384 13.1098 2
      vertex 10.4616 13.1098 2
      vertex 53.6522 12.7346 2
    endloop
  endfacet
  facet normal 0 0 1
    outer loop
      vertex 10.3478 12.7346 2
      vertex 53.6522 12.7346 2
      vertex 10.4616 13.1098 2
    endloop
  endfacet
  facet normal 0 0 1
    outer loop
      vertex 53.6522 12.7346 2
      vertex 10.3478 12.7346 2
      vertex 53.8371 12.3889 2
    endloop
  endfacet
  facet normal 0 0 1
    outer loop
      vertex 10.1629 12.3889 2
      vertex 53.8371 12.3889 2
      vertex 10.3478 12.7346 2
    endloop
  endfacet
  facet normal 0 0 1
    outer loop
      vertex 9.91421 12.0858 2
      vertex 53.8371 12.3889 2
      vertex 10.1629 12.3889 2
    endloop
  endfacet
  facet normal 0 0 1
    outer loop
      vertex 54.0858 12.0858 2
      vertex 9.91421 12.0858 2
      vertex 62 2 2
    endloop
  endfacet
  facet normal 0 0 1
    outer loop
      vertex 2 2 2
      vertex 9.91421 12.0858 2
      vertex 9.61114 11.8371 2
    endloop
  endfacet
  facet normal 0 0 1
    outer loop
      vertex 2 2 2
      vertex 9.61114 11.8371 2
      vertex 9.26537 11.6522 2
    endloop
  endfacet
  facet normal 0 0 1
    outer loop
      vertex 2 2 2
      vertex 9.26537 11.6522 2
      vertex 8.89018 11.5384 2
    endloop
  endfacet
  facet normal 0 0 1
    outer loop
      vertex 2 2 2
      vertex 8.89018 11.5384 2
      vertex 8.5 11.5 2
    endloop
  endfacet
  facet normal 0 0 1
    outer loop
      vertex 2 2 2
      vertex 8.5 11.5 2
      vertex 8.10982 11.5384 2
    endloop
  endfacet
  facet normal 0 0 1
    outer loop
      vertex 6.53843 13.8902 2
      vertex 2 2 2
      vertex 6.5 13.5 2
    endloop
  endfacet
  facet normal 0 0 1
    outer loop
      vertex 9.91421 12.0858 2
      vertex 2 2 2
      vertex 62 2 2
    endloop
  endfacet
  facet normal 0 0 1
    outer loop
      vertex 7.73463 11.6522 2
      vertex 2 2 2
      vertex 8.10982 11.5384 2
    endloop
  endfacet
  facet normal 0 0 1
    outer loop
      vertex 7.38886 11.8371 2
      vertex 2 2 2
      vertex 7.73463 11.6522 2
    endloop
  endfacet
  facet normal 0 0 1
    outer loop
      vertex 7.08579 12.0858 2
      vertex 2 2 2
      vertex 7.38886 11.8371 2
    endloop
  endfacet
  facet normal 0 0 1
    outer loop
      vertex 6.83706 12.3889 2
      vertex 2 2 2
      vertex 7.08579 12.0858 2
    endloop
  endfacet
  facet normal 0 0 1
    outer loop
      vertex 6.65224 12.7346 2
      vertex 2 2 2
      vertex 6.83706 12.3889 2
    endloop
  endfacet
  facet normal 0 0 1
    outer loop
      vertex 6.53843 13.1098 2
      vertex 2 2 2
      vertex 6.65224 12.7346 2
    endloop
  endfacet
  facet normal 0 0 1
    outer loop
      vertex 6.5 13.5 2
      vertex 2 2 2
      vertex 6.53843 13.1098 2
    endloop
  endfacet
  facet normal 0 1 -0
    outer loop
      vertex 30 2 10
      vertex 28 2 11.2
      vertex 30 2 11.2
    endloop
  endfacet
  facet normal 0 1 0
    outer loop
      vertex 28 2 11.2
      vertex 30 2 10
      vertex 28 2 10
    endloop
  endfacet
  facet normal 0 1 -0
    outer loop
      vertex 36 2 10
      vertex 34 2 11.2
      vertex 36 2 11.2
    endloop
  endfacet
  facet normal 0 1 0
    outer loop
      vertex 34 2 11.2
      vertex 36 2 10
      vertex 34 2 10
    endloop
  endfacet
  facet normal 0 1 0
    outer loop
      vertex 40 2 11.2
      vertex 42.78 2 14.7
      vertex 42.78 2 12.5
    endloop
  endfacet
  facet normal 0 1 0
    outer loop
      vertex 42.78 2 14.7
      vertex 34 2 11.2
      vertex 21.22 2 14.7
    endloop
  endfacet
  facet normal 0 1 0
    outer loop
      vertex 42.78 2 14.7
      vertex 62 2 16.8
      vertex 49.38 2 14.7
    endloop
  endfacet
  facet normal 0 1 0
    outer loop
      vertex 62 2 16.8
      vertex 49.38 2 12.5
      vertex 49.38 2 14.7
    endloop
  endfacet
  facet normal 0 1 0
    outer loop
      vertex 40 2 10
      vertex 42.78 2 12.5
      vertex 49.38 2 12.5
    endloop
  endfacet
  facet normal 0 1 -0
    outer loop
      vertex 30 2 11.2
      vertex 21.22 2 14.7
      vertex 34 2 11.2
    endloop
  endfacet
  facet normal 0 1 -0
    outer loop
      vertex 24 2 11.2
      vertex 21.22 2 14.7
      vertex 28 2 11.2
    endloop
  endfacet
  facet normal 0 1 0
    outer loop
      vertex 42.78 2 14.7
      vertex 40 2 11.2
      vertex 36 2 11.2
    endloop
  endfacet
  facet normal 0 1 0
    outer loop
      vertex 42.78 2 12.5
      vertex 40 2 10
      vertex 40 2 11.2
    endloop
  endfacet
  facet normal 0 1 0
    outer loop
      vertex 62 2 2
      vertex 36 2 10
      vertex 40 2 10
    endloop
  endfacet
  facet normal 0 1 0
    outer loop
      vertex 36 2 10
      vertex 62 2 2
      vertex 34 2 10
    endloop
  endfacet
  facet normal 0 1 0
    outer loop
      vertex 34 2 10
      vertex 11.1 2 3.8
      vertex 30 2 10
    endloop
  endfacet
  facet normal 0 1 0
    outer loop
      vertex 30 2 10
      vertex 11.1 2 3.8
      vertex 28 2 10
    endloop
  endfacet
  facet normal 0 1 0
    outer loop
      vertex 28 2 10
      vertex 11.1 2 3.8
      vertex 24 2 10
    endloop
  endfacet
  facet normal 0 1 0
    outer loop
      vertex 2 2 2
      vertex 11.1 2 3.8
      vertex 62 2 2
    endloop
  endfacet
  facet normal 0 1 0
    outer loop
      vertex 34 2 10
      vertex 62 2 2
      vertex 11.1 2 3.8
    endloop
  endfacet
  facet normal 0 1 0
    outer loop
      vertex 49.38 2 12.5
      vertex 62 2 2
      vertex 40 2 10
    endloop
  endfacet
  facet normal 0 1 -0
    outer loop
      vertex 62 2 2
      vertex 49.38 2 12.5
      vertex 62 2 16.8
    endloop
  endfacet
  facet normal 0 1 0
    outer loop
      vertex 62 2 16.8
      vertex 42.78 2 14.7
      vertex 2 2 16.8
    endloop
  endfacet
  facet normal 0 1 -0
    outer loop
      vertex 21.22 2 14.7
      vertex 2 2 16.8
      vertex 42.78 2 14.7
    endloop
  endfacet
  facet normal 0 1 -0
    outer loop
      vertex 14.62 2 14.7
      vertex 2 2 16.8
      vertex 21.22 2 14.7
    endloop
  endfacet
  facet normal 0 1 0
    outer loop
      vertex 11.1 2 11.8
      vertex 14.62 2 14.7
      vertex 14.62 2 12.5
    endloop
  endfacet
  facet normal 0 1 0
    outer loop
      vertex 8.1 2 11.8
      vertex 14.62 2 14.7
      vertex 11.1 2 11.8
    endloop
  endfacet
  facet normal 0 1 0
    outer loop
      vertex 14.62 2 14.7
      vertex 8.1 2 11.8
      vertex 2 2 16.8
    endloop
  endfacet
  facet normal 0 1 0
    outer loop
      vertex 2 2 2
      vertex 8.1 2 11.8
      vertex 8.1 2 3.8
    endloop
  endfacet
  facet normal 0 1 0
    outer loop
      vertex 8.1 2 11.8
      vertex 2 2 2
      vertex 2 2 16.8
    endloop
  endfacet
  facet normal 0 1 0
    outer loop
      vertex 11.1 2 3.8
      vertex 2 2 2
      vertex 8.1 2 3.8
    endloop
  endfacet
  facet normal 0 1 0
    outer loop
      vertex 42.78 2 14.7
      vertex 36 2 11.2
      vertex 34 2 11.2
    endloop
  endfacet
  facet normal 0 1 -0
    outer loop
      vertex 28 2 11.2
      vertex 21.22 2 14.7
      vertex 30 2 11.2
    endloop
  endfacet
  facet normal 0 1 0
    outer loop
      vertex 21.22 2 14.7
      vertex 24 2 11.2
      vertex 21.22 2 12.5
    endloop
  endfacet
  facet normal 0 1 -0
    outer loop
      vertex 24 2 10
      vertex 21.22 2 12.5
      vertex 24 2 11.2
    endloop
  endfacet
  facet normal 0 1 0
    outer loop
      vertex 21.22 2 12.5
      vertex 24 2 10
      vertex 14.62 2 12.5
    endloop
  endfacet
  facet normal 0 1 0
    outer loop
      vertex 11.1 2 3.8
      vertex 14.62 2 12.5
      vertex 24 2 10
    endloop
  endfacet
  facet normal 0 1 0
    outer loop
      vertex 14.62 2 12.5
      vertex 11.1 2 3.8
      vertex 11.1 2 11.8
    endloop
  endfacet
  facet normal 0 -1 0
    outer loop
      vertex 34 42 10
      vertex 36 42 11.2
      vertex 34 42 11.2
    endloop
  endfacet
  facet normal 0 -1 -0
    outer loop
      vertex 36 42 11.2
      vertex 34 42 10
      vertex 36 42 10
    endloop
  endfacet
  facet normal 0 -1 0
    outer loop
      vertex 28 42 10
      vertex 30 42 11.2
      vertex 28 42 11.2
    endloop
  endfacet
  facet normal 0 -1 -0
    outer loop
      vertex 30 42 11.2
      vertex 28 42 10
      vertex 30 42 10
    endloop
  endfacet
  facet normal 0 -1 0
    outer loop
      vertex 24 42 11.2
      vertex 21.22 42 14.7
      vertex 21.22 42 12.5
    endloop
  endfacet
  facet normal 0 -1 0
    outer loop
      vertex 21.22 42 14.7
      vertex 30 42 11.2
      vertex 42.78 42 14.7
    endloop
  endfacet
  facet normal 0 -1 0
    outer loop
      vertex 21.22 42 14.7
      vertex 2 42 16.8
      vertex 14.62 42 14.7
    endloop
  endfacet
  facet normal 0 -1 0
    outer loop
      vertex 2 42 16.8
      vertex 14.62 42 12.5
      vertex 14.62 42 14.7
    endloop
  endfacet
  facet normal 0 -1 0
    outer loop
      vertex 24 42 10
      vertex 21.22 42 12.5
      vertex 14.62 42 12.5
    endloop
  endfacet
  facet normal 0 -1 0
    outer loop
      vertex 34 42 11.2
      vertex 42.78 42 14.7
      vertex 30 42 11.2
    endloop
  endfacet
  facet normal 0 -1 0
    outer loop
      vertex 21.22 42 14.7
      vertex 24 42 11.2
      vertex 28 42 11.2
    endloop
  endfacet
  facet normal 0 -1 0
    outer loop
      vertex 21.22 42 12.5
      vertex 24 42 10
      vertex 24 42 11.2
    endloop
  endfacet
  facet normal 0 -1 0
    outer loop
      vertex 2 42 2
      vertex 28 42 10
      vertex 24 42 10
    endloop
  endfacet
  facet normal 0 -1 -0
    outer loop
      vertex 28 42 10
      vertex 2 42 2
      vertex 30 42 10
    endloop
  endfacet
  facet normal 0 -1 -0
    outer loop
      vertex 30 42 10
      vertex 2 42 2
      vertex 34 42 10
    endloop
  endfacet
  facet normal 0 -1 0
    outer loop
      vertex 62 42 2
      vertex 34 42 10
      vertex 2 42 2
    endloop
  endfacet
  facet normal 0 -1 0
    outer loop
      vertex 34 42 10
      vertex 62 42 2
      vertex 36 42 10
    endloop
  endfacet
  facet normal 0 -1 -0
    outer loop
      vertex 14.62 42 12.5
      vertex 2 42 2
      vertex 24 42 10
    endloop
  endfacet
  facet normal 0 -1 0
    outer loop
      vertex 2 42 2
      vertex 14.62 42 12.5
      vertex 2 42 16.8
    endloop
  endfacet
  facet normal 0 -1 0
    outer loop
      vertex 2 42 16.8
      vertex 21.22 42 14.7
      vertex 62 42 16.8
    endloop
  endfacet
  facet normal 0 -1 0
    outer loop
      vertex 42.78 42 14.7
      vertex 62 42 16.8
      vertex 21.22 42 14.7
    endloop
  endfacet
  facet normal 0 -1 0
    outer loop
      vertex 49.38 42 14.7
      vertex 62 42 16.8
      vertex 42.78 42 14.7
    endloop
  endfacet
  facet normal 0 -1 0
    outer loop
      vertex 49.38 42 12.5
      vertex 62 42 16.8
      vertex 49.38 42 14.7
    endloop
  endfacet
  facet normal 0 -1 0
    outer loop
      vertex 21.22 42 14.7
      vertex 28 42 11.2
      vertex 30 42 11.2
    endloop
  endfacet
  facet normal 0 -1 0
    outer loop
      vertex 36 42 11.2
      vertex 42.78 42 14.7
      vertex 34 42 11.2
    endloop
  endfacet
  facet normal 0 -1 0
    outer loop
      vertex 40 42 11.2
      vertex 42.78 42 14.7
      vertex 36 42 11.2
    endloop
  endfacet
  facet normal 0 -1 -0
    outer loop
      vertex 42.78 42 14.7
      vertex 40 42 11.2
      vertex 42.78 42 12.5
    endloop
  endfacet
  facet normal 0 -1 0
    outer loop
      vertex 40 42 10
      vertex 42.78 42 12.5
      vertex 40 42 11.2
    endloop
  endfacet
  facet normal 0 -1 -0
    outer loop
      vertex 42.78 42 12.5
      vertex 40 42 10
      vertex 49.38 42 12.5
    endloop
  endfacet
  facet normal 0 -1 0
    outer loop
      vertex 49.38 42 12.5
      vertex 62 42 2
      vertex 62 42 16.8
    endloop
  endfacet
  facet normal 0 -1 0
    outer loop
      vertex 40 42 10
      vertex 62 42 2
      vertex 49.38 42 12.5
    endloop
  endfacet
  facet normal 0 -1 0
    outer loop
      vertex 36 42 10
      vertex 62 42 2
      vertex 40 42 10
    endloop
  endfacet
  facet normal 0 0 -1
    outer loop
      vertex 0 3 14.8
      vertex 2 41 14.8
      vertex 2 3 14.8
    endloop
  endfacet
  facet normal -0 0 -1
    outer loop
      vertex 2 41 14.8
      vertex 0 3 14.8
      vertex 0 41 14.8
    endloop
  endfacet
  facet normal 0 -1 0
    outer loop
      vertex 0 41 2.8
      vertex 2 41 14.8
      vertex 0 41 14.8
    endloop
  endfacet
  facet normal 0 -1 -0
    outer loop
      vertex 2 41 14.8
      vertex 0 41 2.8
      vertex 2 41 2.8
    endloop
  endfacet
  facet normal -0 0 1
    outer loop
      vertex 0 41 2.8
      vertex 2 3 2.8
      vertex 2 41 2.8
    endloop
  endfacet
  facet normal 0 0 1
    outer loop
      vertex 2 3 2.8
      vertex 0 41 2.8
      vertex 0 3 2.8
    endloop
  endfacet
  facet normal 0 1 -0
    outer loop
      vertex 2 3 2.8
      vertex 0 3 14.8
      vertex 2 3 14.8
    endloop
  endfacet
  facet normal 0 1 0
    outer loop
      vertex 0 3 14.8
      vertex 2 3 2.8
      vertex 0 3 2.8
    endloop
  endfacet
  facet normal 1 -0 0
    outer loop
      vertex 8.1 0 11.8
      vertex 8.1 2 3.8
      vertex 8.1 2 11.8
    endloop
  endfacet
  facet normal 1 0 0
    outer loop
      vertex 8.1 2 3.8
      vertex 8.1 0 11.8
      vertex 8.1 0 3.8
    endloop
  endfacet
  facet normal 0 0 -1
    outer loop
      vertex 8.1 0 11.8
      vertex 11.1 2 11.8
      vertex 11.1 0 11.8
    endloop
  endfacet
  facet normal -0 0 -1
    outer loop
      vertex 11.1 2 11.8
      vertex 8.1 0 11.8
      vertex 8.1 2 11.8
    endloop
  endfacet
  facet normal -1 0 0
    outer loop
      vertex 11.1 0 3.8
      vertex 11.1 2 11.8
      vertex 11.1 2 3.8
    endloop
  endfacet
  facet normal -1 -0 0
    outer loop
      vertex 11.1 2 11.8
      vertex 11.1 0 3.8
      vertex 11.1 0 11.8
    endloop
  endfacet
  facet normal -0 0 1
    outer loop
      vertex 8.1 2 3.8
      vertex 11.1 0 3.8
      vertex 11.1 2 3.8
    endloop
  endfacet
  facet normal 0 0 1
    outer loop
      vertex 11.1 0 3.8
      vertex 8.1 2 3.8
      vertex 8.1 0 3.8
    endloop
  endfacet
  facet normal 0.995193 0.097938 0
    outer loop
      vertex 10.5 13.5 5
      vertex 10.4616 13.8902 2
      vertex 10.4616 13.8902 5
    endloop
  endfacet
  facet normal 0.995193 0.097938 0
    outer loop
      vertex 10.4616 13.8902 2
      vertex 10.5 13.5 5
      vertex 10.5 13.5 2
    endloop
  endfacet
  facet normal -0.995185 0.0980137 0
    outer loop
      vertex 6.5 13.5 2
      vertex 6.53843 13.8902 5
      vertex 6.53843 13.8902 2
    endloop
  endfacet
  facet normal -0.995185 0.0980137 0
    outer loop
      vertex 6.53843 13.8902 5
      vertex 6.5 13.5 2
      vertex 6.5 13.5 5
    endloop
  endfacet
  facet normal 0.0979429 0.995192 -0
    outer loop
      vertex 8.89018 15.4616 2
      vertex 8.5 15.5 5
      vertex 8.89018 15.4616 5
    endloop
  endfacet
  facet normal 0.0979429 0.995192 0
    outer loop
      vertex 8.5 15.5 5
      vertex 8.89018 15.4616 2
      vertex 8.5 15.5 2
    endloop
  endfacet
  facet normal -0.0979429 -0.995192 0
    outer loop
      vertex 8.10982 11.5384 2
      vertex 8.5 11.5 5
      vertex 8.10982 11.5384 5
    endloop
  endfacet
  facet normal -0.0979429 -0.995192 -0
    outer loop
      vertex 8.5 11.5 5
      vertex 8.10982 11.5384 2
      vertex 8.5 11.5 2
    endloop
  endfacet
  facet normal -0.773033 -0.634366 0
    outer loop
      vertex 7.08579 12.0858 2
      vertex 6.83706 12.3889 5
      vertex 6.83706 12.3889 2
    endloop
  endfacet
  facet normal -0.773033 -0.634366 0
    outer loop
      vertex 6.83706 12.3889 5
      vertex 7.08579 12.0858 2
      vertex 7.08579 12.0858 5
    endloop
  endfacet
  facet normal 0.634358 0.773039 -0
    outer loop
      vertex 9.91421 14.9142 2
      vertex 9.61114 15.1629 5
      vertex 9.91421 14.9142 5
    endloop
  endfacet
  facet normal 0.634358 0.773039 0
    outer loop
      vertex 9.61114 15.1629 5
      vertex 9.91421 14.9142 2
      vertex 9.61114 15.1629 2
    endloop
  endfacet
  facet normal -0.634358 0.773039 0
    outer loop
      vertex 7.38886 15.1629 2
      vertex 7.08579 14.9142 5
      vertex 7.38886 15.1629 5
    endloop
  endfacet
  facet normal -0.634358 0.773039 0
    outer loop
      vertex 7.08579 14.9142 5
      vertex 7.38886 15.1629 2
      vertex 7.08579 14.9142 2
    endloop
  endfacet
  facet normal -0.290255 0.956949 0
    outer loop
      vertex 8.10982 15.4616 2
      vertex 7.73463 15.3478 5
      vertex 8.10982 15.4616 5
    endloop
  endfacet
  facet normal -0.290255 0.956949 0
    outer loop
      vertex 7.73463 15.3478 5
      vertex 8.10982 15.4616 2
      vertex 7.73463 15.3478 2
    endloop
  endfacet
  facet normal 0.881795 -0.471634 0
    outer loop
      vertex 10.1629 12.3889 5
      vertex 10.3478 12.7346 2
      vertex 10.3478 12.7346 5
    endloop
  endfacet
  facet normal 0.881795 -0.471634 0
    outer loop
      vertex 10.3478 12.7346 2
      vertex 10.1629 12.3889 5
      vertex 10.1629 12.3889 2
    endloop
  endfacet
  facet normal 0.881795 0.471634 0
    outer loop
      vertex 10.3478 14.2654 5
      vertex 10.1629 14.6111 2
      vertex 10.1629 14.6111 5
    endloop
  endfacet
  facet normal 0.881795 0.471634 0
    outer loop
      vertex 10.1629 14.6111 2
      vertex 10.3478 14.2654 5
      vertex 10.3478 14.2654 2
    endloop
  endfacet
  facet normal 0.956951 0.290248 0
    outer loop
      vertex 10.4616 13.8902 5
      vertex 10.3478 14.2654 2
      vertex 10.3478 14.2654 5
    endloop
  endfacet
  facet normal 0.956951 0.290248 0
    outer loop
      vertex 10.3478 14.2654 2
      vertex 10.4616 13.8902 5
      vertex 10.4616 13.8902 2
    endloop
  endfacet
  facet normal 0.773083 0.634305 0
    outer loop
      vertex 10.1629 14.6111 5
      vertex 9.91421 14.9142 2
      vertex 9.91421 14.9142 5
    endloop
  endfacet
  facet normal 0.773083 0.634305 0
    outer loop
      vertex 9.91421 14.9142 2
      vertex 10.1629 14.6111 5
      vertex 10.1629 14.6111 2
    endloop
  endfacet
  facet normal 0.290255 0.956949 -0
    outer loop
      vertex 9.26537 15.3478 2
      vertex 8.89018 15.4616 5
      vertex 9.26537 15.3478 5
    endloop
  endfacet
  facet normal 0.290255 0.956949 0
    outer loop
      vertex 8.89018 15.4616 5
      vertex 9.26537 15.3478 2
      vertex 8.89018 15.4616 2
    endloop
  endfacet
  facet normal 0.47156 0.881834 -0
    outer loop
      vertex 9.61114 15.1629 2
      vertex 9.26537 15.3478 5
      vertex 9.61114 15.1629 5
    endloop
  endfacet
  facet normal 0.47156 0.881834 0
    outer loop
      vertex 9.26537 15.3478 5
      vertex 9.61114 15.1629 2
      vertex 9.26537 15.3478 2
    endloop
  endfacet
  facet normal -0.881879 0.471475 0
    outer loop
      vertex 6.65224 14.2654 2
      vertex 6.83706 14.6111 5
      vertex 6.83706 14.6111 2
    endloop
  endfacet
  facet normal -0.881879 0.471475 0
    outer loop
      vertex 6.83706 14.6111 5
      vertex 6.65224 14.2654 2
      vertex 6.65224 14.2654 5
    endloop
  endfacet
  facet normal -0.773033 0.634366 0
    outer loop
      vertex 6.83706 14.6111 2
      vertex 7.08579 14.9142 5
      vertex 7.08579 14.9142 2
    endloop
  endfacet
  facet normal -0.773033 0.634366 0
    outer loop
      vertex 7.08579 14.9142 5
      vertex 6.83706 14.6111 2
      vertex 6.83706 14.6111 5
    endloop
  endfacet
  facet normal -0.956944 0.290271 0
    outer loop
      vertex 6.53843 13.8902 2
      vertex 6.65224 14.2654 5
      vertex 6.65224 14.2654 2
    endloop
  endfacet
  facet normal -0.956944 0.290271 0
    outer loop
      vertex 6.65224 14.2654 5
      vertex 6.53843 13.8902 2
      vertex 6.53843 13.8902 5
    endloop
  endfacet
  facet normal 0 0 1
    outer loop
      vertex 9.5 13.5 5
      vertex 10.5 13.5 5
      vertex 10.4616 13.8902 5
    endloop
  endfacet
  facet normal 0 0 1
    outer loop
      vertex 9.42388 13.8827 5
      vertex 10.4616 13.8902 5
      vertex 10.3478 14.2654 5
    endloop
  endfacet
  facet normal 0 0 1
    outer loop
      vertex 10.5 13.5 5
      vertex 9.5 13.5 5
      vertex 10.4616 13.1098 5
    endloop
  endfacet
  facet normal 0 0 1
    outer loop
      vertex 9.42388 13.8827 5
      vertex 10.3478 14.2654 5
      vertex 10.1629 14.6111 5
    endloop
  endfacet
  facet normal -0 0 1
    outer loop
      vertex 9.42388 13.1173 5
      vertex 10.4616 13.1098 5
      vertex 9.5 13.5 5
    endloop
  endfacet
  facet normal 0 0 1
    outer loop
      vertex 9.20711 14.2071 5
      vertex 10.1629 14.6111 5
      vertex 9.91421 14.9142 5
    endloop
  endfacet
  facet normal 0 0 1
    outer loop
      vertex 10.4616 13.1098 5
      vertex 9.42388 13.1173 5
      vertex 10.3478 12.7346 5
    endloop
  endfacet
  facet normal 0 0 1
    outer loop
      vertex 9.20711 14.2071 5
      vertex 9.91421 14.9142 5
      vertex 9.61114 15.1629 5
    endloop
  endfacet
  facet normal 0 0 1
    outer loop
      vertex 10.3478 12.7346 5
      vertex 9.42388 13.1173 5
      vertex 10.1629 12.3889 5
    endloop
  endfacet
  facet normal -0 0 1
    outer loop
      vertex 9.20711 12.7929 5
      vertex 10.1629 12.3889 5
      vertex 9.42388 13.1173 5
    endloop
  endfacet
  facet normal 0 0 1
    outer loop
      vertex 10.4616 13.8902 5
      vertex 9.42388 13.8827 5
      vertex 9.5 13.5 5
    endloop
  endfacet
  facet normal 0 0 1
    outer loop
      vertex 8.88268 14.4239 5
      vertex 9.61114 15.1629 5
      vertex 9.26537 15.3478 5
    endloop
  endfacet
  facet normal 0 0 1
    outer loop
      vertex 10.1629 14.6111 5
      vertex 9.20711 14.2071 5
      vertex 9.42388 13.8827 5
    endloop
  endfacet
  facet normal 0 0 1
    outer loop
      vertex 8.88268 14.4239 5
      vertex 9.26537 15.3478 5
      vertex 8.89018 15.4616 5
    endloop
  endfacet
  facet normal 0 0 1
    outer loop
      vertex 9.61114 15.1629 5
      vertex 8.88268 14.4239 5
      vertex 9.20711 14.2071 5
    endloop
  endfacet
  facet normal 0 0 1
    outer loop
      vertex 8.5 14.5 5
      vertex 8.89018 15.4616 5
      vertex 8.5 15.5 5
    endloop
  endfacet
  facet normal 0 0 1
    outer loop
      vertex 8.89018 15.4616 5
      vertex 8.5 14.5 5
      vertex 8.88268 14.4239 5
    endloop
  endfacet
  facet normal -0 0 1
    outer loop
      vertex 8.10982 15.4616 5
      vertex 8.5 14.5 5
      vertex 8.5 15.5 5
    endloop
  endfacet
  facet normal 0 0 1
    outer loop
      vertex 8.5 14.5 5
      vertex 8.10982 15.4616 5
      vertex 8.11732 14.4239 5
    endloop
  endfacet
  facet normal -0 0 1
    outer loop
      vertex 7.73463 15.3478 5
      vertex 8.11732 14.4239 5
      vertex 8.10982 15.4616 5
    endloop
  endfacet
  facet normal -0 0 1
    outer loop
      vertex 7.38886 15.1629 5
      vertex 8.11732 14.4239 5
      vertex 7.73463 15.3478 5
    endloop
  endfacet
  facet normal 0 0 1
    outer loop
      vertex 8.11732 14.4239 5
      vertex 7.38886 15.1629 5
      vertex 7.79289 14.2071 5
    endloop
  endfacet
  facet normal -0 0 1
    outer loop
      vertex 7.08579 14.9142 5
      vertex 7.79289 14.2071 5
      vertex 7.38886 15.1629 5
    endloop
  endfacet
  facet normal -0 0 1
    outer loop
      vertex 6.83706 14.6111 5
      vertex 7.79289 14.2071 5
      vertex 7.08579 14.9142 5
    endloop
  endfacet
  facet normal 0 0 1
    outer loop
      vertex 10.1629 12.3889 5
      vertex 9.20711 12.7929 5
      vertex 9.91421 12.0858 5
    endloop
  endfacet
  facet normal 0 0 1
    outer loop
      vertex 9.91421 12.0858 5
      vertex 9.20711 12.7929 5
      vertex 9.61114 11.8371 5
    endloop
  endfacet
  facet normal -0 0 1
    outer loop
      vertex 8.88268 12.5761 5
      vertex 9.61114 11.8371 5
      vertex 9.20711 12.7929 5
    endloop
  endfacet
  facet normal 0 0 1
    outer loop
      vertex 9.61114 11.8371 5
      vertex 8.88268 12.5761 5
      vertex 9.26537 11.6522 5
    endloop
  endfacet
  facet normal 0 0 1
    outer loop
      vertex 9.26537 11.6522 5
      vertex 8.88268 12.5761 5
      vertex 8.89018 11.5384 5
    endloop
  endfacet
  facet normal -0 0 1
    outer loop
      vertex 8.5 12.5 5
      vertex 8.89018 11.5384 5
      vertex 8.88268 12.5761 5
    endloop
  endfacet
  facet normal 0 0 1
    outer loop
      vertex 8.5 12.5 5
      vertex 8.5 11.5 5
      vertex 8.89018 11.5384 5
    endloop
  endfacet
  facet normal 0 0 1
    outer loop
      vertex 8.10982 11.5384 5
      vertex 8.5 12.5 5
      vertex 8.11732 12.5761 5
    endloop
  endfacet
  facet normal 0 0 1
    outer loop
      vertex 8.5 12.5 5
      vertex 8.10982 11.5384 5
      vertex 8.5 11.5 5
    endloop
  endfacet
  facet normal 0 0 1
    outer loop
      vertex 7.38886 11.8371 5
      vertex 8.11732 12.5761 5
      vertex 7.79289 12.7929 5
    endloop
  endfacet
  facet normal 0 0 1
    outer loop
      vertex 8.11732 12.5761 5
      vertex 7.73463 11.6522 5
      vertex 8.10982 11.5384 5
    endloop
  endfacet
  facet normal 0 0 1
    outer loop
      vertex 6.83706 12.3889 5
      vertex 7.79289 12.7929 5
      vertex 7.57612 13.1173 5
    endloop
  endfacet
  facet normal 0 0 1
    outer loop
      vertex 6.53843 13.1098 5
      vertex 7.57612 13.1173 5
      vertex 7.5 13.5 5
    endloop
  endfacet
  facet normal 0 0 1
    outer loop
      vertex 8.11732 12.5761 5
      vertex 7.38886 11.8371 5
      vertex 7.73463 11.6522 5
    endloop
  endfacet
  facet normal 0 0 1
    outer loop
      vertex 7.79289 14.2071 5
      vertex 6.83706 14.6111 5
      vertex 7.57612 13.8827 5
    endloop
  endfacet
  facet normal -0 0 1
    outer loop
      vertex 6.65224 14.2654 5
      vertex 7.57612 13.8827 5
      vertex 6.83706 14.6111 5
    endloop
  endfacet
  facet normal 0 0 1
    outer loop
      vertex 7.79289 12.7929 5
      vertex 7.08579 12.0858 5
      vertex 7.38886 11.8371 5
    endloop
  endfacet
  facet normal -0 0 1
    outer loop
      vertex 6.53843 13.8902 5
      vertex 7.57612 13.8827 5
      vertex 6.65224 14.2654 5
    endloop
  endfacet
  facet normal 0 0 1
    outer loop
      vertex 7.79289 12.7929 5
      vertex 6.83706 12.3889 5
      vertex 7.08579 12.0858 5
    endloop
  endfacet
  facet normal 0 0 1
    outer loop
      vertex 7.57612 13.8827 5
      vertex 6.53843 13.8902 5
      vertex 7.5 13.5 5
    endloop
  endfacet
  facet normal 0 0 1
    outer loop
      vertex 7.57612 13.1173 5
      vertex 6.65224 12.7346 5
      vertex 6.83706 12.3889 5
    endloop
  endfacet
  facet normal 0 0 1
    outer loop
      vertex 6.5 13.5 5
      vertex 7.5 13.5 5
      vertex 6.53843 13.8902 5
    endloop
  endfacet
  facet normal 0 0 1
    outer loop
      vertex 7.57612 13.1173 5
      vertex 6.53843 13.1098 5
      vertex 6.65224 12.7346 5
    endloop
  endfacet
  facet normal 0 0 1
    outer loop
      vertex 7.5 13.5 5
      vertex 6.5 13.5 5
      vertex 6.53843 13.1098 5
    endloop
  endfacet
  facet normal -0.47156 0.881834 0
    outer loop
      vertex 7.73463 15.3478 2
      vertex 7.38886 15.1629 5
      vertex 7.73463 15.3478 5
    endloop
  endfacet
  facet normal -0.47156 0.881834 0
    outer loop
      vertex 7.38886 15.1629 5
      vertex 7.73463 15.3478 2
      vertex 7.38886 15.1629 2
    endloop
  endfacet
  facet normal -0.0979429 0.995192 0
    outer loop
      vertex 8.5 15.5 2
      vertex 8.10982 15.4616 5
      vertex 8.5 15.5 5
    endloop
  endfacet
  facet normal -0.0979429 0.995192 0
    outer loop
      vertex 8.10982 15.4616 5
      vertex 8.5 15.5 2
      vertex 8.10982 15.4616 2
    endloop
  endfacet
  facet normal 0.995193 -0.097938 0
    outer loop
      vertex 10.4616 13.1098 5
      vertex 10.5 13.5 2
      vertex 10.5 13.5 5
    endloop
  endfacet
  facet normal 0.995193 -0.097938 0
    outer loop
      vertex 10.5 13.5 2
      vertex 10.4616 13.1098 5
      vertex 10.4616 13.1098 2
    endloop
  endfacet
  facet normal 0.47156 -0.881834 0
    outer loop
      vertex 9.26537 11.6522 2
      vertex 9.61114 11.8371 5
      vertex 9.26537 11.6522 5
    endloop
  endfacet
  facet normal 0.47156 -0.881834 0
    outer loop
      vertex 9.61114 11.8371 5
      vertex 9.26537 11.6522 2
      vertex 9.61114 11.8371 2
    endloop
  endfacet
  facet normal 0.0979429 -0.995192 0
    outer loop
      vertex 8.5 11.5 2
      vertex 8.89018 11.5384 5
      vertex 8.5 11.5 5
    endloop
  endfacet
  facet normal 0.0979429 -0.995192 0
    outer loop
      vertex 8.89018 11.5384 5
      vertex 8.5 11.5 2
      vertex 8.89018 11.5384 2
    endloop
  endfacet
  facet normal 0.634358 -0.773039 0
    outer loop
      vertex 9.61114 11.8371 2
      vertex 9.91421 12.0858 5
      vertex 9.61114 11.8371 5
    endloop
  endfacet
  facet normal 0.634358 -0.773039 0
    outer loop
      vertex 9.91421 12.0858 5
      vertex 9.61114 11.8371 2
      vertex 9.91421 12.0858 2
    endloop
  endfacet
  facet normal -0.634358 -0.773039 0
    outer loop
      vertex 7.08579 12.0858 2
      vertex 7.38886 11.8371 5
      vertex 7.08579 12.0858 5
    endloop
  endfacet
  facet normal -0.634358 -0.773039 -0
    outer loop
      vertex 7.38886 11.8371 5
      vertex 7.08579 12.0858 2
      vertex 7.38886 11.8371 2
    endloop
  endfacet
  facet normal -0.290255 -0.956949 0
    outer loop
      vertex 7.73463 11.6522 2
      vertex 8.10982 11.5384 5
      vertex 7.73463 11.6522 5
    endloop
  endfacet
  facet normal -0.290255 -0.956949 -0
    outer loop
      vertex 8.10982 11.5384 5
      vertex 7.73463 11.6522 2
      vertex 8.10982 11.5384 2
    endloop
  endfacet
  facet normal -0.881879 -0.471475 0
    outer loop
      vertex 6.83706 12.3889 2
      vertex 6.65224 12.7346 5
      vertex 6.65224 12.7346 2
    endloop
  endfacet
  facet normal -0.881879 -0.471475 0
    outer loop
      vertex 6.65224 12.7346 5
      vertex 6.83706 12.3889 2
      vertex 6.83706 12.3889 5
    endloop
  endfacet
  facet normal -0.995185 -0.0980137 0
    outer loop
      vertex 6.53843 13.1098 2
      vertex 6.5 13.5 5
      vertex 6.5 13.5 2
    endloop
  endfacet
  facet normal -0.995185 -0.0980137 0
    outer loop
      vertex 6.5 13.5 5
      vertex 6.53843 13.1098 2
      vertex 6.53843 13.1098 5
    endloop
  endfacet
  facet normal 0.290255 -0.956949 0
    outer loop
      vertex 8.89018 11.5384 2
      vertex 9.26537 11.6522 5
      vertex 8.89018 11.5384 5
    endloop
  endfacet
  facet normal 0.290255 -0.956949 0
    outer loop
      vertex 9.26537 11.6522 5
      vertex 8.89018 11.5384 2
      vertex 9.26537 11.6522 2
    endloop
  endfacet
  facet normal 0.773083 -0.634305 0
    outer loop
      vertex 9.91421 12.0858 5
      vertex 10.1629 12.3889 2
      vertex 10.1629 12.3889 5
    endloop
  endfacet
  facet normal 0.773083 -0.634305 0
    outer loop
      vertex 10.1629 12.3889 2
      vertex 9.91421 12.0858 5
      vertex 9.91421 12.0858 2
    endloop
  endfacet
  facet normal 0.956951 -0.290248 0
    outer loop
      vertex 10.3478 12.7346 5
      vertex 10.4616 13.1098 2
      vertex 10.4616 13.1098 5
    endloop
  endfacet
  facet normal 0.956951 -0.290248 0
    outer loop
      vertex 10.4616 13.1098 2
      vertex 10.3478 12.7346 5
      vertex 10.3478 12.7346 2
    endloop
  endfacet
  facet normal -0.47156 -0.881834 0
    outer loop
      vertex 7.38886 11.8371 2
      vertex 7.73463 11.6522 5
      vertex 7.38886 11.8371 5
    endloop
  endfacet
  facet normal -0.47156 -0.881834 -0
    outer loop
      vertex 7.73463 11.6522 5
      vertex 7.38886 11.8371 2
      vertex 7.73463 11.6522 2
    endloop
  endfacet
  facet normal -0.956944 -0.290271 0
    outer loop
      vertex 6.65224 12.7346 2
      vertex 6.53843 13.1098 5
      vertex 6.53843 13.1098 2
    endloop
  endfacet
  facet normal -0.956944 -0.290271 0
    outer loop
      vertex 6.53843 13.1098 5
      vertex 6.65224 12.7346 2
      vertex 6.65224 12.7346 5
    endloop
  endfacet
  facet normal -0.980787 -0.195081 0
    outer loop
      vertex 9.5 13.5 2.6
      vertex 9.42388 13.8827 5
      vertex 9.42388 13.8827 2.6
    endloop
  endfacet
  facet normal -0.980787 -0.195081 0
    outer loop
      vertex 9.42388 13.8827 5
      vertex 9.5 13.5 2.6
      vertex 9.5 13.5 5
    endloop
  endfacet
  facet normal 0.980787 -0.195081 0
    outer loop
      vertex 7.5 13.5 5
      vertex 7.57612 13.8827 2.6
      vertex 7.57612 13.8827 5
    endloop
  endfacet
  facet normal 0.980787 -0.195081 0
    outer loop
      vertex 7.57612 13.8827 2.6
      vertex 7.5 13.5 5
      vertex 7.5 13.5 2.6
    endloop
  endfacet
  facet normal -0.195042 -0.980795 0
    outer loop
      vertex 8.5 14.5 2.6
      vertex 8.88268 14.4239 5
      vertex 8.5 14.5 5
    endloop
  endfacet
  facet normal -0.195042 -0.980795 -0
    outer loop
      vertex 8.88268 14.4239 5
      vertex 8.5 14.5 2.6
      vertex 8.88268 14.4239 2.6
    endloop
  endfacet
  facet normal -0.831454 -0.555593 0
    outer loop
      vertex 9.42388 13.8827 2.6
      vertex 9.20711 14.2071 5
      vertex 9.20711 14.2071 2.6
    endloop
  endfacet
  facet normal -0.831454 -0.555593 0
    outer loop
      vertex 9.20711 14.2071 5
      vertex 9.42388 13.8827 2.6
      vertex 9.42388 13.8827 5
    endloop
  endfacet
  facet normal -0.195042 0.980795 0
    outer loop
      vertex 8.88268 12.5761 2.6
      vertex 8.5 12.5 5
      vertex 8.88268 12.5761 5
    endloop
  endfacet
  facet normal -0.195042 0.980795 0
    outer loop
      vertex 8.5 12.5 5
      vertex 8.88268 12.5761 2.6
      vertex 8.5 12.5 2.6
    endloop
  endfacet
  facet normal 0.195042 0.980795 -0
    outer loop
      vertex 8.5 12.5 2.6
      vertex 8.11732 12.5761 5
      vertex 8.5 12.5 5
    endloop
  endfacet
  facet normal 0.195042 0.980795 0
    outer loop
      vertex 8.11732 12.5761 5
      vertex 8.5 12.5 2.6
      vertex 8.11732 12.5761 2.6
    endloop
  endfacet
  facet normal 0.195042 -0.980795 0
    outer loop
      vertex 8.11732 14.4239 2.6
      vertex 8.5 14.5 5
      vertex 8.11732 14.4239 5
    endloop
  endfacet
  facet normal 0.195042 -0.980795 0
    outer loop
      vertex 8.5 14.5 5
      vertex 8.11732 14.4239 2.6
      vertex 8.5 14.5 2.6
    endloop
  endfacet
  facet normal 0.555611 -0.831443 0
    outer loop
      vertex 7.79289 14.2071 2.6
      vertex 8.11732 14.4239 5
      vertex 7.79289 14.2071 5
    endloop
  endfacet
  facet normal 0.555611 -0.831443 0
    outer loop
      vertex 8.11732 14.4239 5
      vertex 7.79289 14.2071 2.6
      vertex 8.11732 14.4239 2.6
    endloop
  endfacet
  facet normal 0.980787 0.195081 0
    outer loop
      vertex 7.57612 13.1173 5
      vertex 7.5 13.5 2.6
      vertex 7.5 13.5 5
    endloop
  endfacet
  facet normal 0.980787 0.195081 0
    outer loop
      vertex 7.5 13.5 2.6
      vertex 7.57612 13.1173 5
      vertex 7.57612 13.1173 2.6
    endloop
  endfacet
  facet normal 0.555611 0.831443 -0
    outer loop
      vertex 8.11732 12.5761 2.6
      vertex 7.79289 12.7929 5
      vertex 8.11732 12.5761 5
    endloop
  endfacet
  facet normal 0.555611 0.831443 0
    outer loop
      vertex 7.79289 12.7929 5
      vertex 8.11732 12.5761 2.6
      vertex 7.79289 12.7929 2.6
    endloop
  endfacet
  facet normal 0 0 1
    outer loop
      vertex 9.42388 13.8827 2.6
      vertex 9.42388 13.1173 2.6
      vertex 9.5 13.5 2.6
    endloop
  endfacet
  facet normal 0 0 1
    outer loop
      vertex 9.20711 14.2071 2.6
      vertex 9.42388 13.1173 2.6
      vertex 9.42388 13.8827 2.6
    endloop
  endfacet
  facet normal 0 0 1
    outer loop
      vertex 9.20711 14.2071 2.6
      vertex 9.20711 12.7929 2.6
      vertex 9.42388 13.1173 2.6
    endloop
  endfacet
  facet normal 0 0 1
    outer loop
      vertex 8.88268 14.4239 2.6
      vertex 9.20711 12.7929 2.6
      vertex 9.20711 14.2071 2.6
    endloop
  endfacet
  facet normal 0 0 1
    outer loop
      vertex 8.88268 14.4239 2.6
      vertex 8.88268 12.5761 2.6
      vertex 9.20711 12.7929 2.6
    endloop
  endfacet
  facet normal 0 0 1
    outer loop
      vertex 8.5 14.5 2.6
      vertex 8.88268 12.5761 2.6
      vertex 8.88268 14.4239 2.6
    endloop
  endfacet
  facet normal 0 0 1
    outer loop
      vertex 8.5 14.5 2.6
      vertex 8.5 12.5 2.6
      vertex 8.88268 12.5761 2.6
    endloop
  endfacet
  facet normal -0 0 1
    outer loop
      vertex 8.11732 14.4239 2.6
      vertex 8.5 12.5 2.6
      vertex 8.5 14.5 2.6
    endloop
  endfacet
  facet normal 0 0 1
    outer loop
      vertex 8.11732 14.4239 2.6
      vertex 8.11732 12.5761 2.6
      vertex 8.5 12.5 2.6
    endloop
  endfacet
  facet normal -0 0 1
    outer loop
      vertex 7.79289 14.2071 2.6
      vertex 8.11732 12.5761 2.6
      vertex 8.11732 14.4239 2.6
    endloop
  endfacet
  facet normal 0 0 1
    outer loop
      vertex 7.79289 14.2071 2.6
      vertex 7.79289 12.7929 2.6
      vertex 8.11732 12.5761 2.6
    endloop
  endfacet
  facet normal -0 0 1
    outer loop
      vertex 7.57612 13.8827 2.6
      vertex 7.79289 12.7929 2.6
      vertex 7.79289 14.2071 2.6
    endloop
  endfacet
  facet normal 0 0 1
    outer loop
      vertex 7.57612 13.8827 2.6
      vertex 7.57612 13.1173 2.6
      vertex 7.79289 12.7929 2.6
    endloop
  endfacet
  facet normal 0 -0 1
    outer loop
      vertex 7.57612 13.1173 2.6
      vertex 7.57612 13.8827 2.6
      vertex 7.5 13.5 2.6
    endloop
  endfacet
  facet normal -0.555611 -0.831443 0
    outer loop
      vertex 8.88268 14.4239 2.6
      vertex 9.20711 14.2071 5
      vertex 8.88268 14.4239 5
    endloop
  endfacet
  facet normal -0.555611 -0.831443 -0
    outer loop
      vertex 9.20711 14.2071 5
      vertex 8.88268 14.4239 2.6
      vertex 9.20711 14.2071 2.6
    endloop
  endfacet
  facet normal 0.831454 -0.555593 0
    outer loop
      vertex 7.57612 13.8827 5
      vertex 7.79289 14.2071 2.6
      vertex 7.79289 14.2071 5
    endloop
  endfacet
  facet normal 0.831454 -0.555593 0
    outer loop
      vertex 7.79289 14.2071 2.6
      vertex 7.57612 13.8827 5
      vertex 7.57612 13.8827 2.6
    endloop
  endfacet
  facet normal -0.831454 0.555593 0
    outer loop
      vertex 9.20711 12.7929 2.6
      vertex 9.42388 13.1173 5
      vertex 9.42388 13.1173 2.6
    endloop
  endfacet
  facet normal -0.831454 0.555593 0
    outer loop
      vertex 9.42388 13.1173 5
      vertex 9.20711 12.7929 2.6
      vertex 9.20711 12.7929 5
    endloop
  endfacet
  facet normal -0.555611 0.831443 0
    outer loop
      vertex 9.20711 12.7929 2.6
      vertex 8.88268 12.5761 5
      vertex 9.20711 12.7929 5
    endloop
  endfacet
  facet normal -0.555611 0.831443 0
    outer loop
      vertex 8.88268 12.5761 5
      vertex 9.20711 12.7929 2.6
      vertex 8.88268 12.5761 2.6
    endloop
  endfacet
  facet normal -0.980787 0.195081 0
    outer loop
      vertex 9.42388 13.1173 2.6
      vertex 9.5 13.5 5
      vertex 9.5 13.5 2.6
    endloop
  endfacet
  facet normal -0.980787 0.195081 0
    outer loop
      vertex 9.5 13.5 5
      vertex 9.42388 13.1173 2.6
      vertex 9.42388 13.1173 5
    endloop
  endfacet
  facet normal 0.831454 0.555593 0
    outer loop
      vertex 7.79289 12.7929 5
      vertex 7.57612 13.1173 2.6
      vertex 7.57612 13.1173 5
    endloop
  endfacet
  facet normal 0.831454 0.555593 0
    outer loop
      vertex 7.57612 13.1173 2.6
      vertex 7.79289 12.7929 5
      vertex 7.79289 12.7929 2.6
    endloop
  endfacet
  facet normal 0.995193 0.097938 0
    outer loop
      vertex 57.5 13.5 5
      vertex 57.4616 13.8902 2
      vertex 57.4616 13.8902 5
    endloop
  endfacet
  facet normal 0.995193 0.097938 0
    outer loop
      vertex 57.4616 13.8902 2
      vertex 57.5 13.5 5
      vertex 57.5 13.5 2
    endloop
  endfacet
  facet normal -0.995193 0.097938 0
    outer loop
      vertex 53.5 13.5 2
      vertex 53.5384 13.8902 5
      vertex 53.5384 13.8902 2
    endloop
  endfacet
  facet normal -0.995193 0.097938 0
    outer loop
      vertex 53.5384 13.8902 5
      vertex 53.5 13.5 2
      vertex 53.5 13.5 5
    endloop
  endfacet
  facet normal 0.097938 0.995193 -0
    outer loop
      vertex 55.8902 15.4616 2
      vertex 55.5 15.5 5
      vertex 55.8902 15.4616 5
    endloop
  endfacet
  facet normal 0.097938 0.995193 0
    outer loop
      vertex 55.5 15.5 5
      vertex 55.8902 15.4616 2
      vertex 55.5 15.5 2
    endloop
  endfacet
  facet normal -0.097938 -0.995193 0
    outer loop
      vertex 55.1098 11.5384 2
      vertex 55.5 11.5 5
      vertex 55.1098 11.5384 5
    endloop
  endfacet
  facet normal -0.097938 -0.995193 -0
    outer loop
      vertex 55.5 11.5 5
      vertex 55.1098 11.5384 2
      vertex 55.5 11.5 2
    endloop
  endfacet
  facet normal -0.77307 -0.634321 0
    outer loop
      vertex 54.0858 12.0858 2
      vertex 53.8371 12.3889 5
      vertex 53.8371 12.3889 2
    endloop
  endfacet
  facet normal -0.77307 -0.634321 0
    outer loop
      vertex 53.8371 12.3889 5
      vertex 54.0858 12.0858 2
      vertex 54.0858 12.0858 5
    endloop
  endfacet
  facet normal 0.634321 0.77307 -0
    outer loop
      vertex 56.9142 14.9142 2
      vertex 56.6111 15.1629 5
      vertex 56.9142 14.9142 5
    endloop
  endfacet
  facet normal 0.634321 0.77307 0
    outer loop
      vertex 56.6111 15.1629 5
      vertex 56.9142 14.9142 2
      vertex 56.6111 15.1629 2
    endloop
  endfacet
  facet normal -0.634321 0.77307 0
    outer loop
      vertex 54.3889 15.1629 2
      vertex 54.0858 14.9142 5
      vertex 54.3889 15.1629 5
    endloop
  endfacet
  facet normal -0.634321 0.77307 0
    outer loop
      vertex 54.0858 14.9142 5
      vertex 54.3889 15.1629 2
      vertex 54.0858 14.9142 2
    endloop
  endfacet
  facet normal -0.290248 0.956951 0
    outer loop
      vertex 55.1098 15.4616 2
      vertex 54.7346 15.3478 5
      vertex 55.1098 15.4616 5
    endloop
  endfacet
  facet normal -0.290248 0.956951 0
    outer loop
      vertex 54.7346 15.3478 5
      vertex 55.1098 15.4616 2
      vertex 54.7346 15.3478 2
    endloop
  endfacet
  facet normal 0.881795 -0.471634 0
    outer loop
      vertex 57.1629 12.3889 5
      vertex 57.3478 12.7346 2
      vertex 57.3478 12.7346 5
    endloop
  endfacet
  facet normal 0.881795 -0.471634 0
    outer loop
      vertex 57.3478 12.7346 2
      vertex 57.1629 12.3889 5
      vertex 57.1629 12.3889 2
    endloop
  endfacet
  facet normal 0.881795 0.471634 0
    outer loop
      vertex 57.3478 14.2654 5
      vertex 57.1629 14.6111 2
      vertex 57.1629 14.6111 5
    endloop
  endfacet
  facet normal 0.881795 0.471634 0
    outer loop
      vertex 57.1629 14.6111 2
      vertex 57.3478 14.2654 5
      vertex 57.3478 14.2654 2
    endloop
  endfacet
  facet normal 0.956951 0.290248 0
    outer loop
      vertex 57.4616 13.8902 5
      vertex 57.3478 14.2654 2
      vertex 57.3478 14.2654 5
    endloop
  endfacet
  facet normal 0.956951 0.290248 0
    outer loop
      vertex 57.3478 14.2654 2
      vertex 57.4616 13.8902 5
      vertex 57.4616 13.8902 2
    endloop
  endfacet
  facet normal 0.77307 0.634321 0
    outer loop
      vertex 57.1629 14.6111 5
      vertex 56.9142 14.9142 2
      vertex 56.9142 14.9142 5
    endloop
  endfacet
  facet normal 0.77307 0.634321 0
    outer loop
      vertex 56.9142 14.9142 2
      vertex 57.1629 14.6111 5
      vertex 57.1629 14.6111 2
    endloop
  endfacet
  facet normal 0.290248 0.956951 -0
    outer loop
      vertex 56.2654 15.3478 2
      vertex 55.8902 15.4616 5
      vertex 56.2654 15.3478 5
    endloop
  endfacet
  facet normal 0.290248 0.956951 0
    outer loop
      vertex 55.8902 15.4616 5
      vertex 56.2654 15.3478 2
      vertex 55.8902 15.4616 2
    endloop
  endfacet
  facet normal 0.471634 0.881795 -0
    outer loop
      vertex 56.6111 15.1629 2
      vertex 56.2654 15.3478 5
      vertex 56.6111 15.1629 5
    endloop
  endfacet
  facet normal 0.471634 0.881795 0
    outer loop
      vertex 56.2654 15.3478 5
      vertex 56.6111 15.1629 2
      vertex 56.2654 15.3478 2
    endloop
  endfacet
  facet normal -0.881795 0.471634 0
    outer loop
      vertex 53.6522 14.2654 2
      vertex 53.8371 14.6111 5
      vertex 53.8371 14.6111 2
    endloop
  endfacet
  facet normal -0.881795 0.471634 0
    outer loop
      vertex 53.8371 14.6111 5
      vertex 53.6522 14.2654 2
      vertex 53.6522 14.2654 5
    endloop
  endfacet
  facet normal -0.77307 0.634321 0
    outer loop
      vertex 53.8371 14.6111 2
      vertex 54.0858 14.9142 5
      vertex 54.0858 14.9142 2
    endloop
  endfacet
  facet normal -0.77307 0.634321 0
    outer loop
      vertex 54.0858 14.9142 5
      vertex 53.8371 14.6111 2
      vertex 53.8371 14.6111 5
    endloop
  endfacet
  facet normal -0.956951 0.290248 0
    outer loop
      vertex 53.5384 13.8902 2
      vertex 53.6522 14.2654 5
      vertex 53.6522 14.2654 2
    endloop
  endfacet
  facet normal -0.956951 0.290248 0
    outer loop
      vertex 53.6522 14.2654 5
      vertex 53.5384 13.8902 2
      vertex 53.5384 13.8902 5
    endloop
  endfacet
  facet normal 0 0 1
    outer loop
      vertex 56.5 13.5 5
      vertex 57.5 13.5 5
      vertex 57.4616 13.8902 5
    endloop
  endfacet
  facet normal 0 0 1
    outer loop
      vertex 56.4239 13.8827 5
      vertex 57.4616 13.8902 5
      vertex 57.3478 14.2654 5
    endloop
  endfacet
  facet normal 0 0 1
    outer loop
      vertex 57.5 13.5 5
      vertex 56.5 13.5 5
      vertex 57.4616 13.1098 5
    endloop
  endfacet
  facet normal 0 0 1
    outer loop
      vertex 56.4239 13.8827 5
      vertex 57.3478 14.2654 5
      vertex 57.1629 14.6111 5
    endloop
  endfacet
  facet normal -0 0 1
    outer loop
      vertex 56.4239 13.1173 5
      vertex 57.4616 13.1098 5
      vertex 56.5 13.5 5
    endloop
  endfacet
  facet normal 0 0 1
    outer loop
      vertex 56.2071 14.2071 5
      vertex 57.1629 14.6111 5
      vertex 56.9142 14.9142 5
    endloop
  endfacet
  facet normal 0 0 1
    outer loop
      vertex 57.4616 13.1098 5
      vertex 56.4239 13.1173 5
      vertex 57.3478 12.7346 5
    endloop
  endfacet
  facet normal 0 0 1
    outer loop
      vertex 56.2071 14.2071 5
      vertex 56.9142 14.9142 5
      vertex 56.6111 15.1629 5
    endloop
  endfacet
  facet normal 0 0 1
    outer loop
      vertex 57.3478 12.7346 5
      vertex 56.4239 13.1173 5
      vertex 57.1629 12.3889 5
    endloop
  endfacet
  facet normal -0 0 1
    outer loop
      vertex 56.2071 12.7929 5
      vertex 57.1629 12.3889 5
      vertex 56.4239 13.1173 5
    endloop
  endfacet
  facet normal 0 0 1
    outer loop
      vertex 57.4616 13.8902 5
      vertex 56.4239 13.8827 5
      vertex 56.5 13.5 5
    endloop
  endfacet
  facet normal 0 0 1
    outer loop
      vertex 55.8827 14.4239 5
      vertex 56.6111 15.1629 5
      vertex 56.2654 15.3478 5
    endloop
  endfacet
  facet normal 0 0 1
    outer loop
      vertex 57.1629 14.6111 5
      vertex 56.2071 14.2071 5
      vertex 56.4239 13.8827 5
    endloop
  endfacet
  facet normal 0 0 1
    outer loop
      vertex 55.8827 14.4239 5
      vertex 56.2654 15.3478 5
      vertex 55.8902 15.4616 5
    endloop
  endfacet
  facet normal 0 0 1
    outer loop
      vertex 56.6111 15.1629 5
      vertex 55.8827 14.4239 5
      vertex 56.2071 14.2071 5
    endloop
  endfacet
  facet normal 0 0 1
    outer loop
      vertex 55.5 14.5 5
      vertex 55.8902 15.4616 5
      vertex 55.5 15.5 5
    endloop
  endfacet
  facet normal 0 0 1
    outer loop
      vertex 55.8902 15.4616 5
      vertex 55.5 14.5 5
      vertex 55.8827 14.4239 5
    endloop
  endfacet
  facet normal -0 0 1
    outer loop
      vertex 55.1098 15.4616 5
      vertex 55.5 14.5 5
      vertex 55.5 15.5 5
    endloop
  endfacet
  facet normal 0 0 1
    outer loop
      vertex 55.5 14.5 5
      vertex 55.1098 15.4616 5
      vertex 55.1173 14.4239 5
    endloop
  endfacet
  facet normal -0 0 1
    outer loop
      vertex 54.7346 15.3478 5
      vertex 55.1173 14.4239 5
      vertex 55.1098 15.4616 5
    endloop
  endfacet
  facet normal -0 0 1
    outer loop
      vertex 54.3889 15.1629 5
      vertex 55.1173 14.4239 5
      vertex 54.7346 15.3478 5
    endloop
  endfacet
  facet normal 0 0 1
    outer loop
      vertex 55.1173 14.4239 5
      vertex 54.3889 15.1629 5
      vertex 54.7929 14.2071 5
    endloop
  endfacet
  facet normal -0 0 1
    outer loop
      vertex 54.0858 14.9142 5
      vertex 54.7929 14.2071 5
      vertex 54.3889 15.1629 5
    endloop
  endfacet
  facet normal -0 0 1
    outer loop
      vertex 53.8371 14.6111 5
      vertex 54.7929 14.2071 5
      vertex 54.0858 14.9142 5
    endloop
  endfacet
  facet normal 0 0 1
    outer loop
      vertex 57.1629 12.3889 5
      vertex 56.2071 12.7929 5
      vertex 56.9142 12.0858 5
    endloop
  endfacet
  facet normal 0 0 1
    outer loop
      vertex 56.9142 12.0858 5
      vertex 56.2071 12.7929 5
      vertex 56.6111 11.8371 5
    endloop
  endfacet
  facet normal -0 0 1
    outer loop
      vertex 55.8827 12.5761 5
      vertex 56.6111 11.8371 5
      vertex 56.2071 12.7929 5
    endloop
  endfacet
  facet normal 0 0 1
    outer loop
      vertex 56.6111 11.8371 5
      vertex 55.8827 12.5761 5
      vertex 56.2654 11.6522 5
    endloop
  endfacet
  facet normal 0 0 1
    outer loop
      vertex 56.2654 11.6522 5
      vertex 55.8827 12.5761 5
      vertex 55.8902 11.5384 5
    endloop
  endfacet
  facet normal -0 0 1
    outer loop
      vertex 55.5 12.5 5
      vertex 55.8902 11.5384 5
      vertex 55.8827 12.5761 5
    endloop
  endfacet
  facet normal 0 0 1
    outer loop
      vertex 55.5 12.5 5
      vertex 55.5 11.5 5
      vertex 55.8902 11.5384 5
    endloop
  endfacet
  facet normal 0 0 1
    outer loop
      vertex 55.1098 11.5384 5
      vertex 55.5 12.5 5
      vertex 55.1173 12.5761 5
    endloop
  endfacet
  facet normal 0 0 1
    outer loop
      vertex 55.5 12.5 5
      vertex 55.1098 11.5384 5
      vertex 55.5 11.5 5
    endloop
  endfacet
  facet normal 0 0 1
    outer loop
      vertex 54.3889 11.8371 5
      vertex 55.1173 12.5761 5
      vertex 54.7929 12.7929 5
    endloop
  endfacet
  facet normal 0 0 1
    outer loop
      vertex 55.1173 12.5761 5
      vertex 54.7346 11.6522 5
      vertex 55.1098 11.5384 5
    endloop
  endfacet
  facet normal 0 0 1
    outer loop
      vertex 53.8371 12.3889 5
      vertex 54.7929 12.7929 5
      vertex 54.5761 13.1173 5
    endloop
  endfacet
  facet normal 0 0 1
    outer loop
      vertex 53.5384 13.1098 5
      vertex 54.5761 13.1173 5
      vertex 54.5 13.5 5
    endloop
  endfacet
  facet normal 0 0 1
    outer loop
      vertex 55.1173 12.5761 5
      vertex 54.3889 11.8371 5
      vertex 54.7346 11.6522 5
    endloop
  endfacet
  facet normal 0 0 1
    outer loop
      vertex 54.7929 14.2071 5
      vertex 53.8371 14.6111 5
      vertex 54.5761 13.8827 5
    endloop
  endfacet
  facet normal -0 0 1
    outer loop
      vertex 53.6522 14.2654 5
      vertex 54.5761 13.8827 5
      vertex 53.8371 14.6111 5
    endloop
  endfacet
  facet normal 0 0 1
    outer loop
      vertex 54.7929 12.7929 5
      vertex 54.0858 12.0858 5
      vertex 54.3889 11.8371 5
    endloop
  endfacet
  facet normal -0 0 1
    outer loop
      vertex 53.5384 13.8902 5
      vertex 54.5761 13.8827 5
      vertex 53.6522 14.2654 5
    endloop
  endfacet
  facet normal 0 0 1
    outer loop
      vertex 54.7929 12.7929 5
      vertex 53.8371 12.3889 5
      vertex 54.0858 12.0858 5
    endloop
  endfacet
  facet normal 0 0 1
    outer loop
      vertex 54.5761 13.8827 5
      vertex 53.5384 13.8902 5
      vertex 54.5 13.5 5
    endloop
  endfacet
  facet normal 0 0 1
    outer loop
      vertex 54.5761 13.1173 5
      vertex 53.6522 12.7346 5
      vertex 53.8371 12.3889 5
    endloop
  endfacet
  facet normal 0 0 1
    outer loop
      vertex 53.5 13.5 5
      vertex 54.5 13.5 5
      vertex 53.5384 13.8902 5
    endloop
  endfacet
  facet normal 0 0 1
    outer loop
      vertex 54.5761 13.1173 5
      vertex 53.5384 13.1098 5
      vertex 53.6522 12.7346 5
    endloop
  endfacet
  facet normal 0 0 1
    outer loop
      vertex 54.5 13.5 5
      vertex 53.5 13.5 5
      vertex 53.5384 13.1098 5
    endloop
  endfacet
  facet normal -0.471634 0.881795 0
    outer loop
      vertex 54.7346 15.3478 2
      vertex 54.3889 15.1629 5
      vertex 54.7346 15.3478 5
    endloop
  endfacet
  facet normal -0.471634 0.881795 0
    outer loop
      vertex 54.3889 15.1629 5
      vertex 54.7346 15.3478 2
      vertex 54.3889 15.1629 2
    endloop
  endfacet
  facet normal -0.097938 0.995193 0
    outer loop
      vertex 55.5 15.5 2
      vertex 55.1098 15.4616 5
      vertex 55.5 15.5 5
    endloop
  endfacet
  facet normal -0.097938 0.995193 0
    outer loop
      vertex 55.1098 15.4616 5
      vertex 55.5 15.5 2
      vertex 55.1098 15.4616 2
    endloop
  endfacet
  facet normal 0.995193 -0.097938 0
    outer loop
      vertex 57.4616 13.1098 5
      vertex 57.5 13.5 2
      vertex 57.5 13.5 5
    endloop
  endfacet
  facet normal 0.995193 -0.097938 0
    outer loop
      vertex 57.5 13.5 2
      vertex 57.4616 13.1098 5
      vertex 57.4616 13.1098 2
    endloop
  endfacet
  facet normal 0.471634 -0.881795 0
    outer loop
      vertex 56.2654 11.6522 2
      vertex 56.6111 11.8371 5
      vertex 56.2654 11.6522 5
    endloop
  endfacet
  facet normal 0.471634 -0.881795 0
    outer loop
      vertex 56.6111 11.8371 5
      vertex 56.2654 11.6522 2
      vertex 56.6111 11.8371 2
    endloop
  endfacet
  facet normal 0.097938 -0.995193 0
    outer loop
      vertex 55.5 11.5 2
      vertex 55.8902 11.5384 5
      vertex 55.5 11.5 5
    endloop
  endfacet
  facet normal 0.097938 -0.995193 0
    outer loop
      vertex 55.8902 11.5384 5
      vertex 55.5 11.5 2
      vertex 55.8902 11.5384 2
    endloop
  endfacet
  facet normal 0.634321 -0.77307 0
    outer loop
      vertex 56.6111 11.8371 2
      vertex 56.9142 12.0858 5
      vertex 56.6111 11.8371 5
    endloop
  endfacet
  facet normal 0.634321 -0.77307 0
    outer loop
      vertex 56.9142 12.0858 5
      vertex 56.6111 11.8371 2
      vertex 56.9142 12.0858 2
    endloop
  endfacet
  facet normal -0.634321 -0.77307 0
    outer loop
      vertex 54.0858 12.0858 2
      vertex 54.3889 11.8371 5
      vertex 54.0858 12.0858 5
    endloop
  endfacet
  facet normal -0.634321 -0.77307 -0
    outer loop
      vertex 54.3889 11.8371 5
      vertex 54.0858 12.0858 2
      vertex 54.3889 11.8371 2
    endloop
  endfacet
  facet normal -0.290248 -0.956951 0
    outer loop
      vertex 54.7346 11.6522 2
      vertex 55.1098 11.5384 5
      vertex 54.7346 11.6522 5
    endloop
  endfacet
  facet normal -0.290248 -0.956951 -0
    outer loop
      vertex 55.1098 11.5384 5
      vertex 54.7346 11.6522 2
      vertex 55.1098 11.5384 2
    endloop
  endfacet
  facet normal -0.881795 -0.471634 0
    outer loop
      vertex 53.8371 12.3889 2
      vertex 53.6522 12.7346 5
      vertex 53.6522 12.7346 2
    endloop
  endfacet
  facet normal -0.881795 -0.471634 0
    outer loop
      vertex 53.6522 12.7346 5
      vertex 53.8371 12.3889 2
      vertex 53.8371 12.3889 5
    endloop
  endfacet
  facet normal -0.995193 -0.097938 0
    outer loop
      vertex 53.5384 13.1098 2
      vertex 53.5 13.5 5
      vertex 53.5 13.5 2
    endloop
  endfacet
  facet normal -0.995193 -0.097938 0
    outer loop
      vertex 53.5 13.5 5
      vertex 53.5384 13.1098 2
      vertex 53.5384 13.1098 5
    endloop
  endfacet
  facet normal 0.290248 -0.956951 0
    outer loop
      vertex 55.8902 11.5384 2
      vertex 56.2654 11.6522 5
      vertex 55.8902 11.5384 5
    endloop
  endfacet
  facet normal 0.290248 -0.956951 0
    outer loop
      vertex 56.2654 11.6522 5
      vertex 55.8902 11.5384 2
      vertex 56.2654 11.6522 2
    endloop
  endfacet
  facet normal 0.77307 -0.634321 0
    outer loop
      vertex 56.9142 12.0858 5
      vertex 57.1629 12.3889 2
      vertex 57.1629 12.3889 5
    endloop
  endfacet
  facet normal 0.77307 -0.634321 0
    outer loop
      vertex 57.1629 12.3889 2
      vertex 56.9142 12.0858 5
      vertex 56.9142 12.0858 2
    endloop
  endfacet
  facet normal 0.956951 -0.290248 0
    outer loop
      vertex 57.3478 12.7346 5
      vertex 57.4616 13.1098 2
      vertex 57.4616 13.1098 5
    endloop
  endfacet
  facet normal 0.956951 -0.290248 0
    outer loop
      vertex 57.4616 13.1098 2
      vertex 57.3478 12.7346 5
      vertex 57.3478 12.7346 2
    endloop
  endfacet
  facet normal -0.471634 -0.881795 0
    outer loop
      vertex 54.3889 11.8371 2
      vertex 54.7346 11.6522 5
      vertex 54.3889 11.8371 5
    endloop
  endfacet
  facet normal -0.471634 -0.881795 -0
    outer loop
      vertex 54.7346 11.6522 5
      vertex 54.3889 11.8371 2
      vertex 54.7346 11.6522 2
    endloop
  endfacet
  facet normal -0.956951 -0.290248 0
    outer loop
      vertex 53.6522 12.7346 2
      vertex 53.5384 13.1098 5
      vertex 53.5384 13.1098 2
    endloop
  endfacet
  facet normal -0.956951 -0.290248 0
    outer loop
      vertex 53.5384 13.1098 5
      vertex 53.6522 12.7346 2
      vertex 53.6522 12.7346 5
    endloop
  endfacet
  facet normal -0.980797 -0.195032 0
    outer loop
      vertex 56.5 13.5 2.6
      vertex 56.4239 13.8827 5
      vertex 56.4239 13.8827 2.6
    endloop
  endfacet
  facet normal -0.980797 -0.195032 0
    outer loop
      vertex 56.4239 13.8827 5
      vertex 56.5 13.5 2.6
      vertex 56.5 13.5 5
    endloop
  endfacet
  facet normal 0.980797 -0.195032 0
    outer loop
      vertex 54.5 13.5 5
      vertex 54.5761 13.8827 2.6
      vertex 54.5761 13.8827 5
    endloop
  endfacet
  facet normal 0.980797 -0.195032 0
    outer loop
      vertex 54.5761 13.8827 2.6
      vertex 54.5 13.5 5
      vertex 54.5 13.5 2.6
    endloop
  endfacet
  facet normal -0.195032 -0.980797 0
    outer loop
      vertex 55.5 14.5 2.6
      vertex 55.8827 14.4239 5
      vertex 55.5 14.5 5
    endloop
  endfacet
  facet normal -0.195032 -0.980797 -0
    outer loop
      vertex 55.8827 14.4239 5
      vertex 55.5 14.5 2.6
      vertex 55.8827 14.4239 2.6
    endloop
  endfacet
  facet normal -0.831419 -0.555646 0
    outer loop
      vertex 56.4239 13.8827 2.6
      vertex 56.2071 14.2071 5
      vertex 56.2071 14.2071 2.6
    endloop
  endfacet
  facet normal -0.831419 -0.555646 0
    outer loop
      vertex 56.2071 14.2071 5
      vertex 56.4239 13.8827 2.6
      vertex 56.4239 13.8827 5
    endloop
  endfacet
  facet normal -0.195032 0.980797 0
    outer loop
      vertex 55.8827 12.5761 2.6
      vertex 55.5 12.5 5
      vertex 55.8827 12.5761 5
    endloop
  endfacet
  facet normal -0.195032 0.980797 0
    outer loop
      vertex 55.5 12.5 5
      vertex 55.8827 12.5761 2.6
      vertex 55.5 12.5 2.6
    endloop
  endfacet
  facet normal 0.195032 0.980797 -0
    outer loop
      vertex 55.5 12.5 2.6
      vertex 55.1173 12.5761 5
      vertex 55.5 12.5 5
    endloop
  endfacet
  facet normal 0.195032 0.980797 0
    outer loop
      vertex 55.1173 12.5761 5
      vertex 55.5 12.5 2.6
      vertex 55.1173 12.5761 2.6
    endloop
  endfacet
  facet normal 0.195032 -0.980797 0
    outer loop
      vertex 55.1173 14.4239 2.6
      vertex 55.5 14.5 5
      vertex 55.1173 14.4239 5
    endloop
  endfacet
  facet normal 0.195032 -0.980797 0
    outer loop
      vertex 55.5 14.5 5
      vertex 55.1173 14.4239 2.6
      vertex 55.5 14.5 2.6
    endloop
  endfacet
  facet normal 0.555646 -0.831419 0
    outer loop
      vertex 54.7929 14.2071 2.6
      vertex 55.1173 14.4239 5
      vertex 54.7929 14.2071 5
    endloop
  endfacet
  facet normal 0.555646 -0.831419 0
    outer loop
      vertex 55.1173 14.4239 5
      vertex 54.7929 14.2071 2.6
      vertex 55.1173 14.4239 2.6
    endloop
  endfacet
  facet normal 0.980797 0.195032 0
    outer loop
      vertex 54.5761 13.1173 5
      vertex 54.5 13.5 2.6
      vertex 54.5 13.5 5
    endloop
  endfacet
  facet normal 0.980797 0.195032 0
    outer loop
      vertex 54.5 13.5 2.6
      vertex 54.5761 13.1173 5
      vertex 54.5761 13.1173 2.6
    endloop
  endfacet
  facet normal 0.555646 0.831419 -0
    outer loop
      vertex 55.1173 12.5761 2.6
      vertex 54.7929 12.7929 5
      vertex 55.1173 12.5761 5
    endloop
  endfacet
  facet normal 0.555646 0.831419 0
    outer loop
      vertex 54.7929 12.7929 5
      vertex 55.1173 12.5761 2.6
      vertex 54.7929 12.7929 2.6
    endloop
  endfacet
  facet normal 0 0 1
    outer loop
      vertex 56.4239 13.8827 2.6
      vertex 56.4239 13.1173 2.6
      vertex 56.5 13.5 2.6
    endloop
  endfacet
  facet normal 0 0 1
    outer loop
      vertex 56.2071 14.2071 2.6
      vertex 56.4239 13.1173 2.6
      vertex 56.4239 13.8827 2.6
    endloop
  endfacet
  facet normal 0 0 1
    outer loop
      vertex 56.2071 14.2071 2.6
      vertex 56.2071 12.7929 2.6
      vertex 56.4239 13.1173 2.6
    endloop
  endfacet
  facet normal 0 0 1
    outer loop
      vertex 55.8827 14.4239 2.6
      vertex 56.2071 12.7929 2.6
      vertex 56.2071 14.2071 2.6
    endloop
  endfacet
  facet normal 0 0 1
    outer loop
      vertex 55.8827 14.4239 2.6
      vertex 55.8827 12.5761 2.6
      vertex 56.2071 12.7929 2.6
    endloop
  endfacet
  facet normal 0 0 1
    outer loop
      vertex 55.5 14.5 2.6
      vertex 55.8827 12.5761 2.6
      vertex 55.8827 14.4239 2.6
    endloop
  endfacet
  facet normal 0 0 1
    outer loop
      vertex 55.5 14.5 2.6
      vertex 55.5 12.5 2.6
      vertex 55.8827 12.5761 2.6
    endloop
  endfacet
  facet normal -0 0 1
    outer loop
      vertex 55.1173 14.4239 2.6
      vertex 55.5 12.5 2.6
      vertex 55.5 14.5 2.6
    endloop
  endfacet
  facet normal 0 0 1
    outer loop
      vertex 55.1173 14.4239 2.6
      vertex 55.1173 12.5761 2.6
      vertex 55.5 12.5 2.6
    endloop
  endfacet
  facet normal -0 0 1
    outer loop
      vertex 54.7929 14.2071 2.6
      vertex 55.1173 12.5761 2.6
      vertex 55.1173 14.4239 2.6
    endloop
  endfacet
  facet normal 0 0 1
    outer loop
      vertex 54.7929 14.2071 2.6
      vertex 54.7929 12.7929 2.6
      vertex 55.1173 12.5761 2.6
    endloop
  endfacet
  facet normal -0 0 1
    outer loop
      vertex 54.5761 13.8827 2.6
      vertex 54.7929 12.7929 2.6
      vertex 54.7929 14.2071 2.6
    endloop
  endfacet
  facet normal 0 0 1
    outer loop
      vertex 54.5761 13.8827 2.6
      vertex 54.5761 13.1173 2.6
      vertex 54.7929 12.7929 2.6
    endloop
  endfacet
  facet normal 0 -0 1
    outer loop
      vertex 54.5761 13.1173 2.6
      vertex 54.5761 13.8827 2.6
      vertex 54.5 13.5 2.6
    endloop
  endfacet
  facet normal -0.555646 -0.831419 0
    outer loop
      vertex 55.8827 14.4239 2.6
      vertex 56.2071 14.2071 5
      vertex 55.8827 14.4239 5
    endloop
  endfacet
  facet normal -0.555646 -0.831419 -0
    outer loop
      vertex 56.2071 14.2071 5
      vertex 55.8827 14.4239 2.6
      vertex 56.2071 14.2071 2.6
    endloop
  endfacet
  facet normal 0.831419 -0.555646 0
    outer loop
      vertex 54.5761 13.8827 5
      vertex 54.7929 14.2071 2.6
      vertex 54.7929 14.2071 5
    endloop
  endfacet
  facet normal 0.831419 -0.555646 0
    outer loop
      vertex 54.7929 14.2071 2.6
      vertex 54.5761 13.8827 5
      vertex 54.5761 13.8827 2.6
    endloop
  endfacet
  facet normal -0.831419 0.555646 0
    outer loop
      vertex 56.2071 12.7929 2.6
      vertex 56.4239 13.1173 5
      vertex 56.4239 13.1173 2.6
    endloop
  endfacet
  facet normal -0.831419 0.555646 0
    outer loop
      vertex 56.4239 13.1173 5
      vertex 56.2071 12.7929 2.6
      vertex 56.2071 12.7929 5
    endloop
  endfacet
  facet normal -0.555646 0.831419 0
    outer loop
      vertex 56.2071 12.7929 2.6
      vertex 55.8827 12.5761 5
      vertex 56.2071 12.7929 5
    endloop
  endfacet
  facet normal -0.555646 0.831419 0
    outer loop
      vertex 55.8827 12.5761 5
      vertex 56.2071 12.7929 2.6
      vertex 55.8827 12.5761 2.6
    endloop
  endfacet
  facet normal -0.980797 0.195032 0
    outer loop
      vertex 56.4239 13.1173 2.6
      vertex 56.5 13.5 5
      vertex 56.5 13.5 2.6
    endloop
  endfacet
  facet normal -0.980797 0.195032 0
    outer loop
      vertex 56.5 13.5 5
      vertex 56.4239 13.1173 2.6
      vertex 56.4239 13.1173 5
    endloop
  endfacet
  facet normal 0.831419 0.555646 0
    outer loop
      vertex 54.7929 12.7929 5
      vertex 54.5761 13.1173 2.6
      vertex 54.5761 13.1173 5
    endloop
  endfacet
  facet normal 0.831419 0.555646 0
    outer loop
      vertex 54.5761 13.1173 2.6
      vertex 54.7929 12.7929 5
      vertex 54.7929 12.7929 2.6
    endloop
  endfacet
  facet normal 0.995193 0.097938 0
    outer loop
      vertex 10.5 30.5 5
      vertex 10.4616 30.8902 2
      vertex 10.4616 30.8902 5
    endloop
  endfacet
  facet normal 0.995193 0.097938 0
    outer loop
      vertex 10.4616 30.8902 2
      vertex 10.5 30.5 5
      vertex 10.5 30.5 2
    endloop
  endfacet
  facet normal -0.995185 0.0980137 0
    outer loop
      vertex 6.5 30.5 2
      vertex 6.53843 30.8902 5
      vertex 6.53843 30.8902 2
    endloop
  endfacet
  facet normal -0.995185 0.0980137 0
    outer loop
      vertex 6.53843 30.8902 5
      vertex 6.5 30.5 2
      vertex 6.5 30.5 5
    endloop
  endfacet
  facet normal 0.0979429 0.995192 -0
    outer loop
      vertex 8.89018 32.4616 2
      vertex 8.5 32.5 5
      vertex 8.89018 32.4616 5
    endloop
  endfacet
  facet normal 0.0979429 0.995192 0
    outer loop
      vertex 8.5 32.5 5
      vertex 8.89018 32.4616 2
      vertex 8.5 32.5 2
    endloop
  endfacet
  facet normal -0.0979429 -0.995192 0
    outer loop
      vertex 8.10982 28.5384 2
      vertex 8.5 28.5 5
      vertex 8.10982 28.5384 5
    endloop
  endfacet
  facet normal -0.0979429 -0.995192 -0
    outer loop
      vertex 8.5 28.5 5
      vertex 8.10982 28.5384 2
      vertex 8.5 28.5 2
    endloop
  endfacet
  facet normal -0.773033 -0.634366 0
    outer loop
      vertex 7.08579 29.0858 2
      vertex 6.83706 29.3889 5
      vertex 6.83706 29.3889 2
    endloop
  endfacet
  facet normal -0.773033 -0.634366 0
    outer loop
      vertex 6.83706 29.3889 5
      vertex 7.08579 29.0858 2
      vertex 7.08579 29.0858 5
    endloop
  endfacet
  facet normal 0.634358 0.773039 -0
    outer loop
      vertex 9.91421 31.9142 2
      vertex 9.61114 32.1629 5
      vertex 9.91421 31.9142 5
    endloop
  endfacet
  facet normal 0.634358 0.773039 0
    outer loop
      vertex 9.61114 32.1629 5
      vertex 9.91421 31.9142 2
      vertex 9.61114 32.1629 2
    endloop
  endfacet
  facet normal -0.634358 0.773039 0
    outer loop
      vertex 7.38886 32.1629 2
      vertex 7.08579 31.9142 5
      vertex 7.38886 32.1629 5
    endloop
  endfacet
  facet normal -0.634358 0.773039 0
    outer loop
      vertex 7.08579 31.9142 5
      vertex 7.38886 32.1629 2
      vertex 7.08579 31.9142 2
    endloop
  endfacet
  facet normal -0.290255 0.956949 0
    outer loop
      vertex 8.10982 32.4616 2
      vertex 7.73463 32.3478 5
      vertex 8.10982 32.4616 5
    endloop
  endfacet
  facet normal -0.290255 0.956949 0
    outer loop
      vertex 7.73463 32.3478 5
      vertex 8.10982 32.4616 2
      vertex 7.73463 32.3478 2
    endloop
  endfacet
  facet normal 0.881795 -0.471634 0
    outer loop
      vertex 10.1629 29.3889 5
      vertex 10.3478 29.7346 2
      vertex 10.3478 29.7346 5
    endloop
  endfacet
  facet normal 0.881795 -0.471634 0
    outer loop
      vertex 10.3478 29.7346 2
      vertex 10.1629 29.3889 5
      vertex 10.1629 29.3889 2
    endloop
  endfacet
  facet normal 0.881795 0.471634 0
    outer loop
      vertex 10.3478 31.2654 5
      vertex 10.1629 31.6111 2
      vertex 10.1629 31.6111 5
    endloop
  endfacet
  facet normal 0.881795 0.471634 0
    outer loop
      vertex 10.1629 31.6111 2
      vertex 10.3478 31.2654 5
      vertex 10.3478 31.2654 2
    endloop
  endfacet
  facet normal 0.956951 0.290248 0
    outer loop
      vertex 10.4616 30.8902 5
      vertex 10.3478 31.2654 2
      vertex 10.3478 31.2654 5
    endloop
  endfacet
  facet normal 0.956951 0.290248 0
    outer loop
      vertex 10.3478 31.2654 2
      vertex 10.4616 30.8902 5
      vertex 10.4616 30.8902 2
    endloop
  endfacet
  facet normal 0.773083 0.634305 0
    outer loop
      vertex 10.1629 31.6111 5
      vertex 9.91421 31.9142 2
      vertex 9.91421 31.9142 5
    endloop
  endfacet
  facet normal 0.773083 0.634305 0
    outer loop
      vertex 9.91421 31.9142 2
      vertex 10.1629 31.6111 5
      vertex 10.1629 31.6111 2
    endloop
  endfacet
  facet normal 0.290255 0.956949 -0
    outer loop
      vertex 9.26537 32.3478 2
      vertex 8.89018 32.4616 5
      vertex 9.26537 32.3478 5
    endloop
  endfacet
  facet normal 0.290255 0.956949 0
    outer loop
      vertex 8.89018 32.4616 5
      vertex 9.26537 32.3478 2
      vertex 8.89018 32.4616 2
    endloop
  endfacet
  facet normal 0.47156 0.881834 -0
    outer loop
      vertex 9.61114 32.1629 2
      vertex 9.26537 32.3478 5
      vertex 9.61114 32.1629 5
    endloop
  endfacet
  facet normal 0.47156 0.881834 0
    outer loop
      vertex 9.26537 32.3478 5
      vertex 9.61114 32.1629 2
      vertex 9.26537 32.3478 2
    endloop
  endfacet
  facet normal -0.881879 0.471475 0
    outer loop
      vertex 6.65224 31.2654 2
      vertex 6.83706 31.6111 5
      vertex 6.83706 31.6111 2
    endloop
  endfacet
  facet normal -0.881879 0.471475 0
    outer loop
      vertex 6.83706 31.6111 5
      vertex 6.65224 31.2654 2
      vertex 6.65224 31.2654 5
    endloop
  endfacet
  facet normal -0.773033 0.634366 0
    outer loop
      vertex 6.83706 31.6111 2
      vertex 7.08579 31.9142 5
      vertex 7.08579 31.9142 2
    endloop
  endfacet
  facet normal -0.773033 0.634366 0
    outer loop
      vertex 7.08579 31.9142 5
      vertex 6.83706 31.6111 2
      vertex 6.83706 31.6111 5
    endloop
  endfacet
  facet normal -0.956944 0.290271 0
    outer loop
      vertex 6.53843 30.8902 2
      vertex 6.65224 31.2654 5
      vertex 6.65224 31.2654 2
    endloop
  endfacet
  facet normal -0.956944 0.290271 0
    outer loop
      vertex 6.65224 31.2654 5
      vertex 6.53843 30.8902 2
      vertex 6.53843 30.8902 5
    endloop
  endfacet
  facet normal 0 0 1
    outer loop
      vertex 9.5 30.5 5
      vertex 10.5 30.5 5
      vertex 10.4616 30.8902 5
    endloop
  endfacet
  facet normal 0 0 1
    outer loop
      vertex 9.42388 30.8827 5
      vertex 10.4616 30.8902 5
      vertex 10.3478 31.2654 5
    endloop
  endfacet
  facet normal 0 0 1
    outer loop
      vertex 10.5 30.5 5
      vertex 9.5 30.5 5
      vertex 10.4616 30.1098 5
    endloop
  endfacet
  facet normal 0 0 1
    outer loop
      vertex 9.42388 30.8827 5
      vertex 10.3478 31.2654 5
      vertex 10.1629 31.6111 5
    endloop
  endfacet
  facet normal -0 0 1
    outer loop
      vertex 9.42388 30.1173 5
      vertex 10.4616 30.1098 5
      vertex 9.5 30.5 5
    endloop
  endfacet
  facet normal 0 0 1
    outer loop
      vertex 9.20711 31.2071 5
      vertex 10.1629 31.6111 5
      vertex 9.91421 31.9142 5
    endloop
  endfacet
  facet normal 0 0 1
    outer loop
      vertex 10.4616 30.1098 5
      vertex 9.42388 30.1173 5
      vertex 10.3478 29.7346 5
    endloop
  endfacet
  facet normal 0 0 1
    outer loop
      vertex 9.20711 31.2071 5
      vertex 9.91421 31.9142 5
      vertex 9.61114 32.1629 5
    endloop
  endfacet
  facet normal 0 0 1
    outer loop
      vertex 10.3478 29.7346 5
      vertex 9.42388 30.1173 5
      vertex 10.1629 29.3889 5
    endloop
  endfacet
  facet normal -0 0 1
    outer loop
      vertex 9.20711 29.7929 5
      vertex 10.1629 29.3889 5
      vertex 9.42388 30.1173 5
    endloop
  endfacet
  facet normal 0 0 1
    outer loop
      vertex 10.4616 30.8902 5
      vertex 9.42388 30.8827 5
      vertex 9.5 30.5 5
    endloop
  endfacet
  facet normal 0 0 1
    outer loop
      vertex 8.88268 31.4239 5
      vertex 9.61114 32.1629 5
      vertex 9.26537 32.3478 5
    endloop
  endfacet
  facet normal 0 0 1
    outer loop
      vertex 10.1629 31.6111 5
      vertex 9.20711 31.2071 5
      vertex 9.42388 30.8827 5
    endloop
  endfacet
  facet normal 0 0 1
    outer loop
      vertex 8.88268 31.4239 5
      vertex 9.26537 32.3478 5
      vertex 8.89018 32.4616 5
    endloop
  endfacet
  facet normal 0 0 1
    outer loop
      vertex 9.61114 32.1629 5
      vertex 8.88268 31.4239 5
      vertex 9.20711 31.2071 5
    endloop
  endfacet
  facet normal 0 0 1
    outer loop
      vertex 8.5 31.5 5
      vertex 8.89018 32.4616 5
      vertex 8.5 32.5 5
    endloop
  endfacet
  facet normal 0 0 1
    outer loop
      vertex 8.89018 32.4616 5
      vertex 8.5 31.5 5
      vertex 8.88268 31.4239 5
    endloop
  endfacet
  facet normal -0 0 1
    outer loop
      vertex 8.10982 32.4616 5
      vertex 8.5 31.5 5
      vertex 8.5 32.5 5
    endloop
  endfacet
  facet normal 0 0 1
    outer loop
      vertex 8.5 31.5 5
      vertex 8.10982 32.4616 5
      vertex 8.11732 31.4239 5
    endloop
  endfacet
  facet normal -0 0 1
    outer loop
      vertex 7.73463 32.3478 5
      vertex 8.11732 31.4239 5
      vertex 8.10982 32.4616 5
    endloop
  endfacet
  facet normal -0 0 1
    outer loop
      vertex 7.38886 32.1629 5
      vertex 8.11732 31.4239 5
      vertex 7.73463 32.3478 5
    endloop
  endfacet
  facet normal 0 0 1
    outer loop
      vertex 8.11732 31.4239 5
      vertex 7.38886 32.1629 5
      vertex 7.79289 31.2071 5
    endloop
  endfacet
  facet normal -0 0 1
    outer loop
      vertex 7.08579 31.9142 5
      vertex 7.79289 31.2071 5
      vertex 7.38886 32.1629 5
    endloop
  endfacet
  facet normal -0 0 1
    outer loop
      vertex 6.83706 31.6111 5
      vertex 7.79289 31.2071 5
      vertex 7.08579 31.9142 5
    endloop
  endfacet
  facet normal 0 0 1
    outer loop
      vertex 10.1629 29.3889 5
      vertex 9.20711 29.7929 5
      vertex 9.91421 29.0858 5
    endloop
  endfacet
  facet normal 0 0 1
    outer loop
      vertex 9.91421 29.0858 5
      vertex 9.20711 29.7929 5
      vertex 9.61114 28.8371 5
    endloop
  endfacet
  facet normal -0 0 1
    outer loop
      vertex 8.88268 29.5761 5
      vertex 9.61114 28.8371 5
      vertex 9.20711 29.7929 5
    endloop
  endfacet
  facet normal 0 0 1
    outer loop
      vertex 9.61114 28.8371 5
      vertex 8.88268 29.5761 5
      vertex 9.26537 28.6522 5
    endloop
  endfacet
  facet normal 0 0 1
    outer loop
      vertex 9.26537 28.6522 5
      vertex 8.88268 29.5761 5
      vertex 8.89018 28.5384 5
    endloop
  endfacet
  facet normal -0 0 1
    outer loop
      vertex 8.5 29.5 5
      vertex 8.89018 28.5384 5
      vertex 8.88268 29.5761 5
    endloop
  endfacet
  facet normal 0 0 1
    outer loop
      vertex 8.5 29.5 5
      vertex 8.5 28.5 5
      vertex 8.89018 28.5384 5
    endloop
  endfacet
  facet normal 0 0 1
    outer loop
      vertex 8.10982 28.5384 5
      vertex 8.5 29.5 5
      vertex 8.11732 29.5761 5
    endloop
  endfacet
  facet normal 0 0 1
    outer loop
      vertex 8.5 29.5 5
      vertex 8.10982 28.5384 5
      vertex 8.5 28.5 5
    endloop
  endfacet
  facet normal 0 0 1
    outer loop
      vertex 7.38886 28.8371 5
      vertex 8.11732 29.5761 5
      vertex 7.79289 29.7929 5
    endloop
  endfacet
  facet normal 0 0 1
    outer loop
      vertex 8.11732 29.5761 5
      vertex 7.73463 28.6522 5
      vertex 8.10982 28.5384 5
    endloop
  endfacet
  facet normal 0 0 1
    outer loop
      vertex 6.83706 29.3889 5
      vertex 7.79289 29.7929 5
      vertex 7.57612 30.1173 5
    endloop
  endfacet
  facet normal 0 0 1
    outer loop
      vertex 6.53843 30.1098 5
      vertex 7.57612 30.1173 5
      vertex 7.5 30.5 5
    endloop
  endfacet
  facet normal 0 0 1
    outer loop
      vertex 8.11732 29.5761 5
      vertex 7.38886 28.8371 5
      vertex 7.73463 28.6522 5
    endloop
  endfacet
  facet normal 0 0 1
    outer loop
      vertex 7.79289 31.2071 5
      vertex 6.83706 31.6111 5
      vertex 7.57612 30.8827 5
    endloop
  endfacet
  facet normal -0 0 1
    outer loop
      vertex 6.65224 31.2654 5
      vertex 7.57612 30.8827 5
      vertex 6.83706 31.6111 5
    endloop
  endfacet
  facet normal 0 0 1
    outer loop
      vertex 7.79289 29.7929 5
      vertex 7.08579 29.0858 5
      vertex 7.38886 28.8371 5
    endloop
  endfacet
  facet normal -0 0 1
    outer loop
      vertex 6.53843 30.8902 5
      vertex 7.57612 30.8827 5
      vertex 6.65224 31.2654 5
    endloop
  endfacet
  facet normal 0 0 1
    outer loop
      vertex 7.79289 29.7929 5
      vertex 6.83706 29.3889 5
      vertex 7.08579 29.0858 5
    endloop
  endfacet
  facet normal 0 0 1
    outer loop
      vertex 7.57612 30.8827 5
      vertex 6.53843 30.8902 5
      vertex 7.5 30.5 5
    endloop
  endfacet
  facet normal 0 0 1
    outer loop
      vertex 7.57612 30.1173 5
      vertex 6.65224 29.7346 5
      vertex 6.83706 29.3889 5
    endloop
  endfacet
  facet normal 0 0 1
    outer loop
      vertex 6.5 30.5 5
      vertex 7.5 30.5 5
      vertex 6.53843 30.8902 5
    endloop
  endfacet
  facet normal 0 0 1
    outer loop
      vertex 7.57612 30.1173 5
      vertex 6.53843 30.1098 5
      vertex 6.65224 29.7346 5
    endloop
  endfacet
  facet normal 0 0 1
    outer loop
      vertex 7.5 30.5 5
      vertex 6.5 30.5 5
      vertex 6.53843 30.1098 5
    endloop
  endfacet
  facet normal -0.47156 0.881834 0
    outer loop
      vertex 7.73463 32.3478 2
      vertex 7.38886 32.1629 5
      vertex 7.73463 32.3478 5
    endloop
  endfacet
  facet normal -0.47156 0.881834 0
    outer loop
      vertex 7.38886 32.1629 5
      vertex 7.73463 32.3478 2
      vertex 7.38886 32.1629 2
    endloop
  endfacet
  facet normal -0.0979429 0.995192 0
    outer loop
      vertex 8.5 32.5 2
      vertex 8.10982 32.4616 5
      vertex 8.5 32.5 5
    endloop
  endfacet
  facet normal -0.0979429 0.995192 0
    outer loop
      vertex 8.10982 32.4616 5
      vertex 8.5 32.5 2
      vertex 8.10982 32.4616 2
    endloop
  endfacet
  facet normal 0.995193 -0.097938 0
    outer loop
      vertex 10.4616 30.1098 5
      vertex 10.5 30.5 2
      vertex 10.5 30.5 5
    endloop
  endfacet
  facet normal 0.995193 -0.097938 0
    outer loop
      vertex 10.5 30.5 2
      vertex 10.4616 30.1098 5
      vertex 10.4616 30.1098 2
    endloop
  endfacet
  facet normal 0.47156 -0.881834 0
    outer loop
      vertex 9.26537 28.6522 2
      vertex 9.61114 28.8371 5
      vertex 9.26537 28.6522 5
    endloop
  endfacet
  facet normal 0.47156 -0.881834 0
    outer loop
      vertex 9.61114 28.8371 5
      vertex 9.26537 28.6522 2
      vertex 9.61114 28.8371 2
    endloop
  endfacet
  facet normal 0.0979429 -0.995192 0
    outer loop
      vertex 8.5 28.5 2
      vertex 8.89018 28.5384 5
      vertex 8.5 28.5 5
    endloop
  endfacet
  facet normal 0.0979429 -0.995192 0
    outer loop
      vertex 8.89018 28.5384 5
      vertex 8.5 28.5 2
      vertex 8.89018 28.5384 2
    endloop
  endfacet
  facet normal 0.634358 -0.773039 0
    outer loop
      vertex 9.61114 28.8371 2
      vertex 9.91421 29.0858 5
      vertex 9.61114 28.8371 5
    endloop
  endfacet
  facet normal 0.634358 -0.773039 0
    outer loop
      vertex 9.91421 29.0858 5
      vertex 9.61114 28.8371 2
      vertex 9.91421 29.0858 2
    endloop
  endfacet
  facet normal -0.634358 -0.773039 0
    outer loop
      vertex 7.08579 29.0858 2
      vertex 7.38886 28.8371 5
      vertex 7.08579 29.0858 5
    endloop
  endfacet
  facet normal -0.634358 -0.773039 -0
    outer loop
      vertex 7.38886 28.8371 5
      vertex 7.08579 29.0858 2
      vertex 7.38886 28.8371 2
    endloop
  endfacet
  facet normal -0.290255 -0.956949 0
    outer loop
      vertex 7.73463 28.6522 2
      vertex 8.10982 28.5384 5
      vertex 7.73463 28.6522 5
    endloop
  endfacet
  facet normal -0.290255 -0.956949 -0
    outer loop
      vertex 8.10982 28.5384 5
      vertex 7.73463 28.6522 2
      vertex 8.10982 28.5384 2
    endloop
  endfacet
  facet normal -0.881879 -0.471475 0
    outer loop
      vertex 6.83706 29.3889 2
      vertex 6.65224 29.7346 5
      vertex 6.65224 29.7346 2
    endloop
  endfacet
  facet normal -0.881879 -0.471475 0
    outer loop
      vertex 6.65224 29.7346 5
      vertex 6.83706 29.3889 2
      vertex 6.83706 29.3889 5
    endloop
  endfacet
  facet normal -0.995185 -0.0980137 0
    outer loop
      vertex 6.53843 30.1098 2
      vertex 6.5 30.5 5
      vertex 6.5 30.5 2
    endloop
  endfacet
  facet normal -0.995185 -0.0980137 0
    outer loop
      vertex 6.5 30.5 5
      vertex 6.53843 30.1098 2
      vertex 6.53843 30.1098 5
    endloop
  endfacet
  facet normal 0.290255 -0.956949 0
    outer loop
      vertex 8.89018 28.5384 2
      vertex 9.26537 28.6522 5
      vertex 8.89018 28.5384 5
    endloop
  endfacet
  facet normal 0.290255 -0.956949 0
    outer loop
      vertex 9.26537 28.6522 5
      vertex 8.89018 28.5384 2
      vertex 9.26537 28.6522 2
    endloop
  endfacet
  facet normal 0.773083 -0.634305 0
    outer loop
      vertex 9.91421 29.0858 5
      vertex 10.1629 29.3889 2
      vertex 10.1629 29.3889 5
    endloop
  endfacet
  facet normal 0.773083 -0.634305 0
    outer loop
      vertex 10.1629 29.3889 2
      vertex 9.91421 29.0858 5
      vertex 9.91421 29.0858 2
    endloop
  endfacet
  facet normal 0.956951 -0.290248 0
    outer loop
      vertex 10.3478 29.7346 5
      vertex 10.4616 30.1098 2
      vertex 10.4616 30.1098 5
    endloop
  endfacet
  facet normal 0.956951 -0.290248 0
    outer loop
      vertex 10.4616 30.1098 2
      vertex 10.3478 29.7346 5
      vertex 10.3478 29.7346 2
    endloop
  endfacet
  facet normal -0.47156 -0.881834 0
    outer loop
      vertex 7.38886 28.8371 2
      vertex 7.73463 28.6522 5
      vertex 7.38886 28.8371 5
    endloop
  endfacet
  facet normal -0.47156 -0.881834 -0
    outer loop
      vertex 7.73463 28.6522 5
      vertex 7.38886 28.8371 2
      vertex 7.73463 28.6522 2
    endloop
  endfacet
  facet normal -0.956944 -0.290271 0
    outer loop
      vertex 6.65224 29.7346 2
      vertex 6.53843 30.1098 5
      vertex 6.53843 30.1098 2
    endloop
  endfacet
  facet normal -0.956944 -0.290271 0
    outer loop
      vertex 6.53843 30.1098 5
      vertex 6.65224 29.7346 2
      vertex 6.65224 29.7346 5
    endloop
  endfacet
  facet normal -0.980787 -0.195081 0
    outer loop
      vertex 9.5 30.5 2.6
      vertex 9.42388 30.8827 5
      vertex 9.42388 30.8827 2.6
    endloop
  endfacet
  facet normal -0.980787 -0.195081 0
    outer loop
      vertex 9.42388 30.8827 5
      vertex 9.5 30.5 2.6
      vertex 9.5 30.5 5
    endloop
  endfacet
  facet normal 0.980787 -0.195081 0
    outer loop
      vertex 7.5 30.5 5
      vertex 7.57612 30.8827 2.6
      vertex 7.57612 30.8827 5
    endloop
  endfacet
  facet normal 0.980787 -0.195081 0
    outer loop
      vertex 7.57612 30.8827 2.6
      vertex 7.5 30.5 5
      vertex 7.5 30.5 2.6
    endloop
  endfacet
  facet normal -0.195042 -0.980795 0
    outer loop
      vertex 8.5 31.5 2.6
      vertex 8.88268 31.4239 5
      vertex 8.5 31.5 5
    endloop
  endfacet
  facet normal -0.195042 -0.980795 -0
    outer loop
      vertex 8.88268 31.4239 5
      vertex 8.5 31.5 2.6
      vertex 8.88268 31.4239 2.6
    endloop
  endfacet
  facet normal -0.831454 -0.555593 0
    outer loop
      vertex 9.42388 30.8827 2.6
      vertex 9.20711 31.2071 5
      vertex 9.20711 31.2071 2.6
    endloop
  endfacet
  facet normal -0.831454 -0.555593 0
    outer loop
      vertex 9.20711 31.2071 5
      vertex 9.42388 30.8827 2.6
      vertex 9.42388 30.8827 5
    endloop
  endfacet
  facet normal -0.195042 0.980795 0
    outer loop
      vertex 8.88268 29.5761 2.6
      vertex 8.5 29.5 5
      vertex 8.88268 29.5761 5
    endloop
  endfacet
  facet normal -0.195042 0.980795 0
    outer loop
      vertex 8.5 29.5 5
      vertex 8.88268 29.5761 2.6
      vertex 8.5 29.5 2.6
    endloop
  endfacet
  facet normal 0.195042 0.980795 -0
    outer loop
      vertex 8.5 29.5 2.6
      vertex 8.11732 29.5761 5
      vertex 8.5 29.5 5
    endloop
  endfacet
  facet normal 0.195042 0.980795 0
    outer loop
      vertex 8.11732 29.5761 5
      vertex 8.5 29.5 2.6
      vertex 8.11732 29.5761 2.6
    endloop
  endfacet
  facet normal 0.195042 -0.980795 0
    outer loop
      vertex 8.11732 31.4239 2.6
      vertex 8.5 31.5 5
      vertex 8.11732 31.4239 5
    endloop
  endfacet
  facet normal 0.195042 -0.980795 0
    outer loop
      vertex 8.5 31.5 5
      vertex 8.11732 31.4239 2.6
      vertex 8.5 31.5 2.6
    endloop
  endfacet
  facet normal 0.555611 -0.831443 0
    outer loop
      vertex 7.79289 31.2071 2.6
      vertex 8.11732 31.4239 5
      vertex 7.79289 31.2071 5
    endloop
  endfacet
  facet normal 0.555611 -0.831443 0
    outer loop
      vertex 8.11732 31.4239 5
      vertex 7.79289 31.2071 2.6
      vertex 8.11732 31.4239 2.6
    endloop
  endfacet
  facet normal 0.980787 0.195081 0
    outer loop
      vertex 7.57612 30.1173 5
      vertex 7.5 30.5 2.6
      vertex 7.5 30.5 5
    endloop
  endfacet
  facet normal 0.980787 0.195081 0
    outer loop
      vertex 7.5 30.5 2.6
      vertex 7.57612 30.1173 5
      vertex 7.57612 30.1173 2.6
    endloop
  endfacet
  facet normal 0.555611 0.831443 -0
    outer loop
      vertex 8.11732 29.5761 2.6
      vertex 7.79289 29.7929 5
      vertex 8.11732 29.5761 5
    endloop
  endfacet
  facet normal 0.555611 0.831443 0
    outer loop
      vertex 7.79289 29.7929 5
      vertex 8.11732 29.5761 2.6
      vertex 7.79289 29.7929 2.6
    endloop
  endfacet
  facet normal 0 0 1
    outer loop
      vertex 9.42388 30.8827 2.6
      vertex 9.42388 30.1173 2.6
      vertex 9.5 30.5 2.6
    endloop
  endfacet
  facet normal 0 0 1
    outer loop
      vertex 9.20711 31.2071 2.6
      vertex 9.42388 30.1173 2.6
      vertex 9.42388 30.8827 2.6
    endloop
  endfacet
  facet normal 0 0 1
    outer loop
      vertex 9.20711 31.2071 2.6
      vertex 9.20711 29.7929 2.6
      vertex 9.42388 30.1173 2.6
    endloop
  endfacet
  facet normal 0 0 1
    outer loop
      vertex 8.88268 31.4239 2.6
      vertex 9.20711 29.7929 2.6
      vertex 9.20711 31.2071 2.6
    endloop
  endfacet
  facet normal 0 0 1
    outer loop
      vertex 8.88268 31.4239 2.6
      vertex 8.88268 29.5761 2.6
      vertex 9.20711 29.7929 2.6
    endloop
  endfacet
  facet normal 0 0 1
    outer loop
      vertex 8.5 31.5 2.6
      vertex 8.88268 29.5761 2.6
      vertex 8.88268 31.4239 2.6
    endloop
  endfacet
  facet normal 0 0 1
    outer loop
      vertex 8.5 31.5 2.6
      vertex 8.5 29.5 2.6
      vertex 8.88268 29.5761 2.6
    endloop
  endfacet
  facet normal -0 0 1
    outer loop
      vertex 8.11732 31.4239 2.6
      vertex 8.5 29.5 2.6
      vertex 8.5 31.5 2.6
    endloop
  endfacet
  facet normal 0 0 1
    outer loop
      vertex 8.11732 31.4239 2.6
      vertex 8.11732 29.5761 2.6
      vertex 8.5 29.5 2.6
    endloop
  endfacet
  facet normal -0 0 1
    outer loop
      vertex 7.79289 31.2071 2.6
      vertex 8.11732 29.5761 2.6
      vertex 8.11732 31.4239 2.6
    endloop
  endfacet
  facet normal 0 0 1
    outer loop
      vertex 7.79289 31.2071 2.6
      vertex 7.79289 29.7929 2.6
      vertex 8.11732 29.5761 2.6
    endloop
  endfacet
  facet normal -0 0 1
    outer loop
      vertex 7.57612 30.8827 2.6
      vertex 7.79289 29.7929 2.6
      vertex 7.79289 31.2071 2.6
    endloop
  endfacet
  facet normal 0 0 1
    outer loop
      vertex 7.57612 30.8827 2.6
      vertex 7.57612 30.1173 2.6
      vertex 7.79289 29.7929 2.6
    endloop
  endfacet
  facet normal 0 -0 1
    outer loop
      vertex 7.57612 30.1173 2.6
      vertex 7.57612 30.8827 2.6
      vertex 7.5 30.5 2.6
    endloop
  endfacet
  facet normal -0.555611 -0.831443 0
    outer loop
      vertex 8.88268 31.4239 2.6
      vertex 9.20711 31.2071 5
      vertex 8.88268 31.4239 5
    endloop
  endfacet
  facet normal -0.555611 -0.831443 -0
    outer loop
      vertex 9.20711 31.2071 5
      vertex 8.88268 31.4239 2.6
      vertex 9.20711 31.2071 2.6
    endloop
  endfacet
  facet normal 0.831454 -0.555593 0
    outer loop
      vertex 7.57612 30.8827 5
      vertex 7.79289 31.2071 2.6
      vertex 7.79289 31.2071 5
    endloop
  endfacet
  facet normal 0.831454 -0.555593 0
    outer loop
      vertex 7.79289 31.2071 2.6
      vertex 7.57612 30.8827 5
      vertex 7.57612 30.8827 2.6
    endloop
  endfacet
  facet normal -0.831454 0.555593 0
    outer loop
      vertex 9.20711 29.7929 2.6
      vertex 9.42388 30.1173 5
      vertex 9.42388 30.1173 2.6
    endloop
  endfacet
  facet normal -0.831454 0.555593 0
    outer loop
      vertex 9.42388 30.1173 5
      vertex 9.20711 29.7929 2.6
      vertex 9.20711 29.7929 5
    endloop
  endfacet
  facet normal -0.555611 0.831443 0
    outer loop
      vertex 9.20711 29.7929 2.6
      vertex 8.88268 29.5761 5
      vertex 9.20711 29.7929 5
    endloop
  endfacet
  facet normal -0.555611 0.831443 0
    outer loop
      vertex 8.88268 29.5761 5
      vertex 9.20711 29.7929 2.6
      vertex 8.88268 29.5761 2.6
    endloop
  endfacet
  facet normal -0.980787 0.195081 0
    outer loop
      vertex 9.42388 30.1173 2.6
      vertex 9.5 30.5 5
      vertex 9.5 30.5 2.6
    endloop
  endfacet
  facet normal -0.980787 0.195081 0
    outer loop
      vertex 9.5 30.5 5
      vertex 9.42388 30.1173 2.6
      vertex 9.42388 30.1173 5
    endloop
  endfacet
  facet normal 0.831454 0.555593 0
    outer loop
      vertex 7.79289 29.7929 5
      vertex 7.57612 30.1173 2.6
      vertex 7.57612 30.1173 5
    endloop
  endfacet
  facet normal 0.831454 0.555593 0
    outer loop
      vertex 7.57612 30.1173 2.6
      vertex 7.79289 29.7929 5
      vertex 7.79289 29.7929 2.6
    endloop
  endfacet
  facet normal 0.995193 0.097938 0
    outer loop
      vertex 57.5 30.5 5
      vertex 57.4616 30.8902 2
      vertex 57.4616 30.8902 5
    endloop
  endfacet
  facet normal 0.995193 0.097938 0
    outer loop
      vertex 57.4616 30.8902 2
      vertex 57.5 30.5 5
      vertex 57.5 30.5 2
    endloop
  endfacet
  facet normal -0.995193 0.097938 0
    outer loop
      vertex 53.5 30.5 2
      vertex 53.5384 30.8902 5
      vertex 53.5384 30.8902 2
    endloop
  endfacet
  facet normal -0.995193 0.097938 0
    outer loop
      vertex 53.5384 30.8902 5
      vertex 53.5 30.5 2
      vertex 53.5 30.5 5
    endloop
  endfacet
  facet normal 0.097938 0.995193 -0
    outer loop
      vertex 55.8902 32.4616 2
      vertex 55.5 32.5 5
      vertex 55.8902 32.4616 5
    endloop
  endfacet
  facet normal 0.097938 0.995193 0
    outer loop
      vertex 55.5 32.5 5
      vertex 55.8902 32.4616 2
      vertex 55.5 32.5 2
    endloop
  endfacet
  facet normal -0.097938 -0.995193 0
    outer loop
      vertex 55.1098 28.5384 2
      vertex 55.5 28.5 5
      vertex 55.1098 28.5384 5
    endloop
  endfacet
  facet normal -0.097938 -0.995193 -0
    outer loop
      vertex 55.5 28.5 5
      vertex 55.1098 28.5384 2
      vertex 55.5 28.5 2
    endloop
  endfacet
  facet normal -0.77307 -0.634321 0
    outer loop
      vertex 54.0858 29.0858 2
      vertex 53.8371 29.3889 5
      vertex 53.8371 29.3889 2
    endloop
  endfacet
  facet normal -0.77307 -0.634321 0
    outer loop
      vertex 53.8371 29.3889 5
      vertex 54.0858 29.0858 2
      vertex 54.0858 29.0858 5
    endloop
  endfacet
  facet normal 0.634321 0.77307 -0
    outer loop
      vertex 56.9142 31.9142 2
      vertex 56.6111 32.1629 5
      vertex 56.9142 31.9142 5
    endloop
  endfacet
  facet normal 0.634321 0.77307 0
    outer loop
      vertex 56.6111 32.1629 5
      vertex 56.9142 31.9142 2
      vertex 56.6111 32.1629 2
    endloop
  endfacet
  facet normal -0.634321 0.77307 0
    outer loop
      vertex 54.3889 32.1629 2
      vertex 54.0858 31.9142 5
      vertex 54.3889 32.1629 5
    endloop
  endfacet
  facet normal -0.634321 0.77307 0
    outer loop
      vertex 54.0858 31.9142 5
      vertex 54.3889 32.1629 2
      vertex 54.0858 31.9142 2
    endloop
  endfacet
  facet normal -0.290248 0.956951 0
    outer loop
      vertex 55.1098 32.4616 2
      vertex 54.7346 32.3478 5
      vertex 55.1098 32.4616 5
    endloop
  endfacet
  facet normal -0.290248 0.956951 0
    outer loop
      vertex 54.7346 32.3478 5
      vertex 55.1098 32.4616 2
      vertex 54.7346 32.3478 2
    endloop
  endfacet
  facet normal 0.881795 -0.471634 0
    outer loop
      vertex 57.1629 29.3889 5
      vertex 57.3478 29.7346 2
      vertex 57.3478 29.7346 5
    endloop
  endfacet
  facet normal 0.881795 -0.471634 0
    outer loop
      vertex 57.3478 29.7346 2
      vertex 57.1629 29.3889 5
      vertex 57.1629 29.3889 2
    endloop
  endfacet
  facet normal 0.881795 0.471634 0
    outer loop
      vertex 57.3478 31.2654 5
      vertex 57.1629 31.6111 2
      vertex 57.1629 31.6111 5
    endloop
  endfacet
  facet normal 0.881795 0.471634 0
    outer loop
      vertex 57.1629 31.6111 2
      vertex 57.3478 31.2654 5
      vertex 57.3478 31.2654 2
    endloop
  endfacet
  facet normal 0.956951 0.290248 0
    outer loop
      vertex 57.4616 30.8902 5
      vertex 57.3478 31.2654 2
      vertex 57.3478 31.2654 5
    endloop
  endfacet
  facet normal 0.956951 0.290248 0
    outer loop
      vertex 57.3478 31.2654 2
      vertex 57.4616 30.8902 5
      vertex 57.4616 30.8902 2
    endloop
  endfacet
  facet normal 0.77307 0.634321 0
    outer loop
      vertex 57.1629 31.6111 5
      vertex 56.9142 31.9142 2
      vertex 56.9142 31.9142 5
    endloop
  endfacet
  facet normal 0.77307 0.634321 0
    outer loop
      vertex 56.9142 31.9142 2
      vertex 57.1629 31.6111 5
      vertex 57.1629 31.6111 2
    endloop
  endfacet
  facet normal 0.290248 0.956951 -0
    outer loop
      vertex 56.2654 32.3478 2
      vertex 55.8902 32.4616 5
      vertex 56.2654 32.3478 5
    endloop
  endfacet
  facet normal 0.290248 0.956951 0
    outer loop
      vertex 55.8902 32.4616 5
      vertex 56.2654 32.3478 2
      vertex 55.8902 32.4616 2
    endloop
  endfacet
  facet normal 0.471634 0.881795 -0
    outer loop
      vertex 56.6111 32.1629 2
      vertex 56.2654 32.3478 5
      vertex 56.6111 32.1629 5
    endloop
  endfacet
  facet normal 0.471634 0.881795 0
    outer loop
      vertex 56.2654 32.3478 5
      vertex 56.6111 32.1629 2
      vertex 56.2654 32.3478 2
    endloop
  endfacet
  facet normal -0.881795 0.471634 0
    outer loop
      vertex 53.6522 31.2654 2
      vertex 53.8371 31.6111 5
      vertex 53.8371 31.6111 2
    endloop
  endfacet
  facet normal -0.881795 0.471634 0
    outer loop
      vertex 53.8371 31.6111 5
      vertex 53.6522 31.2654 2
      vertex 53.6522 31.2654 5
    endloop
  endfacet
  facet normal -0.77307 0.634321 0
    outer loop
      vertex 53.8371 31.6111 2
      vertex 54.0858 31.9142 5
      vertex 54.0858 31.9142 2
    endloop
  endfacet
  facet normal -0.77307 0.634321 0
    outer loop
      vertex 54.0858 31.9142 5
      vertex 53.8371 31.6111 2
      vertex 53.8371 31.6111 5
    endloop
  endfacet
  facet normal -0.956951 0.290248 0
    outer loop
      vertex 53.5384 30.8902 2
      vertex 53.6522 31.2654 5
      vertex 53.6522 31.2654 2
    endloop
  endfacet
  facet normal -0.956951 0.290248 0
    outer loop
      vertex 53.6522 31.2654 5
      vertex 53.5384 30.8902 2
      vertex 53.5384 30.8902 5
    endloop
  endfacet
  facet normal 0 0 1
    outer loop
      vertex 56.5 30.5 5
      vertex 57.5 30.5 5
      vertex 57.4616 30.8902 5
    endloop
  endfacet
  facet normal 0 0 1
    outer loop
      vertex 56.4239 30.8827 5
      vertex 57.4616 30.8902 5
      vertex 57.3478 31.2654 5
    endloop
  endfacet
  facet normal 0 0 1
    outer loop
      vertex 57.5 30.5 5
      vertex 56.5 30.5 5
      vertex 57.4616 30.1098 5
    endloop
  endfacet
  facet normal 0 0 1
    outer loop
      vertex 56.4239 30.8827 5
      vertex 57.3478 31.2654 5
      vertex 57.1629 31.6111 5
    endloop
  endfacet
  facet normal -0 0 1
    outer loop
      vertex 56.4239 30.1173 5
      vertex 57.4616 30.1098 5
      vertex 56.5 30.5 5
    endloop
  endfacet
  facet normal 0 0 1
    outer loop
      vertex 56.2071 31.2071 5
      vertex 57.1629 31.6111 5
      vertex 56.9142 31.9142 5
    endloop
  endfacet
  facet normal 0 0 1
    outer loop
      vertex 57.4616 30.1098 5
      vertex 56.4239 30.1173 5
      vertex 57.3478 29.7346 5
    endloop
  endfacet
  facet normal 0 0 1
    outer loop
      vertex 56.2071 31.2071 5
      vertex 56.9142 31.9142 5
      vertex 56.6111 32.1629 5
    endloop
  endfacet
  facet normal 0 0 1
    outer loop
      vertex 57.3478 29.7346 5
      vertex 56.4239 30.1173 5
      vertex 57.1629 29.3889 5
    endloop
  endfacet
  facet normal -0 0 1
    outer loop
      vertex 56.2071 29.7929 5
      vertex 57.1629 29.3889 5
      vertex 56.4239 30.1173 5
    endloop
  endfacet
  facet normal 0 0 1
    outer loop
      vertex 57.4616 30.8902 5
      vertex 56.4239 30.8827 5
      vertex 56.5 30.5 5
    endloop
  endfacet
  facet normal 0 0 1
    outer loop
      vertex 55.8827 31.4239 5
      vertex 56.6111 32.1629 5
      vertex 56.2654 32.3478 5
    endloop
  endfacet
  facet normal 0 0 1
    outer loop
      vertex 57.1629 31.6111 5
      vertex 56.2071 31.2071 5
      vertex 56.4239 30.8827 5
    endloop
  endfacet
  facet normal 0 0 1
    outer loop
      vertex 55.8827 31.4239 5
      vertex 56.2654 32.3478 5
      vertex 55.8902 32.4616 5
    endloop
  endfacet
  facet normal 0 0 1
    outer loop
      vertex 56.6111 32.1629 5
      vertex 55.8827 31.4239 5
      vertex 56.2071 31.2071 5
    endloop
  endfacet
  facet normal 0 0 1
    outer loop
      vertex 55.5 31.5 5
      vertex 55.8902 32.4616 5
      vertex 55.5 32.5 5
    endloop
  endfacet
  facet normal 0 0 1
    outer loop
      vertex 55.8902 32.4616 5
      vertex 55.5 31.5 5
      vertex 55.8827 31.4239 5
    endloop
  endfacet
  facet normal -0 0 1
    outer loop
      vertex 55.1098 32.4616 5
      vertex 55.5 31.5 5
      vertex 55.5 32.5 5
    endloop
  endfacet
  facet normal 0 0 1
    outer loop
      vertex 55.5 31.5 5
      vertex 55.1098 32.4616 5
      vertex 55.1173 31.4239 5
    endloop
  endfacet
  facet normal -0 0 1
    outer loop
      vertex 54.7346 32.3478 5
      vertex 55.1173 31.4239 5
      vertex 55.1098 32.4616 5
    endloop
  endfacet
  facet normal -0 0 1
    outer loop
      vertex 54.3889 32.1629 5
      vertex 55.1173 31.4239 5
      vertex 54.7346 32.3478 5
    endloop
  endfacet
  facet normal 0 0 1
    outer loop
      vertex 55.1173 31.4239 5
      vertex 54.3889 32.1629 5
      vertex 54.7929 31.2071 5
    endloop
  endfacet
  facet normal -0 0 1
    outer loop
      vertex 54.0858 31.9142 5
      vertex 54.7929 31.2071 5
      vertex 54.3889 32.1629 5
    endloop
  endfacet
  facet normal -0 0 1
    outer loop
      vertex 53.8371 31.6111 5
      vertex 54.7929 31.2071 5
      vertex 54.0858 31.9142 5
    endloop
  endfacet
  facet normal 0 0 1
    outer loop
      vertex 57.1629 29.3889 5
      vertex 56.2071 29.7929 5
      vertex 56.9142 29.0858 5
    endloop
  endfacet
  facet normal 0 0 1
    outer loop
      vertex 56.9142 29.0858 5
      vertex 56.2071 29.7929 5
      vertex 56.6111 28.8371 5
    endloop
  endfacet
  facet normal -0 0 1
    outer loop
      vertex 55.8827 29.5761 5
      vertex 56.6111 28.8371 5
      vertex 56.2071 29.7929 5
    endloop
  endfacet
  facet normal 0 0 1
    outer loop
      vertex 56.6111 28.8371 5
      vertex 55.8827 29.5761 5
      vertex 56.2654 28.6522 5
    endloop
  endfacet
  facet normal 0 0 1
    outer loop
      vertex 56.2654 28.6522 5
      vertex 55.8827 29.5761 5
      vertex 55.8902 28.5384 5
    endloop
  endfacet
  facet normal -0 0 1
    outer loop
      vertex 55.5 29.5 5
      vertex 55.8902 28.5384 5
      vertex 55.8827 29.5761 5
    endloop
  endfacet
  facet normal 0 0 1
    outer loop
      vertex 55.5 29.5 5
      vertex 55.5 28.5 5
      vertex 55.8902 28.5384 5
    endloop
  endfacet
  facet normal 0 0 1
    outer loop
      vertex 55.1098 28.5384 5
      vertex 55.5 29.5 5
      vertex 55.1173 29.5761 5
    endloop
  endfacet
  facet normal 0 0 1
    outer loop
      vertex 55.5 29.5 5
      vertex 55.1098 28.5384 5
      vertex 55.5 28.5 5
    endloop
  endfacet
  facet normal 0 0 1
    outer loop
      vertex 54.3889 28.8371 5
      vertex 55.1173 29.5761 5
      vertex 54.7929 29.7929 5
    endloop
  endfacet
  facet normal 0 0 1
    outer loop
      vertex 55.1173 29.5761 5
      vertex 54.7346 28.6522 5
      vertex 55.1098 28.5384 5
    endloop
  endfacet
  facet normal 0 0 1
    outer loop
      vertex 53.8371 29.3889 5
      vertex 54.7929 29.7929 5
      vertex 54.5761 30.1173 5
    endloop
  endfacet
  facet normal 0 0 1
    outer loop
      vertex 53.5384 30.1098 5
      vertex 54.5761 30.1173 5
      vertex 54.5 30.5 5
    endloop
  endfacet
  facet normal 0 0 1
    outer loop
      vertex 55.1173 29.5761 5
      vertex 54.3889 28.8371 5
      vertex 54.7346 28.6522 5
    endloop
  endfacet
  facet normal 0 0 1
    outer loop
      vertex 54.7929 31.2071 5
      vertex 53.8371 31.6111 5
      vertex 54.5761 30.8827 5
    endloop
  endfacet
  facet normal -0 0 1
    outer loop
      vertex 53.6522 31.2654 5
      vertex 54.5761 30.8827 5
      vertex 53.8371 31.6111 5
    endloop
  endfacet
  facet normal 0 0 1
    outer loop
      vertex 54.7929 29.7929 5
      vertex 54.0858 29.0858 5
      vertex 54.3889 28.8371 5
    endloop
  endfacet
  facet normal -0 0 1
    outer loop
      vertex 53.5384 30.8902 5
      vertex 54.5761 30.8827 5
      vertex 53.6522 31.2654 5
    endloop
  endfacet
  facet normal 0 0 1
    outer loop
      vertex 54.7929 29.7929 5
      vertex 53.8371 29.3889 5
      vertex 54.0858 29.0858 5
    endloop
  endfacet
  facet normal 0 0 1
    outer loop
      vertex 54.5761 30.8827 5
      vertex 53.5384 30.8902 5
      vertex 54.5 30.5 5
    endloop
  endfacet
  facet normal 0 0 1
    outer loop
      vertex 54.5761 30.1173 5
      vertex 53.6522 29.7346 5
      vertex 53.8371 29.3889 5
    endloop
  endfacet
  facet normal 0 0 1
    outer loop
      vertex 53.5 30.5 5
      vertex 54.5 30.5 5
      vertex 53.5384 30.8902 5
    endloop
  endfacet
  facet normal 0 0 1
    outer loop
      vertex 54.5761 30.1173 5
      vertex 53.5384 30.1098 5
      vertex 53.6522 29.7346 5
    endloop
  endfacet
  facet normal 0 0 1
    outer loop
      vertex 54.5 30.5 5
      vertex 53.5 30.5 5
      vertex 53.5384 30.1098 5
    endloop
  endfacet
  facet normal -0.471634 0.881795 0
    outer loop
      vertex 54.7346 32.3478 2
      vertex 54.3889 32.1629 5
      vertex 54.7346 32.3478 5
    endloop
  endfacet
  facet normal -0.471634 0.881795 0
    outer loop
      vertex 54.3889 32.1629 5
      vertex 54.7346 32.3478 2
      vertex 54.3889 32.1629 2
    endloop
  endfacet
  facet normal -0.097938 0.995193 0
    outer loop
      vertex 55.5 32.5 2
      vertex 55.1098 32.4616 5
      vertex 55.5 32.5 5
    endloop
  endfacet
  facet normal -0.097938 0.995193 0
    outer loop
      vertex 55.1098 32.4616 5
      vertex 55.5 32.5 2
      vertex 55.1098 32.4616 2
    endloop
  endfacet
  facet normal 0.995193 -0.097938 0
    outer loop
      vertex 57.4616 30.1098 5
      vertex 57.5 30.5 2
      vertex 57.5 30.5 5
    endloop
  endfacet
  facet normal 0.995193 -0.097938 0
    outer loop
      vertex 57.5 30.5 2
      vertex 57.4616 30.1098 5
      vertex 57.4616 30.1098 2
    endloop
  endfacet
  facet normal 0.471634 -0.881795 0
    outer loop
      vertex 56.2654 28.6522 2
      vertex 56.6111 28.8371 5
      vertex 56.2654 28.6522 5
    endloop
  endfacet
  facet normal 0.471634 -0.881795 0
    outer loop
      vertex 56.6111 28.8371 5
      vertex 56.2654 28.6522 2
      vertex 56.6111 28.8371 2
    endloop
  endfacet
  facet normal 0.097938 -0.995193 0
    outer loop
      vertex 55.5 28.5 2
      vertex 55.8902 28.5384 5
      vertex 55.5 28.5 5
    endloop
  endfacet
  facet normal 0.097938 -0.995193 0
    outer loop
      vertex 55.8902 28.5384 5
      vertex 55.5 28.5 2
      vertex 55.8902 28.5384 2
    endloop
  endfacet
  facet normal 0.634321 -0.77307 0
    outer loop
      vertex 56.6111 28.8371 2
      vertex 56.9142 29.0858 5
      vertex 56.6111 28.8371 5
    endloop
  endfacet
  facet normal 0.634321 -0.77307 0
    outer loop
      vertex 56.9142 29.0858 5
      vertex 56.6111 28.8371 2
      vertex 56.9142 29.0858 2
    endloop
  endfacet
  facet normal -0.634321 -0.77307 0
    outer loop
      vertex 54.0858 29.0858 2
      vertex 54.3889 28.8371 5
      vertex 54.0858 29.0858 5
    endloop
  endfacet
  facet normal -0.634321 -0.77307 -0
    outer loop
      vertex 54.3889 28.8371 5
      vertex 54.0858 29.0858 2
      vertex 54.3889 28.8371 2
    endloop
  endfacet
  facet normal -0.290248 -0.956951 0
    outer loop
      vertex 54.7346 28.6522 2
      vertex 55.1098 28.5384 5
      vertex 54.7346 28.6522 5
    endloop
  endfacet
  facet normal -0.290248 -0.956951 -0
    outer loop
      vertex 55.1098 28.5384 5
      vertex 54.7346 28.6522 2
      vertex 55.1098 28.5384 2
    endloop
  endfacet
  facet normal -0.881795 -0.471634 0
    outer loop
      vertex 53.8371 29.3889 2
      vertex 53.6522 29.7346 5
      vertex 53.6522 29.7346 2
    endloop
  endfacet
  facet normal -0.881795 -0.471634 0
    outer loop
      vertex 53.6522 29.7346 5
      vertex 53.8371 29.3889 2
      vertex 53.8371 29.3889 5
    endloop
  endfacet
  facet normal -0.995193 -0.097938 0
    outer loop
      vertex 53.5384 30.1098 2
      vertex 53.5 30.5 5
      vertex 53.5 30.5 2
    endloop
  endfacet
  facet normal -0.995193 -0.097938 0
    outer loop
      vertex 53.5 30.5 5
      vertex 53.5384 30.1098 2
      vertex 53.5384 30.1098 5
    endloop
  endfacet
  facet normal 0.290248 -0.956951 0
    outer loop
      vertex 55.8902 28.5384 2
      vertex 56.2654 28.6522 5
      vertex 55.8902 28.5384 5
    endloop
  endfacet
  facet normal 0.290248 -0.956951 0
    outer loop
      vertex 56.2654 28.6522 5
      vertex 55.8902 28.5384 2
      vertex 56.2654 28.6522 2
    endloop
  endfacet
  facet normal 0.77307 -0.634321 0
    outer loop
      vertex 56.9142 29.0858 5
      vertex 57.1629 29.3889 2
      vertex 57.1629 29.3889 5
    endloop
  endfacet
  facet normal 0.77307 -0.634321 0
    outer loop
      vertex 57.1629 29.3889 2
      vertex 56.9142 29.0858 5
      vertex 56.9142 29.0858 2
    endloop
  endfacet
  facet normal 0.956951 -0.290248 0
    outer loop
      vertex 57.3478 29.7346 5
      vertex 57.4616 30.1098 2
      vertex 57.4616 30.1098 5
    endloop
  endfacet
  facet normal 0.956951 -0.290248 0
    outer loop
      vertex 57.4616 30.1098 2
      vertex 57.3478 29.7346 5
      vertex 57.3478 29.7346 2
    endloop
  endfacet
  facet normal -0.471634 -0.881795 0
    outer loop
      vertex 54.3889 28.8371 2
      vertex 54.7346 28.6522 5
      vertex 54.3889 28.8371 5
    endloop
  endfacet
  facet normal -0.471634 -0.881795 -0
    outer loop
      vertex 54.7346 28.6522 5
      vertex 54.3889 28.8371 2
      vertex 54.7346 28.6522 2
    endloop
  endfacet
  facet normal -0.956951 -0.290248 0
    outer loop
      vertex 53.6522 29.7346 2
      vertex 53.5384 30.1098 5
      vertex 53.5384 30.1098 2
    endloop
  endfacet
  facet normal -0.956951 -0.290248 0
    outer loop
      vertex 53.5384 30.1098 5
      vertex 53.6522 29.7346 2
      vertex 53.6522 29.7346 5
    endloop
  endfacet
  facet normal -0.980797 -0.195032 0
    outer loop
      vertex 56.5 30.5 2.6
      vertex 56.4239 30.8827 5
      vertex 56.4239 30.8827 2.6
    endloop
  endfacet
  facet normal -0.980797 -0.195032 0
    outer loop
      vertex 56.4239 30.8827 5
      vertex 56.5 30.5 2.6
      vertex 56.5 30.5 5
    endloop
  endfacet
  facet normal 0.980797 -0.195032 0
    outer loop
      vertex 54.5 30.5 5
      vertex 54.5761 30.8827 2.6
      vertex 54.5761 30.8827 5
    endloop
  endfacet
  facet normal 0.980797 -0.195032 0
    outer loop
      vertex 54.5761 30.8827 2.6
      vertex 54.5 30.5 5
      vertex 54.5 30.5 2.6
    endloop
  endfacet
  facet normal -0.195032 -0.980797 0
    outer loop
      vertex 55.5 31.5 2.6
      vertex 55.8827 31.4239 5
      vertex 55.5 31.5 5
    endloop
  endfacet
  facet normal -0.195032 -0.980797 -0
    outer loop
      vertex 55.8827 31.4239 5
      vertex 55.5 31.5 2.6
      vertex 55.8827 31.4239 2.6
    endloop
  endfacet
  facet normal -0.831419 -0.555646 0
    outer loop
      vertex 56.4239 30.8827 2.6
      vertex 56.2071 31.2071 5
      vertex 56.2071 31.2071 2.6
    endloop
  endfacet
  facet normal -0.831419 -0.555646 0
    outer loop
      vertex 56.2071 31.2071 5
      vertex 56.4239 30.8827 2.6
      vertex 56.4239 30.8827 5
    endloop
  endfacet
  facet normal -0.195032 0.980797 0
    outer loop
      vertex 55.8827 29.5761 2.6
      vertex 55.5 29.5 5
      vertex 55.8827 29.5761 5
    endloop
  endfacet
  facet normal -0.195032 0.980797 0
    outer loop
      vertex 55.5 29.5 5
      vertex 55.8827 29.5761 2.6
      vertex 55.5 29.5 2.6
    endloop
  endfacet
  facet normal 0.195032 0.980797 -0
    outer loop
      vertex 55.5 29.5 2.6
      vertex 55.1173 29.5761 5
      vertex 55.5 29.5 5
    endloop
  endfacet
  facet normal 0.195032 0.980797 0
    outer loop
      vertex 55.1173 29.5761 5
      vertex 55.5 29.5 2.6
      vertex 55.1173 29.5761 2.6
    endloop
  endfacet
  facet normal 0.195032 -0.980797 0
    outer loop
      vertex 55.1173 31.4239 2.6
      vertex 55.5 31.5 5
      vertex 55.1173 31.4239 5
    endloop
  endfacet
  facet normal 0.195032 -0.980797 0
    outer loop
      vertex 55.5 31.5 5
      vertex 55.1173 31.4239 2.6
      vertex 55.5 31.5 2.6
    endloop
  endfacet
  facet normal 0.555646 -0.831419 0
    outer loop
      vertex 54.7929 31.2071 2.6
      vertex 55.1173 31.4239 5
      vertex 54.7929 31.2071 5
    endloop
  endfacet
  facet normal 0.555646 -0.831419 0
    outer loop
      vertex 55.1173 31.4239 5
      vertex 54.7929 31.2071 2.6
      vertex 55.1173 31.4239 2.6
    endloop
  endfacet
  facet normal 0.980797 0.195032 0
    outer loop
      vertex 54.5761 30.1173 5
      vertex 54.5 30.5 2.6
      vertex 54.5 30.5 5
    endloop
  endfacet
  facet normal 0.980797 0.195032 0
    outer loop
      vertex 54.5 30.5 2.6
      vertex 54.5761 30.1173 5
      vertex 54.5761 30.1173 2.6
    endloop
  endfacet
  facet normal 0.555646 0.831419 -0
    outer loop
      vertex 55.1173 29.5761 2.6
      vertex 54.7929 29.7929 5
      vertex 55.1173 29.5761 5
    endloop
  endfacet
  facet normal 0.555646 0.831419 0
    outer loop
      vertex 54.7929 29.7929 5
      vertex 55.1173 29.5761 2.6
      vertex 54.7929 29.7929 2.6
    endloop
  endfacet
  facet normal 0 0 1
    outer loop
      vertex 56.4239 30.8827 2.6
      vertex 56.4239 30.1173 2.6
      vertex 56.5 30.5 2.6
    endloop
  endfacet
  facet normal 0 0 1
    outer loop
      vertex 56.2071 31.2071 2.6
      vertex 56.4239 30.1173 2.6
      vertex 56.4239 30.8827 2.6
    endloop
  endfacet
  facet normal 0 0 1
    outer loop
      vertex 56.2071 31.2071 2.6
      vertex 56.2071 29.7929 2.6
      vertex 56.4239 30.1173 2.6
    endloop
  endfacet
  facet normal 0 0 1
    outer loop
      vertex 55.8827 31.4239 2.6
      vertex 56.2071 29.7929 2.6
      vertex 56.2071 31.2071 2.6
    endloop
  endfacet
  facet normal 0 0 1
    outer loop
      vertex 55.8827 31.4239 2.6
      vertex 55.8827 29.5761 2.6
      vertex 56.2071 29.7929 2.6
    endloop
  endfacet
  facet normal 0 0 1
    outer loop
      vertex 55.5 31.5 2.6
      vertex 55.8827 29.5761 2.6
      vertex 55.8827 31.4239 2.6
    endloop
  endfacet
  facet normal 0 0 1
    outer loop
      vertex 55.5 31.5 2.6
      vertex 55.5 29.5 2.6
      vertex 55.8827 29.5761 2.6
    endloop
  endfacet
  facet normal -0 0 1
    outer loop
      vertex 55.1173 31.4239 2.6
      vertex 55.5 29.5 2.6
      vertex 55.5 31.5 2.6
    endloop
  endfacet
  facet normal 0 0 1
    outer loop
      vertex 55.1173 31.4239 2.6
      vertex 55.1173 29.5761 2.6
      vertex 55.5 29.5 2.6
    endloop
  endfacet
  facet normal -0 0 1
    outer loop
      vertex 54.7929 31.2071 2.6
      vertex 55.1173 29.5761 2.6
      vertex 55.1173 31.4239 2.6
    endloop
  endfacet
  facet normal 0 0 1
    outer loop
      vertex 54.7929 31.2071 2.6
      vertex 54.7929 29.7929 2.6
      vertex 55.1173 29.5761 2.6
    endloop
  endfacet
  facet normal -0 0 1
    outer loop
      vertex 54.5761 30.8827 2.6
      vertex 54.7929 29.7929 2.6
      vertex 54.7929 31.2071 2.6
    endloop
  endfacet
  facet normal 0 0 1
    outer loop
      vertex 54.5761 30.8827 2.6
      vertex 54.5761 30.1173 2.6
      vertex 54.7929 29.7929 2.6
    endloop
  endfacet
  facet normal 0 -0 1
    outer loop
      vertex 54.5761 30.1173 2.6
      vertex 54.5761 30.8827 2.6
      vertex 54.5 30.5 2.6
    endloop
  endfacet
  facet normal -0.555646 -0.831419 0
    outer loop
      vertex 55.8827 31.4239 2.6
      vertex 56.2071 31.2071 5
      vertex 55.8827 31.4239 5
    endloop
  endfacet
  facet normal -0.555646 -0.831419 -0
    outer loop
      vertex 56.2071 31.2071 5
      vertex 55.8827 31.4239 2.6
      vertex 56.2071 31.2071 2.6
    endloop
  endfacet
  facet normal 0.831419 -0.555646 0
    outer loop
      vertex 54.5761 30.8827 5
      vertex 54.7929 31.2071 2.6
      vertex 54.7929 31.2071 5
    endloop
  endfacet
  facet normal 0.831419 -0.555646 0
    outer loop
      vertex 54.7929 31.2071 2.6
      vertex 54.5761 30.8827 5
      vertex 54.5761 30.8827 2.6
    endloop
  endfacet
  facet normal -0.831419 0.555646 0
    outer loop
      vertex 56.2071 29.7929 2.6
      vertex 56.4239 30.1173 5
      vertex 56.4239 30.1173 2.6
    endloop
  endfacet
  facet normal -0.831419 0.555646 0
    outer loop
      vertex 56.4239 30.1173 5
      vertex 56.2071 29.7929 2.6
      vertex 56.2071 29.7929 5
    endloop
  endfacet
  facet normal -0.555646 0.831419 0
    outer loop
      vertex 56.2071 29.7929 2.6
      vertex 55.8827 29.5761 5
      vertex 56.2071 29.7929 5
    endloop
  endfacet
  facet normal -0.555646 0.831419 0
    outer loop
      vertex 55.8827 29.5761 5
      vertex 56.2071 29.7929 2.6
      vertex 55.8827 29.5761 2.6
    endloop
  endfacet
  facet normal -0.980797 0.195032 0
    outer loop
      vertex 56.4239 30.1173 2.6
      vertex 56.5 30.5 5
      vertex 56.5 30.5 2.6
    endloop
  endfacet
  facet normal -0.980797 0.195032 0
    outer loop
      vertex 56.5 30.5 5
      vertex 56.4239 30.1173 2.6
      vertex 56.4239 30.1173 5
    endloop
  endfacet
  facet normal 0.831419 0.555646 0
    outer loop
      vertex 54.7929 29.7929 5
      vertex 54.5761 30.1173 2.6
      vertex 54.5761 30.1173 5
    endloop
  endfacet
  facet normal 0.831419 0.555646 0
    outer loop
      vertex 54.5761 30.1173 2.6
      vertex 54.7929 29.7929 5
      vertex 54.7929 29.7929 2.6
    endloop
  endfacet
endsolid OpenSCAD_Model
