solid OpenSCAD_Model
  facet normal 0.709844 0.0465746 0.702817
    outer loop
      vertex 27.2706 46.0472 4.2
      vertex 26.3 45.75 5.2
      vertex 27.2901 45.75 4.2
    endloop
  endfacet
  facet normal 0.638056 -0.314491 0.702837
    outer loop
      vertex 27.115 44.8721 4.2
      vertex 26.1258 45.1 5.2
      vertex 26.9833 44.6049 4.2
    endloop
  endfacet
  facet normal -0.638056 0.314491 0.702837
    outer loop
      vertex 23.0167 46.8951 4.2
      vertex 22.885 46.6279 4.2
      vertex 23.8742 46.4 5.2
    endloop
  endfacet
  facet normal -0.395302 0.5914 0.702839
    outer loop
      vertex 23.8549 47.7333 4.2
      vertex 23.6073 47.5678 4.2
      vertex 24.35 46.8758 5.2
    endloop
  endfacet
  facet normal -0.709871 -0.0464323 0.7028
    outer loop
      vertex 22.7294 45.4528 4.2
      vertex 23.7111 45.5803 5.2
      vertex 23.7 45.75 5.2
    endloop
  endfacet
  facet normal -0.710315 -0.0417832 0.702643
    outer loop
      vertex 23.7111 45.5803 5.2
      vertex 22.7294 45.4528 4.2
      vertex 22.7295 45.4511 4.2
    endloop
  endfacet
  facet normal 0.138774 -0.697693 0.702827
    outer loop
      vertex 25.3365 44.4943 5.2
      vertex 25.3006 43.4798 4.2
      vertex 25.5927 43.5379 4.2
    endloop
  endfacet
  facet normal -0.138774 0.697693 0.702827
    outer loop
      vertex 24.6994 48.0202 4.2
      vertex 24.4073 47.9621 4.2
      vertex 24.6635 47.0057 5.2
    endloop
  endfacet
  facet normal 0.5914 0.395302 0.702839
    outer loop
      vertex 26.8178 47.1427 4.2
      vertex 26.1258 46.4 5.2
      vertex 26.9833 46.8951 4.2
    endloop
  endfacet
  facet normal 0.384932 -0.598783 0.702343
    outer loop
      vertex 25.7914 44.7186 5.2
      vertex 26.3927 43.9322 4.2
      vertex 26.3941 43.9331 4.2
    endloop
  endfacet
  facet normal 0.394997 -0.591659 0.702792
    outer loop
      vertex 26.3927 43.9322 4.2
      vertex 25.7914 44.7186 5.2
      vertex 25.65 44.6242 5.2
    endloop
  endfacet
  facet normal 0.709844 -0.0465746 0.702817
    outer loop
      vertex 27.2901 45.75 4.2
      vertex 26.3 45.75 5.2
      vertex 27.2706 45.4528 4.2
    endloop
  endfacet
  facet normal -0.598783 0.384932 0.702343
    outer loop
      vertex 23.1822 47.1427 4.2
      vertex 23.9686 46.5414 5.2
      vertex 23.1831 47.1441 4.2
    endloop
  endfacet
  facet normal -0.591659 0.394997 0.702792
    outer loop
      vertex 23.9686 46.5414 5.2
      vertex 23.1822 47.1427 4.2
      vertex 23.8742 46.4 5.2
    endloop
  endfacet
  facet normal -0.5914 0.395302 0.702839
    outer loop
      vertex 23.1822 47.1427 4.2
      vertex 23.0167 46.8951 4.2
      vertex 23.8742 46.4 5.2
    endloop
  endfacet
  facet normal -0.710315 0.0417832 0.702643
    outer loop
      vertex 22.7294 46.0472 4.2
      vertex 23.7111 45.9197 5.2
      vertex 22.7295 46.0489 4.2
    endloop
  endfacet
  facet normal -0.709871 0.0464323 0.7028
    outer loop
      vertex 23.7111 45.9197 5.2
      vertex 22.7294 46.0472 4.2
      vertex 23.7 45.75 5.2
    endloop
  endfacet
  facet normal -0.394997 -0.591659 0.702792
    outer loop
      vertex 24.2086 44.7186 5.2
      vertex 23.6073 43.9322 4.2
      vertex 24.35 44.6242 5.2
    endloop
  endfacet
  facet normal -0.384932 -0.598783 0.702343
    outer loop
      vertex 23.6073 43.9322 4.2
      vertex 24.2086 44.7186 5.2
      vertex 23.6059 43.9331 4.2
    endloop
  endfacet
  facet normal 0.138774 0.697693 0.702827
    outer loop
      vertex 25.5927 47.9621 4.2
      vertex 25.3006 48.0202 4.2
      vertex 25.3365 47.0057 5.2
    endloop
  endfacet
  facet normal 0.33518 0.628463 0.701918
    outer loop
      vertex 25.4975 46.951 5.2
      vertex 25.8779 47.865 4.2
      vertex 25.8764 47.8658 4.2
    endloop
  endfacet
  facet normal 0.314613 0.638012 0.702822
    outer loop
      vertex 25.8779 47.865 4.2
      vertex 25.4975 46.951 5.2
      vertex 25.65 46.8758 5.2
    endloop
  endfacet
  facet normal 0.123555 0.700147 0.703227
    outer loop
      vertex 25.1697 47.0389 5.2
      vertex 25.3006 48.0202 4.2
      vertex 25.2989 48.0205 4.2
    endloop
  endfacet
  facet normal 0.138868 0.697685 0.702816
    outer loop
      vertex 25.3006 48.0202 4.2
      vertex 25.1697 47.0389 5.2
      vertex 25.3365 47.0057 5.2
    endloop
  endfacet
  facet normal -0.0465746 0.709844 0.702817
    outer loop
      vertex 25 48.0401 4.2
      vertex 24.7028 48.0206 4.2
      vertex 25 47.05 5.2
    endloop
  endfacet
  facet normal 0.384932 0.598783 0.702343
    outer loop
      vertex 26.3927 47.5678 4.2
      vertex 25.7914 46.7814 5.2
      vertex 26.3941 47.5669 4.2
    endloop
  endfacet
  facet normal 0.394997 0.591659 0.702792
    outer loop
      vertex 25.7914 46.7814 5.2
      vertex 26.3927 47.5678 4.2
      vertex 25.65 46.8758 5.2
    endloop
  endfacet
  facet normal 0.591659 -0.394997 0.702792
    outer loop
      vertex 26.0314 44.9586 5.2
      vertex 26.8178 44.3573 4.2
      vertex 26.1258 45.1 5.2
    endloop
  endfacet
  facet normal 0.598783 -0.384932 0.702343
    outer loop
      vertex 26.8178 44.3573 4.2
      vertex 26.0314 44.9586 5.2
      vertex 26.8169 44.3559 4.2
    endloop
  endfacet
  facet normal 0.5914 -0.395302 0.702839
    outer loop
      vertex 26.9833 44.6049 4.2
      vertex 26.1258 45.1 5.2
      vertex 26.8178 44.3573 4.2
    endloop
  endfacet
  facet normal 0.673643 -0.228528 0.702838
    outer loop
      vertex 27.2115 45.1557 4.2
      vertex 26.201 45.2525 5.2
      vertex 27.1158 44.8736 4.2
    endloop
  endfacet
  facet normal -0.673643 0.228528 0.702838
    outer loop
      vertex 22.8842 46.6264 4.2
      vertex 22.7885 46.3443 4.2
      vertex 23.799 46.2475 5.2
    endloop
  endfacet
  facet normal -0.394997 0.591659 0.702792
    outer loop
      vertex 23.6073 47.5678 4.2
      vertex 24.2086 46.7814 5.2
      vertex 24.35 46.8758 5.2
    endloop
  endfacet
  facet normal -0.384932 0.598783 0.702343
    outer loop
      vertex 24.2086 46.7814 5.2
      vertex 23.6073 47.5678 4.2
      vertex 23.6059 47.5669 4.2
    endloop
  endfacet
  facet normal -0.482988 0.523237 0.7021
    outer loop
      vertex 23.6046 47.5657 4.2
      vertex 24.2086 46.7814 5.2
      vertex 23.6059 47.5669 4.2
    endloop
  endfacet
  facet normal -0.469351 0.534609 0.702782
    outer loop
      vertex 24.2086 46.7814 5.2
      vertex 23.6046 47.5657 4.2
      vertex 24.0808 46.6692 5.2
    endloop
  endfacet
  facet normal -0.469099 0.534783 0.702818
    outer loop
      vertex 23.6046 47.5657 4.2
      vertex 23.3807 47.3693 4.2
      vertex 24.0808 46.6692 5.2
    endloop
  endfacet
  facet normal -0.591659 -0.394997 0.702792
    outer loop
      vertex 23.1822 44.3573 4.2
      vertex 23.9686 44.9586 5.2
      vertex 23.8742 45.1 5.2
    endloop
  endfacet
  facet normal -0.598783 -0.384932 0.702343
    outer loop
      vertex 23.9686 44.9586 5.2
      vertex 23.1822 44.3573 4.2
      vertex 23.1831 44.3559 4.2
    endloop
  endfacet
  facet normal -0.638056 -0.314491 0.702837
    outer loop
      vertex 23.8742 45.1 5.2
      vertex 22.885 44.8721 4.2
      vertex 23.0167 44.6049 4.2
    endloop
  endfacet
  facet normal -0.5914 -0.395302 0.702839
    outer loop
      vertex 23.8742 45.1 5.2
      vertex 23.0167 44.6049 4.2
      vertex 23.1822 44.3573 4.2
    endloop
  endfacet
  facet normal -0.697693 0.138774 0.702827
    outer loop
      vertex 22.7879 46.3427 4.2
      vertex 22.7298 46.0506 4.2
      vertex 23.7443 46.0865 5.2
    endloop
  endfacet
  facet normal -0.673574 0.228848 0.702799
    outer loop
      vertex 22.7885 46.3443 4.2
      vertex 23.7443 46.0865 5.2
      vertex 23.799 46.2475 5.2
    endloop
  endfacet
  facet normal -0.666914 0.250093 0.701911
    outer loop
      vertex 23.7443 46.0865 5.2
      vertex 22.7885 46.3443 4.2
      vertex 22.7879 46.3427 4.2
    endloop
  endfacet
  facet normal 0.0465746 -0.709844 0.702817
    outer loop
      vertex 25 44.45 5.2
      vertex 25 43.4599 4.2
      vertex 25.2972 43.4794 4.2
    endloop
  endfacet
  facet normal -0.395302 -0.5914 0.702839
    outer loop
      vertex 24.35 44.6242 5.2
      vertex 23.6073 43.9322 4.2
      vertex 23.8549 43.7667 4.2
    endloop
  endfacet
  facet normal -0.314491 -0.638056 0.702837
    outer loop
      vertex 24.35 44.6242 5.2
      vertex 23.8549 43.7667 4.2
      vertex 24.1221 43.635 4.2
    endloop
  endfacet
  facet normal -0.228528 0.673643 0.702838
    outer loop
      vertex 24.4057 47.9615 4.2
      vertex 24.1236 47.8658 4.2
      vertex 24.5025 46.951 5.2
    endloop
  endfacet
  facet normal -0.250093 0.666914 0.701911
    outer loop
      vertex 24.4057 47.9615 4.2
      vertex 24.6635 47.0057 5.2
      vertex 24.4073 47.9621 4.2
    endloop
  endfacet
  facet normal -0.228848 0.673574 0.702799
    outer loop
      vertex 24.6635 47.0057 5.2
      vertex 24.4057 47.9615 4.2
      vertex 24.5025 46.951 5.2
    endloop
  endfacet
  facet normal -0.0464323 0.709871 0.7028
    outer loop
      vertex 24.7028 48.0206 4.2
      vertex 24.8303 47.0389 5.2
      vertex 25 47.05 5.2
    endloop
  endfacet
  facet normal -0.0417832 0.710315 0.702643
    outer loop
      vertex 24.8303 47.0389 5.2
      vertex 24.7028 48.0206 4.2
      vertex 24.7011 48.0205 4.2
    endloop
  endfacet
  facet normal 0.0417832 0.710315 0.702643
    outer loop
      vertex 25.2972 48.0206 4.2
      vertex 25.1697 47.0389 5.2
      vertex 25.2989 48.0205 4.2
    endloop
  endfacet
  facet normal 0.0464323 0.709871 0.7028
    outer loop
      vertex 25.1697 47.0389 5.2
      vertex 25.2972 48.0206 4.2
      vertex 25 47.05 5.2
    endloop
  endfacet
  facet normal 0.0465746 0.709844 0.702817
    outer loop
      vertex 25 48.0401 4.2
      vertex 25 47.05 5.2
      vertex 25.2972 48.0206 4.2
    endloop
  endfacet
  facet normal 0.598783 0.384932 0.702343
    outer loop
      vertex 26.0314 46.5414 5.2
      vertex 26.8178 47.1427 4.2
      vertex 26.8169 47.1441 4.2
    endloop
  endfacet
  facet normal 0.591659 0.394997 0.702792
    outer loop
      vertex 26.8178 47.1427 4.2
      vertex 26.0314 46.5414 5.2
      vertex 26.1258 46.4 5.2
    endloop
  endfacet
  facet normal 0.673643 0.228528 0.702838
    outer loop
      vertex 27.1158 46.6264 4.2
      vertex 26.201 46.2475 5.2
      vertex 27.2115 46.3443 4.2
    endloop
  endfacet
  facet normal 0.628463 0.33518 0.701918
    outer loop
      vertex 27.115 46.6279 4.2
      vertex 26.201 46.2475 5.2
      vertex 27.1158 46.6264 4.2
    endloop
  endfacet
  facet normal 0.638012 0.314613 0.702822
    outer loop
      vertex 26.201 46.2475 5.2
      vertex 27.115 46.6279 4.2
      vertex 26.1258 46.4 5.2
    endloop
  endfacet
  facet normal 0.638056 0.314491 0.702837
    outer loop
      vertex 26.9833 46.8951 4.2
      vertex 26.1258 46.4 5.2
      vertex 27.115 46.6279 4.2
    endloop
  endfacet
  facet normal 0.700147 0.123555 0.703227
    outer loop
      vertex 27.2702 46.0506 4.2
      vertex 26.2889 45.9197 5.2
      vertex 27.2705 46.0489 4.2
    endloop
  endfacet
  facet normal 0.697685 0.138868 0.702816
    outer loop
      vertex 26.2889 45.9197 5.2
      vertex 27.2702 46.0506 4.2
      vertex 26.2557 46.0865 5.2
    endloop
  endfacet
  facet normal 0.523237 0.482988 0.7021
    outer loop
      vertex 26.8157 47.1454 4.2
      vertex 26.0314 46.5414 5.2
      vertex 26.8169 47.1441 4.2
    endloop
  endfacet
  facet normal 0.534609 0.469351 0.702782
    outer loop
      vertex 26.0314 46.5414 5.2
      vertex 26.8157 47.1454 4.2
      vertex 25.9192 46.6692 5.2
    endloop
  endfacet
  facet normal 0.314491 0.638056 0.702837
    outer loop
      vertex 25.8779 47.865 4.2
      vertex 25.65 46.8758 5.2
      vertex 26.1451 47.7333 4.2
    endloop
  endfacet
  facet normal 0.395302 0.5914 0.702839
    outer loop
      vertex 26.1451 47.7333 4.2
      vertex 25.65 46.8758 5.2
      vertex 26.3927 47.5678 4.2
    endloop
  endfacet
  facet normal 0.228528 0.673643 0.702838
    outer loop
      vertex 25.5943 47.9615 4.2
      vertex 25.4975 46.951 5.2
      vertex 25.8764 47.8658 4.2
    endloop
  endfacet
  facet normal 0.250093 0.666914 0.701911
    outer loop
      vertex 25.3365 47.0057 5.2
      vertex 25.5943 47.9615 4.2
      vertex 25.5927 47.9621 4.2
    endloop
  endfacet
  facet normal 0.228848 0.673574 0.702799
    outer loop
      vertex 25.5943 47.9615 4.2
      vertex 25.3365 47.0057 5.2
      vertex 25.4975 46.951 5.2
    endloop
  endfacet
  facet normal 0.482988 0.523237 0.7021
    outer loop
      vertex 25.7914 46.7814 5.2
      vertex 26.3954 47.5657 4.2
      vertex 26.3941 47.5669 4.2
    endloop
  endfacet
  facet normal 0.469351 0.534609 0.702782
    outer loop
      vertex 26.3954 47.5657 4.2
      vertex 25.7914 46.7814 5.2
      vertex 25.9192 46.6692 5.2
    endloop
  endfacet
  facet normal 0.228528 -0.673643 0.702838
    outer loop
      vertex 25.8764 43.6342 4.2
      vertex 25.4975 44.549 5.2
      vertex 25.5943 43.5385 4.2
    endloop
  endfacet
  facet normal 0.228848 -0.673574 0.702799
    outer loop
      vertex 25.3365 44.4943 5.2
      vertex 25.5943 43.5385 4.2
      vertex 25.4975 44.549 5.2
    endloop
  endfacet
  facet normal 0.250093 -0.666914 0.701911
    outer loop
      vertex 25.5943 43.5385 4.2
      vertex 25.3365 44.4943 5.2
      vertex 25.5927 43.5379 4.2
    endloop
  endfacet
  facet normal 0.314613 -0.638012 0.702822
    outer loop
      vertex 25.4975 44.549 5.2
      vertex 25.8779 43.635 4.2
      vertex 25.65 44.6242 5.2
    endloop
  endfacet
  facet normal 0.33518 -0.628463 0.701918
    outer loop
      vertex 25.8779 43.635 4.2
      vertex 25.4975 44.549 5.2
      vertex 25.8764 43.6342 4.2
    endloop
  endfacet
  facet normal 0.314491 -0.638056 0.702837
    outer loop
      vertex 26.1451 43.7667 4.2
      vertex 25.65 44.6242 5.2
      vertex 25.8779 43.635 4.2
    endloop
  endfacet
  facet normal 0.395302 -0.5914 0.702839
    outer loop
      vertex 26.3927 43.9322 4.2
      vertex 25.65 44.6242 5.2
      vertex 26.1451 43.7667 4.2
    endloop
  endfacet
  facet normal 0.628463 -0.33518 0.701918
    outer loop
      vertex 26.201 45.2525 5.2
      vertex 27.115 44.8721 4.2
      vertex 27.1158 44.8736 4.2
    endloop
  endfacet
  facet normal 0.638012 -0.314613 0.702822
    outer loop
      vertex 27.115 44.8721 4.2
      vertex 26.201 45.2525 5.2
      vertex 26.1258 45.1 5.2
    endloop
  endfacet
  facet normal -0.33518 0.628463 0.701918
    outer loop
      vertex 24.1221 47.865 4.2
      vertex 24.5025 46.951 5.2
      vertex 24.1236 47.8658 4.2
    endloop
  endfacet
  facet normal -0.314613 0.638012 0.702822
    outer loop
      vertex 24.5025 46.951 5.2
      vertex 24.1221 47.865 4.2
      vertex 24.35 46.8758 5.2
    endloop
  endfacet
  facet normal -0.314491 0.638056 0.702837
    outer loop
      vertex 24.1221 47.865 4.2
      vertex 23.8549 47.7333 4.2
      vertex 24.35 46.8758 5.2
    endloop
  endfacet
  facet normal -0.534783 0.469099 0.702818
    outer loop
      vertex 23.3807 47.3693 4.2
      vertex 23.1843 47.1454 4.2
      vertex 24.0808 46.6692 5.2
    endloop
  endfacet
  facet normal -0.534609 0.469351 0.702782
    outer loop
      vertex 23.1843 47.1454 4.2
      vertex 23.9686 46.5414 5.2
      vertex 24.0808 46.6692 5.2
    endloop
  endfacet
  facet normal -0.523237 0.482988 0.7021
    outer loop
      vertex 23.9686 46.5414 5.2
      vertex 23.1843 47.1454 4.2
      vertex 23.1831 47.1441 4.2
    endloop
  endfacet
  facet normal -0.534609 -0.469351 0.702782
    outer loop
      vertex 23.9686 44.9586 5.2
      vertex 23.1843 44.3546 4.2
      vertex 24.0808 44.8308 5.2
    endloop
  endfacet
  facet normal -0.523237 -0.482988 0.7021
    outer loop
      vertex 23.1843 44.3546 4.2
      vertex 23.9686 44.9586 5.2
      vertex 23.1831 44.3559 4.2
    endloop
  endfacet
  facet normal -0.469334 -0.534589 0.702809
    outer loop
      vertex 23.6046 43.9342 4.2
      vertex 24.2086 44.7186 5.2
      vertex 24.0808 44.8308 5.2
    endloop
  endfacet
  facet normal -0.459281 -0.542786 0.703167
    outer loop
      vertex 24.2086 44.7186 5.2
      vertex 23.6046 43.9342 4.2
      vertex 23.6059 43.9331 4.2
    endloop
  endfacet
  facet normal -0.638012 -0.314613 0.702822
    outer loop
      vertex 23.799 45.2525 5.2
      vertex 22.885 44.8721 4.2
      vertex 23.8742 45.1 5.2
    endloop
  endfacet
  facet normal -0.628463 -0.33518 0.701918
    outer loop
      vertex 22.885 44.8721 4.2
      vertex 23.799 45.2525 5.2
      vertex 22.8842 44.8736 4.2
    endloop
  endfacet
  facet normal -0.673643 -0.228528 0.702838
    outer loop
      vertex 23.799 45.2525 5.2
      vertex 22.7885 45.1557 4.2
      vertex 22.8842 44.8736 4.2
    endloop
  endfacet
  facet normal -0.697685 -0.138868 0.702816
    outer loop
      vertex 23.7111 45.5803 5.2
      vertex 22.7298 45.4494 4.2
      vertex 23.7443 45.4135 5.2
    endloop
  endfacet
  facet normal -0.700147 -0.123555 0.703227
    outer loop
      vertex 22.7298 45.4494 4.2
      vertex 23.7111 45.5803 5.2
      vertex 22.7295 45.4511 4.2
    endloop
  endfacet
  facet normal 0 0 1
    outer loop
      vertex 26.2889 45.9197 5.2
      vertex 26.2889 45.5803 5.2
      vertex 26.3 45.75 5.2
    endloop
  endfacet
  facet normal 0 0 1
    outer loop
      vertex 26.2557 46.0865 5.2
      vertex 26.2889 45.5803 5.2
      vertex 26.2889 45.9197 5.2
    endloop
  endfacet
  facet normal 0 0 1
    outer loop
      vertex 26.2557 46.0865 5.2
      vertex 26.2557 45.4135 5.2
      vertex 26.2889 45.5803 5.2
    endloop
  endfacet
  facet normal 0 0 1
    outer loop
      vertex 26.201 46.2475 5.2
      vertex 26.2557 45.4135 5.2
      vertex 26.2557 46.0865 5.2
    endloop
  endfacet
  facet normal 0 0 1
    outer loop
      vertex 26.201 46.2475 5.2
      vertex 26.201 45.2525 5.2
      vertex 26.2557 45.4135 5.2
    endloop
  endfacet
  facet normal 0 0 1
    outer loop
      vertex 26.1258 46.4 5.2
      vertex 26.201 45.2525 5.2
      vertex 26.201 46.2475 5.2
    endloop
  endfacet
  facet normal 0 0 1
    outer loop
      vertex 26.1258 46.4 5.2
      vertex 26.1258 45.1 5.2
      vertex 26.201 45.2525 5.2
    endloop
  endfacet
  facet normal 0 0 1
    outer loop
      vertex 26.0314 46.5414 5.2
      vertex 26.1258 45.1 5.2
      vertex 26.1258 46.4 5.2
    endloop
  endfacet
  facet normal 0 0 1
    outer loop
      vertex 26.0314 46.5414 5.2
      vertex 26.0314 44.9586 5.2
      vertex 26.1258 45.1 5.2
    endloop
  endfacet
  facet normal 0 0 1
    outer loop
      vertex 25.9192 46.6692 5.2
      vertex 26.0314 44.9586 5.2
      vertex 26.0314 46.5414 5.2
    endloop
  endfacet
  facet normal 0 0 1
    outer loop
      vertex 25.9192 46.6692 5.2
      vertex 25.9192 44.8308 5.2
      vertex 26.0314 44.9586 5.2
    endloop
  endfacet
  facet normal 0 0 1
    outer loop
      vertex 25.7914 46.7814 5.2
      vertex 25.9192 44.8308 5.2
      vertex 25.9192 46.6692 5.2
    endloop
  endfacet
  facet normal 0 0 1
    outer loop
      vertex 25.7914 46.7814 5.2
      vertex 25.7914 44.7186 5.2
      vertex 25.9192 44.8308 5.2
    endloop
  endfacet
  facet normal 0 0 1
    outer loop
      vertex 25.65 46.8758 5.2
      vertex 25.7914 44.7186 5.2
      vertex 25.7914 46.7814 5.2
    endloop
  endfacet
  facet normal 0 0 1
    outer loop
      vertex 25.65 46.8758 5.2
      vertex 25.65 44.6242 5.2
      vertex 25.7914 44.7186 5.2
    endloop
  endfacet
  facet normal 0 0 1
    outer loop
      vertex 25.4975 46.951 5.2
      vertex 25.65 44.6242 5.2
      vertex 25.65 46.8758 5.2
    endloop
  endfacet
  facet normal 0 0 1
    outer loop
      vertex 25.4975 46.951 5.2
      vertex 25.4975 44.549 5.2
      vertex 25.65 44.6242 5.2
    endloop
  endfacet
  facet normal 0 0 1
    outer loop
      vertex 25.3365 47.0057 5.2
      vertex 25.4975 44.549 5.2
      vertex 25.4975 46.951 5.2
    endloop
  endfacet
  facet normal 0 0 1
    outer loop
      vertex 25.3365 47.0057 5.2
      vertex 25.3365 44.4943 5.2
      vertex 25.4975 44.549 5.2
    endloop
  endfacet
  facet normal 0 0 1
    outer loop
      vertex 25.1697 47.0389 5.2
      vertex 25.3365 44.4943 5.2
      vertex 25.3365 47.0057 5.2
    endloop
  endfacet
  facet normal 0 0 1
    outer loop
      vertex 25.1697 47.0389 5.2
      vertex 25.1697 44.4611 5.2
      vertex 25.3365 44.4943 5.2
    endloop
  endfacet
  facet normal 0 0 1
    outer loop
      vertex 25 47.05 5.2
      vertex 25.1697 44.4611 5.2
      vertex 25.1697 47.0389 5.2
    endloop
  endfacet
  facet normal 0 0 1
    outer loop
      vertex 25 47.05 5.2
      vertex 25 44.45 5.2
      vertex 25.1697 44.4611 5.2
    endloop
  endfacet
  facet normal -0 0 1
    outer loop
      vertex 24.8303 47.0389 5.2
      vertex 25 44.45 5.2
      vertex 25 47.05 5.2
    endloop
  endfacet
  facet normal 0 0 1
    outer loop
      vertex 24.8303 47.0389 5.2
      vertex 24.8303 44.4611 5.2
      vertex 25 44.45 5.2
    endloop
  endfacet
  facet normal -0 0 1
    outer loop
      vertex 24.6635 47.0057 5.2
      vertex 24.8303 44.4611 5.2
      vertex 24.8303 47.0389 5.2
    endloop
  endfacet
  facet normal 0 0 1
    outer loop
      vertex 24.6635 47.0057 5.2
      vertex 24.6635 44.4943 5.2
      vertex 24.8303 44.4611 5.2
    endloop
  endfacet
  facet normal -0 0 1
    outer loop
      vertex 24.5025 46.951 5.2
      vertex 24.6635 44.4943 5.2
      vertex 24.6635 47.0057 5.2
    endloop
  endfacet
  facet normal 0 0 1
    outer loop
      vertex 24.5025 46.951 5.2
      vertex 24.5025 44.549 5.2
      vertex 24.6635 44.4943 5.2
    endloop
  endfacet
  facet normal -0 0 1
    outer loop
      vertex 24.35 46.8758 5.2
      vertex 24.5025 44.549 5.2
      vertex 24.5025 46.951 5.2
    endloop
  endfacet
  facet normal 0 0 1
    outer loop
      vertex 24.35 46.8758 5.2
      vertex 24.35 44.6242 5.2
      vertex 24.5025 44.549 5.2
    endloop
  endfacet
  facet normal -0 0 1
    outer loop
      vertex 24.2086 46.7814 5.2
      vertex 24.35 44.6242 5.2
      vertex 24.35 46.8758 5.2
    endloop
  endfacet
  facet normal 0 0 1
    outer loop
      vertex 24.2086 46.7814 5.2
      vertex 24.2086 44.7186 5.2
      vertex 24.35 44.6242 5.2
    endloop
  endfacet
  facet normal -0 0 1
    outer loop
      vertex 24.0808 46.6692 5.2
      vertex 24.2086 44.7186 5.2
      vertex 24.2086 46.7814 5.2
    endloop
  endfacet
  facet normal 0 0 1
    outer loop
      vertex 24.0808 46.6692 5.2
      vertex 24.0808 44.8308 5.2
      vertex 24.2086 44.7186 5.2
    endloop
  endfacet
  facet normal -0 0 1
    outer loop
      vertex 23.9686 46.5414 5.2
      vertex 24.0808 44.8308 5.2
      vertex 24.0808 46.6692 5.2
    endloop
  endfacet
  facet normal 0 0 1
    outer loop
      vertex 23.9686 46.5414 5.2
      vertex 23.9686 44.9586 5.2
      vertex 24.0808 44.8308 5.2
    endloop
  endfacet
  facet normal -0 0 1
    outer loop
      vertex 23.8742 46.4 5.2
      vertex 23.9686 44.9586 5.2
      vertex 23.9686 46.5414 5.2
    endloop
  endfacet
  facet normal 0 0 1
    outer loop
      vertex 23.8742 46.4 5.2
      vertex 23.8742 45.1 5.2
      vertex 23.9686 44.9586 5.2
    endloop
  endfacet
  facet normal -0 0 1
    outer loop
      vertex 23.799 46.2475 5.2
      vertex 23.8742 45.1 5.2
      vertex 23.8742 46.4 5.2
    endloop
  endfacet
  facet normal 0 0 1
    outer loop
      vertex 23.799 46.2475 5.2
      vertex 23.799 45.2525 5.2
      vertex 23.8742 45.1 5.2
    endloop
  endfacet
  facet normal -0 0 1
    outer loop
      vertex 23.7443 46.0865 5.2
      vertex 23.799 45.2525 5.2
      vertex 23.799 46.2475 5.2
    endloop
  endfacet
  facet normal 0 0 1
    outer loop
      vertex 23.7443 46.0865 5.2
      vertex 23.7443 45.4135 5.2
      vertex 23.799 45.2525 5.2
    endloop
  endfacet
  facet normal -0 0 1
    outer loop
      vertex 23.7111 45.9197 5.2
      vertex 23.7443 45.4135 5.2
      vertex 23.7443 46.0865 5.2
    endloop
  endfacet
  facet normal 0 0 1
    outer loop
      vertex 23.7111 45.9197 5.2
      vertex 23.7111 45.5803 5.2
      vertex 23.7443 45.4135 5.2
    endloop
  endfacet
  facet normal 0 -0 1
    outer loop
      vertex 23.7111 45.5803 5.2
      vertex 23.7111 45.9197 5.2
      vertex 23.7 45.75 5.2
    endloop
  endfacet
  facet normal -0.697685 0.138868 0.702816
    outer loop
      vertex 22.7298 46.0506 4.2
      vertex 23.7111 45.9197 5.2
      vertex 23.7443 46.0865 5.2
    endloop
  endfacet
  facet normal -0.700147 0.123555 0.703227
    outer loop
      vertex 23.7111 45.9197 5.2
      vertex 22.7298 46.0506 4.2
      vertex 22.7295 46.0489 4.2
    endloop
  endfacet
  facet normal -0.638012 0.314613 0.702822
    outer loop
      vertex 22.885 46.6279 4.2
      vertex 23.799 46.2475 5.2
      vertex 23.8742 46.4 5.2
    endloop
  endfacet
  facet normal -0.628463 0.33518 0.701918
    outer loop
      vertex 23.799 46.2475 5.2
      vertex 22.885 46.6279 4.2
      vertex 22.8842 46.6264 4.2
    endloop
  endfacet
  facet normal 0.138868 -0.697685 0.702816
    outer loop
      vertex 25.1697 44.4611 5.2
      vertex 25.3006 43.4798 4.2
      vertex 25.3365 44.4943 5.2
    endloop
  endfacet
  facet normal 0.123555 -0.700147 0.703227
    outer loop
      vertex 25.3006 43.4798 4.2
      vertex 25.1697 44.4611 5.2
      vertex 25.2989 43.4795 4.2
    endloop
  endfacet
  facet normal -0.228528 -0.673643 0.702838
    outer loop
      vertex 24.5025 44.549 5.2
      vertex 24.1236 43.6342 4.2
      vertex 24.4057 43.5385 4.2
    endloop
  endfacet
  facet normal -0.228848 -0.673574 0.702799
    outer loop
      vertex 24.4057 43.5385 4.2
      vertex 24.6635 44.4943 5.2
      vertex 24.5025 44.549 5.2
    endloop
  endfacet
  facet normal -0.250093 -0.666914 0.701911
    outer loop
      vertex 24.6635 44.4943 5.2
      vertex 24.4057 43.5385 4.2
      vertex 24.4073 43.5379 4.2
    endloop
  endfacet
  facet normal -0.123555 0.700147 0.703227
    outer loop
      vertex 24.6994 48.0202 4.2
      vertex 24.8303 47.0389 5.2
      vertex 24.7011 48.0205 4.2
    endloop
  endfacet
  facet normal -0.138868 0.697685 0.702816
    outer loop
      vertex 24.8303 47.0389 5.2
      vertex 24.6994 48.0202 4.2
      vertex 24.6635 47.0057 5.2
    endloop
  endfacet
  facet normal 0.666914 0.250093 0.701911
    outer loop
      vertex 27.2115 46.3443 4.2
      vertex 26.2557 46.0865 5.2
      vertex 27.2121 46.3427 4.2
    endloop
  endfacet
  facet normal 0.673574 0.228848 0.702799
    outer loop
      vertex 26.2557 46.0865 5.2
      vertex 27.2115 46.3443 4.2
      vertex 26.201 46.2475 5.2
    endloop
  endfacet
  facet normal 0.697693 0.138774 0.702827
    outer loop
      vertex 27.2121 46.3427 4.2
      vertex 26.2557 46.0865 5.2
      vertex 27.2702 46.0506 4.2
    endloop
  endfacet
  facet normal 0.710315 0.0417832 0.702643
    outer loop
      vertex 26.2889 45.9197 5.2
      vertex 27.2706 46.0472 4.2
      vertex 27.2705 46.0489 4.2
    endloop
  endfacet
  facet normal 0.709871 0.0464323 0.7028
    outer loop
      vertex 27.2706 46.0472 4.2
      vertex 26.2889 45.9197 5.2
      vertex 26.3 45.75 5.2
    endloop
  endfacet
  facet normal 0.534783 0.469099 0.702818
    outer loop
      vertex 26.6193 47.3693 4.2
      vertex 25.9192 46.6692 5.2
      vertex 26.8157 47.1454 4.2
    endloop
  endfacet
  facet normal 0.469099 0.534783 0.702818
    outer loop
      vertex 26.3954 47.5657 4.2
      vertex 25.9192 46.6692 5.2
      vertex 26.6193 47.3693 4.2
    endloop
  endfacet
  facet normal 0.469334 -0.534589 0.702809
    outer loop
      vertex 25.7914 44.7186 5.2
      vertex 26.3954 43.9342 4.2
      vertex 25.9192 44.8308 5.2
    endloop
  endfacet
  facet normal 0.459281 -0.542786 0.703167
    outer loop
      vertex 26.3954 43.9342 4.2
      vertex 25.7914 44.7186 5.2
      vertex 26.3941 43.9331 4.2
    endloop
  endfacet
  facet normal 0.523237 -0.482988 0.7021
    outer loop
      vertex 26.0314 44.9586 5.2
      vertex 26.8157 44.3546 4.2
      vertex 26.8169 44.3559 4.2
    endloop
  endfacet
  facet normal 0.534609 -0.469351 0.702782
    outer loop
      vertex 26.8157 44.3546 4.2
      vertex 26.0314 44.9586 5.2
      vertex 25.9192 44.8308 5.2
    endloop
  endfacet
  facet normal 0.666914 -0.250093 0.701911
    outer loop
      vertex 26.2557 45.4135 5.2
      vertex 27.2115 45.1557 4.2
      vertex 27.2121 45.1573 4.2
    endloop
  endfacet
  facet normal 0.673574 -0.228848 0.702799
    outer loop
      vertex 27.2115 45.1557 4.2
      vertex 26.2557 45.4135 5.2
      vertex 26.201 45.2525 5.2
    endloop
  endfacet
  facet normal -0.469231 -0.53466 0.702824
    outer loop
      vertex 24.0808 44.8308 5.2
      vertex 23.3807 44.1307 4.2
      vertex 23.6046 43.9342 4.2
    endloop
  endfacet
  facet normal -0.534783 -0.469099 0.702818
    outer loop
      vertex 24.0808 44.8308 5.2
      vertex 23.1843 44.3546 4.2
      vertex 23.3807 44.1307 4.2
    endloop
  endfacet
  facet normal -0.673574 -0.228848 0.702799
    outer loop
      vertex 23.7443 45.4135 5.2
      vertex 22.7885 45.1557 4.2
      vertex 23.799 45.2525 5.2
    endloop
  endfacet
  facet normal -0.666914 -0.250093 0.701911
    outer loop
      vertex 22.7885 45.1557 4.2
      vertex 23.7443 45.4135 5.2
      vertex 22.7879 45.1573 4.2
    endloop
  endfacet
  facet normal -0.697693 -0.138774 0.702827
    outer loop
      vertex 23.7443 45.4135 5.2
      vertex 22.7298 45.4494 4.2
      vertex 22.7879 45.1573 4.2
    endloop
  endfacet
  facet normal -0.709844 0.0465746 0.702817
    outer loop
      vertex 22.7294 46.0472 4.2
      vertex 22.7099 45.75 4.2
      vertex 23.7 45.75 5.2
    endloop
  endfacet
  facet normal -0.709844 -0.0465746 0.702817
    outer loop
      vertex 23.7 45.75 5.2
      vertex 22.7099 45.75 4.2
      vertex 22.7294 45.4528 4.2
    endloop
  endfacet
  facet normal 0.0464323 -0.709871 0.7028
    outer loop
      vertex 25.2972 43.4794 4.2
      vertex 25.1697 44.4611 5.2
      vertex 25 44.45 5.2
    endloop
  endfacet
  facet normal 0.0417832 -0.710315 0.702643
    outer loop
      vertex 25.1697 44.4611 5.2
      vertex 25.2972 43.4794 4.2
      vertex 25.2989 43.4795 4.2
    endloop
  endfacet
  facet normal -0.0465746 -0.709844 0.702817
    outer loop
      vertex 25 44.45 5.2
      vertex 24.7028 43.4794 4.2
      vertex 25 43.4599 4.2
    endloop
  endfacet
  facet normal -0.314613 -0.638012 0.702822
    outer loop
      vertex 24.1221 43.635 4.2
      vertex 24.5025 44.549 5.2
      vertex 24.35 44.6242 5.2
    endloop
  endfacet
  facet normal -0.33518 -0.628463 0.701918
    outer loop
      vertex 24.5025 44.549 5.2
      vertex 24.1221 43.635 4.2
      vertex 24.1236 43.6342 4.2
    endloop
  endfacet
  facet normal -0.138774 -0.697693 0.702827
    outer loop
      vertex 24.6635 44.4943 5.2
      vertex 24.4073 43.5379 4.2
      vertex 24.6994 43.4798 4.2
    endloop
  endfacet
  facet normal 0.469231 -0.53466 0.702824
    outer loop
      vertex 26.6193 44.1307 4.2
      vertex 25.9192 44.8308 5.2
      vertex 26.3954 43.9342 4.2
    endloop
  endfacet
  facet normal 0.534783 -0.469099 0.702818
    outer loop
      vertex 26.8157 44.3546 4.2
      vertex 25.9192 44.8308 5.2
      vertex 26.6193 44.1307 4.2
    endloop
  endfacet
  facet normal 0.697693 -0.138774 0.702827
    outer loop
      vertex 27.2702 45.4494 4.2
      vertex 26.2557 45.4135 5.2
      vertex 27.2121 45.1573 4.2
    endloop
  endfacet
  facet normal -0.123555 -0.700147 0.703227
    outer loop
      vertex 24.8303 44.4611 5.2
      vertex 24.6994 43.4798 4.2
      vertex 24.7011 43.4795 4.2
    endloop
  endfacet
  facet normal -0.138868 -0.697685 0.702816
    outer loop
      vertex 24.6994 43.4798 4.2
      vertex 24.8303 44.4611 5.2
      vertex 24.6635 44.4943 5.2
    endloop
  endfacet
  facet normal -0.0417832 -0.710315 0.702643
    outer loop
      vertex 24.7028 43.4794 4.2
      vertex 24.8303 44.4611 5.2
      vertex 24.7011 43.4795 4.2
    endloop
  endfacet
  facet normal -0.0464323 -0.709871 0.7028
    outer loop
      vertex 24.8303 44.4611 5.2
      vertex 24.7028 43.4794 4.2
      vertex 25 44.45 5.2
    endloop
  endfacet
  facet normal 0.700147 -0.123555 0.703227
    outer loop
      vertex 26.2889 45.5803 5.2
      vertex 27.2702 45.4494 4.2
      vertex 27.2705 45.4511 4.2
    endloop
  endfacet
  facet normal 0.697685 -0.138868 0.702816
    outer loop
      vertex 27.2702 45.4494 4.2
      vertex 26.2889 45.5803 5.2
      vertex 26.2557 45.4135 5.2
    endloop
  endfacet
  facet normal 0.709871 -0.0464323 0.7028
    outer loop
      vertex 26.2889 45.5803 5.2
      vertex 27.2706 45.4528 4.2
      vertex 26.3 45.75 5.2
    endloop
  endfacet
  facet normal 0.710315 -0.0417832 0.702643
    outer loop
      vertex 27.2706 45.4528 4.2
      vertex 26.2889 45.5803 5.2
      vertex 27.2705 45.4511 4.2
    endloop
  endfacet
  facet normal 0.709844 0.0465746 0.702817
    outer loop
      vertex 27.2706 60.0472 4.2
      vertex 26.3 59.75 5.2
      vertex 27.2901 59.75 4.2
    endloop
  endfacet
  facet normal 0.638056 -0.314491 0.702837
    outer loop
      vertex 27.115 58.8721 4.2
      vertex 26.1258 59.1 5.2
      vertex 26.9833 58.6049 4.2
    endloop
  endfacet
  facet normal -0.638056 0.314491 0.702837
    outer loop
      vertex 23.0167 60.8951 4.2
      vertex 22.885 60.6279 4.2
      vertex 23.8742 60.4 5.2
    endloop
  endfacet
  facet normal -0.395302 0.5914 0.702839
    outer loop
      vertex 23.8549 61.7333 4.2
      vertex 23.6073 61.5678 4.2
      vertex 24.35 60.8758 5.2
    endloop
  endfacet
  facet normal -0.709871 -0.0464323 0.7028
    outer loop
      vertex 22.7294 59.4528 4.2
      vertex 23.7111 59.5803 5.2
      vertex 23.7 59.75 5.2
    endloop
  endfacet
  facet normal -0.710315 -0.0417832 0.702643
    outer loop
      vertex 23.7111 59.5803 5.2
      vertex 22.7294 59.4528 4.2
      vertex 22.7295 59.4511 4.2
    endloop
  endfacet
  facet normal 0.138774 -0.697693 0.702827
    outer loop
      vertex 25.3365 58.4943 5.2
      vertex 25.3006 57.4798 4.2
      vertex 25.5927 57.5379 4.2
    endloop
  endfacet
  facet normal -0.138774 0.697693 0.702827
    outer loop
      vertex 24.6994 62.0202 4.2
      vertex 24.4073 61.9621 4.2
      vertex 24.6635 61.0057 5.2
    endloop
  endfacet
  facet normal 0.5914 0.395302 0.702839
    outer loop
      vertex 26.8178 61.1427 4.2
      vertex 26.1258 60.4 5.2
      vertex 26.9833 60.8951 4.2
    endloop
  endfacet
  facet normal 0.384932 -0.598783 0.702343
    outer loop
      vertex 25.7914 58.7186 5.2
      vertex 26.3927 57.9322 4.2
      vertex 26.3941 57.9331 4.2
    endloop
  endfacet
  facet normal 0.394997 -0.591659 0.702792
    outer loop
      vertex 26.3927 57.9322 4.2
      vertex 25.7914 58.7186 5.2
      vertex 25.65 58.6242 5.2
    endloop
  endfacet
  facet normal 0.709844 -0.0465746 0.702817
    outer loop
      vertex 27.2901 59.75 4.2
      vertex 26.3 59.75 5.2
      vertex 27.2706 59.4528 4.2
    endloop
  endfacet
  facet normal -0.598783 0.384932 0.702343
    outer loop
      vertex 23.1822 61.1427 4.2
      vertex 23.9686 60.5414 5.2
      vertex 23.1831 61.1441 4.2
    endloop
  endfacet
  facet normal -0.591659 0.394997 0.702792
    outer loop
      vertex 23.9686 60.5414 5.2
      vertex 23.1822 61.1427 4.2
      vertex 23.8742 60.4 5.2
    endloop
  endfacet
  facet normal -0.5914 0.395302 0.702839
    outer loop
      vertex 23.1822 61.1427 4.2
      vertex 23.0167 60.8951 4.2
      vertex 23.8742 60.4 5.2
    endloop
  endfacet
  facet normal -0.394997 -0.591659 0.702792
    outer loop
      vertex 24.2086 58.7186 5.2
      vertex 23.6073 57.9322 4.2
      vertex 24.35 58.6242 5.2
    endloop
  endfacet
  facet normal -0.384932 -0.598783 0.702343
    outer loop
      vertex 23.6073 57.9322 4.2
      vertex 24.2086 58.7186 5.2
      vertex 23.6059 57.9331 4.2
    endloop
  endfacet
  facet normal 0.138774 0.697693 0.702827
    outer loop
      vertex 25.5927 61.9621 4.2
      vertex 25.3006 62.0202 4.2
      vertex 25.3365 61.0057 5.2
    endloop
  endfacet
  facet normal 0.33518 0.628463 0.701918
    outer loop
      vertex 25.4975 60.951 5.2
      vertex 25.8779 61.865 4.2
      vertex 25.8764 61.8658 4.2
    endloop
  endfacet
  facet normal 0.314613 0.638012 0.702822
    outer loop
      vertex 25.8779 61.865 4.2
      vertex 25.4975 60.951 5.2
      vertex 25.65 60.8758 5.2
    endloop
  endfacet
  facet normal 0.123555 0.700147 0.703227
    outer loop
      vertex 25.1697 61.0389 5.2
      vertex 25.3006 62.0202 4.2
      vertex 25.2989 62.0205 4.2
    endloop
  endfacet
  facet normal 0.138868 0.697685 0.702816
    outer loop
      vertex 25.3006 62.0202 4.2
      vertex 25.1697 61.0389 5.2
      vertex 25.3365 61.0057 5.2
    endloop
  endfacet
  facet normal -0.0465746 0.709844 0.702817
    outer loop
      vertex 25 62.0401 4.2
      vertex 24.7028 62.0206 4.2
      vertex 25 61.05 5.2
    endloop
  endfacet
  facet normal 0.384932 0.598783 0.702343
    outer loop
      vertex 26.3927 61.5678 4.2
      vertex 25.7914 60.7814 5.2
      vertex 26.3941 61.5669 4.2
    endloop
  endfacet
  facet normal 0.394997 0.591659 0.702792
    outer loop
      vertex 25.7914 60.7814 5.2
      vertex 26.3927 61.5678 4.2
      vertex 25.65 60.8758 5.2
    endloop
  endfacet
  facet normal 0.591659 -0.394997 0.702792
    outer loop
      vertex 26.0314 58.9586 5.2
      vertex 26.8178 58.3573 4.2
      vertex 26.1258 59.1 5.2
    endloop
  endfacet
  facet normal 0.598783 -0.384932 0.702343
    outer loop
      vertex 26.8178 58.3573 4.2
      vertex 26.0314 58.9586 5.2
      vertex 26.8169 58.3559 4.2
    endloop
  endfacet
  facet normal 0.5914 -0.395302 0.702839
    outer loop
      vertex 26.9833 58.6049 4.2
      vertex 26.1258 59.1 5.2
      vertex 26.8178 58.3573 4.2
    endloop
  endfacet
  facet normal 0.673643 -0.228528 0.702838
    outer loop
      vertex 27.2115 59.1557 4.2
      vertex 26.201 59.2525 5.2
      vertex 27.1158 58.8736 4.2
    endloop
  endfacet
  facet normal -0.673643 0.228528 0.702838
    outer loop
      vertex 22.8842 60.6264 4.2
      vertex 22.7885 60.3443 4.2
      vertex 23.799 60.2475 5.2
    endloop
  endfacet
  facet normal -0.394997 0.591659 0.702792
    outer loop
      vertex 23.6073 61.5678 4.2
      vertex 24.2086 60.7814 5.2
      vertex 24.35 60.8758 5.2
    endloop
  endfacet
  facet normal -0.384932 0.598783 0.702343
    outer loop
      vertex 24.2086 60.7814 5.2
      vertex 23.6073 61.5678 4.2
      vertex 23.6059 61.5669 4.2
    endloop
  endfacet
  facet normal -0.482988 0.523237 0.7021
    outer loop
      vertex 23.6046 61.5657 4.2
      vertex 24.2086 60.7814 5.2
      vertex 23.6059 61.5669 4.2
    endloop
  endfacet
  facet normal -0.469351 0.534609 0.702782
    outer loop
      vertex 24.2086 60.7814 5.2
      vertex 23.6046 61.5657 4.2
      vertex 24.0808 60.6692 5.2
    endloop
  endfacet
  facet normal -0.469099 0.534783 0.702818
    outer loop
      vertex 23.6046 61.5657 4.2
      vertex 23.3807 61.3693 4.2
      vertex 24.0808 60.6692 5.2
    endloop
  endfacet
  facet normal -0.534609 -0.469351 0.702782
    outer loop
      vertex 23.9686 58.9586 5.2
      vertex 23.1843 58.3546 4.2
      vertex 24.0808 58.8308 5.2
    endloop
  endfacet
  facet normal -0.523237 -0.482988 0.7021
    outer loop
      vertex 23.1843 58.3546 4.2
      vertex 23.9686 58.9586 5.2
      vertex 23.1831 58.3559 4.2
    endloop
  endfacet
  facet normal -0.638056 -0.314491 0.702837
    outer loop
      vertex 23.8742 59.1 5.2
      vertex 22.885 58.8721 4.2
      vertex 23.0167 58.6049 4.2
    endloop
  endfacet
  facet normal -0.591659 -0.394997 0.702792
    outer loop
      vertex 23.1822 58.3573 4.2
      vertex 23.9686 58.9586 5.2
      vertex 23.8742 59.1 5.2
    endloop
  endfacet
  facet normal -0.598783 -0.384932 0.702343
    outer loop
      vertex 23.9686 58.9586 5.2
      vertex 23.1822 58.3573 4.2
      vertex 23.1831 58.3559 4.2
    endloop
  endfacet
  facet normal -0.697693 0.138774 0.702827
    outer loop
      vertex 22.7879 60.3427 4.2
      vertex 22.7298 60.0506 4.2
      vertex 23.7443 60.0865 5.2
    endloop
  endfacet
  facet normal -0.673574 0.228848 0.702799
    outer loop
      vertex 22.7885 60.3443 4.2
      vertex 23.7443 60.0865 5.2
      vertex 23.799 60.2475 5.2
    endloop
  endfacet
  facet normal -0.666914 0.250093 0.701911
    outer loop
      vertex 23.7443 60.0865 5.2
      vertex 22.7885 60.3443 4.2
      vertex 22.7879 60.3427 4.2
    endloop
  endfacet
  facet normal 0.0465746 -0.709844 0.702817
    outer loop
      vertex 25 58.45 5.2
      vertex 25 57.4599 4.2
      vertex 25.2972 57.4794 4.2
    endloop
  endfacet
  facet normal -0.395302 -0.5914 0.702839
    outer loop
      vertex 24.35 58.6242 5.2
      vertex 23.6073 57.9322 4.2
      vertex 23.8549 57.7667 4.2
    endloop
  endfacet
  facet normal -0.314491 -0.638056 0.702837
    outer loop
      vertex 24.35 58.6242 5.2
      vertex 23.8549 57.7667 4.2
      vertex 24.1221 57.635 4.2
    endloop
  endfacet
  facet normal -0.228528 0.673643 0.702838
    outer loop
      vertex 24.4057 61.9615 4.2
      vertex 24.1236 61.8658 4.2
      vertex 24.5025 60.951 5.2
    endloop
  endfacet
  facet normal -0.250093 0.666914 0.701911
    outer loop
      vertex 24.4057 61.9615 4.2
      vertex 24.6635 61.0057 5.2
      vertex 24.4073 61.9621 4.2
    endloop
  endfacet
  facet normal -0.228848 0.673574 0.702799
    outer loop
      vertex 24.6635 61.0057 5.2
      vertex 24.4057 61.9615 4.2
      vertex 24.5025 60.951 5.2
    endloop
  endfacet
  facet normal -0.0464323 0.709871 0.7028
    outer loop
      vertex 24.7028 62.0206 4.2
      vertex 24.8303 61.0389 5.2
      vertex 25 61.05 5.2
    endloop
  endfacet
  facet normal -0.0417832 0.710315 0.702643
    outer loop
      vertex 24.8303 61.0389 5.2
      vertex 24.7028 62.0206 4.2
      vertex 24.7011 62.0205 4.2
    endloop
  endfacet
  facet normal 0.0417832 0.710315 0.702643
    outer loop
      vertex 25.2972 62.0206 4.2
      vertex 25.1697 61.0389 5.2
      vertex 25.2989 62.0205 4.2
    endloop
  endfacet
  facet normal 0.0464323 0.709871 0.7028
    outer loop
      vertex 25.1697 61.0389 5.2
      vertex 25.2972 62.0206 4.2
      vertex 25 61.05 5.2
    endloop
  endfacet
  facet normal 0.0465746 0.709844 0.702817
    outer loop
      vertex 25 62.0401 4.2
      vertex 25 61.05 5.2
      vertex 25.2972 62.0206 4.2
    endloop
  endfacet
  facet normal 0.598783 0.384932 0.702343
    outer loop
      vertex 26.0314 60.5414 5.2
      vertex 26.8178 61.1427 4.2
      vertex 26.8169 61.1441 4.2
    endloop
  endfacet
  facet normal 0.591659 0.394997 0.702792
    outer loop
      vertex 26.8178 61.1427 4.2
      vertex 26.0314 60.5414 5.2
      vertex 26.1258 60.4 5.2
    endloop
  endfacet
  facet normal 0.673643 0.228528 0.702838
    outer loop
      vertex 27.1158 60.6264 4.2
      vertex 26.201 60.2475 5.2
      vertex 27.2115 60.3443 4.2
    endloop
  endfacet
  facet normal 0.628463 0.33518 0.701918
    outer loop
      vertex 27.115 60.6279 4.2
      vertex 26.201 60.2475 5.2
      vertex 27.1158 60.6264 4.2
    endloop
  endfacet
  facet normal 0.638012 0.314613 0.702822
    outer loop
      vertex 26.201 60.2475 5.2
      vertex 27.115 60.6279 4.2
      vertex 26.1258 60.4 5.2
    endloop
  endfacet
  facet normal 0.638056 0.314491 0.702837
    outer loop
      vertex 26.9833 60.8951 4.2
      vertex 26.1258 60.4 5.2
      vertex 27.115 60.6279 4.2
    endloop
  endfacet
  facet normal 0.700147 0.123555 0.703227
    outer loop
      vertex 27.2702 60.0506 4.2
      vertex 26.2889 59.9197 5.2
      vertex 27.2705 60.0489 4.2
    endloop
  endfacet
  facet normal 0.697685 0.138868 0.702816
    outer loop
      vertex 26.2889 59.9197 5.2
      vertex 27.2702 60.0506 4.2
      vertex 26.2557 60.0865 5.2
    endloop
  endfacet
  facet normal 0.523237 0.482988 0.7021
    outer loop
      vertex 26.8157 61.1454 4.2
      vertex 26.0314 60.5414 5.2
      vertex 26.8169 61.1441 4.2
    endloop
  endfacet
  facet normal 0.534609 0.469351 0.702782
    outer loop
      vertex 26.0314 60.5414 5.2
      vertex 26.8157 61.1454 4.2
      vertex 25.9192 60.6692 5.2
    endloop
  endfacet
  facet normal 0.314491 0.638056 0.702837
    outer loop
      vertex 25.8779 61.865 4.2
      vertex 25.65 60.8758 5.2
      vertex 26.1451 61.7333 4.2
    endloop
  endfacet
  facet normal 0.395302 0.5914 0.702839
    outer loop
      vertex 26.1451 61.7333 4.2
      vertex 25.65 60.8758 5.2
      vertex 26.3927 61.5678 4.2
    endloop
  endfacet
  facet normal 0.228528 0.673643 0.702838
    outer loop
      vertex 25.5943 61.9615 4.2
      vertex 25.4975 60.951 5.2
      vertex 25.8764 61.8658 4.2
    endloop
  endfacet
  facet normal 0.250093 0.666914 0.701911
    outer loop
      vertex 25.3365 61.0057 5.2
      vertex 25.5943 61.9615 4.2
      vertex 25.5927 61.9621 4.2
    endloop
  endfacet
  facet normal 0.228848 0.673574 0.702799
    outer loop
      vertex 25.5943 61.9615 4.2
      vertex 25.3365 61.0057 5.2
      vertex 25.4975 60.951 5.2
    endloop
  endfacet
  facet normal 0.482988 0.523237 0.7021
    outer loop
      vertex 25.7914 60.7814 5.2
      vertex 26.3954 61.5657 4.2
      vertex 26.3941 61.5669 4.2
    endloop
  endfacet
  facet normal 0.469351 0.534609 0.702782
    outer loop
      vertex 26.3954 61.5657 4.2
      vertex 25.7914 60.7814 5.2
      vertex 25.9192 60.6692 5.2
    endloop
  endfacet
  facet normal 0.228528 -0.673643 0.702838
    outer loop
      vertex 25.8764 57.6342 4.2
      vertex 25.4975 58.549 5.2
      vertex 25.5943 57.5385 4.2
    endloop
  endfacet
  facet normal 0.228848 -0.673574 0.702799
    outer loop
      vertex 25.3365 58.4943 5.2
      vertex 25.5943 57.5385 4.2
      vertex 25.4975 58.549 5.2
    endloop
  endfacet
  facet normal 0.250093 -0.666914 0.701911
    outer loop
      vertex 25.5943 57.5385 4.2
      vertex 25.3365 58.4943 5.2
      vertex 25.5927 57.5379 4.2
    endloop
  endfacet
  facet normal 0.314613 -0.638012 0.702822
    outer loop
      vertex 25.4975 58.549 5.2
      vertex 25.8779 57.635 4.2
      vertex 25.65 58.6242 5.2
    endloop
  endfacet
  facet normal 0.33518 -0.628463 0.701918
    outer loop
      vertex 25.8779 57.635 4.2
      vertex 25.4975 58.549 5.2
      vertex 25.8764 57.6342 4.2
    endloop
  endfacet
  facet normal 0.314491 -0.638056 0.702837
    outer loop
      vertex 26.1451 57.7667 4.2
      vertex 25.65 58.6242 5.2
      vertex 25.8779 57.635 4.2
    endloop
  endfacet
  facet normal 0.395302 -0.5914 0.702839
    outer loop
      vertex 26.3927 57.9322 4.2
      vertex 25.65 58.6242 5.2
      vertex 26.1451 57.7667 4.2
    endloop
  endfacet
  facet normal 0.628463 -0.33518 0.701918
    outer loop
      vertex 26.201 59.2525 5.2
      vertex 27.115 58.8721 4.2
      vertex 27.1158 58.8736 4.2
    endloop
  endfacet
  facet normal 0.638012 -0.314613 0.702822
    outer loop
      vertex 27.115 58.8721 4.2
      vertex 26.201 59.2525 5.2
      vertex 26.1258 59.1 5.2
    endloop
  endfacet
  facet normal -0.33518 0.628463 0.701918
    outer loop
      vertex 24.1221 61.865 4.2
      vertex 24.5025 60.951 5.2
      vertex 24.1236 61.8658 4.2
    endloop
  endfacet
  facet normal -0.314613 0.638012 0.702822
    outer loop
      vertex 24.5025 60.951 5.2
      vertex 24.1221 61.865 4.2
      vertex 24.35 60.8758 5.2
    endloop
  endfacet
  facet normal -0.314491 0.638056 0.702837
    outer loop
      vertex 24.1221 61.865 4.2
      vertex 23.8549 61.7333 4.2
      vertex 24.35 60.8758 5.2
    endloop
  endfacet
  facet normal -0.534783 0.469099 0.702818
    outer loop
      vertex 23.3807 61.3693 4.2
      vertex 23.1843 61.1454 4.2
      vertex 24.0808 60.6692 5.2
    endloop
  endfacet
  facet normal -0.534609 0.469351 0.702782
    outer loop
      vertex 23.1843 61.1454 4.2
      vertex 23.9686 60.5414 5.2
      vertex 24.0808 60.6692 5.2
    endloop
  endfacet
  facet normal -0.523237 0.482988 0.7021
    outer loop
      vertex 23.9686 60.5414 5.2
      vertex 23.1843 61.1454 4.2
      vertex 23.1831 61.1441 4.2
    endloop
  endfacet
  facet normal -0.5914 -0.395302 0.702839
    outer loop
      vertex 23.8742 59.1 5.2
      vertex 23.0167 58.6049 4.2
      vertex 23.1822 58.3573 4.2
    endloop
  endfacet
  facet normal -0.469231 -0.53466 0.702824
    outer loop
      vertex 24.0808 58.8308 5.2
      vertex 23.3807 58.1307 4.2
      vertex 23.6046 57.9342 4.2
    endloop
  endfacet
  facet normal -0.469334 -0.534589 0.702809
    outer loop
      vertex 23.6046 57.9342 4.2
      vertex 24.2086 58.7186 5.2
      vertex 24.0808 58.8308 5.2
    endloop
  endfacet
  facet normal -0.459281 -0.542786 0.703167
    outer loop
      vertex 24.2086 58.7186 5.2
      vertex 23.6046 57.9342 4.2
      vertex 23.6059 57.9331 4.2
    endloop
  endfacet
  facet normal -0.638012 -0.314613 0.702822
    outer loop
      vertex 23.799 59.2525 5.2
      vertex 22.885 58.8721 4.2
      vertex 23.8742 59.1 5.2
    endloop
  endfacet
  facet normal -0.628463 -0.33518 0.701918
    outer loop
      vertex 22.885 58.8721 4.2
      vertex 23.799 59.2525 5.2
      vertex 22.8842 58.8736 4.2
    endloop
  endfacet
  facet normal -0.673643 -0.228528 0.702838
    outer loop
      vertex 23.799 59.2525 5.2
      vertex 22.7885 59.1557 4.2
      vertex 22.8842 58.8736 4.2
    endloop
  endfacet
  facet normal -0.697685 -0.138868 0.702816
    outer loop
      vertex 23.7111 59.5803 5.2
      vertex 22.7298 59.4494 4.2
      vertex 23.7443 59.4135 5.2
    endloop
  endfacet
  facet normal -0.700147 -0.123555 0.703227
    outer loop
      vertex 22.7298 59.4494 4.2
      vertex 23.7111 59.5803 5.2
      vertex 22.7295 59.4511 4.2
    endloop
  endfacet
  facet normal -0.697685 0.138868 0.702816
    outer loop
      vertex 22.7298 60.0506 4.2
      vertex 23.7111 59.9197 5.2
      vertex 23.7443 60.0865 5.2
    endloop
  endfacet
  facet normal -0.700147 0.123555 0.703227
    outer loop
      vertex 23.7111 59.9197 5.2
      vertex 22.7298 60.0506 4.2
      vertex 22.7295 60.0489 4.2
    endloop
  endfacet
  facet normal -0.710315 0.0417832 0.702643
    outer loop
      vertex 22.7294 60.0472 4.2
      vertex 23.7111 59.9197 5.2
      vertex 22.7295 60.0489 4.2
    endloop
  endfacet
  facet normal -0.709871 0.0464323 0.7028
    outer loop
      vertex 23.7111 59.9197 5.2
      vertex 22.7294 60.0472 4.2
      vertex 23.7 59.75 5.2
    endloop
  endfacet
  facet normal 0 0 1
    outer loop
      vertex 26.2889 59.9197 5.2
      vertex 26.2889 59.5803 5.2
      vertex 26.3 59.75 5.2
    endloop
  endfacet
  facet normal 0 0 1
    outer loop
      vertex 26.2557 60.0865 5.2
      vertex 26.2889 59.5803 5.2
      vertex 26.2889 59.9197 5.2
    endloop
  endfacet
  facet normal 0 0 1
    outer loop
      vertex 26.2557 60.0865 5.2
      vertex 26.2557 59.4135 5.2
      vertex 26.2889 59.5803 5.2
    endloop
  endfacet
  facet normal 0 0 1
    outer loop
      vertex 26.201 60.2475 5.2
      vertex 26.2557 59.4135 5.2
      vertex 26.2557 60.0865 5.2
    endloop
  endfacet
  facet normal 0 0 1
    outer loop
      vertex 26.201 60.2475 5.2
      vertex 26.201 59.2525 5.2
      vertex 26.2557 59.4135 5.2
    endloop
  endfacet
  facet normal 0 0 1
    outer loop
      vertex 26.1258 60.4 5.2
      vertex 26.201 59.2525 5.2
      vertex 26.201 60.2475 5.2
    endloop
  endfacet
  facet normal 0 0 1
    outer loop
      vertex 26.1258 60.4 5.2
      vertex 26.1258 59.1 5.2
      vertex 26.201 59.2525 5.2
    endloop
  endfacet
  facet normal 0 0 1
    outer loop
      vertex 26.0314 60.5414 5.2
      vertex 26.1258 59.1 5.2
      vertex 26.1258 60.4 5.2
    endloop
  endfacet
  facet normal 0 0 1
    outer loop
      vertex 26.0314 60.5414 5.2
      vertex 26.0314 58.9586 5.2
      vertex 26.1258 59.1 5.2
    endloop
  endfacet
  facet normal 0 0 1
    outer loop
      vertex 25.9192 60.6692 5.2
      vertex 26.0314 58.9586 5.2
      vertex 26.0314 60.5414 5.2
    endloop
  endfacet
  facet normal 0 0 1
    outer loop
      vertex 25.9192 60.6692 5.2
      vertex 25.9192 58.8308 5.2
      vertex 26.0314 58.9586 5.2
    endloop
  endfacet
  facet normal 0 0 1
    outer loop
      vertex 25.7914 60.7814 5.2
      vertex 25.9192 58.8308 5.2
      vertex 25.9192 60.6692 5.2
    endloop
  endfacet
  facet normal 0 0 1
    outer loop
      vertex 25.7914 60.7814 5.2
      vertex 25.7914 58.7186 5.2
      vertex 25.9192 58.8308 5.2
    endloop
  endfacet
  facet normal 0 0 1
    outer loop
      vertex 25.65 60.8758 5.2
      vertex 25.7914 58.7186 5.2
      vertex 25.7914 60.7814 5.2
    endloop
  endfacet
  facet normal 0 0 1
    outer loop
      vertex 25.65 60.8758 5.2
      vertex 25.65 58.6242 5.2
      vertex 25.7914 58.7186 5.2
    endloop
  endfacet
  facet normal 0 0 1
    outer loop
      vertex 25.4975 60.951 5.2
      vertex 25.65 58.6242 5.2
      vertex 25.65 60.8758 5.2
    endloop
  endfacet
  facet normal 0 0 1
    outer loop
      vertex 25.4975 60.951 5.2
      vertex 25.4975 58.549 5.2
      vertex 25.65 58.6242 5.2
    endloop
  endfacet
  facet normal 0 0 1
    outer loop
      vertex 25.3365 61.0057 5.2
      vertex 25.4975 58.549 5.2
      vertex 25.4975 60.951 5.2
    endloop
  endfacet
  facet normal 0 0 1
    outer loop
      vertex 25.3365 61.0057 5.2
      vertex 25.3365 58.4943 5.2
      vertex 25.4975 58.549 5.2
    endloop
  endfacet
  facet normal 0 0 1
    outer loop
      vertex 25.1697 61.0389 5.2
      vertex 25.3365 58.4943 5.2
      vertex 25.3365 61.0057 5.2
    endloop
  endfacet
  facet normal 0 0 1
    outer loop
      vertex 25.1697 61.0389 5.2
      vertex 25.1697 58.4611 5.2
      vertex 25.3365 58.4943 5.2
    endloop
  endfacet
  facet normal 0 0 1
    outer loop
      vertex 25 61.05 5.2
      vertex 25.1697 58.4611 5.2
      vertex 25.1697 61.0389 5.2
    endloop
  endfacet
  facet normal 0 0 1
    outer loop
      vertex 25 61.05 5.2
      vertex 25 58.45 5.2
      vertex 25.1697 58.4611 5.2
    endloop
  endfacet
  facet normal -0 0 1
    outer loop
      vertex 24.8303 61.0389 5.2
      vertex 25 58.45 5.2
      vertex 25 61.05 5.2
    endloop
  endfacet
  facet normal 0 0 1
    outer loop
      vertex 24.8303 61.0389 5.2
      vertex 24.8303 58.4611 5.2
      vertex 25 58.45 5.2
    endloop
  endfacet
  facet normal -0 0 1
    outer loop
      vertex 24.6635 61.0057 5.2
      vertex 24.8303 58.4611 5.2
      vertex 24.8303 61.0389 5.2
    endloop
  endfacet
  facet normal 0 0 1
    outer loop
      vertex 24.6635 61.0057 5.2
      vertex 24.6635 58.4943 5.2
      vertex 24.8303 58.4611 5.2
    endloop
  endfacet
  facet normal -0 0 1
    outer loop
      vertex 24.5025 60.951 5.2
      vertex 24.6635 58.4943 5.2
      vertex 24.6635 61.0057 5.2
    endloop
  endfacet
  facet normal 0 0 1
    outer loop
      vertex 24.5025 60.951 5.2
      vertex 24.5025 58.549 5.2
      vertex 24.6635 58.4943 5.2
    endloop
  endfacet
  facet normal -0 0 1
    outer loop
      vertex 24.35 60.8758 5.2
      vertex 24.5025 58.549 5.2
      vertex 24.5025 60.951 5.2
    endloop
  endfacet
  facet normal 0 0 1
    outer loop
      vertex 24.35 60.8758 5.2
      vertex 24.35 58.6242 5.2
      vertex 24.5025 58.549 5.2
    endloop
  endfacet
  facet normal -0 0 1
    outer loop
      vertex 24.2086 60.7814 5.2
      vertex 24.35 58.6242 5.2
      vertex 24.35 60.8758 5.2
    endloop
  endfacet
  facet normal 0 0 1
    outer loop
      vertex 24.2086 60.7814 5.2
      vertex 24.2086 58.7186 5.2
      vertex 24.35 58.6242 5.2
    endloop
  endfacet
  facet normal -0 0 1
    outer loop
      vertex 24.0808 60.6692 5.2
      vertex 24.2086 58.7186 5.2
      vertex 24.2086 60.7814 5.2
    endloop
  endfacet
  facet normal 0 0 1
    outer loop
      vertex 24.0808 60.6692 5.2
      vertex 24.0808 58.8308 5.2
      vertex 24.2086 58.7186 5.2
    endloop
  endfacet
  facet normal -0 0 1
    outer loop
      vertex 23.9686 60.5414 5.2
      vertex 24.0808 58.8308 5.2
      vertex 24.0808 60.6692 5.2
    endloop
  endfacet
  facet normal 0 0 1
    outer loop
      vertex 23.9686 60.5414 5.2
      vertex 23.9686 58.9586 5.2
      vertex 24.0808 58.8308 5.2
    endloop
  endfacet
  facet normal -0 0 1
    outer loop
      vertex 23.8742 60.4 5.2
      vertex 23.9686 58.9586 5.2
      vertex 23.9686 60.5414 5.2
    endloop
  endfacet
  facet normal 0 0 1
    outer loop
      vertex 23.8742 60.4 5.2
      vertex 23.8742 59.1 5.2
      vertex 23.9686 58.9586 5.2
    endloop
  endfacet
  facet normal -0 0 1
    outer loop
      vertex 23.799 60.2475 5.2
      vertex 23.8742 59.1 5.2
      vertex 23.8742 60.4 5.2
    endloop
  endfacet
  facet normal 0 0 1
    outer loop
      vertex 23.799 60.2475 5.2
      vertex 23.799 59.2525 5.2
      vertex 23.8742 59.1 5.2
    endloop
  endfacet
  facet normal -0 0 1
    outer loop
      vertex 23.7443 60.0865 5.2
      vertex 23.799 59.2525 5.2
      vertex 23.799 60.2475 5.2
    endloop
  endfacet
  facet normal 0 0 1
    outer loop
      vertex 23.7443 60.0865 5.2
      vertex 23.7443 59.4135 5.2
      vertex 23.799 59.2525 5.2
    endloop
  endfacet
  facet normal -0 0 1
    outer loop
      vertex 23.7111 59.9197 5.2
      vertex 23.7443 59.4135 5.2
      vertex 23.7443 60.0865 5.2
    endloop
  endfacet
  facet normal 0 0 1
    outer loop
      vertex 23.7111 59.9197 5.2
      vertex 23.7111 59.5803 5.2
      vertex 23.7443 59.4135 5.2
    endloop
  endfacet
  facet normal 0 -0 1
    outer loop
      vertex 23.7111 59.5803 5.2
      vertex 23.7111 59.9197 5.2
      vertex 23.7 59.75 5.2
    endloop
  endfacet
  facet normal -0.638012 0.314613 0.702822
    outer loop
      vertex 22.885 60.6279 4.2
      vertex 23.799 60.2475 5.2
      vertex 23.8742 60.4 5.2
    endloop
  endfacet
  facet normal -0.628463 0.33518 0.701918
    outer loop
      vertex 23.799 60.2475 5.2
      vertex 22.885 60.6279 4.2
      vertex 22.8842 60.6264 4.2
    endloop
  endfacet
  facet normal 0.138868 -0.697685 0.702816
    outer loop
      vertex 25.1697 58.4611 5.2
      vertex 25.3006 57.4798 4.2
      vertex 25.3365 58.4943 5.2
    endloop
  endfacet
  facet normal 0.123555 -0.700147 0.703227
    outer loop
      vertex 25.3006 57.4798 4.2
      vertex 25.1697 58.4611 5.2
      vertex 25.2989 57.4795 4.2
    endloop
  endfacet
  facet normal -0.228528 -0.673643 0.702838
    outer loop
      vertex 24.5025 58.549 5.2
      vertex 24.1236 57.6342 4.2
      vertex 24.4057 57.5385 4.2
    endloop
  endfacet
  facet normal -0.138774 -0.697693 0.702827
    outer loop
      vertex 24.6635 58.4943 5.2
      vertex 24.4073 57.5379 4.2
      vertex 24.6994 57.4798 4.2
    endloop
  endfacet
  facet normal -0.123555 -0.700147 0.703227
    outer loop
      vertex 24.8303 58.4611 5.2
      vertex 24.6994 57.4798 4.2
      vertex 24.7011 57.4795 4.2
    endloop
  endfacet
  facet normal -0.138868 -0.697685 0.702816
    outer loop
      vertex 24.6994 57.4798 4.2
      vertex 24.8303 58.4611 5.2
      vertex 24.6635 58.4943 5.2
    endloop
  endfacet
  facet normal -0.123555 0.700147 0.703227
    outer loop
      vertex 24.6994 62.0202 4.2
      vertex 24.8303 61.0389 5.2
      vertex 24.7011 62.0205 4.2
    endloop
  endfacet
  facet normal -0.138868 0.697685 0.702816
    outer loop
      vertex 24.8303 61.0389 5.2
      vertex 24.6994 62.0202 4.2
      vertex 24.6635 61.0057 5.2
    endloop
  endfacet
  facet normal 0.666914 0.250093 0.701911
    outer loop
      vertex 27.2115 60.3443 4.2
      vertex 26.2557 60.0865 5.2
      vertex 27.2121 60.3427 4.2
    endloop
  endfacet
  facet normal 0.673574 0.228848 0.702799
    outer loop
      vertex 26.2557 60.0865 5.2
      vertex 27.2115 60.3443 4.2
      vertex 26.201 60.2475 5.2
    endloop
  endfacet
  facet normal 0.697693 0.138774 0.702827
    outer loop
      vertex 27.2121 60.3427 4.2
      vertex 26.2557 60.0865 5.2
      vertex 27.2702 60.0506 4.2
    endloop
  endfacet
  facet normal 0.710315 0.0417832 0.702643
    outer loop
      vertex 26.2889 59.9197 5.2
      vertex 27.2706 60.0472 4.2
      vertex 27.2705 60.0489 4.2
    endloop
  endfacet
  facet normal 0.709871 0.0464323 0.7028
    outer loop
      vertex 27.2706 60.0472 4.2
      vertex 26.2889 59.9197 5.2
      vertex 26.3 59.75 5.2
    endloop
  endfacet
  facet normal 0.534783 0.469099 0.702818
    outer loop
      vertex 26.6193 61.3693 4.2
      vertex 25.9192 60.6692 5.2
      vertex 26.8157 61.1454 4.2
    endloop
  endfacet
  facet normal 0.469099 0.534783 0.702818
    outer loop
      vertex 26.3954 61.5657 4.2
      vertex 25.9192 60.6692 5.2
      vertex 26.6193 61.3693 4.2
    endloop
  endfacet
  facet normal 0.469334 -0.534589 0.702809
    outer loop
      vertex 25.7914 58.7186 5.2
      vertex 26.3954 57.9342 4.2
      vertex 25.9192 58.8308 5.2
    endloop
  endfacet
  facet normal 0.459281 -0.542786 0.703167
    outer loop
      vertex 26.3954 57.9342 4.2
      vertex 25.7914 58.7186 5.2
      vertex 26.3941 57.9331 4.2
    endloop
  endfacet
  facet normal 0.523237 -0.482988 0.7021
    outer loop
      vertex 26.0314 58.9586 5.2
      vertex 26.8157 58.3546 4.2
      vertex 26.8169 58.3559 4.2
    endloop
  endfacet
  facet normal 0.534609 -0.469351 0.702782
    outer loop
      vertex 26.8157 58.3546 4.2
      vertex 26.0314 58.9586 5.2
      vertex 25.9192 58.8308 5.2
    endloop
  endfacet
  facet normal 0.666914 -0.250093 0.701911
    outer loop
      vertex 26.2557 59.4135 5.2
      vertex 27.2115 59.1557 4.2
      vertex 27.2121 59.1573 4.2
    endloop
  endfacet
  facet normal 0.673574 -0.228848 0.702799
    outer loop
      vertex 27.2115 59.1557 4.2
      vertex 26.2557 59.4135 5.2
      vertex 26.201 59.2525 5.2
    endloop
  endfacet
  facet normal -0.534783 -0.469099 0.702818
    outer loop
      vertex 24.0808 58.8308 5.2
      vertex 23.1843 58.3546 4.2
      vertex 23.3807 58.1307 4.2
    endloop
  endfacet
  facet normal -0.673574 -0.228848 0.702799
    outer loop
      vertex 23.7443 59.4135 5.2
      vertex 22.7885 59.1557 4.2
      vertex 23.799 59.2525 5.2
    endloop
  endfacet
  facet normal -0.666914 -0.250093 0.701911
    outer loop
      vertex 22.7885 59.1557 4.2
      vertex 23.7443 59.4135 5.2
      vertex 22.7879 59.1573 4.2
    endloop
  endfacet
  facet normal -0.697693 -0.138774 0.702827
    outer loop
      vertex 23.7443 59.4135 5.2
      vertex 22.7298 59.4494 4.2
      vertex 22.7879 59.1573 4.2
    endloop
  endfacet
  facet normal -0.709844 0.0465746 0.702817
    outer loop
      vertex 22.7294 60.0472 4.2
      vertex 22.7099 59.75 4.2
      vertex 23.7 59.75 5.2
    endloop
  endfacet
  facet normal -0.709844 -0.0465746 0.702817
    outer loop
      vertex 23.7 59.75 5.2
      vertex 22.7099 59.75 4.2
      vertex 22.7294 59.4528 4.2
    endloop
  endfacet
  facet normal 0.0464323 -0.709871 0.7028
    outer loop
      vertex 25.2972 57.4794 4.2
      vertex 25.1697 58.4611 5.2
      vertex 25 58.45 5.2
    endloop
  endfacet
  facet normal 0.0417832 -0.710315 0.702643
    outer loop
      vertex 25.1697 58.4611 5.2
      vertex 25.2972 57.4794 4.2
      vertex 25.2989 57.4795 4.2
    endloop
  endfacet
  facet normal -0.0465746 -0.709844 0.702817
    outer loop
      vertex 25 58.45 5.2
      vertex 24.7028 57.4794 4.2
      vertex 25 57.4599 4.2
    endloop
  endfacet
  facet normal -0.314613 -0.638012 0.702822
    outer loop
      vertex 24.1221 57.635 4.2
      vertex 24.5025 58.549 5.2
      vertex 24.35 58.6242 5.2
    endloop
  endfacet
  facet normal -0.33518 -0.628463 0.701918
    outer loop
      vertex 24.5025 58.549 5.2
      vertex 24.1221 57.635 4.2
      vertex 24.1236 57.6342 4.2
    endloop
  endfacet
  facet normal -0.228848 -0.673574 0.702799
    outer loop
      vertex 24.4057 57.5385 4.2
      vertex 24.6635 58.4943 5.2
      vertex 24.5025 58.549 5.2
    endloop
  endfacet
  facet normal -0.250093 -0.666914 0.701911
    outer loop
      vertex 24.6635 58.4943 5.2
      vertex 24.4057 57.5385 4.2
      vertex 24.4073 57.5379 4.2
    endloop
  endfacet
  facet normal 0.469231 -0.53466 0.702824
    outer loop
      vertex 26.6193 58.1307 4.2
      vertex 25.9192 58.8308 5.2
      vertex 26.3954 57.9342 4.2
    endloop
  endfacet
  facet normal 0.534783 -0.469099 0.702818
    outer loop
      vertex 26.8157 58.3546 4.2
      vertex 25.9192 58.8308 5.2
      vertex 26.6193 58.1307 4.2
    endloop
  endfacet
  facet normal 0.697693 -0.138774 0.702827
    outer loop
      vertex 27.2702 59.4494 4.2
      vertex 26.2557 59.4135 5.2
      vertex 27.2121 59.1573 4.2
    endloop
  endfacet
  facet normal 0.700147 -0.123555 0.703227
    outer loop
      vertex 26.2889 59.5803 5.2
      vertex 27.2702 59.4494 4.2
      vertex 27.2705 59.4511 4.2
    endloop
  endfacet
  facet normal 0.697685 -0.138868 0.702816
    outer loop
      vertex 27.2702 59.4494 4.2
      vertex 26.2889 59.5803 5.2
      vertex 26.2557 59.4135 5.2
    endloop
  endfacet
  facet normal -0.0417832 -0.710315 0.702643
    outer loop
      vertex 24.7028 57.4794 4.2
      vertex 24.8303 58.4611 5.2
      vertex 24.7011 57.4795 4.2
    endloop
  endfacet
  facet normal -0.0464323 -0.709871 0.7028
    outer loop
      vertex 24.8303 58.4611 5.2
      vertex 24.7028 57.4794 4.2
      vertex 25 58.45 5.2
    endloop
  endfacet
  facet normal 0.709871 -0.0464323 0.7028
    outer loop
      vertex 26.2889 59.5803 5.2
      vertex 27.2706 59.4528 4.2
      vertex 26.3 59.75 5.2
    endloop
  endfacet
  facet normal 0.710315 -0.0417832 0.702643
    outer loop
      vertex 27.2706 59.4528 4.2
      vertex 26.2889 59.5803 5.2
      vertex 27.2705 59.4511 4.2
    endloop
  endfacet
  facet normal -0.138288 0.705586 -0.695
    outer loop
      vertex 72.1535 56.3113 7.88708
      vertex 65.7772 55.6129 8.44677
      vertex 65.7284 55.6129 8.45648
    endloop
  endfacet
  facet normal -0.138451 0.714189 -0.686124
    outer loop
      vertex 72.1535 56.3113 7.88708
      vertex 65.7767 55.6097 8.44354
      vertex 65.7772 55.6129 8.44677
    endloop
  endfacet
  facet normal -0.138295 0.706317 -0.694256
    outer loop
      vertex 65.7767 55.6097 8.44354
      vertex 72.1535 56.3113 7.88708
      vertex 72.007 55.1887 6.77416
    endloop
  endfacet
  facet normal -0.991434 2.61153e-14 0.130606
    outer loop
      vertex 65.7642 55.8871 8.72824
      vertex 65.7284 55.6129 8.45648
      vertex 65.8 55.6129 9
    endloop
  endfacet
  facet normal -0.1383 0.706226 -0.694348
    outer loop
      vertex 72.1535 56.3113 7.88708
      vertex 65.7284 55.6129 8.45648
      vertex 65.7642 55.8871 8.72824
    endloop
  endfacet
  facet normal 0.0461223 0.706222 0.706487
    outer loop
      vertex 72.1535 56.3113 7.88708
      vertex 65.7642 55.8871 8.72824
      vertex 65.8 55.6129 9
    endloop
  endfacet
  facet normal 0.991447 6.27734e-15 -0.13051
    outer loop
      vertex 72.3 55.1887 9
      vertex 72.007 55.1887 6.77416
      vertex 72.1535 56.3113 7.88708
    endloop
  endfacet
  facet normal 0.0461023 0.706318 0.706392
    outer loop
      vertex 72.1535 56.3113 7.88708
      vertex 65.85 55.6097 9
      vertex 72.3 55.1887 9
    endloop
  endfacet
  facet normal 0.0443506 0.71244 0.70033
    outer loop
      vertex 72.1535 56.3113 7.88708
      vertex 65.8496 55.6129 8.99677
      vertex 65.85 55.6097 9
    endloop
  endfacet
  facet normal 0.0459733 0.70675 0.705968
    outer loop
      vertex 65.8496 55.6129 8.99677
      vertex 72.1535 56.3113 7.88708
      vertex 65.8 55.6129 9
    endloop
  endfacet
  facet normal -0.923938 0.000168479 0.382542
    outer loop
      vertex 65.6236 55.8871 8.20324
      vertex 65.5187 55.6129 7.95
      vertex 65.7284 55.6129 8.45648
    endloop
  endfacet
  facet normal -0.313002 0.707433 -0.633694
    outer loop
      vertex 71.5774 56.3113 5.73708
      vertex 65.5632 55.6129 7.92802
      vertex 65.5187 55.6129 7.95
    endloop
  endfacet
  facet normal -0.312028 0.711356 -0.62977
    outer loop
      vertex 71.5774 56.3113 5.73708
      vertex 65.562 55.6097 7.925
      vertex 65.5632 55.6129 7.92802
    endloop
  endfacet
  facet normal -0.31327 0.706323 -0.634799
    outer loop
      vertex 65.562 55.6097 7.925
      vertex 71.5774 56.3113 5.73708
      vertex 71.1478 55.1887 4.7
    endloop
  endfacet
  facet normal -0.313301 0.706222 -0.634895
    outer loop
      vertex 71.5774 56.3113 5.73708
      vertex 65.5187 55.6129 7.95
      vertex 65.6236 55.8871 8.20324
    endloop
  endfacet
  facet normal 0.227423 0.70618 0.670513
    outer loop
      vertex 71.5774 56.3113 5.73708
      vertex 65.6236 55.8871 8.20324
      vertex 65.7284 55.6129 8.45648
    endloop
  endfacet
  facet normal 0.923871 5.68256e-15 -0.382704
    outer loop
      vertex 72.007 55.1887 6.77416
      vertex 71.1478 55.1887 4.7
      vertex 71.5774 56.3113 5.73708
    endloop
  endfacet
  facet normal 0.227355 0.706322 0.670387
    outer loop
      vertex 71.5774 56.3113 5.73708
      vertex 65.7767 55.6097 8.44354
      vertex 72.007 55.1887 6.77416
    endloop
  endfacet
  facet normal 0.226925 0.707126 0.669685
    outer loop
      vertex 65.7755 55.6129 8.44052
      vertex 71.5774 56.3113 5.73708
      vertex 65.7284 55.6129 8.45648
    endloop
  endfacet
  facet normal 0.224312 0.712038 0.665347
    outer loop
      vertex 65.7767 55.6097 8.44354
      vertex 71.5774 56.3113 5.73708
      vertex 65.7755 55.6129 8.44052
    endloop
  endfacet
  facet normal -0.793288 0 0.608847
    outer loop
      vertex 65.3518 55.8871 7.73254
      vertex 65.1849 55.6129 7.51508
      vertex 65.5187 55.6129 7.95
    endloop
  endfacet
  facet normal -0.468058 0.703963 -0.534189
    outer loop
      vertex 70.4645 56.3113 3.80944
      vertex 65.2223 55.6129 7.48231
      vertex 65.1849 55.6129 7.51508
    endloop
  endfacet
  facet normal -0.462948 0.714221 -0.524946
    outer loop
      vertex 70.4645 56.3113 3.80944
      vertex 65.2203 55.6097 7.47972
      vertex 65.2223 55.6129 7.48231
    endloop
  endfacet
  facet normal -0.466889 0.706329 -0.532084
    outer loop
      vertex 65.2203 55.6097 7.47972
      vertex 70.4645 56.3113 3.80944
      vertex 69.7811 55.1887 2.91888
    endloop
  endfacet
  facet normal -0.466932 0.706248 -0.532154
    outer loop
      vertex 70.4645 56.3113 3.80944
      vertex 65.1849 55.6129 7.51508
      vertex 65.3518 55.8871 7.73254
    endloop
  endfacet
  facet normal 0.393172 0.706243 0.588759
    outer loop
      vertex 70.4645 56.3113 3.80944
      vertex 65.3518 55.8871 7.73254
      vertex 65.5187 55.6129 7.95
    endloop
  endfacet
  facet normal 0.793377 -7.39733e-05 -0.60873
    outer loop
      vertex 69.9252 55.1887 3.10669
      vertex 69.7811 55.1887 2.91888
      vertex 70.4645 56.3113 3.80944
    endloop
  endfacet
  facet normal 0.793347 -3.53353e-05 -0.608769
    outer loop
      vertex 71.0037 55.1887 4.51219
      vertex 69.9252 55.1887 3.10669
      vertex 70.4645 56.3113 3.80944
    endloop
  endfacet
  facet normal 0.793377 3.30016e-06 -0.60873
    outer loop
      vertex 71.0037 55.1887 4.51219
      vertex 70.4645 56.3113 3.80944
      vertex 71.1478 55.1887 4.7
    endloop
  endfacet
  facet normal 0.393128 0.70631 0.588707
    outer loop
      vertex 70.4645 56.3113 3.80944
      vertex 65.562 55.6097 7.925
      vertex 71.1478 55.1887 4.7
    endloop
  endfacet
  facet normal 0.39357 0.705701 0.589143
    outer loop
      vertex 65.56 55.6129 7.92241
      vertex 70.4645 56.3113 3.80944
      vertex 65.5187 55.6129 7.95
    endloop
  endfacet
  facet normal 0.387348 0.714075 0.583145
    outer loop
      vertex 65.562 55.6097 7.925
      vertex 70.4645 56.3113 3.80944
      vertex 65.56 55.6129 7.92241
    endloop
  endfacet
  facet normal -0.608784 0.000125477 0.793336
    outer loop
      vertex 64.9675 55.8871 7.34821
      vertex 64.75 55.6129 7.18135
      vertex 65.1849 55.6129 7.51508
    endloop
  endfacet
  facet normal -0.589003 0.705896 -0.393429
    outer loop
      vertex 68.8906 56.3113 2.23553
      vertex 64.7776 55.6129 7.14003
      vertex 64.75 55.6129 7.18135
    endloop
  endfacet
  facet normal -0.583355 0.713784 -0.387569
    outer loop
      vertex 68.8906 56.3113 2.23553
      vertex 64.775 55.6097 7.13805
      vertex 64.7776 55.6129 7.14003
    endloop
  endfacet
  facet normal -0.588692 0.706329 -0.393116
    outer loop
      vertex 64.775 55.6097 7.13805
      vertex 68.8906 56.3113 2.23553
      vertex 68 55.1887 1.55218
    endloop
  endfacet
  facet normal -0.588747 0.706257 -0.393164
    outer loop
      vertex 68.8906 56.3113 2.23553
      vertex 64.75 55.6129 7.18135
      vertex 64.9675 55.8871 7.34821
    endloop
  endfacet
  facet normal 0.532223 0.706164 0.46698
    outer loop
      vertex 68.8906 56.3113 2.23553
      vertex 64.9675 55.8871 7.34821
      vertex 65.1849 55.6129 7.51508
    endloop
  endfacet
  facet normal 0.608759 -3.06473e-05 -0.793356
    outer loop
      vertex 69.5933 55.1887 2.77477
      vertex 68.1878 55.1887 1.6963
      vertex 68.8906 56.3113 2.23553
    endloop
  endfacet
  facet normal 0.608777 -1.19477e-05 -0.793341
    outer loop
      vertex 69.5933 55.1887 2.77477
      vertex 68.8906 56.3113 2.23553
      vertex 69.7811 55.1887 2.91888
    endloop
  endfacet
  facet normal 0.532105 0.706305 0.466903
    outer loop
      vertex 68.8906 56.3113 2.23553
      vertex 65.2203 55.6097 7.47972
      vertex 69.7811 55.1887 2.91888
    endloop
  endfacet
  facet normal 0.530966 0.707569 0.466284
    outer loop
      vertex 65.2177 55.6129 7.47773
      vertex 68.8906 56.3113 2.23553
      vertex 65.1849 55.6129 7.51508
    endloop
  endfacet
  facet normal 0.524858 0.714315 0.462903
    outer loop
      vertex 65.2203 55.6097 7.47972
      vertex 68.8906 56.3113 2.23553
      vertex 65.2177 55.6129 7.47773
    endloop
  endfacet
  facet normal 0.608804 -7.57933e-05 -0.793321
    outer loop
      vertex 68.1878 55.1887 1.6963
      vertex 68 55.1887 1.55218
      vertex 68.8906 56.3113 2.23553
    endloop
  endfacet
  facet normal -0.382669 8.66261e-05 0.923885
    outer loop
      vertex 64.4968 55.8871 7.07645
      vertex 64.2435 55.6129 6.97156
      vertex 64.75 55.6129 7.18135
    endloop
  endfacet
  facet normal -0.672774 0.703585 -0.228786
    outer loop
      vertex 66.9629 56.3113 1.12261
      vertex 64.2595 55.6129 6.92451
      vertex 64.2435 55.6129 6.97156
    endloop
  endfacet
  facet normal -0.665633 0.711718 -0.224479
    outer loop
      vertex 66.9629 56.3113 1.12261
      vertex 64.2565 55.6097 6.92326
      vertex 64.2595 55.6129 6.92451
    endloop
  endfacet
  facet normal -0.670386 0.706325 -0.22735
    outer loop
      vertex 64.2565 55.6097 6.92326
      vertex 66.9629 56.3113 1.12261
      vertex 65.9258 55.1887 0.693038
    endloop
  endfacet
  facet normal -0.670416 0.706291 -0.227367
    outer loop
      vertex 66.9629 56.3113 1.12261
      vertex 64.2435 55.6129 6.97156
      vertex 64.4968 55.8871 7.07645
    endloop
  endfacet
  facet normal 0.634943 0.706177 0.313309
    outer loop
      vertex 66.9629 56.3113 1.12261
      vertex 64.4968 55.8871 7.07645
      vertex 64.75 55.6129 7.18135
    endloop
  endfacet
  facet normal 0.382676 8.22985e-07 -0.923883
    outer loop
      vertex 68 55.1887 1.55218
      vertex 65.9258 55.1887 0.693038
      vertex 66.9629 56.3113 1.12261
    endloop
  endfacet
  facet normal 0.634799 0.706325 0.313266
    outer loop
      vertex 66.9629 56.3113 1.12261
      vertex 64.775 55.6097 7.13805
      vertex 68 55.1887 1.55218
    endloop
  endfacet
  facet normal 0.633951 0.707177 0.313062
    outer loop
      vertex 64.772 55.6129 7.1368
      vertex 66.9629 56.3113 1.12261
      vertex 64.75 55.6129 7.18135
    endloop
  endfacet
  facet normal 0.629309 0.711817 0.31191
    outer loop
      vertex 64.775 55.6097 7.13805
      vertex 66.9629 56.3113 1.12261
      vertex 64.772 55.6129 7.1368
    endloop
  endfacet
  facet normal -0.703339 0.709415 -0.0452164
    outer loop
      vertex 64.8129 56.3113 0.546519
      vertex 63.7 55.6097 6.85
      vertex 63.7032 55.6129 6.85043
    endloop
  endfacet
  facet normal -0.706398 0.706312 -0.0461019
    outer loop
      vertex 63.7 55.6097 6.85
      vertex 64.8129 56.3113 0.546519
      vertex 63.7 55.1887 0.400001
    endloop
  endfacet
  facet normal -0.704179 0.708565 -0.0454584
    outer loop
      vertex 64.8129 56.3113 0.546519
      vertex 63.7032 55.6129 6.85043
      vertex 63.7 55.6129 6.9
    endloop
  endfacet
  facet normal -0.130539 2.38035e-05 0.991443
    outer loop
      vertex 63.9718 55.8871 6.93578
      vertex 63.7 55.6129 6.9
      vertex 64.2435 55.6129 6.97156
    endloop
  endfacet
  facet normal -0.706438 0.706271 -0.0461063
    outer loop
      vertex 64.8129 56.3113 0.546519
      vertex 63.7 55.6129 6.9
      vertex 63.9718 55.8871 6.93578
    endloop
  endfacet
  facet normal 0.69443 0.706145 0.138299
    outer loop
      vertex 64.8129 56.3113 0.546519
      vertex 63.9718 55.8871 6.93578
      vertex 64.2435 55.6129 6.97156
    endloop
  endfacet
  facet normal 0.130528 -4.41584e-07 -0.991445
    outer loop
      vertex 65.9258 55.1887 0.693038
      vertex 63.7 55.1887 0.400001
      vertex 64.8129 56.3113 0.546519
    endloop
  endfacet
  facet normal 0.694262 0.706312 0.138289
    outer loop
      vertex 64.8129 56.3113 0.546519
      vertex 64.2565 55.6097 6.92326
      vertex 65.9258 55.1887 0.693038
    endloop
  endfacet
  facet normal 0.694748 0.705833 0.138294
    outer loop
      vertex 64.2532 55.6129 6.92283
      vertex 64.8129 56.3113 0.546519
      vertex 64.2435 55.6129 6.97156
    endloop
  endfacet
  facet normal 0.680068 0.719938 0.13855
    outer loop
      vertex 64.2565 55.6097 6.92326
      vertex 64.8129 56.3113 0.546519
      vertex 64.2532 55.6129 6.92283
    endloop
  endfacet
  facet normal -0.694262 0.706312 0.138289
    outer loop
      vertex 63.1435 55.6097 6.92326
      vertex 62.5871 56.3113 0.546519
      vertex 61.4742 55.1887 0.693038
    endloop
  endfacet
  facet normal -0.694748 0.705833 0.138294
    outer loop
      vertex 62.5871 56.3113 0.546519
      vertex 63.1468 55.6129 6.92283
      vertex 63.1565 55.6129 6.97156
    endloop
  endfacet
  facet normal -0.680068 0.719938 0.13855
    outer loop
      vertex 62.5871 56.3113 0.546519
      vertex 63.1435 55.6097 6.92326
      vertex 63.1468 55.6129 6.92283
    endloop
  endfacet
  facet normal 0.130539 2.38035e-05 0.991443
    outer loop
      vertex 63.4282 55.8871 6.93578
      vertex 63.1565 55.6129 6.97156
      vertex 63.7 55.6129 6.9
    endloop
  endfacet
  facet normal -0.69443 0.706145 0.138299
    outer loop
      vertex 63.4282 55.8871 6.93578
      vertex 62.5871 56.3113 0.546519
      vertex 63.1565 55.6129 6.97156
    endloop
  endfacet
  facet normal 0.706438 0.706271 -0.0461063
    outer loop
      vertex 63.7 55.6129 6.9
      vertex 62.5871 56.3113 0.546519
      vertex 63.4282 55.8871 6.93578
    endloop
  endfacet
  facet normal -0.130528 -4.41584e-07 -0.991445
    outer loop
      vertex 63.7 55.1887 0.400001
      vertex 61.4742 55.1887 0.693038
      vertex 62.5871 56.3113 0.546519
    endloop
  endfacet
  facet normal 0.704179 0.708565 -0.0454584
    outer loop
      vertex 63.6968 55.6129 6.85043
      vertex 62.5871 56.3113 0.546519
      vertex 63.7 55.6129 6.9
    endloop
  endfacet
  facet normal 0.703339 0.709415 -0.0452164
    outer loop
      vertex 63.7 55.6097 6.85
      vertex 62.5871 56.3113 0.546519
      vertex 63.6968 55.6129 6.85043
    endloop
  endfacet
  facet normal 0.706398 0.706312 -0.0461019
    outer loop
      vertex 62.5871 56.3113 0.546519
      vertex 63.7 55.6097 6.85
      vertex 63.7 55.1887 0.400001
    endloop
  endfacet
  facet normal 0.382669 8.66261e-05 0.923885
    outer loop
      vertex 62.9032 55.8871 7.07645
      vertex 62.65 55.6129 7.18135
      vertex 63.1565 55.6129 6.97156
    endloop
  endfacet
  facet normal -0.634799 0.706325 0.313266
    outer loop
      vertex 62.625 55.6097 7.13805
      vertex 60.4371 56.3113 1.12261
      vertex 59.4 55.1887 1.55218
    endloop
  endfacet
  facet normal -0.633951 0.707177 0.313062
    outer loop
      vertex 60.4371 56.3113 1.12261
      vertex 62.628 55.6129 7.1368
      vertex 62.65 55.6129 7.18135
    endloop
  endfacet
  facet normal -0.629309 0.711817 0.31191
    outer loop
      vertex 60.4371 56.3113 1.12261
      vertex 62.625 55.6097 7.13805
      vertex 62.628 55.6129 7.1368
    endloop
  endfacet
  facet normal -0.634943 0.706177 0.313309
    outer loop
      vertex 62.9032 55.8871 7.07645
      vertex 60.4371 56.3113 1.12261
      vertex 62.65 55.6129 7.18135
    endloop
  endfacet
  facet normal 0.670416 0.706291 -0.227367
    outer loop
      vertex 63.1565 55.6129 6.97156
      vertex 60.4371 56.3113 1.12261
      vertex 62.9032 55.8871 7.07645
    endloop
  endfacet
  facet normal -0.382676 8.22985e-07 -0.923883
    outer loop
      vertex 61.4742 55.1887 0.693038
      vertex 59.4 55.1887 1.55218
      vertex 60.4371 56.3113 1.12261
    endloop
  endfacet
  facet normal 0.672774 0.703585 -0.228786
    outer loop
      vertex 63.1405 55.6129 6.92451
      vertex 60.4371 56.3113 1.12261
      vertex 63.1565 55.6129 6.97156
    endloop
  endfacet
  facet normal 0.665633 0.711718 -0.224479
    outer loop
      vertex 63.1435 55.6097 6.92326
      vertex 60.4371 56.3113 1.12261
      vertex 63.1405 55.6129 6.92451
    endloop
  endfacet
  facet normal 0.670386 0.706325 -0.22735
    outer loop
      vertex 60.4371 56.3113 1.12261
      vertex 63.1435 55.6097 6.92326
      vertex 61.4742 55.1887 0.693038
    endloop
  endfacet
  facet normal 0.608784 0.000125477 0.793336
    outer loop
      vertex 62.4325 55.8871 7.34821
      vertex 62.2151 55.6129 7.51508
      vertex 62.65 55.6129 7.18135
    endloop
  endfacet
  facet normal -0.532105 0.706305 0.466903
    outer loop
      vertex 62.1797 55.6097 7.47972
      vertex 58.5094 56.3113 2.23553
      vertex 57.6189 55.1887 2.91888
    endloop
  endfacet
  facet normal -0.530966 0.707569 0.466284
    outer loop
      vertex 58.5094 56.3113 2.23553
      vertex 62.1823 55.6129 7.47773
      vertex 62.2151 55.6129 7.51508
    endloop
  endfacet
  facet normal -0.524858 0.714315 0.462903
    outer loop
      vertex 58.5094 56.3113 2.23553
      vertex 62.1797 55.6097 7.47972
      vertex 62.1823 55.6129 7.47773
    endloop
  endfacet
  facet normal -0.532223 0.706164 0.46698
    outer loop
      vertex 62.4325 55.8871 7.34821
      vertex 58.5094 56.3113 2.23553
      vertex 62.2151 55.6129 7.51508
    endloop
  endfacet
  facet normal 0.588747 0.706257 -0.393164
    outer loop
      vertex 62.65 55.6129 7.18135
      vertex 58.5094 56.3113 2.23553
      vertex 62.4325 55.8871 7.34821
    endloop
  endfacet
  facet normal -0.608777 -1.19477e-05 -0.793341
    outer loop
      vertex 57.8067 55.1887 2.77477
      vertex 57.6189 55.1887 2.91888
      vertex 58.5094 56.3113 2.23553
    endloop
  endfacet
  facet normal -0.608759 -3.06473e-05 -0.793356
    outer loop
      vertex 59.2122 55.1887 1.6963
      vertex 57.8067 55.1887 2.77477
      vertex 58.5094 56.3113 2.23553
    endloop
  endfacet
  facet normal -0.608804 -7.57933e-05 -0.793321
    outer loop
      vertex 59.2122 55.1887 1.6963
      vertex 58.5094 56.3113 2.23553
      vertex 59.4 55.1887 1.55218
    endloop
  endfacet
  facet normal 0.589003 0.705896 -0.393429
    outer loop
      vertex 62.6224 55.6129 7.14003
      vertex 58.5094 56.3113 2.23553
      vertex 62.65 55.6129 7.18135
    endloop
  endfacet
  facet normal 0.583355 0.713784 -0.387569
    outer loop
      vertex 62.625 55.6097 7.13805
      vertex 58.5094 56.3113 2.23553
      vertex 62.6224 55.6129 7.14003
    endloop
  endfacet
  facet normal 0.588692 0.706329 -0.393116
    outer loop
      vertex 58.5094 56.3113 2.23553
      vertex 62.625 55.6097 7.13805
      vertex 59.4 55.1887 1.55218
    endloop
  endfacet
  facet normal 0.793288 0 0.608847
    outer loop
      vertex 62.0482 55.8871 7.73254
      vertex 61.8813 55.6129 7.95
      vertex 62.2151 55.6129 7.51508
    endloop
  endfacet
  facet normal -0.393128 0.70631 0.588707
    outer loop
      vertex 61.838 55.6097 7.925
      vertex 56.9355 56.3113 3.80944
      vertex 56.2522 55.1887 4.7
    endloop
  endfacet
  facet normal -0.39357 0.705701 0.589143
    outer loop
      vertex 56.9355 56.3113 3.80944
      vertex 61.84 55.6129 7.92241
      vertex 61.8813 55.6129 7.95
    endloop
  endfacet
  facet normal -0.387348 0.714075 0.583145
    outer loop
      vertex 56.9355 56.3113 3.80944
      vertex 61.838 55.6097 7.925
      vertex 61.84 55.6129 7.92241
    endloop
  endfacet
  facet normal -0.393172 0.706243 0.588759
    outer loop
      vertex 62.0482 55.8871 7.73254
      vertex 56.9355 56.3113 3.80944
      vertex 61.8813 55.6129 7.95
    endloop
  endfacet
  facet normal 0.466932 0.706248 -0.532154
    outer loop
      vertex 62.2151 55.6129 7.51508
      vertex 56.9355 56.3113 3.80944
      vertex 62.0482 55.8871 7.73254
    endloop
  endfacet
  facet normal -0.793347 -3.53353e-05 -0.608769
    outer loop
      vertex 57.4748 55.1887 3.10669
      vertex 56.3963 55.1887 4.51219
      vertex 56.9355 56.3113 3.80944
    endloop
  endfacet
  facet normal -0.793377 -7.39733e-05 -0.60873
    outer loop
      vertex 57.4748 55.1887 3.10669
      vertex 56.9355 56.3113 3.80944
      vertex 57.6189 55.1887 2.91888
    endloop
  endfacet
  facet normal 0.468058 0.703963 -0.534189
    outer loop
      vertex 62.1777 55.6129 7.48231
      vertex 56.9355 56.3113 3.80944
      vertex 62.2151 55.6129 7.51508
    endloop
  endfacet
  facet normal 0.462948 0.714221 -0.524946
    outer loop
      vertex 62.1797 55.6097 7.47972
      vertex 56.9355 56.3113 3.80944
      vertex 62.1777 55.6129 7.48231
    endloop
  endfacet
  facet normal 0.466889 0.706329 -0.532084
    outer loop
      vertex 56.9355 56.3113 3.80944
      vertex 62.1797 55.6097 7.47972
      vertex 57.6189 55.1887 2.91888
    endloop
  endfacet
  facet normal -0.793377 3.30016e-06 -0.60873
    outer loop
      vertex 56.3963 55.1887 4.51219
      vertex 56.2522 55.1887 4.7
      vertex 56.9355 56.3113 3.80944
    endloop
  endfacet
  facet normal 0.923938 -0.000168479 0.382542
    outer loop
      vertex 61.7765 55.8871 8.20324
      vertex 61.6716 55.6129 8.45648
      vertex 61.8813 55.6129 7.95
    endloop
  endfacet
  facet normal -0.227355 0.706322 0.670387
    outer loop
      vertex 61.6233 55.6097 8.44354
      vertex 55.8226 56.3113 5.73708
      vertex 55.393 55.1887 6.77416
    endloop
  endfacet
  facet normal -0.226925 0.707126 0.669685
    outer loop
      vertex 55.8226 56.3113 5.73708
      vertex 61.6245 55.6129 8.44052
      vertex 61.6716 55.6129 8.45648
    endloop
  endfacet
  facet normal -0.224312 0.712038 0.665347
    outer loop
      vertex 55.8226 56.3113 5.73708
      vertex 61.6233 55.6097 8.44354
      vertex 61.6245 55.6129 8.44052
    endloop
  endfacet
  facet normal -0.227401 0.706222 0.670477
    outer loop
      vertex 61.7765 55.8871 8.20324
      vertex 55.8226 56.3113 5.73708
      vertex 61.6716 55.6129 8.45648
    endloop
  endfacet
  facet normal 0.313315 0.706166 -0.634952
    outer loop
      vertex 61.8813 55.6129 7.95
      vertex 55.8226 56.3113 5.73708
      vertex 61.7765 55.8871 8.20324
    endloop
  endfacet
  facet normal -0.923871 -1.32153e-16 -0.382704
    outer loop
      vertex 56.2522 55.1887 4.7
      vertex 55.393 55.1887 6.77416
      vertex 55.8226 56.3113 5.73708
    endloop
  endfacet
  facet normal 0.313002 0.707433 -0.633694
    outer loop
      vertex 61.8368 55.6129 7.92802
      vertex 55.8226 56.3113 5.73708
      vertex 61.8813 55.6129 7.95
    endloop
  endfacet
  facet normal 0.312028 0.711356 -0.62977
    outer loop
      vertex 61.838 55.6097 7.925
      vertex 55.8226 56.3113 5.73708
      vertex 61.8368 55.6129 7.92802
    endloop
  endfacet
  facet normal 0.31327 0.706323 -0.634799
    outer loop
      vertex 55.8226 56.3113 5.73708
      vertex 61.838 55.6097 7.925
      vertex 56.2522 55.1887 4.7
    endloop
  endfacet
  facet normal -0.0459733 0.70675 0.705968
    outer loop
      vertex 55.2465 56.3113 7.88708
      vertex 61.5504 55.6129 8.99677
      vertex 61.6 55.6129 9
    endloop
  endfacet
  facet normal -0.0443506 0.71244 0.70033
    outer loop
      vertex 55.2465 56.3113 7.88708
      vertex 61.55 55.6097 9
      vertex 61.5504 55.6129 8.99677
    endloop
  endfacet
  facet normal -0.0461023 0.706318 0.706392
    outer loop
      vertex 61.55 55.6097 9
      vertex 55.2465 56.3113 7.88708
      vertex 55.1 55.1887 9
    endloop
  endfacet
  facet normal 0.991434 -1.24287e-14 0.130606
    outer loop
      vertex 61.6358 55.8871 8.72824
      vertex 61.6 55.6129 9
      vertex 61.6716 55.6129 8.45648
    endloop
  endfacet
  facet normal -0.0461223 0.706222 0.706487
    outer loop
      vertex 61.6358 55.8871 8.72824
      vertex 55.2465 56.3113 7.88708
      vertex 61.6 55.6129 9
    endloop
  endfacet
  facet normal 0.1383 0.706226 -0.694348
    outer loop
      vertex 61.6716 55.6129 8.45648
      vertex 55.2465 56.3113 7.88708
      vertex 61.6358 55.8871 8.72824
    endloop
  endfacet
  facet normal -0.991447 -3.12766e-15 -0.13051
    outer loop
      vertex 55.393 55.1887 6.77416
      vertex 55.1 55.1887 9
      vertex 55.2465 56.3113 7.88708
    endloop
  endfacet
  facet normal 0.138288 0.705586 -0.695
    outer loop
      vertex 61.6228 55.6129 8.44677
      vertex 55.2465 56.3113 7.88708
      vertex 61.6716 55.6129 8.45648
    endloop
  endfacet
  facet normal 0.138451 0.714189 -0.686124
    outer loop
      vertex 61.6233 55.6097 8.44354
      vertex 55.2465 56.3113 7.88708
      vertex 61.6228 55.6129 8.44677
    endloop
  endfacet
  facet normal 0.138295 0.706317 -0.694256
    outer loop
      vertex 55.2465 56.3113 7.88708
      vertex 61.6233 55.6097 8.44354
      vertex 55.393 55.1887 6.77416
    endloop
  endfacet
  facet normal 0.138292 0.706311 0.694262
    outer loop
      vertex 61.6233 55.6097 9.55646
      vertex 55.2465 56.3113 10.1129
      vertex 55.393 55.1887 11.2258
    endloop
  endfacet
  facet normal 0.138449 0.714189 0.686124
    outer loop
      vertex 61.6233 55.6097 9.55646
      vertex 61.6228 55.6129 9.55323
      vertex 55.2465 56.3113 10.1129
    endloop
  endfacet
  facet normal 0.138286 0.705596 0.694991
    outer loop
      vertex 55.2465 56.3113 10.1129
      vertex 61.6228 55.6129 9.55323
      vertex 61.6716 55.6129 9.54352
    endloop
  endfacet
  facet normal 0.138298 0.706226 0.694348
    outer loop
      vertex 61.6358 55.8871 9.27176
      vertex 55.2465 56.3113 10.1129
      vertex 61.6716 55.6129 9.54352
    endloop
  endfacet
  facet normal -0.0461201 0.706222 -0.706487
    outer loop
      vertex 61.6 55.6129 9
      vertex 55.2465 56.3113 10.1129
      vertex 61.6358 55.8871 9.27176
    endloop
  endfacet
  facet normal 0.991434 -1.24172e-14 -0.130606
    outer loop
      vertex 61.6716 55.6129 9.54352
      vertex 61.6 55.6129 9
      vertex 61.6358 55.8871 9.27176
    endloop
  endfacet
  facet normal -0.991447 -3.14974e-15 0.130512
    outer loop
      vertex 55.1 55.1887 9
      vertex 55.393 55.1887 11.2258
      vertex 55.2465 56.3113 10.1129
    endloop
  endfacet
  facet normal -0.045974 0.70674 -0.705978
    outer loop
      vertex 61.5504 55.6129 9.00323
      vertex 55.2465 56.3113 10.1129
      vertex 61.6 55.6129 9
    endloop
  endfacet
  facet normal -0.0443484 0.71244 -0.700331
    outer loop
      vertex 61.55 55.6097 9
      vertex 55.2465 56.3113 10.1129
      vertex 61.5504 55.6129 9.00323
    endloop
  endfacet
  facet normal -0.0461019 0.706311 -0.706399
    outer loop
      vertex 55.2465 56.3113 10.1129
      vertex 61.55 55.6097 9
      vertex 55.1 55.1887 9
    endloop
  endfacet
  facet normal 0.923938 -0.000168479 -0.382542
    outer loop
      vertex 61.8813 55.6129 10.05
      vertex 61.6716 55.6129 9.54352
      vertex 61.7765 55.8871 9.79676
    endloop
  endfacet
  facet normal 0.313267 0.706329 0.634794
    outer loop
      vertex 61.838 55.6097 10.075
      vertex 55.8226 56.3113 12.2629
      vertex 56.2522 55.1887 13.3
    endloop
  endfacet
  facet normal 0.312507 0.709421 0.631713
    outer loop
      vertex 61.8368 55.6129 10.072
      vertex 55.8226 56.3113 12.2629
      vertex 61.838 55.6097 10.075
    endloop
  endfacet
  facet normal 0.312708 0.708611 0.632523
    outer loop
      vertex 55.8226 56.3113 12.2629
      vertex 61.8368 55.6129 10.072
      vertex 61.8813 55.6129 10.05
    endloop
  endfacet
  facet normal 0.313314 0.706166 0.634953
    outer loop
      vertex 61.7765 55.8871 9.79676
      vertex 55.8226 56.3113 12.2629
      vertex 61.8813 55.6129 10.05
    endloop
  endfacet
  facet normal -0.227399 0.706222 -0.670478
    outer loop
      vertex 61.6716 55.6129 9.54352
      vertex 55.8226 56.3113 12.2629
      vertex 61.7765 55.8871 9.79676
    endloop
  endfacet
  facet normal -0.923874 0 0.382698
    outer loop
      vertex 55.393 55.1887 11.2258
      vertex 56.2522 55.1887 13.3
      vertex 55.8226 56.3113 12.2629
    endloop
  endfacet
  facet normal -0.22431 0.712038 -0.665347
    outer loop
      vertex 61.6233 55.6097 9.55646
      vertex 55.8226 56.3113 12.2629
      vertex 61.6245 55.6129 9.55948
    endloop
  endfacet
  facet normal -0.226928 0.707116 -0.669694
    outer loop
      vertex 61.6245 55.6129 9.55948
      vertex 55.8226 56.3113 12.2629
      vertex 61.6716 55.6129 9.54352
    endloop
  endfacet
  facet normal -0.22735 0.706328 -0.670383
    outer loop
      vertex 55.8226 56.3113 12.2629
      vertex 61.6233 55.6097 9.55646
      vertex 55.393 55.1887 11.2258
    endloop
  endfacet
  facet normal 0.793274 0.000111026 -0.608864
    outer loop
      vertex 62.2151 55.6129 10.4849
      vertex 61.8813 55.6129 10.05
      vertex 62.0482 55.8871 10.2675
    endloop
  endfacet
  facet normal 0.466897 0.706315 0.532096
    outer loop
      vertex 62.1797 55.6097 10.5203
      vertex 56.9355 56.3113 14.1906
      vertex 57.6189 55.1887 15.0811
    endloop
  endfacet
  facet normal 0.462546 0.715017 0.524216
    outer loop
      vertex 62.1777 55.6129 10.5177
      vertex 56.9355 56.3113 14.1906
      vertex 62.1797 55.6097 10.5203
    endloop
  endfacet
  facet normal 0.467341 0.705427 0.532883
    outer loop
      vertex 56.9355 56.3113 14.1906
      vertex 62.1777 55.6129 10.5177
      vertex 62.2151 55.6129 10.4849
    endloop
  endfacet
  facet normal 0.466965 0.70619 0.532203
    outer loop
      vertex 62.0482 55.8871 10.2675
      vertex 56.9355 56.3113 14.1906
      vertex 62.2151 55.6129 10.4849
    endloop
  endfacet
  facet normal -0.393144 0.706286 -0.588726
    outer loop
      vertex 61.8813 55.6129 10.05
      vertex 56.9355 56.3113 14.1906
      vertex 62.0482 55.8871 10.2675
    endloop
  endfacet
  facet normal -0.793362 -8.07946e-05 0.608751
    outer loop
      vertex 57.6189 55.1887 15.0811
      vertex 56.9355 56.3113 14.1906
      vertex 57.4748 55.1887 14.8933
    endloop
  endfacet
  facet normal -0.793347 -6.24495e-05 0.608769
    outer loop
      vertex 56.9355 56.3113 14.1906
      vertex 56.3963 55.1887 13.4878
      vertex 57.4748 55.1887 14.8933
    endloop
  endfacet
  facet normal -0.793362 -4.4104e-05 0.608751
    outer loop
      vertex 56.2522 55.1887 13.3
      vertex 56.3963 55.1887 13.4878
      vertex 56.9355 56.3113 14.1906
    endloop
  endfacet
  facet normal -0.386685 0.71496 -0.582501
    outer loop
      vertex 61.838 55.6097 10.075
      vertex 56.9355 56.3113 14.1906
      vertex 61.84 55.6129 10.0776
    endloop
  endfacet
  facet normal -0.393962 0.70517 -0.589516
    outer loop
      vertex 61.84 55.6129 10.0776
      vertex 56.9355 56.3113 14.1906
      vertex 61.8813 55.6129 10.05
    endloop
  endfacet
  facet normal -0.393124 0.706321 -0.588698
    outer loop
      vertex 56.9355 56.3113 14.1906
      vertex 61.838 55.6097 10.075
      vertex 56.2522 55.1887 13.3
    endloop
  endfacet
  facet normal 0.608864 0.000111026 -0.793274
    outer loop
      vertex 62.65 55.6129 10.8187
      vertex 62.2151 55.6129 10.4849
      vertex 62.4325 55.8871 10.6518
    endloop
  endfacet
  facet normal 0.588698 0.706321 0.393124
    outer loop
      vertex 62.625 55.6097 10.862
      vertex 58.5094 56.3113 15.7645
      vertex 59.4 55.1887 16.4478
    endloop
  endfacet
  facet normal 0.582501 0.71496 0.386685
    outer loop
      vertex 62.6224 55.6129 10.86
      vertex 58.5094 56.3113 15.7645
      vertex 62.625 55.6097 10.862
    endloop
  endfacet
  facet normal 0.589516 0.70517 0.393962
    outer loop
      vertex 58.5094 56.3113 15.7645
      vertex 62.6224 55.6129 10.86
      vertex 62.65 55.6129 10.8187
    endloop
  endfacet
  facet normal 0.588726 0.706286 0.393144
    outer loop
      vertex 62.4325 55.8871 10.6518
      vertex 58.5094 56.3113 15.7645
      vertex 62.65 55.6129 10.8187
    endloop
  endfacet
  facet normal -0.532203 0.70619 -0.466965
    outer loop
      vertex 62.2151 55.6129 10.4849
      vertex 58.5094 56.3113 15.7645
      vertex 62.4325 55.8871 10.6518
    endloop
  endfacet
  facet normal -0.608769 -6.24495e-05 0.793347
    outer loop
      vertex 58.5094 56.3113 15.7645
      vertex 57.8067 55.1887 15.2252
      vertex 59.2122 55.1887 16.3037
    endloop
  endfacet
  facet normal -0.608751 -8.07946e-05 0.793362
    outer loop
      vertex 57.6189 55.1887 15.0811
      vertex 57.8067 55.1887 15.2252
      vertex 58.5094 56.3113 15.7645
    endloop
  endfacet
  facet normal -0.524216 0.715017 -0.462546
    outer loop
      vertex 62.1797 55.6097 10.5203
      vertex 58.5094 56.3113 15.7645
      vertex 62.1823 55.6129 10.5223
    endloop
  endfacet
  facet normal -0.532883 0.705427 -0.467341
    outer loop
      vertex 62.1823 55.6129 10.5223
      vertex 58.5094 56.3113 15.7645
      vertex 62.2151 55.6129 10.4849
    endloop
  endfacet
  facet normal -0.532096 0.706315 -0.466897
    outer loop
      vertex 58.5094 56.3113 15.7645
      vertex 62.1797 55.6097 10.5203
      vertex 57.6189 55.1887 15.0811
    endloop
  endfacet
  facet normal -0.608751 -4.4104e-05 0.793362
    outer loop
      vertex 59.4 55.1887 16.4478
      vertex 58.5094 56.3113 15.7645
      vertex 59.2122 55.1887 16.3037
    endloop
  endfacet
  facet normal 0.382529 -9.87262e-05 -0.923943
    outer loop
      vertex 63.1565 55.6129 11.0284
      vertex 62.65 55.6129 10.8187
      vertex 62.9032 55.8871 10.9235
    endloop
  endfacet
  facet normal 0.670384 0.706328 0.227346
    outer loop
      vertex 63.1435 55.6097 11.0767
      vertex 60.4371 56.3113 16.8774
      vertex 61.4742 55.1887 17.307
    endloop
  endfacet
  facet normal 0.667164 0.709991 0.225401
    outer loop
      vertex 63.1405 55.6129 11.0755
      vertex 60.4371 56.3113 16.8774
      vertex 63.1435 55.6097 11.0767
    endloop
  endfacet
  facet normal 0.671857 0.704641 0.228232
    outer loop
      vertex 60.4371 56.3113 16.8774
      vertex 63.1405 55.6129 11.0755
      vertex 63.1565 55.6129 11.0284
    endloop
  endfacet
  facet normal 0.670413 0.706295 0.227363
    outer loop
      vertex 62.9032 55.8871 10.9235
      vertex 60.4371 56.3113 16.8774
      vertex 63.1565 55.6129 11.0284
    endloop
  endfacet
  facet normal -0.634998 0.70612 -0.313325
    outer loop
      vertex 62.65 55.6129 10.8187
      vertex 60.4371 56.3113 16.8774
      vertex 62.9032 55.8871 10.9235
    endloop
  endfacet
  facet normal -0.382698 -1.45365e-15 0.923874
    outer loop
      vertex 59.4 55.1887 16.4478
      vertex 61.4742 55.1887 17.307
      vertex 60.4371 56.3113 16.8774
    endloop
  endfacet
  facet normal -0.631713 0.709421 -0.312507
    outer loop
      vertex 62.625 55.6097 10.862
      vertex 60.4371 56.3113 16.8774
      vertex 62.628 55.6129 10.8632
    endloop
  endfacet
  facet normal -0.632523 0.708611 -0.312708
    outer loop
      vertex 62.628 55.6129 10.8632
      vertex 60.4371 56.3113 16.8774
      vertex 62.65 55.6129 10.8187
    endloop
  endfacet
  facet normal -0.634794 0.706329 -0.313267
    outer loop
      vertex 60.4371 56.3113 16.8774
      vertex 62.625 55.6097 10.862
      vertex 59.4 55.1887 16.4478
    endloop
  endfacet
  facet normal 0.706601 0.706104 0.0461628
    outer loop
      vertex 62.5871 56.3113 17.4535
      vertex 63.7 55.5931 11.4042
      vertex 63.6547 55.6414 11.3588
    endloop
  endfacet
  facet normal 0.706399 0.706311 0.0461009
    outer loop
      vertex 63.7 55.5931 11.4042
      vertex 62.5871 56.3113 17.4535
      vertex 63.7 55.1887 17.6
    endloop
  endfacet
  facet normal 0.706369 0.706341 0.0460962
    outer loop
      vertex 63.4203 55.8911 11.1245
      vertex 62.5871 56.3113 17.4535
      vertex 63.6547 55.6414 11.3588
    endloop
  endfacet
  facet normal -0.694564 0.706148 -0.13761
    outer loop
      vertex 63.1565 55.6129 11.0284
      vertex 63.4203 55.8911 11.1245
      vertex 63.3497 55.8079 11.0539
    endloop
  endfacet
  facet normal -0.694371 0.706203 -0.138299
    outer loop
      vertex 63.4203 55.8911 11.1245
      vertex 63.1565 55.6129 11.0284
      vertex 62.5871 56.3113 17.4535
    endloop
  endfacet
  facet normal 0.130853 0 -0.991402
    outer loop
      vertex 63.3497 55.6129 11.0539
      vertex 63.1565 55.6129 11.0284
      vertex 63.3497 55.8079 11.0539
    endloop
  endfacet
  facet normal -0.130512 1.14536e-15 0.991447
    outer loop
      vertex 61.4742 55.1887 17.307
      vertex 63.7 55.1887 17.6
      vertex 62.5871 56.3113 17.4535
    endloop
  endfacet
  facet normal -0.678529 0.721385 -0.138574
    outer loop
      vertex 63.1435 55.6097 11.0767
      vertex 62.5871 56.3113 17.4535
      vertex 63.1468 55.6129 11.0772
    endloop
  endfacet
  facet normal -0.695657 0.704941 -0.138276
    outer loop
      vertex 63.1468 55.6129 11.0772
      vertex 62.5871 56.3113 17.4535
      vertex 63.1565 55.6129 11.0284
    endloop
  endfacet
  facet normal -0.694263 0.706311 -0.138288
    outer loop
      vertex 62.5871 56.3113 17.4535
      vertex 63.1435 55.6097 11.0767
      vertex 61.4742 55.1887 17.307
    endloop
  endfacet
  facet normal 0.678529 0.721385 -0.138574
    outer loop
      vertex 64.8129 56.3113 17.4535
      vertex 64.2565 55.6097 11.0767
      vertex 64.2532 55.6129 11.0772
    endloop
  endfacet
  facet normal 0.694263 0.706311 -0.138288
    outer loop
      vertex 64.2565 55.6097 11.0767
      vertex 64.8129 56.3113 17.4535
      vertex 65.9258 55.1887 17.307
    endloop
  endfacet
  facet normal 0.695657 0.704941 -0.138276
    outer loop
      vertex 64.8129 56.3113 17.4535
      vertex 64.2532 55.6129 11.0772
      vertex 64.2435 55.6129 11.0284
    endloop
  endfacet
  facet normal 0.694371 0.706203 -0.138299
    outer loop
      vertex 64.2435 55.6129 11.0284
      vertex 63.9797 55.8911 11.1245
      vertex 64.8129 56.3113 17.4535
    endloop
  endfacet
  facet normal 0.694564 0.706148 -0.13761
    outer loop
      vertex 63.9797 55.8911 11.1245
      vertex 64.2435 55.6129 11.0284
      vertex 64.0503 55.8079 11.0539
    endloop
  endfacet
  facet normal -0.706369 0.706341 0.0460962
    outer loop
      vertex 63.9797 55.8911 11.1245
      vertex 63.7453 55.6414 11.3588
      vertex 64.8129 56.3113 17.4535
    endloop
  endfacet
  facet normal -0.130853 0 -0.991402
    outer loop
      vertex 64.2435 55.6129 11.0284
      vertex 64.0503 55.6129 11.0539
      vertex 64.0503 55.8079 11.0539
    endloop
  endfacet
  facet normal 0.130512 1.56386e-15 0.991447
    outer loop
      vertex 63.7 55.1887 17.6
      vertex 65.9258 55.1887 17.307
      vertex 64.8129 56.3113 17.4535
    endloop
  endfacet
  facet normal -0.706601 0.706104 0.0461628
    outer loop
      vertex 63.7 55.5931 11.4042
      vertex 64.8129 56.3113 17.4535
      vertex 63.7453 55.6414 11.3588
    endloop
  endfacet
  facet normal -0.706399 0.706311 0.0461009
    outer loop
      vertex 64.8129 56.3113 17.4535
      vertex 63.7 55.5931 11.4042
      vertex 63.7 55.1887 17.6
    endloop
  endfacet
  facet normal -0.382529 -9.87262e-05 -0.923943
    outer loop
      vertex 64.75 55.6129 10.8187
      vertex 64.2435 55.6129 11.0284
      vertex 64.4968 55.8871 10.9235
    endloop
  endfacet
  facet normal 0.631713 0.709421 -0.312507
    outer loop
      vertex 66.9629 56.3113 16.8774
      vertex 64.775 55.6097 10.862
      vertex 64.772 55.6129 10.8632
    endloop
  endfacet
  facet normal 0.634794 0.706329 -0.313267
    outer loop
      vertex 64.775 55.6097 10.862
      vertex 66.9629 56.3113 16.8774
      vertex 68 55.1887 16.4478
    endloop
  endfacet
  facet normal 0.632523 0.708611 -0.312708
    outer loop
      vertex 66.9629 56.3113 16.8774
      vertex 64.772 55.6129 10.8632
      vertex 64.75 55.6129 10.8187
    endloop
  endfacet
  facet normal 0.634998 0.70612 -0.313325
    outer loop
      vertex 64.75 55.6129 10.8187
      vertex 64.4968 55.8871 10.9235
      vertex 66.9629 56.3113 16.8774
    endloop
  endfacet
  facet normal -0.670413 0.706295 0.227363
    outer loop
      vertex 64.4968 55.8871 10.9235
      vertex 64.2435 55.6129 11.0284
      vertex 66.9629 56.3113 16.8774
    endloop
  endfacet
  facet normal 0.382698 -3.87641e-15 0.923874
    outer loop
      vertex 65.9258 55.1887 17.307
      vertex 68 55.1887 16.4478
      vertex 66.9629 56.3113 16.8774
    endloop
  endfacet
  facet normal -0.670384 0.706328 0.227346
    outer loop
      vertex 66.9629 56.3113 16.8774
      vertex 64.2565 55.6097 11.0767
      vertex 65.9258 55.1887 17.307
    endloop
  endfacet
  facet normal -0.667164 0.709991 0.225401
    outer loop
      vertex 66.9629 56.3113 16.8774
      vertex 64.2595 55.6129 11.0755
      vertex 64.2565 55.6097 11.0767
    endloop
  endfacet
  facet normal -0.671857 0.704641 0.228232
    outer loop
      vertex 64.2595 55.6129 11.0755
      vertex 66.9629 56.3113 16.8774
      vertex 64.2435 55.6129 11.0284
    endloop
  endfacet
  facet normal -0.608864 0.000111026 -0.793274
    outer loop
      vertex 65.1849 55.6129 10.4849
      vertex 64.75 55.6129 10.8187
      vertex 64.9675 55.8871 10.6518
    endloop
  endfacet
  facet normal 0.524216 0.715017 -0.462546
    outer loop
      vertex 68.8906 56.3113 15.7645
      vertex 65.2203 55.6097 10.5203
      vertex 65.2177 55.6129 10.5223
    endloop
  endfacet
  facet normal 0.532096 0.706315 -0.466897
    outer loop
      vertex 65.2203 55.6097 10.5203
      vertex 68.8906 56.3113 15.7645
      vertex 69.7811 55.1887 15.0811
    endloop
  endfacet
  facet normal 0.532883 0.705427 -0.467341
    outer loop
      vertex 68.8906 56.3113 15.7645
      vertex 65.2177 55.6129 10.5223
      vertex 65.1849 55.6129 10.4849
    endloop
  endfacet
  facet normal 0.532203 0.70619 -0.466965
    outer loop
      vertex 65.1849 55.6129 10.4849
      vertex 64.9675 55.8871 10.6518
      vertex 68.8906 56.3113 15.7645
    endloop
  endfacet
  facet normal -0.588726 0.706286 0.393144
    outer loop
      vertex 64.9675 55.8871 10.6518
      vertex 64.75 55.6129 10.8187
      vertex 68.8906 56.3113 15.7645
    endloop
  endfacet
  facet normal 0.608751 -8.07946e-05 0.793362
    outer loop
      vertex 69.7811 55.1887 15.0811
      vertex 68.8906 56.3113 15.7645
      vertex 69.5933 55.1887 15.2252
    endloop
  endfacet
  facet normal 0.608769 -6.24495e-05 0.793347
    outer loop
      vertex 68.8906 56.3113 15.7645
      vertex 68.1878 55.1887 16.3037
      vertex 69.5933 55.1887 15.2252
    endloop
  endfacet
  facet normal 0.608751 -4.4104e-05 0.793362
    outer loop
      vertex 68 55.1887 16.4478
      vertex 68.1878 55.1887 16.3037
      vertex 68.8906 56.3113 15.7645
    endloop
  endfacet
  facet normal -0.588698 0.706321 0.393124
    outer loop
      vertex 68.8906 56.3113 15.7645
      vertex 64.775 55.6097 10.862
      vertex 68 55.1887 16.4478
    endloop
  endfacet
  facet normal -0.582501 0.71496 0.386685
    outer loop
      vertex 68.8906 56.3113 15.7645
      vertex 64.7776 55.6129 10.86
      vertex 64.775 55.6097 10.862
    endloop
  endfacet
  facet normal -0.589516 0.70517 0.393962
    outer loop
      vertex 64.7776 55.6129 10.86
      vertex 68.8906 56.3113 15.7645
      vertex 64.75 55.6129 10.8187
    endloop
  endfacet
  facet normal -0.793274 0.000111026 -0.608864
    outer loop
      vertex 65.5187 55.6129 10.05
      vertex 65.1849 55.6129 10.4849
      vertex 65.3518 55.8871 10.2675
    endloop
  endfacet
  facet normal 0.386685 0.71496 -0.582501
    outer loop
      vertex 70.4645 56.3113 14.1906
      vertex 65.562 55.6097 10.075
      vertex 65.56 55.6129 10.0776
    endloop
  endfacet
  facet normal 0.393124 0.706321 -0.588698
    outer loop
      vertex 65.562 55.6097 10.075
      vertex 70.4645 56.3113 14.1906
      vertex 71.1478 55.1887 13.3
    endloop
  endfacet
  facet normal 0.393962 0.70517 -0.589516
    outer loop
      vertex 70.4645 56.3113 14.1906
      vertex 65.56 55.6129 10.0776
      vertex 65.5187 55.6129 10.05
    endloop
  endfacet
  facet normal 0.393144 0.706286 -0.588726
    outer loop
      vertex 65.5187 55.6129 10.05
      vertex 65.3518 55.8871 10.2675
      vertex 70.4645 56.3113 14.1906
    endloop
  endfacet
  facet normal -0.466965 0.70619 0.532203
    outer loop
      vertex 65.3518 55.8871 10.2675
      vertex 65.1849 55.6129 10.4849
      vertex 70.4645 56.3113 14.1906
    endloop
  endfacet
  facet normal 0.793347 -6.24495e-05 0.608769
    outer loop
      vertex 70.4645 56.3113 14.1906
      vertex 69.9252 55.1887 14.8933
      vertex 71.0037 55.1887 13.4878
    endloop
  endfacet
  facet normal 0.793362 -8.07946e-05 0.608751
    outer loop
      vertex 69.7811 55.1887 15.0811
      vertex 69.9252 55.1887 14.8933
      vertex 70.4645 56.3113 14.1906
    endloop
  endfacet
  facet normal -0.466897 0.706315 0.532096
    outer loop
      vertex 70.4645 56.3113 14.1906
      vertex 65.2203 55.6097 10.5203
      vertex 69.7811 55.1887 15.0811
    endloop
  endfacet
  facet normal -0.462546 0.715017 0.524216
    outer loop
      vertex 70.4645 56.3113 14.1906
      vertex 65.2223 55.6129 10.5177
      vertex 65.2203 55.6097 10.5203
    endloop
  endfacet
  facet normal -0.467341 0.705427 0.532883
    outer loop
      vertex 65.2223 55.6129 10.5177
      vertex 70.4645 56.3113 14.1906
      vertex 65.1849 55.6129 10.4849
    endloop
  endfacet
  facet normal 0.793362 -4.4104e-05 0.608751
    outer loop
      vertex 71.1478 55.1887 13.3
      vertex 70.4645 56.3113 14.1906
      vertex 71.0037 55.1887 13.4878
    endloop
  endfacet
  facet normal -0.923938 0.000168479 -0.382542
    outer loop
      vertex 65.7284 55.6129 9.54352
      vertex 65.5187 55.6129 10.05
      vertex 65.6236 55.8871 9.79676
    endloop
  endfacet
  facet normal 0.22431 0.712038 -0.665347
    outer loop
      vertex 71.5774 56.3113 12.2629
      vertex 65.7767 55.6097 9.55646
      vertex 65.7755 55.6129 9.55948
    endloop
  endfacet
  facet normal 0.22735 0.706328 -0.670383
    outer loop
      vertex 65.7767 55.6097 9.55646
      vertex 71.5774 56.3113 12.2629
      vertex 72.007 55.1887 11.2258
    endloop
  endfacet
  facet normal 0.226928 0.707116 -0.669694
    outer loop
      vertex 71.5774 56.3113 12.2629
      vertex 65.7755 55.6129 9.55948
      vertex 65.7284 55.6129 9.54352
    endloop
  endfacet
  facet normal 0.227421 0.70618 -0.670514
    outer loop
      vertex 65.7284 55.6129 9.54352
      vertex 65.6236 55.8871 9.79676
      vertex 71.5774 56.3113 12.2629
    endloop
  endfacet
  facet normal -0.313299 0.706223 0.634896
    outer loop
      vertex 65.6236 55.8871 9.79676
      vertex 65.5187 55.6129 10.05
      vertex 71.5774 56.3113 12.2629
    endloop
  endfacet
  facet normal 0.923874 5.81462e-15 0.382698
    outer loop
      vertex 71.1478 55.1887 13.3
      vertex 72.007 55.1887 11.2258
      vertex 71.5774 56.3113 12.2629
    endloop
  endfacet
  facet normal -0.313267 0.706329 0.634794
    outer loop
      vertex 71.5774 56.3113 12.2629
      vertex 65.562 55.6097 10.075
      vertex 71.1478 55.1887 13.3
    endloop
  endfacet
  facet normal -0.312507 0.709421 0.631713
    outer loop
      vertex 71.5774 56.3113 12.2629
      vertex 65.5632 55.6129 10.072
      vertex 65.562 55.6097 10.075
    endloop
  endfacet
  facet normal -0.312708 0.708611 0.632523
    outer loop
      vertex 65.5632 55.6129 10.072
      vertex 71.5774 56.3113 12.2629
      vertex 65.5187 55.6129 10.05
    endloop
  endfacet
  facet normal 0.0461019 0.706311 -0.706399
    outer loop
      vertex 65.85 55.6097 9
      vertex 72.1535 56.3113 10.1129
      vertex 72.3 55.1887 9
    endloop
  endfacet
  facet normal 0.0443484 0.71244 -0.700331
    outer loop
      vertex 65.8496 55.6129 9.00323
      vertex 72.1535 56.3113 10.1129
      vertex 65.85 55.6097 9
    endloop
  endfacet
  facet normal 0.045974 0.70674 -0.705978
    outer loop
      vertex 72.1535 56.3113 10.1129
      vertex 65.8496 55.6129 9.00323
      vertex 65.8 55.6129 9
    endloop
  endfacet
  facet normal 0.0461201 0.706222 -0.706487
    outer loop
      vertex 65.8 55.6129 9
      vertex 65.7642 55.8871 9.27176
      vertex 72.1535 56.3113 10.1129
    endloop
  endfacet
  facet normal -0.138298 0.706226 0.694348
    outer loop
      vertex 65.7642 55.8871 9.27176
      vertex 65.7284 55.6129 9.54352
      vertex 72.1535 56.3113 10.1129
    endloop
  endfacet
  facet normal -0.991434 2.61038e-14 -0.130606
    outer loop
      vertex 65.8 55.6129 9
      vertex 65.7284 55.6129 9.54352
      vertex 65.7642 55.8871 9.27176
    endloop
  endfacet
  facet normal 0.991447 6.27745e-15 0.130512
    outer loop
      vertex 72.007 55.1887 11.2258
      vertex 72.3 55.1887 9
      vertex 72.1535 56.3113 10.1129
    endloop
  endfacet
  facet normal -0.138292 0.706311 0.694262
    outer loop
      vertex 72.1535 56.3113 10.1129
      vertex 65.7767 55.6097 9.55646
      vertex 72.007 55.1887 11.2258
    endloop
  endfacet
  facet normal -0.138449 0.714189 0.686124
    outer loop
      vertex 65.7772 55.6129 9.55323
      vertex 65.7767 55.6097 9.55646
      vertex 72.1535 56.3113 10.1129
    endloop
  endfacet
  facet normal -0.138286 0.705596 0.694991
    outer loop
      vertex 65.7772 55.6129 9.55323
      vertex 72.1535 56.3113 10.1129
      vertex 65.7284 55.6129 9.54352
    endloop
  endfacet
  facet normal 0.98823 0 -0.152977
    outer loop
      vertex 65.7772 55.6129 8.44677
      vertex 65.7767 55.6097 8.44354
      vertex 65.7767 55.6129 8.44354
    endloop
  endfacet
  facet normal 0.992419 0 -0.1229
    outer loop
      vertex 65.85 55.6097 9
      vertex 65.8496 55.6129 8.99677
      vertex 65.85 55.6129 9
    endloop
  endfacet
  facet normal -0.992419 0 -0.1229
    outer loop
      vertex 61.5504 55.6129 8.99677
      vertex 61.55 55.6097 9
      vertex 61.55 55.6129 9
    endloop
  endfacet
  facet normal -0.98823 0 -0.152977
    outer loop
      vertex 61.6233 55.6097 8.44354
      vertex 61.6228 55.6129 8.44677
      vertex 61.6233 55.6129 8.44354
    endloop
  endfacet
  facet normal 0.133178 0 -0.991092
    outer loop
      vertex 63.7032 55.6129 6.85043
      vertex 63.7 55.6097 6.85
      vertex 63.7 55.6129 6.85
    endloop
  endfacet
  facet normal 0.129211 0 -0.991617
    outer loop
      vertex 64.2565 55.6097 6.92326
      vertex 64.2532 55.6129 6.92283
      vertex 64.2565 55.6129 6.92326
    endloop
  endfacet
  facet normal -0.792624 0 0.609711
    outer loop
      vertex 62.1797 55.6129 10.5203
      vertex 62.1777 55.6129 10.5177
      vertex 62.1797 55.6097 10.5203
    endloop
  endfacet
  facet normal -0.792624 0 0.609711
    outer loop
      vertex 61.838 55.6129 10.075
      vertex 61.838 55.6097 10.075
      vertex 61.84 55.6129 10.0776
    endloop
  endfacet
  facet normal 0.60779 0 -0.794098
    outer loop
      vertex 65.2203 55.6097 7.47972
      vertex 65.2177 55.6129 7.47773
      vertex 65.2203 55.6129 7.47972
    endloop
  endfacet
  facet normal 0.605859 0 -0.795572
    outer loop
      vertex 64.7776 55.6129 7.14003
      vertex 64.775 55.6097 7.13805
      vertex 64.775 55.6129 7.13805
    endloop
  endfacet
  facet normal 0.929323 0 -0.369267
    outer loop
      vertex 65.7767 55.6097 8.44354
      vertex 65.7755 55.6129 8.44052
      vertex 65.7767 55.6129 8.44354
    endloop
  endfacet
  facet normal 0.929323 0 -0.369267
    outer loop
      vertex 65.5632 55.6129 7.92802
      vertex 65.562 55.6097 7.925
      vertex 65.562 55.6129 7.925
    endloop
  endfacet
  facet normal 0.384615 0 -0.923077
    outer loop
      vertex 64.775 55.6097 7.13805
      vertex 64.772 55.6129 7.1368
      vertex 64.775 55.6129 7.13805
    endloop
  endfacet
  facet normal 0.384615 0 -0.923077
    outer loop
      vertex 64.2595 55.6129 6.92451
      vertex 64.2565 55.6097 6.92326
      vertex 64.2565 55.6129 6.92326
    endloop
  endfacet
  facet normal -0.605859 0 -0.795572
    outer loop
      vertex 62.625 55.6097 7.13805
      vertex 62.6224 55.6129 7.14003
      vertex 62.625 55.6129 7.13805
    endloop
  endfacet
  facet normal -0.60779 0 -0.794098
    outer loop
      vertex 62.1823 55.6129 7.47773
      vertex 62.1797 55.6097 7.47972
      vertex 62.1797 55.6129 7.47972
    endloop
  endfacet
  facet normal 0 1 0
    outer loop
      vertex 65.7755 55.6129 8.44052
      vertex 65.7772 55.6129 8.44677
      vertex 65.7767 55.6129 8.44354
    endloop
  endfacet
  facet normal 0 1 0
    outer loop
      vertex 65.7772 55.6129 8.44677
      vertex 65.7755 55.6129 8.44052
      vertex 65.7284 55.6129 8.45648
    endloop
  endfacet
  facet normal 0 1 0
    outer loop
      vertex 65.8496 55.6129 8.99677
      vertex 65.8496 55.6129 9.00323
      vertex 65.85 55.6129 9
    endloop
  endfacet
  facet normal 0 1 0
    outer loop
      vertex 65.8496 55.6129 9.00323
      vertex 65.8496 55.6129 8.99677
      vertex 65.8 55.6129 9
    endloop
  endfacet
  facet normal 0 1 0
    outer loop
      vertex 63.7032 55.6129 6.85043
      vertex 63.6968 55.6129 6.85043
      vertex 63.7 55.6129 6.9
    endloop
  endfacet
  facet normal -0 1 0
    outer loop
      vertex 63.6968 55.6129 6.85043
      vertex 63.7032 55.6129 6.85043
      vertex 63.7 55.6129 6.85
    endloop
  endfacet
  facet normal 0 1 0
    outer loop
      vertex 61.5504 55.6129 8.99677
      vertex 61.5504 55.6129 9.00323
      vertex 61.6 55.6129 9
    endloop
  endfacet
  facet normal 0 1 0
    outer loop
      vertex 61.5504 55.6129 9.00323
      vertex 61.5504 55.6129 8.99677
      vertex 61.55 55.6129 9
    endloop
  endfacet
  facet normal 0 1 0
    outer loop
      vertex 65.2177 55.6129 7.47773
      vertex 65.2223 55.6129 7.48231
      vertex 65.2203 55.6129 7.47972
    endloop
  endfacet
  facet normal 0 1 0
    outer loop
      vertex 65.2223 55.6129 7.48231
      vertex 65.2177 55.6129 7.47773
      vertex 65.1849 55.6129 7.51508
    endloop
  endfacet
  facet normal 0 1 0
    outer loop
      vertex 64.772 55.6129 7.1368
      vertex 64.7776 55.6129 7.14003
      vertex 64.775 55.6129 7.13805
    endloop
  endfacet
  facet normal 0 1 0
    outer loop
      vertex 64.7776 55.6129 7.14003
      vertex 64.772 55.6129 7.1368
      vertex 64.75 55.6129 7.18135
    endloop
  endfacet
  facet normal 0 1 0
    outer loop
      vertex 65.56 55.6129 7.92241
      vertex 65.5632 55.6129 7.92802
      vertex 65.562 55.6129 7.925
    endloop
  endfacet
  facet normal 0 1 0
    outer loop
      vertex 65.5632 55.6129 7.92802
      vertex 65.56 55.6129 7.92241
      vertex 65.5187 55.6129 7.95
    endloop
  endfacet
  facet normal 0 1 0
    outer loop
      vertex 64.2532 55.6129 6.92283
      vertex 64.2595 55.6129 6.92451
      vertex 64.2565 55.6129 6.92326
    endloop
  endfacet
  facet normal 0 1 0
    outer loop
      vertex 64.2595 55.6129 6.92451
      vertex 64.2532 55.6129 6.92283
      vertex 64.2435 55.6129 6.97156
    endloop
  endfacet
  facet normal 0 1 -0
    outer loop
      vertex 61.84 55.6129 7.92241
      vertex 61.8368 55.6129 7.92802
      vertex 61.8813 55.6129 7.95
    endloop
  endfacet
  facet normal 0 1 0
    outer loop
      vertex 61.8368 55.6129 7.92802
      vertex 61.84 55.6129 7.92241
      vertex 61.838 55.6129 7.925
    endloop
  endfacet
  facet normal 0 1 -0
    outer loop
      vertex 63.1468 55.6129 6.92283
      vertex 63.1405 55.6129 6.92451
      vertex 63.1565 55.6129 6.97156
    endloop
  endfacet
  facet normal 0 1 0
    outer loop
      vertex 63.1405 55.6129 6.92451
      vertex 63.1468 55.6129 6.92283
      vertex 63.1435 55.6129 6.92326
    endloop
  endfacet
  facet normal 0 1 -0
    outer loop
      vertex 62.628 55.6129 7.1368
      vertex 62.6224 55.6129 7.14003
      vertex 62.65 55.6129 7.18135
    endloop
  endfacet
  facet normal 0 1 0
    outer loop
      vertex 62.6224 55.6129 7.14003
      vertex 62.628 55.6129 7.1368
      vertex 62.625 55.6129 7.13805
    endloop
  endfacet
  facet normal 0 1 -0
    outer loop
      vertex 62.1823 55.6129 7.47773
      vertex 62.1777 55.6129 7.48231
      vertex 62.2151 55.6129 7.51508
    endloop
  endfacet
  facet normal 0 1 0
    outer loop
      vertex 62.1777 55.6129 7.48231
      vertex 62.1823 55.6129 7.47773
      vertex 62.1797 55.6129 7.47972
    endloop
  endfacet
  facet normal 0 1 0
    outer loop
      vertex 65.2223 55.6129 10.5177
      vertex 65.2177 55.6129 10.5223
      vertex 65.2203 55.6129 10.5203
    endloop
  endfacet
  facet normal 0 1 0
    outer loop
      vertex 65.2177 55.6129 10.5223
      vertex 65.2223 55.6129 10.5177
      vertex 65.1849 55.6129 10.4849
    endloop
  endfacet
  facet normal 0 1 0
    outer loop
      vertex 65.5632 55.6129 10.072
      vertex 65.56 55.6129 10.0776
      vertex 65.562 55.6129 10.075
    endloop
  endfacet
  facet normal 0 1 0
    outer loop
      vertex 65.56 55.6129 10.0776
      vertex 65.5632 55.6129 10.072
      vertex 65.5187 55.6129 10.05
    endloop
  endfacet
  facet normal 0 1 0
    outer loop
      vertex 64.7776 55.6129 10.86
      vertex 64.772 55.6129 10.8632
      vertex 64.775 55.6129 10.862
    endloop
  endfacet
  facet normal 0 1 0
    outer loop
      vertex 64.772 55.6129 10.8632
      vertex 64.7776 55.6129 10.86
      vertex 64.75 55.6129 10.8187
    endloop
  endfacet
  facet normal 0 1 0
    outer loop
      vertex 65.7772 55.6129 9.55323
      vertex 65.7755 55.6129 9.55948
      vertex 65.7767 55.6129 9.55646
    endloop
  endfacet
  facet normal 0 1 0
    outer loop
      vertex 65.7755 55.6129 9.55948
      vertex 65.7772 55.6129 9.55323
      vertex 65.7284 55.6129 9.54352
    endloop
  endfacet
  facet normal 0 1 0
    outer loop
      vertex 62.628 55.6129 10.8632
      vertex 62.6224 55.6129 10.86
      vertex 62.625 55.6129 10.862
    endloop
  endfacet
  facet normal -0 1 0
    outer loop
      vertex 62.6224 55.6129 10.86
      vertex 62.628 55.6129 10.8632
      vertex 62.65 55.6129 10.8187
    endloop
  endfacet
  facet normal 0 1 0
    outer loop
      vertex 62.1823 55.6129 10.5223
      vertex 62.1777 55.6129 10.5177
      vertex 62.1797 55.6129 10.5203
    endloop
  endfacet
  facet normal -0 1 0
    outer loop
      vertex 62.1777 55.6129 10.5177
      vertex 62.1823 55.6129 10.5223
      vertex 62.2151 55.6129 10.4849
    endloop
  endfacet
  facet normal 0 1 -0
    outer loop
      vertex 61.6245 55.6129 8.44052
      vertex 61.6228 55.6129 8.44677
      vertex 61.6716 55.6129 8.45648
    endloop
  endfacet
  facet normal 0 1 0
    outer loop
      vertex 61.6228 55.6129 8.44677
      vertex 61.6245 55.6129 8.44052
      vertex 61.6233 55.6129 8.44354
    endloop
  endfacet
  facet normal 0 1 0
    outer loop
      vertex 64.2595 55.6129 11.0755
      vertex 64.2532 55.6129 11.0772
      vertex 64.2565 55.6129 11.0767
    endloop
  endfacet
  facet normal 0 1 0
    outer loop
      vertex 64.2532 55.6129 11.0772
      vertex 64.2595 55.6129 11.0755
      vertex 64.2435 55.6129 11.0284
    endloop
  endfacet
  facet normal 0 1 0
    outer loop
      vertex 63.1468 55.6129 11.0772
      vertex 63.1405 55.6129 11.0755
      vertex 63.1435 55.6129 11.0767
    endloop
  endfacet
  facet normal -0 1 0
    outer loop
      vertex 63.1405 55.6129 11.0755
      vertex 63.1468 55.6129 11.0772
      vertex 63.1565 55.6129 11.0284
    endloop
  endfacet
  facet normal 0 1 0
    outer loop
      vertex 61.84 55.6129 10.0776
      vertex 61.8368 55.6129 10.072
      vertex 61.838 55.6129 10.075
    endloop
  endfacet
  facet normal -0 1 0
    outer loop
      vertex 61.8368 55.6129 10.072
      vertex 61.84 55.6129 10.0776
      vertex 61.8813 55.6129 10.05
    endloop
  endfacet
  facet normal 0 1 0
    outer loop
      vertex 61.6245 55.6129 9.55948
      vertex 61.6228 55.6129 9.55323
      vertex 61.6233 55.6129 9.55646
    endloop
  endfacet
  facet normal -0 1 0
    outer loop
      vertex 61.6228 55.6129 9.55323
      vertex 61.6245 55.6129 9.55948
      vertex 61.6716 55.6129 9.54352
    endloop
  endfacet
  facet normal 0 1 0
    outer loop
      vertex 64.9021 55.6129 10.2021
      vertex 64.2435 55.6129 11.0284
      vertex 64.75 55.6129 10.8187
    endloop
  endfacet
  facet normal 0 1 -0
    outer loop
      vertex 64.9021 55.6129 10.2021
      vertex 64.75 55.6129 10.8187
      vertex 65.1849 55.6129 10.4849
    endloop
  endfacet
  facet normal 0 1 0
    outer loop
      vertex 64.2435 55.6129 11.0284
      vertex 64.9021 55.6129 10.2021
      vertex 64.0503 55.6129 11.0539
    endloop
  endfacet
  facet normal 0 1 0
    outer loop
      vertex 65.5187 55.6129 10.05
      vertex 64.9021 55.6129 10.2021
      vertex 65.1849 55.6129 10.4849
    endloop
  endfacet
  facet normal 0 1 0
    outer loop
      vertex 65.5187 55.6129 10.05
      vertex 65.1722 55.6129 9.84999
      vertex 64.9021 55.6129 10.2021
    endloop
  endfacet
  facet normal 0 1 0
    outer loop
      vertex 65.7284 55.6129 9.54352
      vertex 65.1722 55.6129 9.84999
      vertex 65.5187 55.6129 10.05
    endloop
  endfacet
  facet normal 0 1 0
    outer loop
      vertex 65.7284 55.6129 9.54352
      vertex 65.3421 55.6129 9.43999
      vertex 65.1722 55.6129 9.84999
    endloop
  endfacet
  facet normal 0 1 0
    outer loop
      vertex 65.8 55.6129 9
      vertex 65.3421 55.6129 9.43999
      vertex 65.7284 55.6129 9.54352
    endloop
  endfacet
  facet normal 0 1 0
    outer loop
      vertex 65.8 55.6129 9
      vertex 65.4 55.6129 9
      vertex 65.3421 55.6129 9.43999
    endloop
  endfacet
  facet normal 0 1 0
    outer loop
      vertex 65.8 55.6129 9
      vertex 65.3421 55.6129 8.56001
      vertex 65.4 55.6129 9
    endloop
  endfacet
  facet normal 0 1 -0
    outer loop
      vertex 65.7284 55.6129 8.45648
      vertex 65.3421 55.6129 8.56001
      vertex 65.8 55.6129 9
    endloop
  endfacet
  facet normal 0 1 0
    outer loop
      vertex 65.7284 55.6129 8.45648
      vertex 65.1722 55.6129 8.15001
      vertex 65.3421 55.6129 8.56001
    endloop
  endfacet
  facet normal 0 1 -0
    outer loop
      vertex 65.5187 55.6129 7.95
      vertex 65.1722 55.6129 8.15001
      vertex 65.7284 55.6129 8.45648
    endloop
  endfacet
  facet normal 0 1 0
    outer loop
      vertex 65.5187 55.6129 7.95
      vertex 64.9021 55.6129 7.79793
      vertex 65.1722 55.6129 8.15001
    endloop
  endfacet
  facet normal 0 1 -0
    outer loop
      vertex 65.1849 55.6129 7.51508
      vertex 64.9021 55.6129 7.79793
      vertex 65.5187 55.6129 7.95
    endloop
  endfacet
  facet normal 0 1 0
    outer loop
      vertex 64.9021 55.6129 7.79793
      vertex 65.1849 55.6129 7.51508
      vertex 64.55 55.6129 7.52777
    endloop
  endfacet
  facet normal 0 1 -0
    outer loop
      vertex 64.75 55.6129 7.18135
      vertex 64.55 55.6129 7.52777
      vertex 65.1849 55.6129 7.51508
    endloop
  endfacet
  facet normal 0 1 -0
    outer loop
      vertex 64.2435 55.6129 6.97156
      vertex 64.14 55.6129 7.35794
      vertex 64.75 55.6129 7.18135
    endloop
  endfacet
  facet normal 0 1 0
    outer loop
      vertex 64.55 55.6129 7.52777
      vertex 64.75 55.6129 7.18135
      vertex 64.14 55.6129 7.35794
    endloop
  endfacet
  facet normal 0 1 0
    outer loop
      vertex 62.4979 55.6129 10.2021
      vertex 63.1565 55.6129 11.0284
      vertex 63.3497 55.6129 11.0539
    endloop
  endfacet
  facet normal 0 1 0
    outer loop
      vertex 63.1565 55.6129 11.0284
      vertex 62.4979 55.6129 10.2021
      vertex 62.65 55.6129 10.8187
    endloop
  endfacet
  facet normal 0 1 0
    outer loop
      vertex 62.65 55.6129 10.8187
      vertex 62.4979 55.6129 10.2021
      vertex 62.2151 55.6129 10.4849
    endloop
  endfacet
  facet normal 0 1 0
    outer loop
      vertex 62.4979 55.6129 10.2021
      vertex 61.8813 55.6129 10.05
      vertex 62.2151 55.6129 10.4849
    endloop
  endfacet
  facet normal 0 1 -0
    outer loop
      vertex 62.2278 55.6129 9.84999
      vertex 61.8813 55.6129 10.05
      vertex 62.4979 55.6129 10.2021
    endloop
  endfacet
  facet normal 0 1 0
    outer loop
      vertex 62.2278 55.6129 9.84999
      vertex 61.6716 55.6129 9.54352
      vertex 61.8813 55.6129 10.05
    endloop
  endfacet
  facet normal 0 1 -0
    outer loop
      vertex 62.0579 55.6129 9.43999
      vertex 61.6716 55.6129 9.54352
      vertex 62.2278 55.6129 9.84999
    endloop
  endfacet
  facet normal 0 1 0
    outer loop
      vertex 62.0579 55.6129 9.43999
      vertex 61.6 55.6129 9
      vertex 61.6716 55.6129 9.54352
    endloop
  endfacet
  facet normal 0 1 -0
    outer loop
      vertex 62 55.6129 9
      vertex 61.6 55.6129 9
      vertex 62.0579 55.6129 9.43999
    endloop
  endfacet
  facet normal 0 1 0
    outer loop
      vertex 62.0579 55.6129 8.56001
      vertex 61.6 55.6129 9
      vertex 62 55.6129 9
    endloop
  endfacet
  facet normal 0 1 0
    outer loop
      vertex 62.0579 55.6129 8.56001
      vertex 61.6716 55.6129 8.45648
      vertex 61.6 55.6129 9
    endloop
  endfacet
  facet normal 0 1 0
    outer loop
      vertex 62.2278 55.6129 8.15001
      vertex 61.6716 55.6129 8.45648
      vertex 62.0579 55.6129 8.56001
    endloop
  endfacet
  facet normal 0 1 0
    outer loop
      vertex 62.2278 55.6129 8.15001
      vertex 61.8813 55.6129 7.95
      vertex 61.6716 55.6129 8.45648
    endloop
  endfacet
  facet normal 0 1 0
    outer loop
      vertex 62.4979 55.6129 7.79793
      vertex 61.8813 55.6129 7.95
      vertex 62.2278 55.6129 8.15001
    endloop
  endfacet
  facet normal 0 1 0
    outer loop
      vertex 62.2151 55.6129 7.51508
      vertex 62.4979 55.6129 7.79793
      vertex 62.85 55.6129 7.52777
    endloop
  endfacet
  facet normal 0 1 0
    outer loop
      vertex 62.4979 55.6129 7.79793
      vertex 62.2151 55.6129 7.51508
      vertex 61.8813 55.6129 7.95
    endloop
  endfacet
  facet normal 0 1 0
    outer loop
      vertex 62.65 55.6129 7.18135
      vertex 62.85 55.6129 7.52777
      vertex 63.26 55.6129 7.35794
    endloop
  endfacet
  facet normal 0 1 0
    outer loop
      vertex 62.85 55.6129 7.52777
      vertex 62.65 55.6129 7.18135
      vertex 62.2151 55.6129 7.51508
    endloop
  endfacet
  facet normal 0 1 0
    outer loop
      vertex 63.1565 55.6129 6.97156
      vertex 63.26 55.6129 7.35794
      vertex 63.7 55.6129 7.3
    endloop
  endfacet
  facet normal 0 1 0
    outer loop
      vertex 64.14 55.6129 7.35794
      vertex 64.2435 55.6129 6.97156
      vertex 63.7 55.6129 7.3
    endloop
  endfacet
  facet normal 0 1 0
    outer loop
      vertex 63.7 55.6129 6.9
      vertex 63.7 55.6129 7.3
      vertex 64.2435 55.6129 6.97156
    endloop
  endfacet
  facet normal 0 1 0
    outer loop
      vertex 63.26 55.6129 7.35794
      vertex 63.1565 55.6129 6.97156
      vertex 62.65 55.6129 7.18135
    endloop
  endfacet
  facet normal 0 1 0
    outer loop
      vertex 63.7 55.6129 7.3
      vertex 63.7 55.6129 6.9
      vertex 63.1565 55.6129 6.97156
    endloop
  endfacet
  facet normal -0.133178 0 -0.991092
    outer loop
      vertex 63.7 55.6097 6.85
      vertex 63.6968 55.6129 6.85043
      vertex 63.7 55.6129 6.85
    endloop
  endfacet
  facet normal -0.129211 0 -0.991617
    outer loop
      vertex 63.1468 55.6129 6.92283
      vertex 63.1435 55.6097 6.92326
      vertex 63.1435 55.6129 6.92326
    endloop
  endfacet
  facet normal 0.792624 0 0.609711
    outer loop
      vertex 65.2203 55.6129 10.5203
      vertex 65.2203 55.6097 10.5203
      vertex 65.2223 55.6129 10.5177
    endloop
  endfacet
  facet normal 0.792624 0 0.609711
    outer loop
      vertex 65.562 55.6129 10.075
      vertex 65.56 55.6129 10.0776
      vertex 65.562 55.6097 10.075
    endloop
  endfacet
  facet normal 0.928477 -0 0.371391
    outer loop
      vertex 65.562 55.6097 10.075
      vertex 65.5632 55.6129 10.072
      vertex 65.562 55.6129 10.075
    endloop
  endfacet
  facet normal 0.929323 0 0.369267
    outer loop
      vertex 65.7755 55.6129 9.55948
      vertex 65.7767 55.6097 9.55646
      vertex 65.7767 55.6129 9.55646
    endloop
  endfacet
  facet normal -0.992419 0 0.1229
    outer loop
      vertex 61.55 55.6129 9
      vertex 61.55 55.6097 9
      vertex 61.5504 55.6129 9.00323
    endloop
  endfacet
  facet normal -0.98823 0 0.152977
    outer loop
      vertex 61.6233 55.6129 9.55646
      vertex 61.6228 55.6129 9.55323
      vertex 61.6233 55.6097 9.55646
    endloop
  endfacet
  facet normal 0.791487 0 -0.611187
    outer loop
      vertex 65.2223 55.6129 7.48231
      vertex 65.2203 55.6097 7.47972
      vertex 65.2203 55.6129 7.47972
    endloop
  endfacet
  facet normal 0.791487 0 -0.611187
    outer loop
      vertex 65.562 55.6097 7.925
      vertex 65.56 55.6129 7.92241
      vertex 65.562 55.6129 7.925
    endloop
  endfacet
  facet normal -0.791487 0 -0.611187
    outer loop
      vertex 61.84 55.6129 7.92241
      vertex 61.838 55.6097 7.925
      vertex 61.838 55.6129 7.925
    endloop
  endfacet
  facet normal -0.791487 0 -0.611187
    outer loop
      vertex 62.1797 55.6097 7.47972
      vertex 62.1777 55.6129 7.48231
      vertex 62.1797 55.6129 7.47972
    endloop
  endfacet
  facet normal -0.929323 0 -0.369267
    outer loop
      vertex 61.838 55.6097 7.925
      vertex 61.8368 55.6129 7.92802
      vertex 61.838 55.6129 7.925
    endloop
  endfacet
  facet normal -0.929323 0 -0.369267
    outer loop
      vertex 61.6245 55.6129 8.44052
      vertex 61.6233 55.6097 8.44354
      vertex 61.6233 55.6129 8.44354
    endloop
  endfacet
  facet normal -0.384615 0 -0.923077
    outer loop
      vertex 63.1435 55.6097 6.92326
      vertex 63.1405 55.6129 6.92451
      vertex 63.1435 55.6129 6.92326
    endloop
  endfacet
  facet normal -0.384615 0 -0.923077
    outer loop
      vertex 62.628 55.6129 7.1368
      vertex 62.625 55.6097 7.13805
      vertex 62.625 55.6129 7.13805
    endloop
  endfacet
  facet normal 0.149805 0 0.988716
    outer loop
      vertex 64.2565 55.6129 11.0767
      vertex 64.2532 55.6129 11.0772
      vertex 64.2565 55.6097 11.0767
    endloop
  endfacet
  facet normal 0.609711 0 0.792624
    outer loop
      vertex 65.2203 55.6129 10.5203
      vertex 65.2177 55.6129 10.5223
      vertex 65.2203 55.6097 10.5203
    endloop
  endfacet
  facet normal 0.609711 0 0.792624
    outer loop
      vertex 64.775 55.6129 10.862
      vertex 64.775 55.6097 10.862
      vertex 64.7776 55.6129 10.86
    endloop
  endfacet
  facet normal 0.992419 0 0.1229
    outer loop
      vertex 65.85 55.6129 9
      vertex 65.8496 55.6129 9.00323
      vertex 65.85 55.6097 9
    endloop
  endfacet
  facet normal 0.98823 0 0.152977
    outer loop
      vertex 65.7767 55.6129 9.55646
      vertex 65.7767 55.6097 9.55646
      vertex 65.7772 55.6129 9.55323
    endloop
  endfacet
  facet normal -0.609711 0 0.792624
    outer loop
      vertex 62.625 55.6129 10.862
      vertex 62.6224 55.6129 10.86
      vertex 62.625 55.6097 10.862
    endloop
  endfacet
  facet normal -0.609711 0 0.792624
    outer loop
      vertex 62.1797 55.6129 10.5203
      vertex 62.1797 55.6097 10.5203
      vertex 62.1823 55.6129 10.5223
    endloop
  endfacet
  facet normal -0.149805 0 0.988716
    outer loop
      vertex 63.1435 55.6129 11.0767
      vertex 63.1435 55.6097 11.0767
      vertex 63.1468 55.6129 11.0772
    endloop
  endfacet
  facet normal -0.928477 0 0.371391
    outer loop
      vertex 61.8368 55.6129 10.072
      vertex 61.838 55.6097 10.075
      vertex 61.838 55.6129 10.075
    endloop
  endfacet
  facet normal -0.929323 0 0.369267
    outer loop
      vertex 61.6233 55.6097 9.55646
      vertex 61.6245 55.6129 9.55948
      vertex 61.6233 55.6129 9.55646
    endloop
  endfacet
  facet normal 0.371391 0 0.928477
    outer loop
      vertex 64.772 55.6129 10.8632
      vertex 64.775 55.6097 10.862
      vertex 64.775 55.6129 10.862
    endloop
  endfacet
  facet normal 0.371391 -0 0.928477
    outer loop
      vertex 64.2565 55.6097 11.0767
      vertex 64.2595 55.6129 11.0755
      vertex 64.2565 55.6129 11.0767
    endloop
  endfacet
  facet normal -0.371391 0 0.928477
    outer loop
      vertex 62.625 55.6097 10.862
      vertex 62.628 55.6129 10.8632
      vertex 62.625 55.6129 10.862
    endloop
  endfacet
  facet normal -0.371391 0 0.928477
    outer loop
      vertex 63.1405 55.6129 11.0755
      vertex 63.1435 55.6097 11.0767
      vertex 63.1435 55.6129 11.0767
    endloop
  endfacet
  facet normal -0.138292 -0.706311 0.694262
    outer loop
      vertex 65.7767 49.8903 9.55646
      vertex 72.1535 49.1887 10.1129
      vertex 72.007 50.3113 11.2258
    endloop
  endfacet
  facet normal -0.138449 -0.714189 0.686124
    outer loop
      vertex 65.7767 49.8903 9.55646
      vertex 65.7772 49.8871 9.55323
      vertex 72.1535 49.1887 10.1129
    endloop
  endfacet
  facet normal -0.138286 -0.705596 0.694991
    outer loop
      vertex 72.1535 49.1887 10.1129
      vertex 65.7772 49.8871 9.55323
      vertex 65.7284 49.8871 9.54352
    endloop
  endfacet
  facet normal -0.991434 -2.61153e-14 -0.130606
    outer loop
      vertex 65.7642 49.6129 9.27176
      vertex 65.7284 49.8871 9.54352
      vertex 65.8 49.8871 9
    endloop
  endfacet
  facet normal -0.138298 -0.706226 0.694348
    outer loop
      vertex 72.1535 49.1887 10.1129
      vertex 65.7284 49.8871 9.54352
      vertex 65.7642 49.6129 9.27176
    endloop
  endfacet
  facet normal 0.0461201 -0.706222 -0.706487
    outer loop
      vertex 72.1535 49.1887 10.1129
      vertex 65.7642 49.6129 9.27176
      vertex 65.8 49.8871 9
    endloop
  endfacet
  facet normal 0.991447 -6.27745e-15 0.130512
    outer loop
      vertex 72.3 50.3113 9
      vertex 72.007 50.3113 11.2258
      vertex 72.1535 49.1887 10.1129
    endloop
  endfacet
  facet normal 0.0461019 -0.706311 -0.706399
    outer loop
      vertex 72.1535 49.1887 10.1129
      vertex 65.85 49.8903 9
      vertex 72.3 50.3113 9
    endloop
  endfacet
  facet normal 0.0443484 -0.71244 -0.700331
    outer loop
      vertex 72.1535 49.1887 10.1129
      vertex 65.8496 49.8871 9.00323
      vertex 65.85 49.8903 9
    endloop
  endfacet
  facet normal 0.045974 -0.70674 -0.705978
    outer loop
      vertex 65.8496 49.8871 9.00323
      vertex 72.1535 49.1887 10.1129
      vertex 65.8 49.8871 9
    endloop
  endfacet
  facet normal -0.923938 -0.000168479 -0.382542
    outer loop
      vertex 65.6236 49.6129 9.79676
      vertex 65.5187 49.8871 10.05
      vertex 65.7284 49.8871 9.54352
    endloop
  endfacet
  facet normal -0.313267 -0.706329 0.634794
    outer loop
      vertex 65.562 49.8903 10.075
      vertex 71.5774 49.1887 12.2629
      vertex 71.1478 50.3113 13.3
    endloop
  endfacet
  facet normal -0.312507 -0.709421 0.631713
    outer loop
      vertex 65.5632 49.8871 10.072
      vertex 71.5774 49.1887 12.2629
      vertex 65.562 49.8903 10.075
    endloop
  endfacet
  facet normal -0.312708 -0.708611 0.632523
    outer loop
      vertex 71.5774 49.1887 12.2629
      vertex 65.5632 49.8871 10.072
      vertex 65.5187 49.8871 10.05
    endloop
  endfacet
  facet normal -0.313299 -0.706223 0.634896
    outer loop
      vertex 71.5774 49.1887 12.2629
      vertex 65.5187 49.8871 10.05
      vertex 65.6236 49.6129 9.79676
    endloop
  endfacet
  facet normal 0.227421 -0.70618 -0.670514
    outer loop
      vertex 71.5774 49.1887 12.2629
      vertex 65.6236 49.6129 9.79676
      vertex 65.7284 49.8871 9.54352
    endloop
  endfacet
  facet normal 0.923874 -5.85867e-15 0.382698
    outer loop
      vertex 72.007 50.3113 11.2258
      vertex 71.1478 50.3113 13.3
      vertex 71.5774 49.1887 12.2629
    endloop
  endfacet
  facet normal 0.22431 -0.712038 -0.665347
    outer loop
      vertex 65.7767 49.8903 9.55646
      vertex 71.5774 49.1887 12.2629
      vertex 65.7755 49.8871 9.55948
    endloop
  endfacet
  facet normal 0.226928 -0.707116 -0.669694
    outer loop
      vertex 65.7755 49.8871 9.55948
      vertex 71.5774 49.1887 12.2629
      vertex 65.7284 49.8871 9.54352
    endloop
  endfacet
  facet normal 0.22735 -0.706328 -0.670383
    outer loop
      vertex 71.5774 49.1887 12.2629
      vertex 65.7767 49.8903 9.55646
      vertex 72.007 50.3113 11.2258
    endloop
  endfacet
  facet normal -0.793274 -0.000111026 -0.608864
    outer loop
      vertex 65.3518 49.6129 10.2675
      vertex 65.1849 49.8871 10.4849
      vertex 65.5187 49.8871 10.05
    endloop
  endfacet
  facet normal -0.466897 -0.706315 0.532096
    outer loop
      vertex 65.2203 49.8903 10.5203
      vertex 70.4645 49.1887 14.1906
      vertex 69.7811 50.3113 15.0811
    endloop
  endfacet
  facet normal -0.462546 -0.715017 0.524216
    outer loop
      vertex 65.2223 49.8871 10.5177
      vertex 70.4645 49.1887 14.1906
      vertex 65.2203 49.8903 10.5203
    endloop
  endfacet
  facet normal -0.467341 -0.705427 0.532883
    outer loop
      vertex 70.4645 49.1887 14.1906
      vertex 65.2223 49.8871 10.5177
      vertex 65.1849 49.8871 10.4849
    endloop
  endfacet
  facet normal -0.466965 -0.70619 0.532203
    outer loop
      vertex 70.4645 49.1887 14.1906
      vertex 65.1849 49.8871 10.4849
      vertex 65.3518 49.6129 10.2675
    endloop
  endfacet
  facet normal 0.393144 -0.706286 -0.588726
    outer loop
      vertex 70.4645 49.1887 14.1906
      vertex 65.3518 49.6129 10.2675
      vertex 65.5187 49.8871 10.05
    endloop
  endfacet
  facet normal 0.793362 8.07946e-05 0.608751
    outer loop
      vertex 69.9252 50.3113 14.8933
      vertex 69.7811 50.3113 15.0811
      vertex 70.4645 49.1887 14.1906
    endloop
  endfacet
  facet normal 0.793347 6.24495e-05 0.608769
    outer loop
      vertex 71.0037 50.3113 13.4878
      vertex 69.9252 50.3113 14.8933
      vertex 70.4645 49.1887 14.1906
    endloop
  endfacet
  facet normal 0.793362 4.4104e-05 0.608751
    outer loop
      vertex 71.0037 50.3113 13.4878
      vertex 70.4645 49.1887 14.1906
      vertex 71.1478 50.3113 13.3
    endloop
  endfacet
  facet normal 0.386685 -0.71496 -0.582501
    outer loop
      vertex 65.562 49.8903 10.075
      vertex 70.4645 49.1887 14.1906
      vertex 65.56 49.8871 10.0776
    endloop
  endfacet
  facet normal 0.393962 -0.70517 -0.589516
    outer loop
      vertex 65.56 49.8871 10.0776
      vertex 70.4645 49.1887 14.1906
      vertex 65.5187 49.8871 10.05
    endloop
  endfacet
  facet normal 0.393124 -0.706321 -0.588698
    outer loop
      vertex 70.4645 49.1887 14.1906
      vertex 65.562 49.8903 10.075
      vertex 71.1478 50.3113 13.3
    endloop
  endfacet
  facet normal -0.608864 -0.000111026 -0.793274
    outer loop
      vertex 64.9675 49.6129 10.6518
      vertex 64.75 49.8871 10.8187
      vertex 65.1849 49.8871 10.4849
    endloop
  endfacet
  facet normal -0.588698 -0.706321 0.393124
    outer loop
      vertex 64.775 49.8903 10.862
      vertex 68.8906 49.1887 15.7645
      vertex 68 50.3113 16.4478
    endloop
  endfacet
  facet normal -0.582501 -0.71496 0.386685
    outer loop
      vertex 64.7776 49.8871 10.86
      vertex 68.8906 49.1887 15.7645
      vertex 64.775 49.8903 10.862
    endloop
  endfacet
  facet normal -0.589516 -0.70517 0.393962
    outer loop
      vertex 68.8906 49.1887 15.7645
      vertex 64.7776 49.8871 10.86
      vertex 64.75 49.8871 10.8187
    endloop
  endfacet
  facet normal -0.588726 -0.706286 0.393144
    outer loop
      vertex 68.8906 49.1887 15.7645
      vertex 64.75 49.8871 10.8187
      vertex 64.9675 49.6129 10.6518
    endloop
  endfacet
  facet normal 0.532203 -0.70619 -0.466965
    outer loop
      vertex 68.8906 49.1887 15.7645
      vertex 64.9675 49.6129 10.6518
      vertex 65.1849 49.8871 10.4849
    endloop
  endfacet
  facet normal 0.608769 6.24495e-05 0.793347
    outer loop
      vertex 69.5933 50.3113 15.2252
      vertex 68.1878 50.3113 16.3037
      vertex 68.8906 49.1887 15.7645
    endloop
  endfacet
  facet normal 0.608751 8.07946e-05 0.793362
    outer loop
      vertex 69.5933 50.3113 15.2252
      vertex 68.8906 49.1887 15.7645
      vertex 69.7811 50.3113 15.0811
    endloop
  endfacet
  facet normal 0.524216 -0.715017 -0.462546
    outer loop
      vertex 65.2203 49.8903 10.5203
      vertex 68.8906 49.1887 15.7645
      vertex 65.2177 49.8871 10.5223
    endloop
  endfacet
  facet normal 0.532883 -0.705427 -0.467341
    outer loop
      vertex 65.2177 49.8871 10.5223
      vertex 68.8906 49.1887 15.7645
      vertex 65.1849 49.8871 10.4849
    endloop
  endfacet
  facet normal 0.532096 -0.706315 -0.466897
    outer loop
      vertex 68.8906 49.1887 15.7645
      vertex 65.2203 49.8903 10.5203
      vertex 69.7811 50.3113 15.0811
    endloop
  endfacet
  facet normal 0.608751 4.4104e-05 0.793362
    outer loop
      vertex 68.1878 50.3113 16.3037
      vertex 68 50.3113 16.4478
      vertex 68.8906 49.1887 15.7645
    endloop
  endfacet
  facet normal -0.382529 9.87262e-05 -0.923943
    outer loop
      vertex 64.4968 49.6129 10.9235
      vertex 64.2435 49.8871 11.0284
      vertex 64.75 49.8871 10.8187
    endloop
  endfacet
  facet normal -0.670384 -0.706328 0.227346
    outer loop
      vertex 64.2565 49.8903 11.0767
      vertex 66.9629 49.1887 16.8774
      vertex 65.9258 50.3113 17.307
    endloop
  endfacet
  facet normal -0.667164 -0.709991 0.225401
    outer loop
      vertex 64.2595 49.8871 11.0755
      vertex 66.9629 49.1887 16.8774
      vertex 64.2565 49.8903 11.0767
    endloop
  endfacet
  facet normal -0.671857 -0.704641 0.228232
    outer loop
      vertex 66.9629 49.1887 16.8774
      vertex 64.2595 49.8871 11.0755
      vertex 64.2435 49.8871 11.0284
    endloop
  endfacet
  facet normal -0.670413 -0.706295 0.227363
    outer loop
      vertex 66.9629 49.1887 16.8774
      vertex 64.2435 49.8871 11.0284
      vertex 64.4968 49.6129 10.9235
    endloop
  endfacet
  facet normal 0.634998 -0.70612 -0.313325
    outer loop
      vertex 66.9629 49.1887 16.8774
      vertex 64.4968 49.6129 10.9235
      vertex 64.75 49.8871 10.8187
    endloop
  endfacet
  facet normal 0.382698 3.87641e-15 0.923874
    outer loop
      vertex 68 50.3113 16.4478
      vertex 65.9258 50.3113 17.307
      vertex 66.9629 49.1887 16.8774
    endloop
  endfacet
  facet normal 0.631713 -0.709421 -0.312507
    outer loop
      vertex 64.775 49.8903 10.862
      vertex 66.9629 49.1887 16.8774
      vertex 64.772 49.8871 10.8632
    endloop
  endfacet
  facet normal 0.632523 -0.708611 -0.312708
    outer loop
      vertex 64.772 49.8871 10.8632
      vertex 66.9629 49.1887 16.8774
      vertex 64.75 49.8871 10.8187
    endloop
  endfacet
  facet normal 0.634794 -0.706329 -0.313267
    outer loop
      vertex 66.9629 49.1887 16.8774
      vertex 64.775 49.8903 10.862
      vertex 68 50.3113 16.4478
    endloop
  endfacet
  facet normal -0.706601 -0.706104 0.0461628
    outer loop
      vertex 64.8129 49.1887 17.4535
      vertex 63.7 49.9069 11.4042
      vertex 63.7453 49.8586 11.3588
    endloop
  endfacet
  facet normal -0.706399 -0.706311 0.0461009
    outer loop
      vertex 63.7 49.9069 11.4042
      vertex 64.8129 49.1887 17.4535
      vertex 63.7 50.3113 17.6
    endloop
  endfacet
  facet normal -0.130853 0 -0.991402
    outer loop
      vertex 64.2435 49.8871 11.0284
      vertex 64.0503 49.6921 11.0539
      vertex 64.0503 49.8871 11.0539
    endloop
  endfacet
  facet normal -0.706369 -0.706341 0.0460962
    outer loop
      vertex 64.8129 49.1887 17.4535
      vertex 63.7453 49.8586 11.3588
      vertex 63.9797 49.6089 11.1245
    endloop
  endfacet
  facet normal 0.694564 -0.706148 -0.13761
    outer loop
      vertex 64.2435 49.8871 11.0284
      vertex 63.9797 49.6089 11.1245
      vertex 64.0503 49.6921 11.0539
    endloop
  endfacet
  facet normal 0.694371 -0.706203 -0.138299
    outer loop
      vertex 63.9797 49.6089 11.1245
      vertex 64.2435 49.8871 11.0284
      vertex 64.8129 49.1887 17.4535
    endloop
  endfacet
  facet normal 0.130512 -1.56386e-15 0.991447
    outer loop
      vertex 65.9258 50.3113 17.307
      vertex 63.7 50.3113 17.6
      vertex 64.8129 49.1887 17.4535
    endloop
  endfacet
  facet normal 0.678529 -0.721385 -0.138574
    outer loop
      vertex 64.2565 49.8903 11.0767
      vertex 64.8129 49.1887 17.4535
      vertex 64.2532 49.8871 11.0772
    endloop
  endfacet
  facet normal 0.695657 -0.704941 -0.138276
    outer loop
      vertex 64.2532 49.8871 11.0772
      vertex 64.8129 49.1887 17.4535
      vertex 64.2435 49.8871 11.0284
    endloop
  endfacet
  facet normal 0.694263 -0.706311 -0.138288
    outer loop
      vertex 64.8129 49.1887 17.4535
      vertex 64.2565 49.8903 11.0767
      vertex 65.9258 50.3113 17.307
    endloop
  endfacet
  facet normal -0.678529 -0.721385 -0.138574
    outer loop
      vertex 62.5871 49.1887 17.4535
      vertex 63.1435 49.8903 11.0767
      vertex 63.1468 49.8871 11.0772
    endloop
  endfacet
  facet normal -0.694263 -0.706311 -0.138288
    outer loop
      vertex 63.1435 49.8903 11.0767
      vertex 62.5871 49.1887 17.4535
      vertex 61.4742 50.3113 17.307
    endloop
  endfacet
  facet normal -0.695657 -0.704941 -0.138276
    outer loop
      vertex 62.5871 49.1887 17.4535
      vertex 63.1468 49.8871 11.0772
      vertex 63.1565 49.8871 11.0284
    endloop
  endfacet
  facet normal 0.130853 0 -0.991402
    outer loop
      vertex 63.3497 49.6921 11.0539
      vertex 63.1565 49.8871 11.0284
      vertex 63.3497 49.8871 11.0539
    endloop
  endfacet
  facet normal -0.694371 -0.706203 -0.138299
    outer loop
      vertex 63.1565 49.8871 11.0284
      vertex 63.4203 49.6089 11.1245
      vertex 62.5871 49.1887 17.4535
    endloop
  endfacet
  facet normal -0.694564 -0.706148 -0.13761
    outer loop
      vertex 63.4203 49.6089 11.1245
      vertex 63.1565 49.8871 11.0284
      vertex 63.3497 49.6921 11.0539
    endloop
  endfacet
  facet normal 0.706369 -0.706341 0.0460962
    outer loop
      vertex 63.6547 49.8586 11.3588
      vertex 62.5871 49.1887 17.4535
      vertex 63.4203 49.6089 11.1245
    endloop
  endfacet
  facet normal -0.130512 -1.16739e-15 0.991447
    outer loop
      vertex 63.7 50.3113 17.6
      vertex 61.4742 50.3113 17.307
      vertex 62.5871 49.1887 17.4535
    endloop
  endfacet
  facet normal 0.706399 -0.706311 0.0461009
    outer loop
      vertex 62.5871 49.1887 17.4535
      vertex 63.7 49.9069 11.4042
      vertex 63.7 50.3113 17.6
    endloop
  endfacet
  facet normal 0.706601 -0.706104 0.0461628
    outer loop
      vertex 63.7 49.9069 11.4042
      vertex 62.5871 49.1887 17.4535
      vertex 63.6547 49.8586 11.3588
    endloop
  endfacet
  facet normal 0.382529 9.87262e-05 -0.923943
    outer loop
      vertex 62.9032 49.6129 10.9235
      vertex 62.65 49.8871 10.8187
      vertex 63.1565 49.8871 11.0284
    endloop
  endfacet
  facet normal -0.631713 -0.709421 -0.312507
    outer loop
      vertex 60.4371 49.1887 16.8774
      vertex 62.625 49.8903 10.862
      vertex 62.628 49.8871 10.8632
    endloop
  endfacet
  facet normal -0.634794 -0.706329 -0.313267
    outer loop
      vertex 62.625 49.8903 10.862
      vertex 60.4371 49.1887 16.8774
      vertex 59.4 50.3113 16.4478
    endloop
  endfacet
  facet normal -0.632523 -0.708611 -0.312708
    outer loop
      vertex 60.4371 49.1887 16.8774
      vertex 62.628 49.8871 10.8632
      vertex 62.65 49.8871 10.8187
    endloop
  endfacet
  facet normal -0.634998 -0.70612 -0.313325
    outer loop
      vertex 62.9032 49.6129 10.9235
      vertex 60.4371 49.1887 16.8774
      vertex 62.65 49.8871 10.8187
    endloop
  endfacet
  facet normal 0.670413 -0.706295 0.227363
    outer loop
      vertex 63.1565 49.8871 11.0284
      vertex 60.4371 49.1887 16.8774
      vertex 62.9032 49.6129 10.9235
    endloop
  endfacet
  facet normal -0.382698 1.45365e-15 0.923874
    outer loop
      vertex 61.4742 50.3113 17.307
      vertex 59.4 50.3113 16.4478
      vertex 60.4371 49.1887 16.8774
    endloop
  endfacet
  facet normal 0.670384 -0.706328 0.227346
    outer loop
      vertex 60.4371 49.1887 16.8774
      vertex 63.1435 49.8903 11.0767
      vertex 61.4742 50.3113 17.307
    endloop
  endfacet
  facet normal 0.667164 -0.709991 0.225401
    outer loop
      vertex 60.4371 49.1887 16.8774
      vertex 63.1405 49.8871 11.0755
      vertex 63.1435 49.8903 11.0767
    endloop
  endfacet
  facet normal 0.671857 -0.704641 0.228232
    outer loop
      vertex 63.1405 49.8871 11.0755
      vertex 60.4371 49.1887 16.8774
      vertex 63.1565 49.8871 11.0284
    endloop
  endfacet
  facet normal 0.608864 -0.000111026 -0.793274
    outer loop
      vertex 62.4325 49.6129 10.6518
      vertex 62.2151 49.8871 10.4849
      vertex 62.65 49.8871 10.8187
    endloop
  endfacet
  facet normal -0.524216 -0.715017 -0.462546
    outer loop
      vertex 58.5094 49.1887 15.7645
      vertex 62.1797 49.8903 10.5203
      vertex 62.1823 49.8871 10.5223
    endloop
  endfacet
  facet normal -0.532096 -0.706315 -0.466897
    outer loop
      vertex 62.1797 49.8903 10.5203
      vertex 58.5094 49.1887 15.7645
      vertex 57.6189 50.3113 15.0811
    endloop
  endfacet
  facet normal -0.532883 -0.705427 -0.467341
    outer loop
      vertex 58.5094 49.1887 15.7645
      vertex 62.1823 49.8871 10.5223
      vertex 62.2151 49.8871 10.4849
    endloop
  endfacet
  facet normal -0.532203 -0.70619 -0.466965
    outer loop
      vertex 62.4325 49.6129 10.6518
      vertex 58.5094 49.1887 15.7645
      vertex 62.2151 49.8871 10.4849
    endloop
  endfacet
  facet normal 0.588726 -0.706286 0.393144
    outer loop
      vertex 62.65 49.8871 10.8187
      vertex 58.5094 49.1887 15.7645
      vertex 62.4325 49.6129 10.6518
    endloop
  endfacet
  facet normal -0.608751 8.07946e-05 0.793362
    outer loop
      vertex 57.8067 50.3113 15.2252
      vertex 57.6189 50.3113 15.0811
      vertex 58.5094 49.1887 15.7645
    endloop
  endfacet
  facet normal -0.608769 6.24495e-05 0.793347
    outer loop
      vertex 59.2122 50.3113 16.3037
      vertex 57.8067 50.3113 15.2252
      vertex 58.5094 49.1887 15.7645
    endloop
  endfacet
  facet normal -0.608751 4.4104e-05 0.793362
    outer loop
      vertex 59.2122 50.3113 16.3037
      vertex 58.5094 49.1887 15.7645
      vertex 59.4 50.3113 16.4478
    endloop
  endfacet
  facet normal 0.588698 -0.706321 0.393124
    outer loop
      vertex 58.5094 49.1887 15.7645
      vertex 62.625 49.8903 10.862
      vertex 59.4 50.3113 16.4478
    endloop
  endfacet
  facet normal 0.582501 -0.71496 0.386685
    outer loop
      vertex 58.5094 49.1887 15.7645
      vertex 62.6224 49.8871 10.86
      vertex 62.625 49.8903 10.862
    endloop
  endfacet
  facet normal 0.589516 -0.70517 0.393962
    outer loop
      vertex 62.6224 49.8871 10.86
      vertex 58.5094 49.1887 15.7645
      vertex 62.65 49.8871 10.8187
    endloop
  endfacet
  facet normal 0.793274 -0.000111026 -0.608864
    outer loop
      vertex 62.0482 49.6129 10.2675
      vertex 61.8813 49.8871 10.05
      vertex 62.2151 49.8871 10.4849
    endloop
  endfacet
  facet normal -0.386685 -0.71496 -0.582501
    outer loop
      vertex 56.9355 49.1887 14.1906
      vertex 61.838 49.8903 10.075
      vertex 61.84 49.8871 10.0776
    endloop
  endfacet
  facet normal -0.393124 -0.706321 -0.588698
    outer loop
      vertex 61.838 49.8903 10.075
      vertex 56.9355 49.1887 14.1906
      vertex 56.2522 50.3113 13.3
    endloop
  endfacet
  facet normal -0.393962 -0.70517 -0.589516
    outer loop
      vertex 56.9355 49.1887 14.1906
      vertex 61.84 49.8871 10.0776
      vertex 61.8813 49.8871 10.05
    endloop
  endfacet
  facet normal -0.393144 -0.706286 -0.588726
    outer loop
      vertex 62.0482 49.6129 10.2675
      vertex 56.9355 49.1887 14.1906
      vertex 61.8813 49.8871 10.05
    endloop
  endfacet
  facet normal 0.466965 -0.70619 0.532203
    outer loop
      vertex 62.2151 49.8871 10.4849
      vertex 56.9355 49.1887 14.1906
      vertex 62.0482 49.6129 10.2675
    endloop
  endfacet
  facet normal -0.793347 6.24495e-05 0.608769
    outer loop
      vertex 57.4748 50.3113 14.8933
      vertex 56.3963 50.3113 13.4878
      vertex 56.9355 49.1887 14.1906
    endloop
  endfacet
  facet normal -0.793362 8.07946e-05 0.608751
    outer loop
      vertex 57.4748 50.3113 14.8933
      vertex 56.9355 49.1887 14.1906
      vertex 57.6189 50.3113 15.0811
    endloop
  endfacet
  facet normal 0.466897 -0.706315 0.532096
    outer loop
      vertex 56.9355 49.1887 14.1906
      vertex 62.1797 49.8903 10.5203
      vertex 57.6189 50.3113 15.0811
    endloop
  endfacet
  facet normal 0.462546 -0.715017 0.524216
    outer loop
      vertex 56.9355 49.1887 14.1906
      vertex 62.1777 49.8871 10.5177
      vertex 62.1797 49.8903 10.5203
    endloop
  endfacet
  facet normal 0.467341 -0.705427 0.532883
    outer loop
      vertex 62.1777 49.8871 10.5177
      vertex 56.9355 49.1887 14.1906
      vertex 62.2151 49.8871 10.4849
    endloop
  endfacet
  facet normal -0.793362 4.4104e-05 0.608751
    outer loop
      vertex 56.3963 50.3113 13.4878
      vertex 56.2522 50.3113 13.3
      vertex 56.9355 49.1887 14.1906
    endloop
  endfacet
  facet normal 0.923938 0.000168479 -0.382542
    outer loop
      vertex 61.7765 49.6129 9.79676
      vertex 61.6716 49.8871 9.54352
      vertex 61.8813 49.8871 10.05
    endloop
  endfacet
  facet normal -0.22431 -0.712038 -0.665347
    outer loop
      vertex 55.8226 49.1887 12.2629
      vertex 61.6233 49.8903 9.55646
      vertex 61.6245 49.8871 9.55948
    endloop
  endfacet
  facet normal -0.22735 -0.706328 -0.670383
    outer loop
      vertex 61.6233 49.8903 9.55646
      vertex 55.8226 49.1887 12.2629
      vertex 55.393 50.3113 11.2258
    endloop
  endfacet
  facet normal -0.226928 -0.707116 -0.669694
    outer loop
      vertex 55.8226 49.1887 12.2629
      vertex 61.6245 49.8871 9.55948
      vertex 61.6716 49.8871 9.54352
    endloop
  endfacet
  facet normal -0.227399 -0.706222 -0.670478
    outer loop
      vertex 61.7765 49.6129 9.79676
      vertex 55.8226 49.1887 12.2629
      vertex 61.6716 49.8871 9.54352
    endloop
  endfacet
  facet normal 0.313314 -0.706166 0.634953
    outer loop
      vertex 61.8813 49.8871 10.05
      vertex 55.8226 49.1887 12.2629
      vertex 61.7765 49.6129 9.79676
    endloop
  endfacet
  facet normal -0.923874 0 0.382698
    outer loop
      vertex 56.2522 50.3113 13.3
      vertex 55.393 50.3113 11.2258
      vertex 55.8226 49.1887 12.2629
    endloop
  endfacet
  facet normal 0.313267 -0.706329 0.634794
    outer loop
      vertex 55.8226 49.1887 12.2629
      vertex 61.838 49.8903 10.075
      vertex 56.2522 50.3113 13.3
    endloop
  endfacet
  facet normal 0.312507 -0.709421 0.631713
    outer loop
      vertex 55.8226 49.1887 12.2629
      vertex 61.8368 49.8871 10.072
      vertex 61.838 49.8903 10.075
    endloop
  endfacet
  facet normal 0.312708 -0.708611 0.632523
    outer loop
      vertex 61.8368 49.8871 10.072
      vertex 55.8226 49.1887 12.2629
      vertex 61.8813 49.8871 10.05
    endloop
  endfacet
  facet normal -0.045974 -0.70674 -0.705978
    outer loop
      vertex 55.2465 49.1887 10.1129
      vertex 61.5504 49.8871 9.00323
      vertex 61.6 49.8871 9
    endloop
  endfacet
  facet normal -0.0443484 -0.71244 -0.700331
    outer loop
      vertex 55.2465 49.1887 10.1129
      vertex 61.55 49.8903 9
      vertex 61.5504 49.8871 9.00323
    endloop
  endfacet
  facet normal -0.0461019 -0.706311 -0.706399
    outer loop
      vertex 61.55 49.8903 9
      vertex 55.2465 49.1887 10.1129
      vertex 55.1 50.3113 9
    endloop
  endfacet
  facet normal 0.991434 1.24287e-14 -0.130606
    outer loop
      vertex 61.6358 49.6129 9.27176
      vertex 61.6 49.8871 9
      vertex 61.6716 49.8871 9.54352
    endloop
  endfacet
  facet normal -0.0461201 -0.706222 -0.706487
    outer loop
      vertex 61.6358 49.6129 9.27176
      vertex 55.2465 49.1887 10.1129
      vertex 61.6 49.8871 9
    endloop
  endfacet
  facet normal 0.138298 -0.706226 0.694348
    outer loop
      vertex 61.6716 49.8871 9.54352
      vertex 55.2465 49.1887 10.1129
      vertex 61.6358 49.6129 9.27176
    endloop
  endfacet
  facet normal -0.991447 3.12771e-15 0.130512
    outer loop
      vertex 55.393 50.3113 11.2258
      vertex 55.1 50.3113 9
      vertex 55.2465 49.1887 10.1129
    endloop
  endfacet
  facet normal 0.138292 -0.706311 0.694262
    outer loop
      vertex 55.2465 49.1887 10.1129
      vertex 61.6233 49.8903 9.55646
      vertex 55.393 50.3113 11.2258
    endloop
  endfacet
  facet normal 0.138449 -0.714189 0.686124
    outer loop
      vertex 61.6228 49.8871 9.55323
      vertex 61.6233 49.8903 9.55646
      vertex 55.2465 49.1887 10.1129
    endloop
  endfacet
  facet normal 0.138286 -0.705596 0.694991
    outer loop
      vertex 61.6228 49.8871 9.55323
      vertex 55.2465 49.1887 10.1129
      vertex 61.6716 49.8871 9.54352
    endloop
  endfacet
  facet normal 0.138288 -0.705586 -0.695
    outer loop
      vertex 55.2465 49.1887 7.88708
      vertex 61.6228 49.8871 8.44677
      vertex 61.6716 49.8871 8.45648
    endloop
  endfacet
  facet normal 0.138451 -0.714189 -0.686124
    outer loop
      vertex 55.2465 49.1887 7.88708
      vertex 61.6233 49.8903 8.44354
      vertex 61.6228 49.8871 8.44677
    endloop
  endfacet
  facet normal 0.138295 -0.706317 -0.694256
    outer loop
      vertex 61.6233 49.8903 8.44354
      vertex 55.2465 49.1887 7.88708
      vertex 55.393 50.3113 6.77416
    endloop
  endfacet
  facet normal 0.1383 -0.706226 -0.694348
    outer loop
      vertex 61.6358 49.6129 8.72824
      vertex 55.2465 49.1887 7.88708
      vertex 61.6716 49.8871 8.45648
    endloop
  endfacet
  facet normal -0.0461223 -0.706222 0.706487
    outer loop
      vertex 61.6 49.8871 9
      vertex 55.2465 49.1887 7.88708
      vertex 61.6358 49.6129 8.72824
    endloop
  endfacet
  facet normal 0.991434 1.24172e-14 0.130606
    outer loop
      vertex 61.6716 49.8871 8.45648
      vertex 61.6 49.8871 9
      vertex 61.6358 49.6129 8.72824
    endloop
  endfacet
  facet normal -0.991447 3.13867e-15 -0.13051
    outer loop
      vertex 55.2465 49.1887 7.88708
      vertex 55.1 50.3113 9
      vertex 55.393 50.3113 6.77416
    endloop
  endfacet
  facet normal -0.0459733 -0.70675 0.705968
    outer loop
      vertex 61.5504 49.8871 8.99677
      vertex 55.2465 49.1887 7.88708
      vertex 61.6 49.8871 9
    endloop
  endfacet
  facet normal -0.0443506 -0.71244 0.70033
    outer loop
      vertex 61.55 49.8903 9
      vertex 55.2465 49.1887 7.88708
      vertex 61.5504 49.8871 8.99677
    endloop
  endfacet
  facet normal -0.0461023 -0.706318 0.706392
    outer loop
      vertex 55.2465 49.1887 7.88708
      vertex 61.55 49.8903 9
      vertex 55.1 50.3113 9
    endloop
  endfacet
  facet normal 0.923938 0.000168479 0.382542
    outer loop
      vertex 61.8813 49.8871 7.95
      vertex 61.6716 49.8871 8.45648
      vertex 61.7765 49.6129 8.20324
    endloop
  endfacet
  facet normal 0.313002 -0.707433 -0.633694
    outer loop
      vertex 55.8226 49.1887 5.73708
      vertex 61.8368 49.8871 7.92802
      vertex 61.8813 49.8871 7.95
    endloop
  endfacet
  facet normal 0.312028 -0.711356 -0.62977
    outer loop
      vertex 55.8226 49.1887 5.73708
      vertex 61.838 49.8903 7.925
      vertex 61.8368 49.8871 7.92802
    endloop
  endfacet
  facet normal 0.31327 -0.706323 -0.634799
    outer loop
      vertex 61.838 49.8903 7.925
      vertex 55.8226 49.1887 5.73708
      vertex 56.2522 50.3113 4.7
    endloop
  endfacet
  facet normal 0.313315 -0.706166 -0.634952
    outer loop
      vertex 61.7765 49.6129 8.20324
      vertex 55.8226 49.1887 5.73708
      vertex 61.8813 49.8871 7.95
    endloop
  endfacet
  facet normal -0.227401 -0.706222 0.670477
    outer loop
      vertex 61.6716 49.8871 8.45648
      vertex 55.8226 49.1887 5.73708
      vertex 61.7765 49.6129 8.20324
    endloop
  endfacet
  facet normal -0.923871 1.54178e-16 -0.382704
    outer loop
      vertex 55.8226 49.1887 5.73708
      vertex 55.393 50.3113 6.77416
      vertex 56.2522 50.3113 4.7
    endloop
  endfacet
  facet normal -0.227355 -0.706322 0.670387
    outer loop
      vertex 55.8226 49.1887 5.73708
      vertex 61.6233 49.8903 8.44354
      vertex 55.393 50.3113 6.77416
    endloop
  endfacet
  facet normal -0.226925 -0.707126 0.669685
    outer loop
      vertex 61.6245 49.8871 8.44052
      vertex 55.8226 49.1887 5.73708
      vertex 61.6716 49.8871 8.45648
    endloop
  endfacet
  facet normal -0.224312 -0.712038 0.665347
    outer loop
      vertex 61.6233 49.8903 8.44354
      vertex 55.8226 49.1887 5.73708
      vertex 61.6245 49.8871 8.44052
    endloop
  endfacet
  facet normal 0.793288 0 0.608847
    outer loop
      vertex 62.2151 49.8871 7.51508
      vertex 61.8813 49.8871 7.95
      vertex 62.0482 49.6129 7.73254
    endloop
  endfacet
  facet normal 0.468058 -0.703963 -0.534189
    outer loop
      vertex 56.9355 49.1887 3.80944
      vertex 62.1777 49.8871 7.48231
      vertex 62.2151 49.8871 7.51508
    endloop
  endfacet
  facet normal 0.462948 -0.714221 -0.524946
    outer loop
      vertex 56.9355 49.1887 3.80944
      vertex 62.1797 49.8903 7.47972
      vertex 62.1777 49.8871 7.48231
    endloop
  endfacet
  facet normal 0.466889 -0.706329 -0.532084
    outer loop
      vertex 62.1797 49.8903 7.47972
      vertex 56.9355 49.1887 3.80944
      vertex 57.6189 50.3113 2.91888
    endloop
  endfacet
  facet normal 0.466932 -0.706248 -0.532154
    outer loop
      vertex 62.0482 49.6129 7.73254
      vertex 56.9355 49.1887 3.80944
      vertex 62.2151 49.8871 7.51508
    endloop
  endfacet
  facet normal -0.393172 -0.706243 0.588759
    outer loop
      vertex 61.8813 49.8871 7.95
      vertex 56.9355 49.1887 3.80944
      vertex 62.0482 49.6129 7.73254
    endloop
  endfacet
  facet normal -0.793377 7.39733e-05 -0.60873
    outer loop
      vertex 57.6189 50.3113 2.91888
      vertex 56.9355 49.1887 3.80944
      vertex 57.4748 50.3113 3.10669
    endloop
  endfacet
  facet normal -0.793347 3.53353e-05 -0.608769
    outer loop
      vertex 56.9355 49.1887 3.80944
      vertex 56.3963 50.3113 4.51219
      vertex 57.4748 50.3113 3.10669
    endloop
  endfacet
  facet normal -0.793377 -3.30016e-06 -0.60873
    outer loop
      vertex 56.9355 49.1887 3.80944
      vertex 56.2522 50.3113 4.7
      vertex 56.3963 50.3113 4.51219
    endloop
  endfacet
  facet normal -0.393128 -0.70631 0.588707
    outer loop
      vertex 56.9355 49.1887 3.80944
      vertex 61.838 49.8903 7.925
      vertex 56.2522 50.3113 4.7
    endloop
  endfacet
  facet normal -0.39357 -0.705701 0.589143
    outer loop
      vertex 61.84 49.8871 7.92241
      vertex 56.9355 49.1887 3.80944
      vertex 61.8813 49.8871 7.95
    endloop
  endfacet
  facet normal -0.387348 -0.714075 0.583145
    outer loop
      vertex 61.838 49.8903 7.925
      vertex 56.9355 49.1887 3.80944
      vertex 61.84 49.8871 7.92241
    endloop
  endfacet
  facet normal 0.608784 -0.000125477 0.793336
    outer loop
      vertex 62.65 49.8871 7.18135
      vertex 62.2151 49.8871 7.51508
      vertex 62.4325 49.6129 7.34821
    endloop
  endfacet
  facet normal 0.589003 -0.705896 -0.393429
    outer loop
      vertex 58.5094 49.1887 2.23553
      vertex 62.6224 49.8871 7.14003
      vertex 62.65 49.8871 7.18135
    endloop
  endfacet
  facet normal 0.583355 -0.713784 -0.387569
    outer loop
      vertex 58.5094 49.1887 2.23553
      vertex 62.625 49.8903 7.13805
      vertex 62.6224 49.8871 7.14003
    endloop
  endfacet
  facet normal 0.588692 -0.706329 -0.393116
    outer loop
      vertex 62.625 49.8903 7.13805
      vertex 58.5094 49.1887 2.23553
      vertex 59.4 50.3113 1.55218
    endloop
  endfacet
  facet normal 0.588747 -0.706257 -0.393164
    outer loop
      vertex 62.4325 49.6129 7.34821
      vertex 58.5094 49.1887 2.23553
      vertex 62.65 49.8871 7.18135
    endloop
  endfacet
  facet normal -0.532223 -0.706164 0.46698
    outer loop
      vertex 62.2151 49.8871 7.51508
      vertex 58.5094 49.1887 2.23553
      vertex 62.4325 49.6129 7.34821
    endloop
  endfacet
  facet normal -0.608759 3.06473e-05 -0.793356
    outer loop
      vertex 58.5094 49.1887 2.23553
      vertex 57.8067 50.3113 2.77477
      vertex 59.2122 50.3113 1.6963
    endloop
  endfacet
  facet normal -0.608777 1.19477e-05 -0.793341
    outer loop
      vertex 58.5094 49.1887 2.23553
      vertex 57.6189 50.3113 2.91888
      vertex 57.8067 50.3113 2.77477
    endloop
  endfacet
  facet normal -0.532105 -0.706305 0.466903
    outer loop
      vertex 58.5094 49.1887 2.23553
      vertex 62.1797 49.8903 7.47972
      vertex 57.6189 50.3113 2.91888
    endloop
  endfacet
  facet normal -0.530966 -0.707569 0.466284
    outer loop
      vertex 62.1823 49.8871 7.47773
      vertex 58.5094 49.1887 2.23553
      vertex 62.2151 49.8871 7.51508
    endloop
  endfacet
  facet normal -0.524858 -0.714315 0.462903
    outer loop
      vertex 62.1797 49.8903 7.47972
      vertex 58.5094 49.1887 2.23553
      vertex 62.1823 49.8871 7.47773
    endloop
  endfacet
  facet normal -0.608804 7.57933e-05 -0.793321
    outer loop
      vertex 59.4 50.3113 1.55218
      vertex 58.5094 49.1887 2.23553
      vertex 59.2122 50.3113 1.6963
    endloop
  endfacet
  facet normal 0.382669 -8.66261e-05 0.923885
    outer loop
      vertex 63.1565 49.8871 6.97156
      vertex 62.65 49.8871 7.18135
      vertex 62.9032 49.6129 7.07645
    endloop
  endfacet
  facet normal 0.672774 -0.703585 -0.228786
    outer loop
      vertex 60.4371 49.1887 1.12261
      vertex 63.1405 49.8871 6.92451
      vertex 63.1565 49.8871 6.97156
    endloop
  endfacet
  facet normal 0.665633 -0.711718 -0.224479
    outer loop
      vertex 60.4371 49.1887 1.12261
      vertex 63.1435 49.8903 6.92326
      vertex 63.1405 49.8871 6.92451
    endloop
  endfacet
  facet normal 0.670386 -0.706325 -0.22735
    outer loop
      vertex 63.1435 49.8903 6.92326
      vertex 60.4371 49.1887 1.12261
      vertex 61.4742 50.3113 0.693038
    endloop
  endfacet
  facet normal 0.670416 -0.706291 -0.227367
    outer loop
      vertex 62.9032 49.6129 7.07645
      vertex 60.4371 49.1887 1.12261
      vertex 63.1565 49.8871 6.97156
    endloop
  endfacet
  facet normal -0.634943 -0.706177 0.313309
    outer loop
      vertex 62.65 49.8871 7.18135
      vertex 60.4371 49.1887 1.12261
      vertex 62.9032 49.6129 7.07645
    endloop
  endfacet
  facet normal -0.382676 -8.22985e-07 -0.923883
    outer loop
      vertex 60.4371 49.1887 1.12261
      vertex 59.4 50.3113 1.55218
      vertex 61.4742 50.3113 0.693038
    endloop
  endfacet
  facet normal -0.634799 -0.706325 0.313266
    outer loop
      vertex 60.4371 49.1887 1.12261
      vertex 62.625 49.8903 7.13805
      vertex 59.4 50.3113 1.55218
    endloop
  endfacet
  facet normal -0.633951 -0.707177 0.313062
    outer loop
      vertex 62.628 49.8871 7.1368
      vertex 60.4371 49.1887 1.12261
      vertex 62.65 49.8871 7.18135
    endloop
  endfacet
  facet normal -0.629309 -0.711817 0.31191
    outer loop
      vertex 62.625 49.8903 7.13805
      vertex 60.4371 49.1887 1.12261
      vertex 62.628 49.8871 7.1368
    endloop
  endfacet
  facet normal 0.704179 -0.708565 -0.0454584
    outer loop
      vertex 63.7 49.8871 6.9
      vertex 62.5871 49.1887 0.546519
      vertex 63.6968 49.8871 6.85043
    endloop
  endfacet
  facet normal 0.703339 -0.709415 -0.0452164
    outer loop
      vertex 62.5871 49.1887 0.546519
      vertex 63.7 49.8903 6.85
      vertex 63.6968 49.8871 6.85043
    endloop
  endfacet
  facet normal 0.706398 -0.706312 -0.0461019
    outer loop
      vertex 63.7 49.8903 6.85
      vertex 62.5871 49.1887 0.546519
      vertex 63.7 50.3113 0.400001
    endloop
  endfacet
  facet normal 0.706438 -0.706271 -0.0461063
    outer loop
      vertex 63.4282 49.6129 6.93578
      vertex 62.5871 49.1887 0.546519
      vertex 63.7 49.8871 6.9
    endloop
  endfacet
  facet normal -0.69443 -0.706145 0.138299
    outer loop
      vertex 63.1565 49.8871 6.97156
      vertex 62.5871 49.1887 0.546519
      vertex 63.4282 49.6129 6.93578
    endloop
  endfacet
  facet normal 0.130539 -2.38035e-05 0.991443
    outer loop
      vertex 63.7 49.8871 6.9
      vertex 63.1565 49.8871 6.97156
      vertex 63.4282 49.6129 6.93578
    endloop
  endfacet
  facet normal -0.130528 4.41584e-07 -0.991445
    outer loop
      vertex 62.5871 49.1887 0.546519
      vertex 61.4742 50.3113 0.693038
      vertex 63.7 50.3113 0.400001
    endloop
  endfacet
  facet normal -0.694262 -0.706312 0.138289
    outer loop
      vertex 62.5871 49.1887 0.546519
      vertex 63.1435 49.8903 6.92326
      vertex 61.4742 50.3113 0.693038
    endloop
  endfacet
  facet normal -0.694748 -0.705833 0.138294
    outer loop
      vertex 63.1468 49.8871 6.92283
      vertex 62.5871 49.1887 0.546519
      vertex 63.1565 49.8871 6.97156
    endloop
  endfacet
  facet normal -0.680068 -0.719938 0.13855
    outer loop
      vertex 63.1435 49.8903 6.92326
      vertex 62.5871 49.1887 0.546519
      vertex 63.1468 49.8871 6.92283
    endloop
  endfacet
  facet normal 0.694262 -0.706312 0.138289
    outer loop
      vertex 64.2565 49.8903 6.92326
      vertex 64.8129 49.1887 0.546519
      vertex 65.9258 50.3113 0.693038
    endloop
  endfacet
  facet normal 0.694748 -0.705833 0.138294
    outer loop
      vertex 64.8129 49.1887 0.546519
      vertex 64.2532 49.8871 6.92283
      vertex 64.2435 49.8871 6.97156
    endloop
  endfacet
  facet normal 0.680068 -0.719938 0.13855
    outer loop
      vertex 64.8129 49.1887 0.546519
      vertex 64.2565 49.8903 6.92326
      vertex 64.2532 49.8871 6.92283
    endloop
  endfacet
  facet normal 0.69443 -0.706145 0.138299
    outer loop
      vertex 64.2435 49.8871 6.97156
      vertex 63.9718 49.6129 6.93578
      vertex 64.8129 49.1887 0.546519
    endloop
  endfacet
  facet normal -0.706438 -0.706271 -0.0461063
    outer loop
      vertex 63.9718 49.6129 6.93578
      vertex 63.7 49.8871 6.9
      vertex 64.8129 49.1887 0.546519
    endloop
  endfacet
  facet normal -0.130539 -2.38035e-05 0.991443
    outer loop
      vertex 64.2435 49.8871 6.97156
      vertex 63.7 49.8871 6.9
      vertex 63.9718 49.6129 6.93578
    endloop
  endfacet
  facet normal 0.130528 4.41584e-07 -0.991445
    outer loop
      vertex 64.8129 49.1887 0.546519
      vertex 63.7 50.3113 0.400001
      vertex 65.9258 50.3113 0.693038
    endloop
  endfacet
  facet normal -0.706398 -0.706312 -0.0461019
    outer loop
      vertex 64.8129 49.1887 0.546519
      vertex 63.7 49.8903 6.85
      vertex 63.7 50.3113 0.400001
    endloop
  endfacet
  facet normal -0.704179 -0.708565 -0.0454584
    outer loop
      vertex 63.7032 49.8871 6.85043
      vertex 64.8129 49.1887 0.546519
      vertex 63.7 49.8871 6.9
    endloop
  endfacet
  facet normal -0.703339 -0.709415 -0.0452164
    outer loop
      vertex 63.7 49.8903 6.85
      vertex 64.8129 49.1887 0.546519
      vertex 63.7032 49.8871 6.85043
    endloop
  endfacet
  facet normal -0.382669 -8.66261e-05 0.923885
    outer loop
      vertex 64.75 49.8871 7.18135
      vertex 64.2435 49.8871 6.97156
      vertex 64.4968 49.6129 7.07645
    endloop
  endfacet
  facet normal 0.634799 -0.706325 0.313266
    outer loop
      vertex 64.775 49.8903 7.13805
      vertex 66.9629 49.1887 1.12261
      vertex 68 50.3113 1.55218
    endloop
  endfacet
  facet normal 0.633951 -0.707177 0.313062
    outer loop
      vertex 66.9629 49.1887 1.12261
      vertex 64.772 49.8871 7.1368
      vertex 64.75 49.8871 7.18135
    endloop
  endfacet
  facet normal 0.629309 -0.711817 0.31191
    outer loop
      vertex 66.9629 49.1887 1.12261
      vertex 64.775 49.8903 7.13805
      vertex 64.772 49.8871 7.1368
    endloop
  endfacet
  facet normal 0.634943 -0.706177 0.313309
    outer loop
      vertex 64.75 49.8871 7.18135
      vertex 64.4968 49.6129 7.07645
      vertex 66.9629 49.1887 1.12261
    endloop
  endfacet
  facet normal -0.670416 -0.706291 -0.227367
    outer loop
      vertex 64.4968 49.6129 7.07645
      vertex 64.2435 49.8871 6.97156
      vertex 66.9629 49.1887 1.12261
    endloop
  endfacet
  facet normal 0.382676 -8.22985e-07 -0.923883
    outer loop
      vertex 66.9629 49.1887 1.12261
      vertex 65.9258 50.3113 0.693038
      vertex 68 50.3113 1.55218
    endloop
  endfacet
  facet normal -0.672774 -0.703585 -0.228786
    outer loop
      vertex 64.2595 49.8871 6.92451
      vertex 66.9629 49.1887 1.12261
      vertex 64.2435 49.8871 6.97156
    endloop
  endfacet
  facet normal -0.665633 -0.711718 -0.224479
    outer loop
      vertex 64.2565 49.8903 6.92326
      vertex 66.9629 49.1887 1.12261
      vertex 64.2595 49.8871 6.92451
    endloop
  endfacet
  facet normal -0.670386 -0.706325 -0.22735
    outer loop
      vertex 66.9629 49.1887 1.12261
      vertex 64.2565 49.8903 6.92326
      vertex 65.9258 50.3113 0.693038
    endloop
  endfacet
  facet normal -0.608784 -0.000125477 0.793336
    outer loop
      vertex 65.1849 49.8871 7.51508
      vertex 64.75 49.8871 7.18135
      vertex 64.9675 49.6129 7.34821
    endloop
  endfacet
  facet normal 0.532105 -0.706305 0.466903
    outer loop
      vertex 65.2203 49.8903 7.47972
      vertex 68.8906 49.1887 2.23553
      vertex 69.7811 50.3113 2.91888
    endloop
  endfacet
  facet normal 0.530966 -0.707569 0.466284
    outer loop
      vertex 68.8906 49.1887 2.23553
      vertex 65.2177 49.8871 7.47773
      vertex 65.1849 49.8871 7.51508
    endloop
  endfacet
  facet normal 0.524858 -0.714315 0.462903
    outer loop
      vertex 68.8906 49.1887 2.23553
      vertex 65.2203 49.8903 7.47972
      vertex 65.2177 49.8871 7.47773
    endloop
  endfacet
  facet normal 0.532223 -0.706164 0.46698
    outer loop
      vertex 65.1849 49.8871 7.51508
      vertex 64.9675 49.6129 7.34821
      vertex 68.8906 49.1887 2.23553
    endloop
  endfacet
  facet normal -0.588747 -0.706257 -0.393164
    outer loop
      vertex 64.9675 49.6129 7.34821
      vertex 64.75 49.8871 7.18135
      vertex 68.8906 49.1887 2.23553
    endloop
  endfacet
  facet normal 0.608777 1.19477e-05 -0.793341
    outer loop
      vertex 69.7811 50.3113 2.91888
      vertex 68.8906 49.1887 2.23553
      vertex 69.5933 50.3113 2.77477
    endloop
  endfacet
  facet normal 0.608759 3.06473e-05 -0.793356
    outer loop
      vertex 68.8906 49.1887 2.23553
      vertex 68.1878 50.3113 1.6963
      vertex 69.5933 50.3113 2.77477
    endloop
  endfacet
  facet normal 0.608804 7.57933e-05 -0.793321
    outer loop
      vertex 68.8906 49.1887 2.23553
      vertex 68 50.3113 1.55218
      vertex 68.1878 50.3113 1.6963
    endloop
  endfacet
  facet normal -0.589003 -0.705896 -0.393429
    outer loop
      vertex 64.7776 49.8871 7.14003
      vertex 68.8906 49.1887 2.23553
      vertex 64.75 49.8871 7.18135
    endloop
  endfacet
  facet normal -0.583355 -0.713784 -0.387569
    outer loop
      vertex 64.775 49.8903 7.13805
      vertex 68.8906 49.1887 2.23553
      vertex 64.7776 49.8871 7.14003
    endloop
  endfacet
  facet normal -0.588692 -0.706329 -0.393116
    outer loop
      vertex 68.8906 49.1887 2.23553
      vertex 64.775 49.8903 7.13805
      vertex 68 50.3113 1.55218
    endloop
  endfacet
  facet normal -0.793288 0 0.608847
    outer loop
      vertex 65.5187 49.8871 7.95
      vertex 65.1849 49.8871 7.51508
      vertex 65.3518 49.6129 7.73254
    endloop
  endfacet
  facet normal 0.393128 -0.70631 0.588707
    outer loop
      vertex 65.562 49.8903 7.925
      vertex 70.4645 49.1887 3.80944
      vertex 71.1478 50.3113 4.7
    endloop
  endfacet
  facet normal 0.39357 -0.705701 0.589143
    outer loop
      vertex 70.4645 49.1887 3.80944
      vertex 65.56 49.8871 7.92241
      vertex 65.5187 49.8871 7.95
    endloop
  endfacet
  facet normal 0.387348 -0.714075 0.583145
    outer loop
      vertex 70.4645 49.1887 3.80944
      vertex 65.562 49.8903 7.925
      vertex 65.56 49.8871 7.92241
    endloop
  endfacet
  facet normal 0.393172 -0.706243 0.588759
    outer loop
      vertex 65.5187 49.8871 7.95
      vertex 65.3518 49.6129 7.73254
      vertex 70.4645 49.1887 3.80944
    endloop
  endfacet
  facet normal -0.466932 -0.706248 -0.532154
    outer loop
      vertex 65.3518 49.6129 7.73254
      vertex 65.1849 49.8871 7.51508
      vertex 70.4645 49.1887 3.80944
    endloop
  endfacet
  facet normal 0.793347 3.53353e-05 -0.608769
    outer loop
      vertex 70.4645 49.1887 3.80944
      vertex 69.9252 50.3113 3.10669
      vertex 71.0037 50.3113 4.51219
    endloop
  endfacet
  facet normal 0.793377 7.39733e-05 -0.60873
    outer loop
      vertex 70.4645 49.1887 3.80944
      vertex 69.7811 50.3113 2.91888
      vertex 69.9252 50.3113 3.10669
    endloop
  endfacet
  facet normal -0.468058 -0.703963 -0.534189
    outer loop
      vertex 65.2223 49.8871 7.48231
      vertex 70.4645 49.1887 3.80944
      vertex 65.1849 49.8871 7.51508
    endloop
  endfacet
  facet normal -0.462948 -0.714221 -0.524946
    outer loop
      vertex 65.2203 49.8903 7.47972
      vertex 70.4645 49.1887 3.80944
      vertex 65.2223 49.8871 7.48231
    endloop
  endfacet
  facet normal -0.466889 -0.706329 -0.532084
    outer loop
      vertex 70.4645 49.1887 3.80944
      vertex 65.2203 49.8903 7.47972
      vertex 69.7811 50.3113 2.91888
    endloop
  endfacet
  facet normal 0.793377 -3.30016e-06 -0.60873
    outer loop
      vertex 71.1478 50.3113 4.7
      vertex 70.4645 49.1887 3.80944
      vertex 71.0037 50.3113 4.51219
    endloop
  endfacet
  facet normal -0.923938 -0.000168479 0.382542
    outer loop
      vertex 65.7284 49.8871 8.45648
      vertex 65.5187 49.8871 7.95
      vertex 65.6236 49.6129 8.20324
    endloop
  endfacet
  facet normal 0.227355 -0.706322 0.670387
    outer loop
      vertex 65.7767 49.8903 8.44354
      vertex 71.5774 49.1887 5.73708
      vertex 72.007 50.3113 6.77416
    endloop
  endfacet
  facet normal 0.226925 -0.707126 0.669685
    outer loop
      vertex 71.5774 49.1887 5.73708
      vertex 65.7755 49.8871 8.44052
      vertex 65.7284 49.8871 8.45648
    endloop
  endfacet
  facet normal 0.224312 -0.712038 0.665347
    outer loop
      vertex 71.5774 49.1887 5.73708
      vertex 65.7767 49.8903 8.44354
      vertex 65.7755 49.8871 8.44052
    endloop
  endfacet
  facet normal 0.227423 -0.70618 0.670513
    outer loop
      vertex 65.7284 49.8871 8.45648
      vertex 65.6236 49.6129 8.20324
      vertex 71.5774 49.1887 5.73708
    endloop
  endfacet
  facet normal -0.313301 -0.706222 -0.634895
    outer loop
      vertex 65.6236 49.6129 8.20324
      vertex 65.5187 49.8871 7.95
      vertex 71.5774 49.1887 5.73708
    endloop
  endfacet
  facet normal 0.923871 -5.70458e-15 -0.382704
    outer loop
      vertex 71.5774 49.1887 5.73708
      vertex 71.1478 50.3113 4.7
      vertex 72.007 50.3113 6.77416
    endloop
  endfacet
  facet normal -0.313002 -0.707433 -0.633694
    outer loop
      vertex 65.5632 49.8871 7.92802
      vertex 71.5774 49.1887 5.73708
      vertex 65.5187 49.8871 7.95
    endloop
  endfacet
  facet normal -0.312028 -0.711356 -0.62977
    outer loop
      vertex 65.562 49.8903 7.925
      vertex 71.5774 49.1887 5.73708
      vertex 65.5632 49.8871 7.92802
    endloop
  endfacet
  facet normal -0.31327 -0.706323 -0.634799
    outer loop
      vertex 71.5774 49.1887 5.73708
      vertex 65.562 49.8903 7.925
      vertex 71.1478 50.3113 4.7
    endloop
  endfacet
  facet normal 0.0461023 -0.706318 0.706392
    outer loop
      vertex 65.85 49.8903 9
      vertex 72.1535 49.1887 7.88708
      vertex 72.3 50.3113 9
    endloop
  endfacet
  facet normal 0.0443506 -0.71244 0.70033
    outer loop
      vertex 65.8496 49.8871 8.99677
      vertex 72.1535 49.1887 7.88708
      vertex 65.85 49.8903 9
    endloop
  endfacet
  facet normal 0.0459733 -0.70675 0.705968
    outer loop
      vertex 72.1535 49.1887 7.88708
      vertex 65.8496 49.8871 8.99677
      vertex 65.8 49.8871 9
    endloop
  endfacet
  facet normal 0.0461223 -0.706222 0.706487
    outer loop
      vertex 65.8 49.8871 9
      vertex 65.7642 49.6129 8.72824
      vertex 72.1535 49.1887 7.88708
    endloop
  endfacet
  facet normal -0.1383 -0.706226 -0.694348
    outer loop
      vertex 65.7642 49.6129 8.72824
      vertex 65.7284 49.8871 8.45648
      vertex 72.1535 49.1887 7.88708
    endloop
  endfacet
  facet normal -0.991434 -2.61038e-14 0.130606
    outer loop
      vertex 65.8 49.8871 9
      vertex 65.7284 49.8871 8.45648
      vertex 65.7642 49.6129 8.72824
    endloop
  endfacet
  facet normal 0.991447 -6.27734e-15 -0.13051
    outer loop
      vertex 72.1535 49.1887 7.88708
      vertex 72.007 50.3113 6.77416
      vertex 72.3 50.3113 9
    endloop
  endfacet
  facet normal -0.138288 -0.705586 -0.695
    outer loop
      vertex 65.7772 49.8871 8.44677
      vertex 72.1535 49.1887 7.88708
      vertex 65.7284 49.8871 8.45648
    endloop
  endfacet
  facet normal -0.138451 -0.714189 -0.686124
    outer loop
      vertex 65.7767 49.8903 8.44354
      vertex 72.1535 49.1887 7.88708
      vertex 65.7772 49.8871 8.44677
    endloop
  endfacet
  facet normal -0.138295 -0.706317 -0.694256
    outer loop
      vertex 72.1535 49.1887 7.88708
      vertex 65.7767 49.8903 8.44354
      vertex 72.007 50.3113 6.77416
    endloop
  endfacet
  facet normal 0.98823 0 0.152977
    outer loop
      vertex 65.7767 49.8903 9.55646
      vertex 65.7767 49.8871 9.55646
      vertex 65.7772 49.8871 9.55323
    endloop
  endfacet
  facet normal 0.992419 0 0.1229
    outer loop
      vertex 65.85 49.8903 9
      vertex 65.8496 49.8871 9.00323
      vertex 65.85 49.8871 9
    endloop
  endfacet
  facet normal -0.992419 0 0.1229
    outer loop
      vertex 61.55 49.8903 9
      vertex 61.55 49.8871 9
      vertex 61.5504 49.8871 9.00323
    endloop
  endfacet
  facet normal -0.98823 0 0.152977
    outer loop
      vertex 61.6233 49.8903 9.55646
      vertex 61.6228 49.8871 9.55323
      vertex 61.6233 49.8871 9.55646
    endloop
  endfacet
  facet normal 0.149805 0 0.988716
    outer loop
      vertex 64.2565 49.8903 11.0767
      vertex 64.2532 49.8871 11.0772
      vertex 64.2565 49.8871 11.0767
    endloop
  endfacet
  facet normal -0.791487 0 -0.611187
    outer loop
      vertex 62.1797 49.8871 7.47972
      vertex 62.1777 49.8871 7.48231
      vertex 62.1797 49.8903 7.47972
    endloop
  endfacet
  facet normal -0.791487 0 -0.611187
    outer loop
      vertex 61.84 49.8871 7.92241
      vertex 61.838 49.8871 7.925
      vertex 61.838 49.8903 7.925
    endloop
  endfacet
  facet normal 0.609711 0 0.792624
    outer loop
      vertex 65.2203 49.8903 10.5203
      vertex 65.2177 49.8871 10.5223
      vertex 65.2203 49.8871 10.5203
    endloop
  endfacet
  facet normal 0.609711 0 0.792624
    outer loop
      vertex 64.775 49.8903 10.862
      vertex 64.775 49.8871 10.862
      vertex 64.7776 49.8871 10.86
    endloop
  endfacet
  facet normal 0.929323 0 0.369267
    outer loop
      vertex 65.7767 49.8903 9.55646
      vertex 65.7755 49.8871 9.55948
      vertex 65.7767 49.8871 9.55646
    endloop
  endfacet
  facet normal 0.928477 0 0.371391
    outer loop
      vertex 65.5632 49.8871 10.072
      vertex 65.562 49.8903 10.075
      vertex 65.562 49.8871 10.075
    endloop
  endfacet
  facet normal 0.371391 0 0.928477
    outer loop
      vertex 64.775 49.8903 10.862
      vertex 64.772 49.8871 10.8632
      vertex 64.775 49.8871 10.862
    endloop
  endfacet
  facet normal 0.371391 0 0.928477
    outer loop
      vertex 64.2595 49.8871 11.0755
      vertex 64.2565 49.8903 11.0767
      vertex 64.2565 49.8871 11.0767
    endloop
  endfacet
  facet normal -0.609711 0 0.792624
    outer loop
      vertex 62.625 49.8903 10.862
      vertex 62.6224 49.8871 10.86
      vertex 62.625 49.8871 10.862
    endloop
  endfacet
  facet normal -0.609711 0 0.792624
    outer loop
      vertex 62.1797 49.8903 10.5203
      vertex 62.1797 49.8871 10.5203
      vertex 62.1823 49.8871 10.5223
    endloop
  endfacet
  facet normal 0 -1 0
    outer loop
      vertex 65.7755 49.8871 9.55948
      vertex 65.7772 49.8871 9.55323
      vertex 65.7767 49.8871 9.55646
    endloop
  endfacet
  facet normal -0 -1 0
    outer loop
      vertex 65.7772 49.8871 9.55323
      vertex 65.7755 49.8871 9.55948
      vertex 65.7284 49.8871 9.54352
    endloop
  endfacet
  facet normal 0 -1 0
    outer loop
      vertex 65.8496 49.8871 8.99677
      vertex 65.8496 49.8871 9.00323
      vertex 65.8 49.8871 9
    endloop
  endfacet
  facet normal 0 -1 0
    outer loop
      vertex 65.8496 49.8871 9.00323
      vertex 65.8496 49.8871 8.99677
      vertex 65.85 49.8871 9
    endloop
  endfacet
  facet normal 0 -1 0
    outer loop
      vertex 61.5504 49.8871 8.99677
      vertex 61.5504 49.8871 9.00323
      vertex 61.55 49.8871 9
    endloop
  endfacet
  facet normal 0 -1 0
    outer loop
      vertex 61.5504 49.8871 9.00323
      vertex 61.5504 49.8871 8.99677
      vertex 61.6 49.8871 9
    endloop
  endfacet
  facet normal 0 -1 0
    outer loop
      vertex 65.2177 49.8871 10.5223
      vertex 65.2223 49.8871 10.5177
      vertex 65.2203 49.8871 10.5203
    endloop
  endfacet
  facet normal -0 -1 0
    outer loop
      vertex 65.2223 49.8871 10.5177
      vertex 65.2177 49.8871 10.5223
      vertex 65.1849 49.8871 10.4849
    endloop
  endfacet
  facet normal 0 -1 0
    outer loop
      vertex 64.772 49.8871 10.8632
      vertex 64.7776 49.8871 10.86
      vertex 64.775 49.8871 10.862
    endloop
  endfacet
  facet normal -0 -1 0
    outer loop
      vertex 64.7776 49.8871 10.86
      vertex 64.772 49.8871 10.8632
      vertex 64.75 49.8871 10.8187
    endloop
  endfacet
  facet normal 0 -1 0
    outer loop
      vertex 65.56 49.8871 10.0776
      vertex 65.5632 49.8871 10.072
      vertex 65.562 49.8871 10.075
    endloop
  endfacet
  facet normal -0 -1 0
    outer loop
      vertex 65.5632 49.8871 10.072
      vertex 65.56 49.8871 10.0776
      vertex 65.5187 49.8871 10.05
    endloop
  endfacet
  facet normal 0 -1 0
    outer loop
      vertex 64.2532 49.8871 11.0772
      vertex 64.2595 49.8871 11.0755
      vertex 64.2565 49.8871 11.0767
    endloop
  endfacet
  facet normal -0 -1 0
    outer loop
      vertex 64.2595 49.8871 11.0755
      vertex 64.2532 49.8871 11.0772
      vertex 64.2435 49.8871 11.0284
    endloop
  endfacet
  facet normal 0 -1 0
    outer loop
      vertex 61.8368 49.8871 10.072
      vertex 61.84 49.8871 10.0776
      vertex 61.838 49.8871 10.075
    endloop
  endfacet
  facet normal 0 -1 -0
    outer loop
      vertex 61.84 49.8871 10.0776
      vertex 61.8368 49.8871 10.072
      vertex 61.8813 49.8871 10.05
    endloop
  endfacet
  facet normal 0 -1 0
    outer loop
      vertex 63.1405 49.8871 11.0755
      vertex 63.1468 49.8871 11.0772
      vertex 63.1435 49.8871 11.0767
    endloop
  endfacet
  facet normal 0 -1 -0
    outer loop
      vertex 63.1468 49.8871 11.0772
      vertex 63.1405 49.8871 11.0755
      vertex 63.1565 49.8871 11.0284
    endloop
  endfacet
  facet normal 0 -1 0
    outer loop
      vertex 62.6224 49.8871 10.86
      vertex 62.628 49.8871 10.8632
      vertex 62.625 49.8871 10.862
    endloop
  endfacet
  facet normal 0 -1 -0
    outer loop
      vertex 62.628 49.8871 10.8632
      vertex 62.6224 49.8871 10.86
      vertex 62.65 49.8871 10.8187
    endloop
  endfacet
  facet normal 0 -1 0
    outer loop
      vertex 62.1777 49.8871 10.5177
      vertex 62.1823 49.8871 10.5223
      vertex 62.1797 49.8871 10.5203
    endloop
  endfacet
  facet normal 0 -1 -0
    outer loop
      vertex 62.1823 49.8871 10.5223
      vertex 62.1777 49.8871 10.5177
      vertex 62.2151 49.8871 10.4849
    endloop
  endfacet
  facet normal 0 -1 0
    outer loop
      vertex 63.6968 49.8871 6.85043
      vertex 63.7032 49.8871 6.85043
      vertex 63.7 49.8871 6.9
    endloop
  endfacet
  facet normal -0 -1 0
    outer loop
      vertex 63.7032 49.8871 6.85043
      vertex 63.6968 49.8871 6.85043
      vertex 63.7 49.8871 6.85
    endloop
  endfacet
  facet normal 0 -1 0
    outer loop
      vertex 65.2177 49.8871 7.47773
      vertex 65.2223 49.8871 7.48231
      vertex 65.1849 49.8871 7.51508
    endloop
  endfacet
  facet normal 0 -1 0
    outer loop
      vertex 65.2223 49.8871 7.48231
      vertex 65.2177 49.8871 7.47773
      vertex 65.2203 49.8871 7.47972
    endloop
  endfacet
  facet normal 0 -1 0
    outer loop
      vertex 65.56 49.8871 7.92241
      vertex 65.5632 49.8871 7.92802
      vertex 65.5187 49.8871 7.95
    endloop
  endfacet
  facet normal 0 -1 0
    outer loop
      vertex 65.5632 49.8871 7.92802
      vertex 65.56 49.8871 7.92241
      vertex 65.562 49.8871 7.925
    endloop
  endfacet
  facet normal 0 -1 0
    outer loop
      vertex 64.772 49.8871 7.1368
      vertex 64.7776 49.8871 7.14003
      vertex 64.75 49.8871 7.18135
    endloop
  endfacet
  facet normal 0 -1 0
    outer loop
      vertex 64.7776 49.8871 7.14003
      vertex 64.772 49.8871 7.1368
      vertex 64.775 49.8871 7.13805
    endloop
  endfacet
  facet normal 0 -1 0
    outer loop
      vertex 65.7755 49.8871 8.44052
      vertex 65.7772 49.8871 8.44677
      vertex 65.7284 49.8871 8.45648
    endloop
  endfacet
  facet normal 0 -1 0
    outer loop
      vertex 65.7772 49.8871 8.44677
      vertex 65.7755 49.8871 8.44052
      vertex 65.7767 49.8871 8.44354
    endloop
  endfacet
  facet normal 0 -1 0
    outer loop
      vertex 62.628 49.8871 7.1368
      vertex 62.6224 49.8871 7.14003
      vertex 62.625 49.8871 7.13805
    endloop
  endfacet
  facet normal 0 -1 0
    outer loop
      vertex 62.6224 49.8871 7.14003
      vertex 62.628 49.8871 7.1368
      vertex 62.65 49.8871 7.18135
    endloop
  endfacet
  facet normal 0 -1 0
    outer loop
      vertex 62.1823 49.8871 7.47773
      vertex 62.1777 49.8871 7.48231
      vertex 62.1797 49.8871 7.47972
    endloop
  endfacet
  facet normal 0 -1 0
    outer loop
      vertex 62.1777 49.8871 7.48231
      vertex 62.1823 49.8871 7.47773
      vertex 62.2151 49.8871 7.51508
    endloop
  endfacet
  facet normal 0 -1 0
    outer loop
      vertex 61.6228 49.8871 9.55323
      vertex 61.6245 49.8871 9.55948
      vertex 61.6233 49.8871 9.55646
    endloop
  endfacet
  facet normal 0 -1 -0
    outer loop
      vertex 61.6245 49.8871 9.55948
      vertex 61.6228 49.8871 9.55323
      vertex 61.6716 49.8871 9.54352
    endloop
  endfacet
  facet normal 0 -1 0
    outer loop
      vertex 64.2532 49.8871 6.92283
      vertex 64.2595 49.8871 6.92451
      vertex 64.2435 49.8871 6.97156
    endloop
  endfacet
  facet normal 0 -1 0
    outer loop
      vertex 64.2595 49.8871 6.92451
      vertex 64.2532 49.8871 6.92283
      vertex 64.2565 49.8871 6.92326
    endloop
  endfacet
  facet normal 0 -1 0
    outer loop
      vertex 63.1468 49.8871 6.92283
      vertex 63.1405 49.8871 6.92451
      vertex 63.1435 49.8871 6.92326
    endloop
  endfacet
  facet normal 0 -1 0
    outer loop
      vertex 63.1405 49.8871 6.92451
      vertex 63.1468 49.8871 6.92283
      vertex 63.1565 49.8871 6.97156
    endloop
  endfacet
  facet normal 0 -1 0
    outer loop
      vertex 61.84 49.8871 7.92241
      vertex 61.8368 49.8871 7.92802
      vertex 61.838 49.8871 7.925
    endloop
  endfacet
  facet normal 0 -1 0
    outer loop
      vertex 61.8368 49.8871 7.92802
      vertex 61.84 49.8871 7.92241
      vertex 61.8813 49.8871 7.95
    endloop
  endfacet
  facet normal 0 -1 0
    outer loop
      vertex 61.6245 49.8871 8.44052
      vertex 61.6228 49.8871 8.44677
      vertex 61.6233 49.8871 8.44354
    endloop
  endfacet
  facet normal 0 -1 0
    outer loop
      vertex 61.6228 49.8871 8.44677
      vertex 61.6245 49.8871 8.44052
      vertex 61.6716 49.8871 8.45648
    endloop
  endfacet
  facet normal 0 -1 0
    outer loop
      vertex 62.4979 49.8871 10.2021
      vertex 63.1565 49.8871 11.0284
      vertex 62.65 49.8871 10.8187
    endloop
  endfacet
  facet normal 0 -1 0
    outer loop
      vertex 62.4979 49.8871 10.2021
      vertex 62.65 49.8871 10.8187
      vertex 62.2151 49.8871 10.4849
    endloop
  endfacet
  facet normal 0 -1 -0
    outer loop
      vertex 63.1565 49.8871 11.0284
      vertex 62.4979 49.8871 10.2021
      vertex 63.3497 49.8871 11.0539
    endloop
  endfacet
  facet normal 0 -1 0
    outer loop
      vertex 61.8813 49.8871 10.05
      vertex 62.4979 49.8871 10.2021
      vertex 62.2151 49.8871 10.4849
    endloop
  endfacet
  facet normal 0 -1 0
    outer loop
      vertex 61.8813 49.8871 10.05
      vertex 62.2278 49.8871 9.84999
      vertex 62.4979 49.8871 10.2021
    endloop
  endfacet
  facet normal 0 -1 0
    outer loop
      vertex 61.6716 49.8871 9.54352
      vertex 62.2278 49.8871 9.84999
      vertex 61.8813 49.8871 10.05
    endloop
  endfacet
  facet normal 0 -1 0
    outer loop
      vertex 61.6716 49.8871 9.54352
      vertex 62.0579 49.8871 9.43999
      vertex 62.2278 49.8871 9.84999
    endloop
  endfacet
  facet normal 0 -1 0
    outer loop
      vertex 61.6 49.8871 9
      vertex 62.0579 49.8871 9.43999
      vertex 61.6716 49.8871 9.54352
    endloop
  endfacet
  facet normal 0 -1 0
    outer loop
      vertex 61.6 49.8871 9
      vertex 62 49.8871 9
      vertex 62.0579 49.8871 9.43999
    endloop
  endfacet
  facet normal 0 -1 0
    outer loop
      vertex 61.6 49.8871 9
      vertex 62.0579 49.8871 8.56001
      vertex 62 49.8871 9
    endloop
  endfacet
  facet normal 0 -1 0
    outer loop
      vertex 61.6716 49.8871 8.45648
      vertex 62.0579 49.8871 8.56001
      vertex 61.6 49.8871 9
    endloop
  endfacet
  facet normal 0 -1 0
    outer loop
      vertex 61.6716 49.8871 8.45648
      vertex 62.2278 49.8871 8.15001
      vertex 62.0579 49.8871 8.56001
    endloop
  endfacet
  facet normal 0 -1 0
    outer loop
      vertex 61.8813 49.8871 7.95
      vertex 62.2278 49.8871 8.15001
      vertex 61.6716 49.8871 8.45648
    endloop
  endfacet
  facet normal 0 -1 0
    outer loop
      vertex 61.8813 49.8871 7.95
      vertex 62.4979 49.8871 7.79793
      vertex 62.2278 49.8871 8.15001
    endloop
  endfacet
  facet normal 0 -1 0
    outer loop
      vertex 62.2151 49.8871 7.51508
      vertex 62.4979 49.8871 7.79793
      vertex 61.8813 49.8871 7.95
    endloop
  endfacet
  facet normal 0 -1 -0
    outer loop
      vertex 62.4979 49.8871 7.79793
      vertex 62.2151 49.8871 7.51508
      vertex 62.85 49.8871 7.52777
    endloop
  endfacet
  facet normal 0 -1 0
    outer loop
      vertex 62.65 49.8871 7.18135
      vertex 62.85 49.8871 7.52777
      vertex 62.2151 49.8871 7.51508
    endloop
  endfacet
  facet normal 0 -1 0
    outer loop
      vertex 63.1565 49.8871 6.97156
      vertex 63.26 49.8871 7.35794
      vertex 62.65 49.8871 7.18135
    endloop
  endfacet
  facet normal 0 -1 -0
    outer loop
      vertex 62.85 49.8871 7.52777
      vertex 62.65 49.8871 7.18135
      vertex 63.26 49.8871 7.35794
    endloop
  endfacet
  facet normal 0 -1 0
    outer loop
      vertex 64.9021 49.8871 10.2021
      vertex 64.2435 49.8871 11.0284
      vertex 64.0503 49.8871 11.0539
    endloop
  endfacet
  facet normal 0 -1 0
    outer loop
      vertex 64.2435 49.8871 11.0284
      vertex 64.9021 49.8871 10.2021
      vertex 64.75 49.8871 10.8187
    endloop
  endfacet
  facet normal 0 -1 0
    outer loop
      vertex 64.75 49.8871 10.8187
      vertex 64.9021 49.8871 10.2021
      vertex 65.1849 49.8871 10.4849
    endloop
  endfacet
  facet normal 0 -1 0
    outer loop
      vertex 64.9021 49.8871 10.2021
      vertex 65.5187 49.8871 10.05
      vertex 65.1849 49.8871 10.4849
    endloop
  endfacet
  facet normal 0 -1 0
    outer loop
      vertex 65.1722 49.8871 9.84999
      vertex 65.5187 49.8871 10.05
      vertex 64.9021 49.8871 10.2021
    endloop
  endfacet
  facet normal 0 -1 0
    outer loop
      vertex 65.1722 49.8871 9.84999
      vertex 65.7284 49.8871 9.54352
      vertex 65.5187 49.8871 10.05
    endloop
  endfacet
  facet normal 0 -1 0
    outer loop
      vertex 65.3421 49.8871 9.43999
      vertex 65.7284 49.8871 9.54352
      vertex 65.1722 49.8871 9.84999
    endloop
  endfacet
  facet normal 0 -1 0
    outer loop
      vertex 65.3421 49.8871 9.43999
      vertex 65.8 49.8871 9
      vertex 65.7284 49.8871 9.54352
    endloop
  endfacet
  facet normal 0 -1 0
    outer loop
      vertex 65.4 49.8871 9
      vertex 65.8 49.8871 9
      vertex 65.3421 49.8871 9.43999
    endloop
  endfacet
  facet normal 0 -1 0
    outer loop
      vertex 65.3421 49.8871 8.56001
      vertex 65.8 49.8871 9
      vertex 65.4 49.8871 9
    endloop
  endfacet
  facet normal 0 -1 0
    outer loop
      vertex 65.3421 49.8871 8.56001
      vertex 65.7284 49.8871 8.45648
      vertex 65.8 49.8871 9
    endloop
  endfacet
  facet normal 0 -1 0
    outer loop
      vertex 65.1722 49.8871 8.15001
      vertex 65.7284 49.8871 8.45648
      vertex 65.3421 49.8871 8.56001
    endloop
  endfacet
  facet normal 0 -1 0
    outer loop
      vertex 65.1722 49.8871 8.15001
      vertex 65.5187 49.8871 7.95
      vertex 65.7284 49.8871 8.45648
    endloop
  endfacet
  facet normal 0 -1 0
    outer loop
      vertex 64.9021 49.8871 7.79793
      vertex 65.5187 49.8871 7.95
      vertex 65.1722 49.8871 8.15001
    endloop
  endfacet
  facet normal 0 -1 0
    outer loop
      vertex 65.1849 49.8871 7.51508
      vertex 64.9021 49.8871 7.79793
      vertex 64.55 49.8871 7.52777
    endloop
  endfacet
  facet normal 0 -1 0
    outer loop
      vertex 64.9021 49.8871 7.79793
      vertex 65.1849 49.8871 7.51508
      vertex 65.5187 49.8871 7.95
    endloop
  endfacet
  facet normal 0 -1 0
    outer loop
      vertex 64.75 49.8871 7.18135
      vertex 64.55 49.8871 7.52777
      vertex 64.14 49.8871 7.35794
    endloop
  endfacet
  facet normal 0 -1 0
    outer loop
      vertex 64.55 49.8871 7.52777
      vertex 64.75 49.8871 7.18135
      vertex 65.1849 49.8871 7.51508
    endloop
  endfacet
  facet normal 0 -1 0
    outer loop
      vertex 64.2435 49.8871 6.97156
      vertex 64.14 49.8871 7.35794
      vertex 63.7 49.8871 7.3
    endloop
  endfacet
  facet normal 0 -1 -0
    outer loop
      vertex 63.26 49.8871 7.35794
      vertex 63.1565 49.8871 6.97156
      vertex 63.7 49.8871 7.3
    endloop
  endfacet
  facet normal 0 -1 0
    outer loop
      vertex 63.7 49.8871 6.9
      vertex 63.7 49.8871 7.3
      vertex 63.1565 49.8871 6.97156
    endloop
  endfacet
  facet normal 0 -1 0
    outer loop
      vertex 64.14 49.8871 7.35794
      vertex 64.2435 49.8871 6.97156
      vertex 64.75 49.8871 7.18135
    endloop
  endfacet
  facet normal 0 -1 0
    outer loop
      vertex 63.7 49.8871 7.3
      vertex 63.7 49.8871 6.9
      vertex 64.2435 49.8871 6.97156
    endloop
  endfacet
  facet normal -0.149805 0 0.988716
    outer loop
      vertex 63.1435 49.8903 11.0767
      vertex 63.1435 49.8871 11.0767
      vertex 63.1468 49.8871 11.0772
    endloop
  endfacet
  facet normal 0.791487 0 -0.611187
    outer loop
      vertex 65.2223 49.8871 7.48231
      vertex 65.2203 49.8871 7.47972
      vertex 65.2203 49.8903 7.47972
    endloop
  endfacet
  facet normal 0.791487 0 -0.611187
    outer loop
      vertex 65.562 49.8871 7.925
      vertex 65.56 49.8871 7.92241
      vertex 65.562 49.8903 7.925
    endloop
  endfacet
  facet normal 0.929323 0 -0.369267
    outer loop
      vertex 65.562 49.8903 7.925
      vertex 65.5632 49.8871 7.92802
      vertex 65.562 49.8871 7.925
    endloop
  endfacet
  facet normal 0.929323 0 -0.369267
    outer loop
      vertex 65.7755 49.8871 8.44052
      vertex 65.7767 49.8903 8.44354
      vertex 65.7767 49.8871 8.44354
    endloop
  endfacet
  facet normal -0.992419 0 -0.1229
    outer loop
      vertex 61.5504 49.8871 8.99677
      vertex 61.55 49.8871 9
      vertex 61.55 49.8903 9
    endloop
  endfacet
  facet normal -0.98823 0 -0.152977
    outer loop
      vertex 61.6233 49.8871 8.44354
      vertex 61.6228 49.8871 8.44677
      vertex 61.6233 49.8903 8.44354
    endloop
  endfacet
  facet normal 0.792624 0 0.609711
    outer loop
      vertex 65.2203 49.8903 10.5203
      vertex 65.2203 49.8871 10.5203
      vertex 65.2223 49.8871 10.5177
    endloop
  endfacet
  facet normal 0.792624 0 0.609711
    outer loop
      vertex 65.562 49.8903 10.075
      vertex 65.56 49.8871 10.0776
      vertex 65.562 49.8871 10.075
    endloop
  endfacet
  facet normal -0.792624 0 0.609711
    outer loop
      vertex 61.838 49.8903 10.075
      vertex 61.838 49.8871 10.075
      vertex 61.84 49.8871 10.0776
    endloop
  endfacet
  facet normal -0.792624 0 0.609711
    outer loop
      vertex 62.1797 49.8903 10.5203
      vertex 62.1777 49.8871 10.5177
      vertex 62.1797 49.8871 10.5203
    endloop
  endfacet
  facet normal -0.928477 0 0.371391
    outer loop
      vertex 61.838 49.8903 10.075
      vertex 61.8368 49.8871 10.072
      vertex 61.838 49.8871 10.075
    endloop
  endfacet
  facet normal -0.929323 0 0.369267
    outer loop
      vertex 61.6245 49.8871 9.55948
      vertex 61.6233 49.8903 9.55646
      vertex 61.6233 49.8871 9.55646
    endloop
  endfacet
  facet normal -0.371391 0 0.928477
    outer loop
      vertex 63.1435 49.8903 11.0767
      vertex 63.1405 49.8871 11.0755
      vertex 63.1435 49.8871 11.0767
    endloop
  endfacet
  facet normal -0.371391 0 0.928477
    outer loop
      vertex 62.628 49.8871 10.8632
      vertex 62.625 49.8903 10.862
      vertex 62.625 49.8871 10.862
    endloop
  endfacet
  facet normal 0.133178 0 -0.991092
    outer loop
      vertex 63.7032 49.8871 6.85043
      vertex 63.7 49.8871 6.85
      vertex 63.7 49.8903 6.85
    endloop
  endfacet
  facet normal 0.129211 0 -0.991617
    outer loop
      vertex 64.2565 49.8871 6.92326
      vertex 64.2532 49.8871 6.92283
      vertex 64.2565 49.8903 6.92326
    endloop
  endfacet
  facet normal 0.60779 0 -0.794098
    outer loop
      vertex 65.2203 49.8871 7.47972
      vertex 65.2177 49.8871 7.47773
      vertex 65.2203 49.8903 7.47972
    endloop
  endfacet
  facet normal 0.605859 0 -0.795572
    outer loop
      vertex 64.7776 49.8871 7.14003
      vertex 64.775 49.8871 7.13805
      vertex 64.775 49.8903 7.13805
    endloop
  endfacet
  facet normal 0.992419 0 -0.1229
    outer loop
      vertex 65.85 49.8871 9
      vertex 65.8496 49.8871 8.99677
      vertex 65.85 49.8903 9
    endloop
  endfacet
  facet normal 0.98823 0 -0.152977
    outer loop
      vertex 65.7772 49.8871 8.44677
      vertex 65.7767 49.8871 8.44354
      vertex 65.7767 49.8903 8.44354
    endloop
  endfacet
  facet normal -0.605859 0 -0.795572
    outer loop
      vertex 62.625 49.8871 7.13805
      vertex 62.6224 49.8871 7.14003
      vertex 62.625 49.8903 7.13805
    endloop
  endfacet
  facet normal -0.60779 0 -0.794098
    outer loop
      vertex 62.1823 49.8871 7.47773
      vertex 62.1797 49.8871 7.47972
      vertex 62.1797 49.8903 7.47972
    endloop
  endfacet
  facet normal -0.133178 0 -0.991092
    outer loop
      vertex 63.7 49.8871 6.85
      vertex 63.6968 49.8871 6.85043
      vertex 63.7 49.8903 6.85
    endloop
  endfacet
  facet normal -0.129211 0 -0.991617
    outer loop
      vertex 63.1468 49.8871 6.92283
      vertex 63.1435 49.8871 6.92326
      vertex 63.1435 49.8903 6.92326
    endloop
  endfacet
  facet normal -0.929323 0 -0.369267
    outer loop
      vertex 61.8368 49.8871 7.92802
      vertex 61.838 49.8903 7.925
      vertex 61.838 49.8871 7.925
    endloop
  endfacet
  facet normal -0.929323 -0 -0.369267
    outer loop
      vertex 61.6233 49.8903 8.44354
      vertex 61.6245 49.8871 8.44052
      vertex 61.6233 49.8871 8.44354
    endloop
  endfacet
  facet normal 0.384615 0 -0.923077
    outer loop
      vertex 64.772 49.8871 7.1368
      vertex 64.775 49.8903 7.13805
      vertex 64.775 49.8871 7.13805
    endloop
  endfacet
  facet normal 0.384615 0 -0.923077
    outer loop
      vertex 64.2565 49.8903 6.92326
      vertex 64.2595 49.8871 6.92451
      vertex 64.2565 49.8871 6.92326
    endloop
  endfacet
  facet normal -0.384615 -0 -0.923077
    outer loop
      vertex 62.625 49.8903 7.13805
      vertex 62.628 49.8871 7.1368
      vertex 62.625 49.8871 7.13805
    endloop
  endfacet
  facet normal -0.384615 0 -0.923077
    outer loop
      vertex 63.1405 49.8871 6.92451
      vertex 63.1435 49.8903 6.92326
      vertex 63.1435 49.8871 6.92326
    endloop
  endfacet
  facet normal 0 -1 0
    outer loop
      vertex 52.7 50.3113 1.90735e-07
      vertex 53.2 50.3113 4.2
      vertex 52.7 50.3113 4.2
    endloop
  endfacet
  facet normal 0 -1 -0
    outer loop
      vertex 53.2 50.3113 4.2
      vertex 52.7 50.3113 1.90735e-07
      vertex 57.4748 50.3113 3.10669
    endloop
  endfacet
  facet normal 0 -1 -0
    outer loop
      vertex 57.4748 50.3113 3.10669
      vertex 52.7 50.3113 1.90735e-07
      vertex 57.6189 50.3113 2.91888
    endloop
  endfacet
  facet normal 0 -1 -0
    outer loop
      vertex 57.6189 50.3113 2.91888
      vertex 52.7 50.3113 1.90735e-07
      vertex 57.8067 50.3113 2.77477
    endloop
  endfacet
  facet normal 0 -1 -0
    outer loop
      vertex 57.8067 50.3113 2.77477
      vertex 52.7 50.3113 1.90735e-07
      vertex 59.2122 50.3113 1.6963
    endloop
  endfacet
  facet normal 0 -1 -0
    outer loop
      vertex 59.2122 50.3113 1.6963
      vertex 52.7 50.3113 1.90735e-07
      vertex 59.4 50.3113 1.55218
    endloop
  endfacet
  facet normal 0 -1 -0
    outer loop
      vertex 65.9258 50.3113 0.693038
      vertex 65.4558 50.3113 0.172933
      vertex 66.3126 50.3113 0.387537
    endloop
  endfacet
  facet normal 0 -1 0
    outer loop
      vertex 65.9258 50.3113 0.693038
      vertex 64.5822 50.3113 0.043338
      vertex 65.4558 50.3113 0.172933
    endloop
  endfacet
  facet normal 0 -1 0
    outer loop
      vertex 63.7 50.3113 1.90735e-07
      vertex 63.7 50.3113 0.400001
      vertex 61.4742 50.3113 0.693038
    endloop
  endfacet
  facet normal 0 -1 -0
    outer loop
      vertex 59.4 50.3113 1.55218
      vertex 52.7 50.3113 1.90735e-07
      vertex 61.4742 50.3113 0.693038
    endloop
  endfacet
  facet normal 0 -1 0
    outer loop
      vertex 63.7 50.3113 1.90735e-07
      vertex 61.4742 50.3113 0.693038
      vertex 52.7 50.3113 1.90735e-07
    endloop
  endfacet
  facet normal 0 -1 0
    outer loop
      vertex 63.7 50.3113 0.400001
      vertex 63.7 50.3113 1.90735e-07
      vertex 64.5822 50.3113 0.043338
    endloop
  endfacet
  facet normal 0 -1 0
    outer loop
      vertex 63.7 50.3113 17.6
      vertex 63.7 50.3113 18
      vertex 62.8178 50.3113 17.9567
    endloop
  endfacet
  facet normal 0 -1 0
    outer loop
      vertex 61.4742 50.3113 17.307
      vertex 62.8178 50.3113 17.9567
      vertex 61.9442 50.3113 17.8271
    endloop
  endfacet
  facet normal 0 -1 0
    outer loop
      vertex 63.7 50.3113 18
      vertex 63.7 50.3113 17.6
      vertex 64.5822 50.3113 17.9567
    endloop
  endfacet
  facet normal 0 -1 0
    outer loop
      vertex 61.4742 50.3113 17.307
      vertex 61.9442 50.3113 17.8271
      vertex 61.0874 50.3113 17.6125
    endloop
  endfacet
  facet normal 0 -1 0
    outer loop
      vertex 65.9258 50.3113 17.307
      vertex 64.5822 50.3113 17.9567
      vertex 63.7 50.3113 17.6
    endloop
  endfacet
  facet normal 0 -1 0
    outer loop
      vertex 64.5822 50.3113 17.9567
      vertex 65.9258 50.3113 17.307
      vertex 65.4558 50.3113 17.8271
    endloop
  endfacet
  facet normal 0 -1 0
    outer loop
      vertex 61.4742 50.3113 17.307
      vertex 61.0874 50.3113 17.6125
      vertex 60.2558 50.3113 17.3149
    endloop
  endfacet
  facet normal 0 -1 -0
    outer loop
      vertex 62.8178 50.3113 17.9567
      vertex 61.4742 50.3113 17.307
      vertex 63.7 50.3113 17.6
    endloop
  endfacet
  facet normal 0 -1 0
    outer loop
      vertex 59.4 50.3113 16.4478
      vertex 60.2558 50.3113 17.3149
      vertex 59.4574 50.3113 16.9373
    endloop
  endfacet
  facet normal 0 -1 0
    outer loop
      vertex 59.4 50.3113 16.4478
      vertex 59.4574 50.3113 16.9373
      vertex 58.6999 50.3113 16.4832
    endloop
  endfacet
  facet normal 0 -1 -0
    outer loop
      vertex 60.2558 50.3113 17.3149
      vertex 59.4 50.3113 16.4478
      vertex 61.4742 50.3113 17.307
    endloop
  endfacet
  facet normal 0 -1 0
    outer loop
      vertex 58.6999 50.3113 16.4832
      vertex 59.2122 50.3113 16.3037
      vertex 59.4 50.3113 16.4478
    endloop
  endfacet
  facet normal 0 -1 0
    outer loop
      vertex 57.9905 50.3113 15.9571
      vertex 59.2122 50.3113 16.3037
      vertex 58.6999 50.3113 16.4832
    endloop
  endfacet
  facet normal 0 -1 0
    outer loop
      vertex 57.8067 50.3113 15.2252
      vertex 57.9905 50.3113 15.9571
      vertex 57.336 50.3113 15.364
    endloop
  endfacet
  facet normal 0 -1 -0
    outer loop
      vertex 57.9905 50.3113 15.9571
      vertex 57.8067 50.3113 15.2252
      vertex 59.2122 50.3113 16.3037
    endloop
  endfacet
  facet normal 0 -1 0
    outer loop
      vertex 57.336 50.3113 15.364
      vertex 57.6189 50.3113 15.0811
      vertex 57.8067 50.3113 15.2252
    endloop
  endfacet
  facet normal 0 -1 0
    outer loop
      vertex 57.336 50.3113 15.364
      vertex 57.4748 50.3113 14.8933
      vertex 57.6189 50.3113 15.0811
    endloop
  endfacet
  facet normal 0 -1 0
    outer loop
      vertex 56.7429 50.3113 14.7095
      vertex 57.4748 50.3113 14.8933
      vertex 57.336 50.3113 15.364
    endloop
  endfacet
  facet normal 0 -1 0
    outer loop
      vertex 56.3963 50.3113 13.4878
      vertex 56.7429 50.3113 14.7095
      vertex 56.2168 50.3113 14.0001
    endloop
  endfacet
  facet normal 0 -1 -0
    outer loop
      vertex 56.7429 50.3113 14.7095
      vertex 56.3963 50.3113 13.4878
      vertex 57.4748 50.3113 14.8933
    endloop
  endfacet
  facet normal 0 -1 0
    outer loop
      vertex 56.2168 50.3113 14.0001
      vertex 56.2522 50.3113 13.3
      vertex 56.3963 50.3113 13.4878
    endloop
  endfacet
  facet normal 0 -1 -0
    outer loop
      vertex 56.2168 50.3113 14.0001
      vertex 55.393 50.3113 11.2258
      vertex 56.2522 50.3113 13.3
    endloop
  endfacet
  facet normal 0 -1 0
    outer loop
      vertex 53.2 50.3113 9
      vertex 55.393 50.3113 11.2258
      vertex 56.2168 50.3113 14.0001
    endloop
  endfacet
  facet normal 0 -1 0
    outer loop
      vertex 53.2 50.3113 9
      vertex 55.1 50.3113 9
      vertex 55.393 50.3113 11.2258
    endloop
  endfacet
  facet normal 0 -1 0
    outer loop
      vertex 53.2 50.3113 9
      vertex 55.393 50.3113 6.77416
      vertex 55.1 50.3113 9
    endloop
  endfacet
  facet normal 0 -1 0
    outer loop
      vertex 53.2 50.3113 4.2
      vertex 55.393 50.3113 6.77416
      vertex 53.2 50.3113 9
    endloop
  endfacet
  facet normal 0 -1 -0
    outer loop
      vertex 55.393 50.3113 6.77416
      vertex 53.2 50.3113 4.2
      vertex 56.2522 50.3113 4.7
    endloop
  endfacet
  facet normal 0 -1 0
    outer loop
      vertex 53.2 50.3113 4.2
      vertex 56.3963 50.3113 4.51219
      vertex 56.2522 50.3113 4.7
    endloop
  endfacet
  facet normal 0 -1 -0
    outer loop
      vertex 56.3963 50.3113 4.51219
      vertex 53.2 50.3113 4.2
      vertex 57.4748 50.3113 3.10669
    endloop
  endfacet
  facet normal 0 -1 0
    outer loop
      vertex 65.4558 50.3113 17.8271
      vertex 65.9258 50.3113 17.307
      vertex 66.3126 50.3113 17.6125
    endloop
  endfacet
  facet normal 0 -1 -0
    outer loop
      vertex 66.3126 50.3113 17.6125
      vertex 65.9258 50.3113 17.307
      vertex 67.1441 50.3113 17.3149
    endloop
  endfacet
  facet normal 0 -1 0
    outer loop
      vertex 68 50.3113 16.4478
      vertex 67.1441 50.3113 17.3149
      vertex 65.9258 50.3113 17.307
    endloop
  endfacet
  facet normal 0 -1 0
    outer loop
      vertex 67.1441 50.3113 17.3149
      vertex 68 50.3113 16.4478
      vertex 67.9426 50.3113 16.9373
    endloop
  endfacet
  facet normal 0 -1 0
    outer loop
      vertex 67.9426 50.3113 16.9373
      vertex 68 50.3113 16.4478
      vertex 68.7001 50.3113 16.4832
    endloop
  endfacet
  facet normal 0 -1 0
    outer loop
      vertex 68.1878 50.3113 16.3037
      vertex 68.7001 50.3113 16.4832
      vertex 68 50.3113 16.4478
    endloop
  endfacet
  facet normal 0 -1 0
    outer loop
      vertex 68.1878 50.3113 16.3037
      vertex 69.4095 50.3113 15.9571
      vertex 68.7001 50.3113 16.4832
    endloop
  endfacet
  facet normal 0 -1 0
    outer loop
      vertex 69.5933 50.3113 15.2252
      vertex 69.4095 50.3113 15.9571
      vertex 68.1878 50.3113 16.3037
    endloop
  endfacet
  facet normal 0 -1 0
    outer loop
      vertex 69.4095 50.3113 15.9571
      vertex 69.5933 50.3113 15.2252
      vertex 70.064 50.3113 15.364
    endloop
  endfacet
  facet normal 0 -1 0
    outer loop
      vertex 69.7811 50.3113 15.0811
      vertex 70.064 50.3113 15.364
      vertex 69.5933 50.3113 15.2252
    endloop
  endfacet
  facet normal 0 -1 0
    outer loop
      vertex 69.9252 50.3113 14.8933
      vertex 70.064 50.3113 15.364
      vertex 69.7811 50.3113 15.0811
    endloop
  endfacet
  facet normal 0 -1 0
    outer loop
      vertex 69.9252 50.3113 14.8933
      vertex 70.6571 50.3113 14.7095
      vertex 70.064 50.3113 15.364
    endloop
  endfacet
  facet normal 0 -1 0
    outer loop
      vertex 71.0037 50.3113 13.4878
      vertex 70.6571 50.3113 14.7095
      vertex 69.9252 50.3113 14.8933
    endloop
  endfacet
  facet normal 0 -1 0
    outer loop
      vertex 70.6571 50.3113 14.7095
      vertex 71.0037 50.3113 13.4878
      vertex 71.1832 50.3113 14.0001
    endloop
  endfacet
  facet normal 0 -1 0
    outer loop
      vertex 71.1478 50.3113 13.3
      vertex 71.1832 50.3113 14.0001
      vertex 71.0037 50.3113 13.4878
    endloop
  endfacet
  facet normal 0 -1 0
    outer loop
      vertex 71.1478 50.3113 13.3
      vertex 71.6373 50.3113 13.2426
      vertex 71.1832 50.3113 14.0001
    endloop
  endfacet
  facet normal 0 -1 0
    outer loop
      vertex 71.1478 50.3113 13.3
      vertex 72.0149 50.3113 12.4441
      vertex 71.6373 50.3113 13.2426
    endloop
  endfacet
  facet normal 0 -1 0
    outer loop
      vertex 72.007 50.3113 11.2258
      vertex 72.0149 50.3113 12.4441
      vertex 71.1478 50.3113 13.3
    endloop
  endfacet
  facet normal 0 -1 -0
    outer loop
      vertex 72.0149 50.3113 12.4441
      vertex 72.007 50.3113 11.2258
      vertex 72.3125 50.3113 11.6126
    endloop
  endfacet
  facet normal 0 -1 0
    outer loop
      vertex 72.007 50.3113 11.2258
      vertex 72.5271 50.3113 10.7558
      vertex 72.3125 50.3113 11.6126
    endloop
  endfacet
  facet normal 0 -1 0
    outer loop
      vertex 72.007 50.3113 11.2258
      vertex 72.6567 50.3113 9.88215
      vertex 72.5271 50.3113 10.7558
    endloop
  endfacet
  facet normal 0 -1 0
    outer loop
      vertex 72.3 50.3113 9
      vertex 72.6567 50.3113 9.88215
      vertex 72.007 50.3113 11.2258
    endloop
  endfacet
  facet normal 0 -1 0
    outer loop
      vertex 72.3 50.3113 9
      vertex 72.7 50.3113 9
      vertex 72.6567 50.3113 9.88215
    endloop
  endfacet
  facet normal 0 -1 0
    outer loop
      vertex 72.3 50.3113 9
      vertex 72.6567 50.3113 8.11785
      vertex 72.7 50.3113 9
    endloop
  endfacet
  facet normal 0 -1 0
    outer loop
      vertex 72.007 50.3113 6.77416
      vertex 72.6567 50.3113 8.11785
      vertex 72.3 50.3113 9
    endloop
  endfacet
  facet normal 0 -1 0
    outer loop
      vertex 72.6567 50.3113 8.11785
      vertex 72.007 50.3113 6.77416
      vertex 72.5271 50.3113 7.24419
    endloop
  endfacet
  facet normal 0 -1 0
    outer loop
      vertex 72.007 50.3113 6.77416
      vertex 72.3125 50.3113 6.38744
      vertex 72.5271 50.3113 7.24419
    endloop
  endfacet
  facet normal 0 -1 0
    outer loop
      vertex 72.007 50.3113 6.77416
      vertex 72.0149 50.3113 5.55585
      vertex 72.3125 50.3113 6.38744
    endloop
  endfacet
  facet normal 0 -1 0
    outer loop
      vertex 71.1478 50.3113 4.7
      vertex 72.0149 50.3113 5.55585
      vertex 72.007 50.3113 6.77416
    endloop
  endfacet
  facet normal 0 -1 0
    outer loop
      vertex 72.0149 50.3113 5.55585
      vertex 71.1478 50.3113 4.7
      vertex 71.6373 50.3113 4.75743
    endloop
  endfacet
  facet normal 0 -1 0
    outer loop
      vertex 71.1832 50.3113 3.99987
      vertex 71.1478 50.3113 4.7
      vertex 71.0037 50.3113 4.51219
    endloop
  endfacet
  facet normal 0 -1 0
    outer loop
      vertex 71.1478 50.3113 4.7
      vertex 71.1832 50.3113 3.99987
      vertex 71.6373 50.3113 4.75743
    endloop
  endfacet
  facet normal 0 -1 -0
    outer loop
      vertex 71.0037 50.3113 4.51219
      vertex 70.6571 50.3113 3.29046
      vertex 71.1832 50.3113 3.99987
    endloop
  endfacet
  facet normal 0 -1 0
    outer loop
      vertex 69.9252 50.3113 3.10669
      vertex 70.6571 50.3113 3.29046
      vertex 71.0037 50.3113 4.51219
    endloop
  endfacet
  facet normal 0 -1 0
    outer loop
      vertex 70.064 50.3113 2.63604
      vertex 69.9252 50.3113 3.10669
      vertex 69.7811 50.3113 2.91888
    endloop
  endfacet
  facet normal 0 -1 0
    outer loop
      vertex 70.064 50.3113 2.63604
      vertex 69.7811 50.3113 2.91888
      vertex 69.5933 50.3113 2.77477
    endloop
  endfacet
  facet normal 0 -1 0
    outer loop
      vertex 69.9252 50.3113 3.10669
      vertex 70.064 50.3113 2.63604
      vertex 70.6571 50.3113 3.29046
    endloop
  endfacet
  facet normal 0 -1 -0
    outer loop
      vertex 69.5933 50.3113 2.77477
      vertex 69.4095 50.3113 2.04291
      vertex 70.064 50.3113 2.63604
    endloop
  endfacet
  facet normal 0 -1 0
    outer loop
      vertex 68.1878 50.3113 1.6963
      vertex 69.4095 50.3113 2.04291
      vertex 69.5933 50.3113 2.77477
    endloop
  endfacet
  facet normal 0 -1 0
    outer loop
      vertex 68.7001 50.3113 1.51677
      vertex 68.1878 50.3113 1.6963
      vertex 68 50.3113 1.55218
    endloop
  endfacet
  facet normal 0 -1 0
    outer loop
      vertex 68.1878 50.3113 1.6963
      vertex 68.7001 50.3113 1.51677
      vertex 69.4095 50.3113 2.04291
    endloop
  endfacet
  facet normal 0 -1 -0
    outer loop
      vertex 68 50.3113 1.55218
      vertex 67.9426 50.3113 1.06271
      vertex 68.7001 50.3113 1.51677
    endloop
  endfacet
  facet normal 0 -1 0
    outer loop
      vertex 67.1441 50.3113 0.685085
      vertex 68 50.3113 1.55218
      vertex 65.9258 50.3113 0.693038
    endloop
  endfacet
  facet normal 0 -1 0
    outer loop
      vertex 68 50.3113 1.55218
      vertex 67.1441 50.3113 0.685085
      vertex 67.9426 50.3113 1.06271
    endloop
  endfacet
  facet normal 0 -1 0
    outer loop
      vertex 64.5822 50.3113 0.043338
      vertex 65.9258 50.3113 0.693038
      vertex 63.7 50.3113 0.400001
    endloop
  endfacet
  facet normal 0 -1 0
    outer loop
      vertex 65.9258 50.3113 0.693038
      vertex 66.3126 50.3113 0.387537
      vertex 67.1441 50.3113 0.685085
    endloop
  endfacet
  facet normal 0.941525 0 -0.336942
    outer loop
      vertex 72.3125 50.3113 6.38744
      vertex 72.0149 55.1887 5.55585
      vertex 72.3125 55.1887 6.38744
    endloop
  endfacet
  facet normal 0.941525 0 -0.336942
    outer loop
      vertex 72.0149 55.1887 5.55585
      vertex 72.3125 50.3113 6.38744
      vertex 72.0149 50.3113 5.55585
    endloop
  endfacet
  facet normal 0 0 -1
    outer loop
      vertex 49.7 36 1.90735e-07
      vertex 52.7 50.3113 1.90735e-07
      vertex 52.7 39 1.90735e-07
    endloop
  endfacet
  facet normal 0 0 -1
    outer loop
      vertex 0.299999 36 1.90735e-07
      vertex 52.7 50.3113 1.90735e-07
      vertex 49.7 36 1.90735e-07
    endloop
  endfacet
  facet normal 0 0 -1
    outer loop
      vertex 49.7 36 1.90735e-07
      vertex 52.7 39 1.90735e-07
      vertex 52.6743 38.6084 1.90735e-07
    endloop
  endfacet
  facet normal -0 0 -1
    outer loop
      vertex 52.7 50.3113 1.90735e-07
      vertex 0.299999 36 1.90735e-07
      vertex 52.7 55.1887 1.90735e-07
    endloop
  endfacet
  facet normal 0 0 -1
    outer loop
      vertex 49.7 36 1.90735e-07
      vertex 52.6743 38.6084 1.90735e-07
      vertex 52.5978 38.2235 1.90735e-07
    endloop
  endfacet
  facet normal 0 0 -1
    outer loop
      vertex 52.7 55.1887 1.90735e-07
      vertex 49.7 69.5 1.90735e-07
      vertex 52.7 66.5 1.90735e-07
    endloop
  endfacet
  facet normal 0 0 -1
    outer loop
      vertex 49.7 36 1.90735e-07
      vertex 52.5978 38.2235 1.90735e-07
      vertex 52.4716 37.852 1.90735e-07
    endloop
  endfacet
  facet normal 0 0 -1
    outer loop
      vertex 52.7 66.5 1.90735e-07
      vertex 49.7 69.5 1.90735e-07
      vertex 52.6743 66.8916 1.90735e-07
    endloop
  endfacet
  facet normal 0 0 -1
    outer loop
      vertex 49.7 36 1.90735e-07
      vertex 52.4716 37.852 1.90735e-07
      vertex 52.2981 37.5 1.90735e-07
    endloop
  endfacet
  facet normal 0 0 -1
    outer loop
      vertex 52.6743 66.8916 1.90735e-07
      vertex 49.7 69.5 1.90735e-07
      vertex 52.5978 67.2765 1.90735e-07
    endloop
  endfacet
  facet normal 0 0 -1
    outer loop
      vertex 49.7 36 1.90735e-07
      vertex 52.2981 37.5 1.90735e-07
      vertex 52.0801 37.1737 1.90735e-07
    endloop
  endfacet
  facet normal 0 0 -1
    outer loop
      vertex 52.5978 67.2765 1.90735e-07
      vertex 49.7 69.5 1.90735e-07
      vertex 52.4716 67.648 1.90735e-07
    endloop
  endfacet
  facet normal 0 0 -1
    outer loop
      vertex 49.7 36 1.90735e-07
      vertex 52.0801 37.1737 1.90735e-07
      vertex 51.8213 36.8787 1.90735e-07
    endloop
  endfacet
  facet normal 0 0 -1
    outer loop
      vertex 52.4716 67.648 1.90735e-07
      vertex 49.7 69.5 1.90735e-07
      vertex 52.2981 68 1.90735e-07
    endloop
  endfacet
  facet normal 0 0 -1
    outer loop
      vertex 49.7 36 1.90735e-07
      vertex 51.8213 36.8787 1.90735e-07
      vertex 51.5263 36.6199 1.90735e-07
    endloop
  endfacet
  facet normal 0 0 -1
    outer loop
      vertex 52.2981 68 1.90735e-07
      vertex 49.7 69.5 1.90735e-07
      vertex 52.0801 68.3263 1.90735e-07
    endloop
  endfacet
  facet normal 0 0 -1
    outer loop
      vertex 49.7 36 1.90735e-07
      vertex 51.5263 36.6199 1.90735e-07
      vertex 51.2 36.4019 1.90735e-07
    endloop
  endfacet
  facet normal 0 0 -1
    outer loop
      vertex 52.0801 68.3263 1.90735e-07
      vertex 49.7 69.5 1.90735e-07
      vertex 51.8213 68.6213 1.90735e-07
    endloop
  endfacet
  facet normal 0 0 -1
    outer loop
      vertex 49.7 36 1.90735e-07
      vertex 51.2 36.4019 1.90735e-07
      vertex 50.848 36.2284 1.90735e-07
    endloop
  endfacet
  facet normal 0 0 -1
    outer loop
      vertex 51.8213 68.6213 1.90735e-07
      vertex 49.7 69.5 1.90735e-07
      vertex 51.5263 68.8801 1.90735e-07
    endloop
  endfacet
  facet normal 0 0 -1
    outer loop
      vertex 49.7 36 1.90735e-07
      vertex 50.848 36.2284 1.90735e-07
      vertex 50.4765 36.1022 1.90735e-07
    endloop
  endfacet
  facet normal 0 0 -1
    outer loop
      vertex 51.5263 68.8801 1.90735e-07
      vertex 49.7 69.5 1.90735e-07
      vertex 51.2 69.0981 1.90735e-07
    endloop
  endfacet
  facet normal 0 0 -1
    outer loop
      vertex 49.7 36 1.90735e-07
      vertex 50.4765 36.1022 1.90735e-07
      vertex 50.0916 36.0257 1.90735e-07
    endloop
  endfacet
  facet normal 0 0 -1
    outer loop
      vertex 51.2 69.0981 1.90735e-07
      vertex 49.7 69.5 1.90735e-07
      vertex 50.848 69.2716 1.90735e-07
    endloop
  endfacet
  facet normal 0 0 -1
    outer loop
      vertex 50.848 69.2716 1.90735e-07
      vertex 49.7 69.5 1.90735e-07
      vertex 50.4765 69.3978 1.90735e-07
    endloop
  endfacet
  facet normal 0 0 -1
    outer loop
      vertex 50.4765 69.3978 1.90735e-07
      vertex 49.7 69.5 1.90735e-07
      vertex 50.0916 69.4743 1.90735e-07
    endloop
  endfacet
  facet normal 0 0 -1
    outer loop
      vertex 0.299999 69.5 1.90735e-07
      vertex 52.7 55.1887 1.90735e-07
      vertex 0.299999 36 1.90735e-07
    endloop
  endfacet
  facet normal 0 0 -1
    outer loop
      vertex 52.7 55.1887 1.90735e-07
      vertex 0.299999 69.5 1.90735e-07
      vertex 49.7 69.5 1.90735e-07
    endloop
  endfacet
  facet normal 0 0 -1
    outer loop
      vertex -2.7 39 1.90735e-07
      vertex 0.299999 36 1.90735e-07
      vertex -0.0915785 36.0257 1.90735e-07
    endloop
  endfacet
  facet normal 0 0 -1
    outer loop
      vertex 0.299999 36 1.90735e-07
      vertex -2.7 39 1.90735e-07
      vertex 0.299999 69.5 1.90735e-07
    endloop
  endfacet
  facet normal 0 0 -1
    outer loop
      vertex -2.7 39 1.90735e-07
      vertex -0.0915785 36.0257 1.90735e-07
      vertex -0.476457 36.1022 1.90735e-07
    endloop
  endfacet
  facet normal 0 0 -1
    outer loop
      vertex -2.7 66.5 1.90735e-07
      vertex 0.299999 69.5 1.90735e-07
      vertex -2.7 39 1.90735e-07
    endloop
  endfacet
  facet normal 0 0 -1
    outer loop
      vertex -2.7 39 1.90735e-07
      vertex -0.476457 36.1022 1.90735e-07
      vertex -0.84805 36.2284 1.90735e-07
    endloop
  endfacet
  facet normal 0 0 -1
    outer loop
      vertex 0.299999 69.5 1.90735e-07
      vertex -2.7 66.5 1.90735e-07
      vertex -0.0915785 69.4743 1.90735e-07
    endloop
  endfacet
  facet normal 0 0 -1
    outer loop
      vertex -2.7 39 1.90735e-07
      vertex -0.84805 36.2284 1.90735e-07
      vertex -1.2 36.4019 1.90735e-07
    endloop
  endfacet
  facet normal 0 0 -1
    outer loop
      vertex -0.0915785 69.4743 1.90735e-07
      vertex -2.7 66.5 1.90735e-07
      vertex -0.476457 69.3978 1.90735e-07
    endloop
  endfacet
  facet normal 0 0 -1
    outer loop
      vertex -2.7 39 1.90735e-07
      vertex -1.2 36.4019 1.90735e-07
      vertex -1.52628 36.6199 1.90735e-07
    endloop
  endfacet
  facet normal 0 0 -1
    outer loop
      vertex -0.476457 69.3978 1.90735e-07
      vertex -2.7 66.5 1.90735e-07
      vertex -0.84805 69.2716 1.90735e-07
    endloop
  endfacet
  facet normal 0 0 -1
    outer loop
      vertex -2.7 39 1.90735e-07
      vertex -1.52628 36.6199 1.90735e-07
      vertex -1.82132 36.8787 1.90735e-07
    endloop
  endfacet
  facet normal 0 0 -1
    outer loop
      vertex -0.84805 69.2716 1.90735e-07
      vertex -2.7 66.5 1.90735e-07
      vertex -1.2 69.0981 1.90735e-07
    endloop
  endfacet
  facet normal 0 0 -1
    outer loop
      vertex -2.7 39 1.90735e-07
      vertex -1.82132 36.8787 1.90735e-07
      vertex -2.08006 37.1737 1.90735e-07
    endloop
  endfacet
  facet normal 0 0 -1
    outer loop
      vertex -1.2 69.0981 1.90735e-07
      vertex -2.7 66.5 1.90735e-07
      vertex -1.52628 68.8801 1.90735e-07
    endloop
  endfacet
  facet normal 0 0 -1
    outer loop
      vertex -2.7 39 1.90735e-07
      vertex -2.08006 37.1737 1.90735e-07
      vertex -2.29808 37.5 1.90735e-07
    endloop
  endfacet
  facet normal 0 0 -1
    outer loop
      vertex -1.52628 68.8801 1.90735e-07
      vertex -2.7 66.5 1.90735e-07
      vertex -1.82132 68.6213 1.90735e-07
    endloop
  endfacet
  facet normal 0 0 -1
    outer loop
      vertex -2.7 39 1.90735e-07
      vertex -2.29808 37.5 1.90735e-07
      vertex -2.47164 37.852 1.90735e-07
    endloop
  endfacet
  facet normal 0 0 -1
    outer loop
      vertex -1.82132 68.6213 1.90735e-07
      vertex -2.7 66.5 1.90735e-07
      vertex -2.08006 68.3263 1.90735e-07
    endloop
  endfacet
  facet normal 0 0 -1
    outer loop
      vertex -2.7 39 1.90735e-07
      vertex -2.47164 37.852 1.90735e-07
      vertex -2.59778 38.2235 1.90735e-07
    endloop
  endfacet
  facet normal 0 0 -1
    outer loop
      vertex -2.08006 68.3263 1.90735e-07
      vertex -2.7 66.5 1.90735e-07
      vertex -2.29808 68 1.90735e-07
    endloop
  endfacet
  facet normal 0 0 -1
    outer loop
      vertex -2.7 39 1.90735e-07
      vertex -2.59778 38.2235 1.90735e-07
      vertex -2.67433 38.6084 1.90735e-07
    endloop
  endfacet
  facet normal 0 0 -1
    outer loop
      vertex -2.29808 68 1.90735e-07
      vertex -2.7 66.5 1.90735e-07
      vertex -2.47164 67.648 1.90735e-07
    endloop
  endfacet
  facet normal 0 0 -1
    outer loop
      vertex -2.47164 67.648 1.90735e-07
      vertex -2.7 66.5 1.90735e-07
      vertex -2.59778 67.2765 1.90735e-07
    endloop
  endfacet
  facet normal 0 0 -1
    outer loop
      vertex -2.59778 67.2765 1.90735e-07
      vertex -2.7 66.5 1.90735e-07
      vertex -2.67433 66.8916 1.90735e-07
    endloop
  endfacet
  facet normal 0 0 -1
    outer loop
      vertex 52.7 50.3113 1.90735e-07
      vertex 63.7 55.1887 1.90735e-07
      vertex 63.7 50.3113 1.90735e-07
    endloop
  endfacet
  facet normal -0 0 -1
    outer loop
      vertex 63.7 55.1887 1.90735e-07
      vertex 52.7 50.3113 1.90735e-07
      vertex 52.7 55.1887 1.90735e-07
    endloop
  endfacet
  facet normal -1 0 0
    outer loop
      vertex 53.2 50.3113 4.2
      vertex 53.2 55.1887 9
      vertex 53.2 55.1887 4.2
    endloop
  endfacet
  facet normal -1 -0 0
    outer loop
      vertex 53.2 55.1887 9
      vertex 53.2 50.3113 4.2
      vertex 53.2 50.3113 9
    endloop
  endfacet
  facet normal -0.856226 0 0.516602
    outer loop
      vertex 53.2 50.3113 9
      vertex 56.2168 55.1887 14.0001
      vertex 53.2 55.1887 9
    endloop
  endfacet
  facet normal -0.856226 0 0.516602
    outer loop
      vertex 56.2168 55.1887 14.0001
      vertex 53.2 50.3113 9
      vertex 56.2168 50.3113 14.0001
    endloop
  endfacet
  facet normal 0.74101 -0 0.671494
    outer loop
      vertex 70.064 50.3113 15.364
      vertex 70.6571 55.1887 14.7095
      vertex 70.064 55.1887 15.364
    endloop
  endfacet
  facet normal 0.74101 0 0.671494
    outer loop
      vertex 70.6571 55.1887 14.7095
      vertex 70.064 50.3113 15.364
      vertex 70.6571 50.3113 14.7095
    endloop
  endfacet
  facet normal 0.427521 0 -0.904006
    outer loop
      vertex 67.1441 50.3113 0.685085
      vertex 67.9426 55.1887 1.06271
      vertex 67.9426 50.3113 1.06271
    endloop
  endfacet
  facet normal 0.427521 0 -0.904006
    outer loop
      vertex 67.9426 55.1887 1.06271
      vertex 67.1441 50.3113 0.685085
      vertex 67.1441 55.1887 0.685085
    endloop
  endfacet
  facet normal 0.671494 0 0.74101
    outer loop
      vertex 69.4095 55.1887 15.9571
      vertex 70.064 50.3113 15.364
      vertex 70.064 55.1887 15.364
    endloop
  endfacet
  facet normal 0.671494 0 0.74101
    outer loop
      vertex 70.064 50.3113 15.364
      vertex 69.4095 55.1887 15.9571
      vertex 69.4095 50.3113 15.9571
    endloop
  endfacet
  facet normal 0.336975 0 0.941514
    outer loop
      vertex 66.3126 55.1887 17.6125
      vertex 67.1441 50.3113 17.3149
      vertex 67.1441 55.1887 17.3149
    endloop
  endfacet
  facet normal 0.336975 0 0.941514
    outer loop
      vertex 67.1441 50.3113 17.3149
      vertex 66.3126 55.1887 17.6125
      vertex 66.3126 50.3113 17.6125
    endloop
  endfacet
  facet normal 0.904 0 -0.427532
    outer loop
      vertex 72.0149 50.3113 5.55585
      vertex 71.6373 55.1887 4.75743
      vertex 72.0149 55.1887 5.55585
    endloop
  endfacet
  facet normal 0.904 0 -0.427532
    outer loop
      vertex 71.6373 55.1887 4.75743
      vertex 72.0149 50.3113 5.55585
      vertex 71.6373 50.3113 4.75743
    endloop
  endfacet
  facet normal 0.14674 0 -0.989175
    outer loop
      vertex 64.5822 50.3113 0.043338
      vertex 65.4558 55.1887 0.172933
      vertex 65.4558 50.3113 0.172933
    endloop
  endfacet
  facet normal 0.14674 0 -0.989175
    outer loop
      vertex 65.4558 55.1887 0.172933
      vertex 64.5822 50.3113 0.043338
      vertex 64.5822 55.1887 0.043338
    endloop
  endfacet
  facet normal 0.0490655 0 -0.998796
    outer loop
      vertex 63.7 50.3113 1.90735e-07
      vertex 64.5822 55.1887 0.043338
      vertex 64.5822 50.3113 0.043338
    endloop
  endfacet
  facet normal 0.0490655 0 -0.998796
    outer loop
      vertex 64.5822 55.1887 0.043338
      vertex 63.7 50.3113 1.90735e-07
      vertex 63.7 55.1887 1.90735e-07
    endloop
  endfacet
  facet normal 0 1 0
    outer loop
      vertex 63.7 55.1887 17.6
      vertex 63.7 55.1887 18
      vertex 64.5822 55.1887 17.9567
    endloop
  endfacet
  facet normal 0 1 0
    outer loop
      vertex 65.9258 55.1887 17.307
      vertex 64.5822 55.1887 17.9567
      vertex 65.4558 55.1887 17.8271
    endloop
  endfacet
  facet normal 0 1 0
    outer loop
      vertex 63.7 55.1887 18
      vertex 63.7 55.1887 17.6
      vertex 62.8178 55.1887 17.9567
    endloop
  endfacet
  facet normal 0 1 -0
    outer loop
      vertex 65.9258 55.1887 17.307
      vertex 65.4558 55.1887 17.8271
      vertex 66.3126 55.1887 17.6125
    endloop
  endfacet
  facet normal 0 1 0
    outer loop
      vertex 61.4742 55.1887 17.307
      vertex 62.8178 55.1887 17.9567
      vertex 63.7 55.1887 17.6
    endloop
  endfacet
  facet normal 0 1 0
    outer loop
      vertex 62.8178 55.1887 17.9567
      vertex 61.4742 55.1887 17.307
      vertex 61.9442 55.1887 17.8271
    endloop
  endfacet
  facet normal 0 1 0
    outer loop
      vertex 65.9258 55.1887 17.307
      vertex 66.3126 55.1887 17.6125
      vertex 67.1441 55.1887 17.3149
    endloop
  endfacet
  facet normal 0 1 0
    outer loop
      vertex 64.5822 55.1887 17.9567
      vertex 65.9258 55.1887 17.307
      vertex 63.7 55.1887 17.6
    endloop
  endfacet
  facet normal 0 1 0
    outer loop
      vertex 68 55.1887 16.4478
      vertex 67.1441 55.1887 17.3149
      vertex 67.9426 55.1887 16.9373
    endloop
  endfacet
  facet normal 0 1 -0
    outer loop
      vertex 68 55.1887 16.4478
      vertex 67.9426 55.1887 16.9373
      vertex 68.7001 55.1887 16.4832
    endloop
  endfacet
  facet normal 0 1 0
    outer loop
      vertex 67.1441 55.1887 17.3149
      vertex 68 55.1887 16.4478
      vertex 65.9258 55.1887 17.307
    endloop
  endfacet
  facet normal 0 1 0
    outer loop
      vertex 68.7001 55.1887 16.4832
      vertex 68.1878 55.1887 16.3037
      vertex 68 55.1887 16.4478
    endloop
  endfacet
  facet normal 0 1 0
    outer loop
      vertex 69.4095 55.1887 15.9571
      vertex 68.1878 55.1887 16.3037
      vertex 68.7001 55.1887 16.4832
    endloop
  endfacet
  facet normal 0 1 -0
    outer loop
      vertex 69.5933 55.1887 15.2252
      vertex 69.4095 55.1887 15.9571
      vertex 70.064 55.1887 15.364
    endloop
  endfacet
  facet normal 0 1 0
    outer loop
      vertex 69.4095 55.1887 15.9571
      vertex 69.5933 55.1887 15.2252
      vertex 68.1878 55.1887 16.3037
    endloop
  endfacet
  facet normal 0 1 0
    outer loop
      vertex 70.064 55.1887 15.364
      vertex 69.7811 55.1887 15.0811
      vertex 69.5933 55.1887 15.2252
    endloop
  endfacet
  facet normal 0 1 0
    outer loop
      vertex 70.064 55.1887 15.364
      vertex 69.9252 55.1887 14.8933
      vertex 69.7811 55.1887 15.0811
    endloop
  endfacet
  facet normal 0 1 0
    outer loop
      vertex 70.6571 55.1887 14.7095
      vertex 69.9252 55.1887 14.8933
      vertex 70.064 55.1887 15.364
    endloop
  endfacet
  facet normal 0 1 -0
    outer loop
      vertex 71.0037 55.1887 13.4878
      vertex 70.6571 55.1887 14.7095
      vertex 71.1832 55.1887 14.0001
    endloop
  endfacet
  facet normal 0 1 0
    outer loop
      vertex 70.6571 55.1887 14.7095
      vertex 71.0037 55.1887 13.4878
      vertex 69.9252 55.1887 14.8933
    endloop
  endfacet
  facet normal 0 1 0
    outer loop
      vertex 71.1832 55.1887 14.0001
      vertex 71.1478 55.1887 13.3
      vertex 71.0037 55.1887 13.4878
    endloop
  endfacet
  facet normal 0 1 0
    outer loop
      vertex 71.6373 55.1887 13.2426
      vertex 71.1478 55.1887 13.3
      vertex 71.1832 55.1887 14.0001
    endloop
  endfacet
  facet normal 0 1 0
    outer loop
      vertex 72.0149 55.1887 12.4441
      vertex 71.1478 55.1887 13.3
      vertex 71.6373 55.1887 13.2426
    endloop
  endfacet
  facet normal 0 1 0
    outer loop
      vertex 72.007 55.1887 11.2258
      vertex 72.0149 55.1887 12.4441
      vertex 72.3125 55.1887 11.6126
    endloop
  endfacet
  facet normal 0 1 0
    outer loop
      vertex 72.0149 55.1887 12.4441
      vertex 72.007 55.1887 11.2258
      vertex 71.1478 55.1887 13.3
    endloop
  endfacet
  facet normal 0 1 0
    outer loop
      vertex 72.5271 55.1887 10.7558
      vertex 72.007 55.1887 11.2258
      vertex 72.3125 55.1887 11.6126
    endloop
  endfacet
  facet normal 0 1 0
    outer loop
      vertex 72.6567 55.1887 9.88215
      vertex 72.007 55.1887 11.2258
      vertex 72.5271 55.1887 10.7558
    endloop
  endfacet
  facet normal 0 1 0
    outer loop
      vertex 72.6567 55.1887 9.88215
      vertex 72.3 55.1887 9
      vertex 72.007 55.1887 11.2258
    endloop
  endfacet
  facet normal 0 1 0
    outer loop
      vertex 72.7 55.1887 9
      vertex 72.3 55.1887 9
      vertex 72.6567 55.1887 9.88215
    endloop
  endfacet
  facet normal 0 1 -0
    outer loop
      vertex 72.6567 55.1887 8.11785
      vertex 72.3 55.1887 9
      vertex 72.7 55.1887 9
    endloop
  endfacet
  facet normal 0 1 0
    outer loop
      vertex 72.007 55.1887 6.77416
      vertex 72.6567 55.1887 8.11785
      vertex 72.5271 55.1887 7.24419
    endloop
  endfacet
  facet normal 0 1 0
    outer loop
      vertex 72.6567 55.1887 8.11785
      vertex 72.007 55.1887 6.77416
      vertex 72.3 55.1887 9
    endloop
  endfacet
  facet normal 0 1 -0
    outer loop
      vertex 72.3125 55.1887 6.38744
      vertex 72.007 55.1887 6.77416
      vertex 72.5271 55.1887 7.24419
    endloop
  endfacet
  facet normal 0 1 -0
    outer loop
      vertex 72.0149 55.1887 5.55585
      vertex 72.007 55.1887 6.77416
      vertex 72.3125 55.1887 6.38744
    endloop
  endfacet
  facet normal 0 1 0
    outer loop
      vertex 71.1478 55.1887 4.7
      vertex 72.0149 55.1887 5.55585
      vertex 71.6373 55.1887 4.75743
    endloop
  endfacet
  facet normal 0 1 0
    outer loop
      vertex 72.0149 55.1887 5.55585
      vertex 71.1478 55.1887 4.7
      vertex 72.007 55.1887 6.77416
    endloop
  endfacet
  facet normal 0 1 -0
    outer loop
      vertex 71.1832 55.1887 3.99987
      vertex 71.1478 55.1887 4.7
      vertex 71.6373 55.1887 4.75743
    endloop
  endfacet
  facet normal 0 1 0
    outer loop
      vertex 71.1478 55.1887 4.7
      vertex 71.1832 55.1887 3.99987
      vertex 71.0037 55.1887 4.51219
    endloop
  endfacet
  facet normal 0 1 0
    outer loop
      vertex 70.6571 55.1887 3.29046
      vertex 71.0037 55.1887 4.51219
      vertex 71.1832 55.1887 3.99987
    endloop
  endfacet
  facet normal 0 1 -0
    outer loop
      vertex 70.6571 55.1887 3.29046
      vertex 69.9252 55.1887 3.10669
      vertex 71.0037 55.1887 4.51219
    endloop
  endfacet
  facet normal 0 1 -0
    outer loop
      vertex 70.064 55.1887 2.63604
      vertex 69.9252 55.1887 3.10669
      vertex 70.6571 55.1887 3.29046
    endloop
  endfacet
  facet normal 0 1 0
    outer loop
      vertex 69.9252 55.1887 3.10669
      vertex 70.064 55.1887 2.63604
      vertex 69.7811 55.1887 2.91888
    endloop
  endfacet
  facet normal 0 1 0
    outer loop
      vertex 69.7811 55.1887 2.91888
      vertex 70.064 55.1887 2.63604
      vertex 69.5933 55.1887 2.77477
    endloop
  endfacet
  facet normal 0 1 0
    outer loop
      vertex 69.4095 55.1887 2.04291
      vertex 69.5933 55.1887 2.77477
      vertex 70.064 55.1887 2.63604
    endloop
  endfacet
  facet normal 0 1 -0
    outer loop
      vertex 69.4095 55.1887 2.04291
      vertex 68.1878 55.1887 1.6963
      vertex 69.5933 55.1887 2.77477
    endloop
  endfacet
  facet normal 0 1 -0
    outer loop
      vertex 68.7001 55.1887 1.51677
      vertex 68.1878 55.1887 1.6963
      vertex 69.4095 55.1887 2.04291
    endloop
  endfacet
  facet normal 0 1 0
    outer loop
      vertex 68.1878 55.1887 1.6963
      vertex 68.7001 55.1887 1.51677
      vertex 68 55.1887 1.55218
    endloop
  endfacet
  facet normal 0 1 0
    outer loop
      vertex 67.9426 55.1887 1.06271
      vertex 68 55.1887 1.55218
      vertex 68.7001 55.1887 1.51677
    endloop
  endfacet
  facet normal 0 1 0
    outer loop
      vertex 67.1441 55.1887 0.685085
      vertex 68 55.1887 1.55218
      vertex 67.9426 55.1887 1.06271
    endloop
  endfacet
  facet normal 0 1 0
    outer loop
      vertex 68 55.1887 1.55218
      vertex 67.1441 55.1887 0.685085
      vertex 65.9258 55.1887 0.693038
    endloop
  endfacet
  facet normal 0 1 -0
    outer loop
      vertex 66.3126 55.1887 0.387537
      vertex 65.9258 55.1887 0.693038
      vertex 67.1441 55.1887 0.685085
    endloop
  endfacet
  facet normal 0 1 0
    outer loop
      vertex 65.4558 55.1887 0.172933
      vertex 65.9258 55.1887 0.693038
      vertex 66.3126 55.1887 0.387537
    endloop
  endfacet
  facet normal 0 1 0
    outer loop
      vertex 61.9442 55.1887 17.8271
      vertex 61.4742 55.1887 17.307
      vertex 61.0874 55.1887 17.6125
    endloop
  endfacet
  facet normal 0 1 0
    outer loop
      vertex 61.0874 55.1887 17.6125
      vertex 61.4742 55.1887 17.307
      vertex 60.2558 55.1887 17.3149
    endloop
  endfacet
  facet normal 0 1 0
    outer loop
      vertex 59.4 55.1887 16.4478
      vertex 60.2558 55.1887 17.3149
      vertex 61.4742 55.1887 17.307
    endloop
  endfacet
  facet normal 0 1 0
    outer loop
      vertex 60.2558 55.1887 17.3149
      vertex 59.4 55.1887 16.4478
      vertex 59.4574 55.1887 16.9373
    endloop
  endfacet
  facet normal 0 1 0
    outer loop
      vertex 59.4574 55.1887 16.9373
      vertex 59.4 55.1887 16.4478
      vertex 58.6999 55.1887 16.4832
    endloop
  endfacet
  facet normal 0 1 -0
    outer loop
      vertex 59.2122 55.1887 16.3037
      vertex 58.6999 55.1887 16.4832
      vertex 59.4 55.1887 16.4478
    endloop
  endfacet
  facet normal 0 1 0
    outer loop
      vertex 59.2122 55.1887 16.3037
      vertex 57.9905 55.1887 15.9571
      vertex 58.6999 55.1887 16.4832
    endloop
  endfacet
  facet normal 0 1 0
    outer loop
      vertex 57.8067 55.1887 15.2252
      vertex 57.9905 55.1887 15.9571
      vertex 59.2122 55.1887 16.3037
    endloop
  endfacet
  facet normal 0 1 0
    outer loop
      vertex 57.9905 55.1887 15.9571
      vertex 57.8067 55.1887 15.2252
      vertex 57.336 55.1887 15.364
    endloop
  endfacet
  facet normal 0 1 -0
    outer loop
      vertex 57.6189 55.1887 15.0811
      vertex 57.336 55.1887 15.364
      vertex 57.8067 55.1887 15.2252
    endloop
  endfacet
  facet normal 0 1 -0
    outer loop
      vertex 57.4748 55.1887 14.8933
      vertex 57.336 55.1887 15.364
      vertex 57.6189 55.1887 15.0811
    endloop
  endfacet
  facet normal 0 1 0
    outer loop
      vertex 57.4748 55.1887 14.8933
      vertex 56.7429 55.1887 14.7095
      vertex 57.336 55.1887 15.364
    endloop
  endfacet
  facet normal 0 1 0
    outer loop
      vertex 56.3963 55.1887 13.4878
      vertex 56.7429 55.1887 14.7095
      vertex 57.4748 55.1887 14.8933
    endloop
  endfacet
  facet normal 0 1 0
    outer loop
      vertex 56.7429 55.1887 14.7095
      vertex 56.3963 55.1887 13.4878
      vertex 56.2168 55.1887 14.0001
    endloop
  endfacet
  facet normal 0 1 -0
    outer loop
      vertex 56.2522 55.1887 13.3
      vertex 56.2168 55.1887 14.0001
      vertex 56.3963 55.1887 13.4878
    endloop
  endfacet
  facet normal 0 1 0
    outer loop
      vertex 55.393 55.1887 11.2258
      vertex 56.2168 55.1887 14.0001
      vertex 56.2522 55.1887 13.3
    endloop
  endfacet
  facet normal 0 1 -0
    outer loop
      vertex 55.393 55.1887 11.2258
      vertex 53.2 55.1887 9
      vertex 56.2168 55.1887 14.0001
    endloop
  endfacet
  facet normal 0 1 -0
    outer loop
      vertex 55.1 55.1887 9
      vertex 53.2 55.1887 9
      vertex 55.393 55.1887 11.2258
    endloop
  endfacet
  facet normal 0 1 0
    outer loop
      vertex 55.393 55.1887 6.77416
      vertex 53.2 55.1887 9
      vertex 55.1 55.1887 9
    endloop
  endfacet
  facet normal 0 1 0
    outer loop
      vertex 53.2 55.1887 4.2
      vertex 55.393 55.1887 6.77416
      vertex 56.2522 55.1887 4.7
    endloop
  endfacet
  facet normal 0 1 0
    outer loop
      vertex 55.393 55.1887 6.77416
      vertex 53.2 55.1887 4.2
      vertex 53.2 55.1887 9
    endloop
  endfacet
  facet normal 0 1 0
    outer loop
      vertex 56.3963 55.1887 4.51219
      vertex 53.2 55.1887 4.2
      vertex 56.2522 55.1887 4.7
    endloop
  endfacet
  facet normal 0 1 0
    outer loop
      vertex 57.4748 55.1887 3.10669
      vertex 53.2 55.1887 4.2
      vertex 56.3963 55.1887 4.51219
    endloop
  endfacet
  facet normal 0 1 0
    outer loop
      vertex 52.7 55.1887 1.90735e-07
      vertex 53.2 55.1887 4.2
      vertex 57.4748 55.1887 3.10669
    endloop
  endfacet
  facet normal 0 1 0
    outer loop
      vertex 52.7 55.1887 1.90735e-07
      vertex 57.4748 55.1887 3.10669
      vertex 57.6189 55.1887 2.91888
    endloop
  endfacet
  facet normal 0 1 0
    outer loop
      vertex 52.7 55.1887 1.90735e-07
      vertex 57.6189 55.1887 2.91888
      vertex 57.8067 55.1887 2.77477
    endloop
  endfacet
  facet normal 0 1 0
    outer loop
      vertex 52.7 55.1887 1.90735e-07
      vertex 57.8067 55.1887 2.77477
      vertex 59.2122 55.1887 1.6963
    endloop
  endfacet
  facet normal 0 1 0
    outer loop
      vertex 52.7 55.1887 1.90735e-07
      vertex 59.2122 55.1887 1.6963
      vertex 59.4 55.1887 1.55218
    endloop
  endfacet
  facet normal 0 1 0
    outer loop
      vertex 52.7 55.1887 1.90735e-07
      vertex 59.4 55.1887 1.55218
      vertex 61.4742 55.1887 0.693038
    endloop
  endfacet
  facet normal 0 1 0
    outer loop
      vertex 64.5822 55.1887 0.043338
      vertex 65.9258 55.1887 0.693038
      vertex 65.4558 55.1887 0.172933
    endloop
  endfacet
  facet normal 0 1 0
    outer loop
      vertex 65.9258 55.1887 0.693038
      vertex 64.5822 55.1887 0.043338
      vertex 63.7 55.1887 0.400001
    endloop
  endfacet
  facet normal 0 1 0
    outer loop
      vertex 63.7 55.1887 1.90735e-07
      vertex 63.7 55.1887 0.400001
      vertex 64.5822 55.1887 0.043338
    endloop
  endfacet
  facet normal 0 1 0
    outer loop
      vertex 63.7 55.1887 0.400001
      vertex 63.7 55.1887 1.90735e-07
      vertex 61.4742 55.1887 0.693038
    endloop
  endfacet
  facet normal 0 1 0
    outer loop
      vertex 53.2 55.1887 4.2
      vertex 52.7 55.1887 1.90735e-07
      vertex 52.7 55.1887 4.2
    endloop
  endfacet
  facet normal 0 1 0
    outer loop
      vertex 52.7 55.1887 1.90735e-07
      vertex 61.4742 55.1887 0.693038
      vertex 63.7 55.1887 1.90735e-07
    endloop
  endfacet
  facet normal 0.336923 0 -0.941532
    outer loop
      vertex 66.3126 50.3113 0.387537
      vertex 67.1441 55.1887 0.685085
      vertex 67.1441 50.3113 0.685085
    endloop
  endfacet
  facet normal 0.336923 0 -0.941532
    outer loop
      vertex 67.1441 55.1887 0.685085
      vertex 66.3126 50.3113 0.387537
      vertex 66.3126 55.1887 0.387537
    endloop
  endfacet
  facet normal -0.59568 0 0.803222
    outer loop
      vertex 57.9905 55.1887 15.9571
      vertex 58.6999 50.3113 16.4832
      vertex 58.6999 55.1887 16.4832
    endloop
  endfacet
  facet normal -0.59568 0 0.803222
    outer loop
      vertex 58.6999 50.3113 16.4832
      vertex 57.9905 55.1887 15.9571
      vertex 57.9905 50.3113 15.9571
    endloop
  endfacet
  facet normal -0.427541 0 0.903996
    outer loop
      vertex 59.4574 55.1887 16.9373
      vertex 60.2558 50.3113 17.3149
      vertex 60.2558 55.1887 17.3149
    endloop
  endfacet
  facet normal -0.427541 0 0.903996
    outer loop
      vertex 60.2558 50.3113 17.3149
      vertex 59.4574 55.1887 16.9373
      vertex 59.4574 50.3113 16.9373
    endloop
  endfacet
  facet normal -0.242962 0 0.970036
    outer loop
      vertex 61.0874 55.1887 17.6125
      vertex 61.9442 50.3113 17.8271
      vertex 61.9442 55.1887 17.8271
    endloop
  endfacet
  facet normal -0.242962 0 0.970036
    outer loop
      vertex 61.9442 50.3113 17.8271
      vertex 61.0874 55.1887 17.6125
      vertex 61.0874 50.3113 17.6125
    endloop
  endfacet
  facet normal -0.0490228 0 0.998798
    outer loop
      vertex 62.8178 55.1887 17.9567
      vertex 63.7 50.3113 18
      vertex 63.7 55.1887 18
    endloop
  endfacet
  facet normal -0.0490228 0 0.998798
    outer loop
      vertex 63.7 50.3113 18
      vertex 62.8178 55.1887 17.9567
      vertex 62.8178 50.3113 17.9567
    endloop
  endfacet
  facet normal -0.803222 0 0.59568
    outer loop
      vertex 56.2168 50.3113 14.0001
      vertex 56.7429 55.1887 14.7095
      vertex 56.2168 55.1887 14.0001
    endloop
  endfacet
  facet normal -0.803222 0 0.59568
    outer loop
      vertex 56.7429 55.1887 14.7095
      vertex 56.2168 50.3113 14.0001
      vertex 56.7429 50.3113 14.7095
    endloop
  endfacet
  facet normal -0.671494 0 0.74101
    outer loop
      vertex 57.336 55.1887 15.364
      vertex 57.9905 50.3113 15.9571
      vertex 57.9905 55.1887 15.9571
    endloop
  endfacet
  facet normal -0.671494 0 0.74101
    outer loop
      vertex 57.9905 50.3113 15.9571
      vertex 57.336 55.1887 15.364
      vertex 57.336 50.3113 15.364
    endloop
  endfacet
  facet normal 0.514163 0 0.857693
    outer loop
      vertex 67.9426 55.1887 16.9373
      vertex 68.7001 50.3113 16.4832
      vertex 68.7001 55.1887 16.4832
    endloop
  endfacet
  facet normal 0.514163 0 0.857693
    outer loop
      vertex 68.7001 50.3113 16.4832
      vertex 67.9426 55.1887 16.9373
      vertex 67.9426 50.3113 16.9373
    endloop
  endfacet
  facet normal 0.427497 0 0.904017
    outer loop
      vertex 67.1441 55.1887 17.3149
      vertex 67.9426 50.3113 16.9373
      vertex 67.9426 55.1887 16.9373
    endloop
  endfacet
  facet normal 0.427497 0 0.904017
    outer loop
      vertex 67.9426 50.3113 16.9373
      vertex 67.1441 55.1887 17.3149
      vertex 67.1441 50.3113 17.3149
    endloop
  endfacet
  facet normal 0.59568 0 0.803222
    outer loop
      vertex 68.7001 55.1887 16.4832
      vertex 69.4095 50.3113 15.9571
      vertex 69.4095 55.1887 15.9571
    endloop
  endfacet
  facet normal 0.59568 0 0.803222
    outer loop
      vertex 69.4095 50.3113 15.9571
      vertex 68.7001 55.1887 16.4832
      vertex 68.7001 50.3113 16.4832
    endloop
  endfacet
  facet normal 0.0490228 0 0.998798
    outer loop
      vertex 63.7 55.1887 18
      vertex 64.5822 50.3113 17.9567
      vertex 64.5822 55.1887 17.9567
    endloop
  endfacet
  facet normal 0.0490228 0 0.998798
    outer loop
      vertex 64.5822 50.3113 17.9567
      vertex 63.7 55.1887 18
      vertex 63.7 50.3113 18
    endloop
  endfacet
  facet normal 0.242962 0 0.970036
    outer loop
      vertex 65.4558 55.1887 17.8271
      vertex 66.3126 50.3113 17.6125
      vertex 66.3126 55.1887 17.6125
    endloop
  endfacet
  facet normal 0.242962 0 0.970036
    outer loop
      vertex 66.3126 50.3113 17.6125
      vertex 65.4558 55.1887 17.8271
      vertex 65.4558 50.3113 17.8271
    endloop
  endfacet
  facet normal 0.146746 0 0.989174
    outer loop
      vertex 64.5822 55.1887 17.9567
      vertex 65.4558 50.3113 17.8271
      vertex 65.4558 55.1887 17.8271
    endloop
  endfacet
  facet normal 0.146746 0 0.989174
    outer loop
      vertex 65.4558 50.3113 17.8271
      vertex 64.5822 55.1887 17.9567
      vertex 64.5822 50.3113 17.9567
    endloop
  endfacet
  facet normal 0.998798 0 -0.0490256
    outer loop
      vertex 72.7 50.3113 9
      vertex 72.6567 55.1887 8.11785
      vertex 72.7 55.1887 9
    endloop
  endfacet
  facet normal 0.998798 0 -0.0490256
    outer loop
      vertex 72.6567 55.1887 8.11785
      vertex 72.7 50.3113 9
      vertex 72.6567 50.3113 8.11785
    endloop
  endfacet
  facet normal 0.740969 0 -0.671539
    outer loop
      vertex 70.6571 50.3113 3.29046
      vertex 70.064 55.1887 2.63604
      vertex 70.6571 55.1887 3.29046
    endloop
  endfacet
  facet normal 0.740969 0 -0.671539
    outer loop
      vertex 70.064 55.1887 2.63604
      vertex 70.6571 50.3113 3.29046
      vertex 70.064 50.3113 2.63604
    endloop
  endfacet
  facet normal 0.514129 0 -0.857713
    outer loop
      vertex 67.9426 50.3113 1.06271
      vertex 68.7001 55.1887 1.51677
      vertex 68.7001 50.3113 1.51677
    endloop
  endfacet
  facet normal 0.514129 0 -0.857713
    outer loop
      vertex 68.7001 55.1887 1.51677
      vertex 67.9426 50.3113 1.06271
      vertex 67.9426 55.1887 1.06271
    endloop
  endfacet
  facet normal 0.671513 0 -0.740993
    outer loop
      vertex 69.4095 50.3113 2.04291
      vertex 70.064 55.1887 2.63604
      vertex 70.064 50.3113 2.63604
    endloop
  endfacet
  facet normal 0.671513 0 -0.740993
    outer loop
      vertex 70.064 55.1887 2.63604
      vertex 69.4095 50.3113 2.04291
      vertex 69.4095 55.1887 2.04291
    endloop
  endfacet
  facet normal -0.514163 0 0.857693
    outer loop
      vertex 58.6999 55.1887 16.4832
      vertex 59.4574 50.3113 16.9373
      vertex 59.4574 55.1887 16.9373
    endloop
  endfacet
  facet normal -0.514163 0 0.857693
    outer loop
      vertex 59.4574 50.3113 16.9373
      vertex 58.6999 55.1887 16.4832
      vertex 58.6999 50.3113 16.4832
    endloop
  endfacet
  facet normal -0.336939 0 0.941527
    outer loop
      vertex 60.2558 55.1887 17.3149
      vertex 61.0874 50.3113 17.6125
      vertex 61.0874 55.1887 17.6125
    endloop
  endfacet
  facet normal -0.336939 0 0.941527
    outer loop
      vertex 61.0874 50.3113 17.6125
      vertex 60.2558 55.1887 17.3149
      vertex 60.2558 50.3113 17.3149
    endloop
  endfacet
  facet normal -0.146746 0 0.989174
    outer loop
      vertex 61.9442 55.1887 17.8271
      vertex 62.8178 50.3113 17.9567
      vertex 62.8178 55.1887 17.9567
    endloop
  endfacet
  facet normal -0.146746 0 0.989174
    outer loop
      vertex 62.8178 50.3113 17.9567
      vertex 61.9442 55.1887 17.8271
      vertex 61.9442 50.3113 17.8271
    endloop
  endfacet
  facet normal -0.74101 0 0.671494
    outer loop
      vertex 56.7429 50.3113 14.7095
      vertex 57.336 55.1887 15.364
      vertex 56.7429 55.1887 14.7095
    endloop
  endfacet
  facet normal -0.74101 0 0.671494
    outer loop
      vertex 57.336 55.1887 15.364
      vertex 56.7429 50.3113 14.7095
      vertex 57.336 50.3113 15.364
    endloop
  endfacet
  facet normal 0.803222 -0 0.59568
    outer loop
      vertex 70.6571 50.3113 14.7095
      vertex 71.1832 55.1887 14.0001
      vertex 70.6571 55.1887 14.7095
    endloop
  endfacet
  facet normal 0.803222 0 0.59568
    outer loop
      vertex 71.1832 55.1887 14.0001
      vertex 70.6571 50.3113 14.7095
      vertex 71.1832 50.3113 14.0001
    endloop
  endfacet
  facet normal 0.970036 -0 0.242962
    outer loop
      vertex 72.3125 50.3113 11.6126
      vertex 72.5271 55.1887 10.7558
      vertex 72.3125 55.1887 11.6126
    endloop
  endfacet
  facet normal 0.970036 0 0.242962
    outer loop
      vertex 72.5271 55.1887 10.7558
      vertex 72.3125 50.3113 11.6126
      vertex 72.5271 50.3113 10.7558
    endloop
  endfacet
  facet normal 0.989175 -0 0.146737
    outer loop
      vertex 72.5271 50.3113 10.7558
      vertex 72.6567 55.1887 9.88215
      vertex 72.5271 55.1887 10.7558
    endloop
  endfacet
  facet normal 0.989175 0 0.146737
    outer loop
      vertex 72.6567 55.1887 9.88215
      vertex 72.5271 50.3113 10.7558
      vertex 72.6567 50.3113 9.88215
    endloop
  endfacet
  facet normal 0.998798 -0 0.0490256
    outer loop
      vertex 72.6567 50.3113 9.88215
      vertex 72.7 55.1887 9
      vertex 72.6567 55.1887 9.88215
    endloop
  endfacet
  facet normal 0.998798 0 0.0490256
    outer loop
      vertex 72.7 55.1887 9
      vertex 72.6567 50.3113 9.88215
      vertex 72.7 50.3113 9
    endloop
  endfacet
  facet normal 0.970033 0 -0.242975
    outer loop
      vertex 72.5271 50.3113 7.24419
      vertex 72.3125 55.1887 6.38744
      vertex 72.5271 55.1887 7.24419
    endloop
  endfacet
  facet normal 0.970033 0 -0.242975
    outer loop
      vertex 72.3125 55.1887 6.38744
      vertex 72.5271 50.3113 7.24419
      vertex 72.3125 50.3113 6.38744
    endloop
  endfacet
  facet normal 0.803226 0 -0.595674
    outer loop
      vertex 71.1832 50.3113 3.99987
      vertex 70.6571 55.1887 3.29046
      vertex 71.1832 55.1887 3.99987
    endloop
  endfacet
  facet normal 0.803226 0 -0.595674
    outer loop
      vertex 70.6571 55.1887 3.29046
      vertex 71.1832 50.3113 3.99987
      vertex 70.6571 50.3113 3.29046
    endloop
  endfacet
  facet normal 0.595709 0 -0.8032
    outer loop
      vertex 68.7001 50.3113 1.51677
      vertex 69.4095 55.1887 2.04291
      vertex 69.4095 50.3113 2.04291
    endloop
  endfacet
  facet normal 0.595709 0 -0.8032
    outer loop
      vertex 69.4095 55.1887 2.04291
      vertex 68.7001 50.3113 1.51677
      vertex 68.7001 55.1887 1.51677
    endloop
  endfacet
  facet normal 0.242966 0 -0.970035
    outer loop
      vertex 65.4558 50.3113 0.172933
      vertex 66.3126 55.1887 0.387537
      vertex 66.3126 50.3113 0.387537
    endloop
  endfacet
  facet normal 0.242966 0 -0.970035
    outer loop
      vertex 66.3126 55.1887 0.387537
      vertex 65.4558 50.3113 0.172933
      vertex 65.4558 55.1887 0.172933
    endloop
  endfacet
  facet normal 0.941514 -0 0.336975
    outer loop
      vertex 72.0149 50.3113 12.4441
      vertex 72.3125 55.1887 11.6126
      vertex 72.0149 55.1887 12.4441
    endloop
  endfacet
  facet normal 0.941514 0 0.336975
    outer loop
      vertex 72.3125 55.1887 11.6126
      vertex 72.0149 50.3113 12.4441
      vertex 72.3125 50.3113 11.6126
    endloop
  endfacet
  facet normal 0.904017 -0 0.427497
    outer loop
      vertex 71.6373 50.3113 13.2426
      vertex 72.0149 55.1887 12.4441
      vertex 71.6373 55.1887 13.2426
    endloop
  endfacet
  facet normal 0.904017 0 0.427497
    outer loop
      vertex 72.0149 55.1887 12.4441
      vertex 71.6373 50.3113 13.2426
      vertex 72.0149 50.3113 12.4441
    endloop
  endfacet
  facet normal 0.989176 0 -0.146736
    outer loop
      vertex 72.6567 50.3113 8.11785
      vertex 72.5271 55.1887 7.24419
      vertex 72.6567 55.1887 8.11785
    endloop
  endfacet
  facet normal 0.989176 0 -0.146736
    outer loop
      vertex 72.5271 55.1887 7.24419
      vertex 72.6567 50.3113 8.11785
      vertex 72.5271 50.3113 7.24419
    endloop
  endfacet
  facet normal 0.857711 0 -0.514133
    outer loop
      vertex 71.6373 50.3113 4.75743
      vertex 71.1832 55.1887 3.99987
      vertex 71.6373 55.1887 4.75743
    endloop
  endfacet
  facet normal 0.857711 0 -0.514133
    outer loop
      vertex 71.1832 55.1887 3.99987
      vertex 71.6373 50.3113 4.75743
      vertex 71.1832 50.3113 3.99987
    endloop
  endfacet
  facet normal 0.857693 -0 0.514163
    outer loop
      vertex 71.1832 50.3113 14.0001
      vertex 71.6373 55.1887 13.2426
      vertex 71.1832 55.1887 14.0001
    endloop
  endfacet
  facet normal 0.857693 0 0.514163
    outer loop
      vertex 71.6373 55.1887 13.2426
      vertex 71.1832 50.3113 14.0001
      vertex 71.6373 50.3113 13.2426
    endloop
  endfacet
  facet normal -0 0 1
    outer loop
      vertex 26.9833 58.6049 4.2
      vertex 31.6226 56.6342 4.2
      vertex 27.115 58.8721 4.2
    endloop
  endfacet
  facet normal 0 0 1
    outer loop
      vertex 30.85 52.75 4.2
      vertex 27.2706 46.0472 4.2
      vertex 27.2901 45.75 4.2
    endloop
  endfacet
  facet normal 0 0 1
    outer loop
      vertex 31.6226 56.6342 4.2
      vertex 26.9833 58.6049 4.2
      vertex 31.3887 56.0126 4.2
    endloop
  endfacet
  facet normal 0 0 1
    outer loop
      vertex 30.85 52.75 4.2
      vertex 27.2705 46.0489 4.2
      vertex 27.2706 46.0472 4.2
    endloop
  endfacet
  facet normal -0 0 1
    outer loop
      vertex 26.8178 58.3573 4.2
      vertex 31.3887 56.0126 4.2
      vertex 26.9833 58.6049 4.2
    endloop
  endfacet
  facet normal 0 0 1
    outer loop
      vertex 30.85 52.75 4.2
      vertex 27.2702 46.0506 4.2
      vertex 27.2705 46.0489 4.2
    endloop
  endfacet
  facet normal -0 0 1
    outer loop
      vertex 26.8169 58.3559 4.2
      vertex 31.3887 56.0126 4.2
      vertex 26.8178 58.3573 4.2
    endloop
  endfacet
  facet normal 0 0 1
    outer loop
      vertex 30.85 52.75 4.2
      vertex 27.2121 46.3427 4.2
      vertex 27.2702 46.0506 4.2
    endloop
  endfacet
  facet normal -0 0 1
    outer loop
      vertex 26.8157 58.3546 4.2
      vertex 31.3887 56.0126 4.2
      vertex 26.8169 58.3559 4.2
    endloop
  endfacet
  facet normal 0 0 1
    outer loop
      vertex 30.85 52.75 4.2
      vertex 27.2115 46.3443 4.2
      vertex 27.2121 46.3427 4.2
    endloop
  endfacet
  facet normal 0 0 1
    outer loop
      vertex 31.3887 56.0126 4.2
      vertex 26.8157 58.3546 4.2
      vertex 31.1959 55.377 4.2
    endloop
  endfacet
  facet normal 0 0 1
    outer loop
      vertex 30.85 52.75 4.2
      vertex 27.1158 46.6264 4.2
      vertex 27.2115 46.3443 4.2
    endloop
  endfacet
  facet normal -0 0 1
    outer loop
      vertex 26.6193 58.1307 4.2
      vertex 31.1959 55.377 4.2
      vertex 26.8157 58.3546 4.2
    endloop
  endfacet
  facet normal 0 0 1
    outer loop
      vertex 30.85 52.75 4.2
      vertex 27.115 46.6279 4.2
      vertex 27.1158 46.6264 4.2
    endloop
  endfacet
  facet normal -0 0 1
    outer loop
      vertex 26.3954 57.9342 4.2
      vertex 31.1959 55.377 4.2
      vertex 26.6193 58.1307 4.2
    endloop
  endfacet
  facet normal 0 0 1
    outer loop
      vertex 30.85 52.75 4.2
      vertex 26.9833 46.8951 4.2
      vertex 27.115 46.6279 4.2
    endloop
  endfacet
  facet normal -0 0 1
    outer loop
      vertex 26.3941 57.9331 4.2
      vertex 31.1959 55.377 4.2
      vertex 26.3954 57.9342 4.2
    endloop
  endfacet
  facet normal 0 0 1
    outer loop
      vertex 30.85 52.75 4.2
      vertex 26.8178 47.1427 4.2
      vertex 26.9833 46.8951 4.2
    endloop
  endfacet
  facet normal 0 0 1
    outer loop
      vertex 31.1959 55.377 4.2
      vertex 26.3941 57.9331 4.2
      vertex 31.045 54.7302 4.2
    endloop
  endfacet
  facet normal 0 0 1
    outer loop
      vertex 30.85 52.75 4.2
      vertex 26.8169 47.1441 4.2
      vertex 26.8178 47.1427 4.2
    endloop
  endfacet
  facet normal -0 0 1
    outer loop
      vertex 26.3927 57.9322 4.2
      vertex 31.045 54.7302 4.2
      vertex 26.3941 57.9331 4.2
    endloop
  endfacet
  facet normal 0 0 1
    outer loop
      vertex 30.85 52.75 4.2
      vertex 26.8157 47.1454 4.2
      vertex 26.8169 47.1441 4.2
    endloop
  endfacet
  facet normal -0 0 1
    outer loop
      vertex 26.1451 57.7667 4.2
      vertex 31.045 54.7302 4.2
      vertex 26.3927 57.9322 4.2
    endloop
  endfacet
  facet normal 0 0 1
    outer loop
      vertex 30.85 52.75 4.2
      vertex 26.6193 47.3693 4.2
      vertex 26.8157 47.1454 4.2
    endloop
  endfacet
  facet normal 0 0 1
    outer loop
      vertex 31.045 54.7302 4.2
      vertex 26.1451 57.7667 4.2
      vertex 30.9368 54.0748 4.2
    endloop
  endfacet
  facet normal 0 0 1
    outer loop
      vertex 30.85 52.75 4.2
      vertex 26.3954 47.5657 4.2
      vertex 26.6193 47.3693 4.2
    endloop
  endfacet
  facet normal -0 0 1
    outer loop
      vertex 25.8779 57.635 4.2
      vertex 30.9368 54.0748 4.2
      vertex 26.1451 57.7667 4.2
    endloop
  endfacet
  facet normal 0 0 1
    outer loop
      vertex 30.85 52.75 4.2
      vertex 26.3941 47.5669 4.2
      vertex 26.3954 47.5657 4.2
    endloop
  endfacet
  facet normal -0 0 1
    outer loop
      vertex 25.8764 57.6342 4.2
      vertex 30.9368 54.0748 4.2
      vertex 25.8779 57.635 4.2
    endloop
  endfacet
  facet normal 0 0 1
    outer loop
      vertex 30.85 52.75 4.2
      vertex 26.3927 47.5678 4.2
      vertex 26.3941 47.5669 4.2
    endloop
  endfacet
  facet normal 0 0 1
    outer loop
      vertex 30.9368 54.0748 4.2
      vertex 25.8764 57.6342 4.2
      vertex 30.8717 53.4138 4.2
    endloop
  endfacet
  facet normal 0 0 1
    outer loop
      vertex 30.85 52.75 4.2
      vertex 26.1451 47.7333 4.2
      vertex 26.3927 47.5678 4.2
    endloop
  endfacet
  facet normal -0 0 1
    outer loop
      vertex 25.5943 57.5385 4.2
      vertex 30.8717 53.4138 4.2
      vertex 25.8764 57.6342 4.2
    endloop
  endfacet
  facet normal 0 0 1
    outer loop
      vertex 30.85 52.75 4.2
      vertex 25.8779 47.865 4.2
      vertex 26.1451 47.7333 4.2
    endloop
  endfacet
  facet normal -0 0 1
    outer loop
      vertex 25.5927 57.5379 4.2
      vertex 30.8717 53.4138 4.2
      vertex 25.5943 57.5385 4.2
    endloop
  endfacet
  facet normal 0 0 1
    outer loop
      vertex 30.85 52.75 4.2
      vertex 25.8764 47.8658 4.2
      vertex 25.8779 47.865 4.2
    endloop
  endfacet
  facet normal 0 0 1
    outer loop
      vertex 30.8717 53.4138 4.2
      vertex 25.5927 57.5379 4.2
      vertex 30.85 52.75 4.2
    endloop
  endfacet
  facet normal 0 0 1
    outer loop
      vertex 30.85 52.75 4.2
      vertex 25.5943 47.9615 4.2
      vertex 25.8764 47.8658 4.2
    endloop
  endfacet
  facet normal -0 0 1
    outer loop
      vertex 25.3006 57.4798 4.2
      vertex 30.85 52.75 4.2
      vertex 25.5927 57.5379 4.2
    endloop
  endfacet
  facet normal 0 0 1
    outer loop
      vertex 30.85 52.75 4.2
      vertex 25.5927 47.9621 4.2
      vertex 25.5943 47.9615 4.2
    endloop
  endfacet
  facet normal -0 0 1
    outer loop
      vertex 25.2989 57.4795 4.2
      vertex 30.85 52.75 4.2
      vertex 25.3006 57.4798 4.2
    endloop
  endfacet
  facet normal 0 0 1
    outer loop
      vertex 30.85 52.75 4.2
      vertex 25.3006 48.0202 4.2
      vertex 25.5927 47.9621 4.2
    endloop
  endfacet
  facet normal 0 0 1
    outer loop
      vertex 25.2989 48.0205 4.2
      vertex 30.85 52.75 4.2
      vertex 25.2989 57.4795 4.2
    endloop
  endfacet
  facet normal 0 0 1
    outer loop
      vertex 30.85 52.75 4.2
      vertex 25.2989 48.0205 4.2
      vertex 25.3006 48.0202 4.2
    endloop
  endfacet
  facet normal -0 0 1
    outer loop
      vertex 25.2972 57.4794 4.2
      vertex 25.2989 48.0205 4.2
      vertex 25.2989 57.4795 4.2
    endloop
  endfacet
  facet normal 0 0 1
    outer loop
      vertex 25.2972 57.4794 4.2
      vertex 25.2972 48.0206 4.2
      vertex 25.2989 48.0205 4.2
    endloop
  endfacet
  facet normal -0 0 1
    outer loop
      vertex 25 57.4599 4.2
      vertex 25.2972 48.0206 4.2
      vertex 25.2972 57.4794 4.2
    endloop
  endfacet
  facet normal 0 0 1
    outer loop
      vertex 25 57.4599 4.2
      vertex 25 48.0401 4.2
      vertex 25.2972 48.0206 4.2
    endloop
  endfacet
  facet normal 0 0 1
    outer loop
      vertex 24.7028 57.4794 4.2
      vertex 25 48.0401 4.2
      vertex 25 57.4599 4.2
    endloop
  endfacet
  facet normal 0 0 1
    outer loop
      vertex 24.7028 57.4794 4.2
      vertex 24.7028 48.0206 4.2
      vertex 25 48.0401 4.2
    endloop
  endfacet
  facet normal 0 0 1
    outer loop
      vertex 24.7011 57.4795 4.2
      vertex 24.7028 48.0206 4.2
      vertex 24.7028 57.4794 4.2
    endloop
  endfacet
  facet normal 0 0 1
    outer loop
      vertex 24.7011 57.4795 4.2
      vertex 24.7011 48.0205 4.2
      vertex 24.7028 48.0206 4.2
    endloop
  endfacet
  facet normal 0 0 1
    outer loop
      vertex 19.15 52.75 4.2
      vertex 24.7011 57.4795 4.2
      vertex 24.6994 57.4798 4.2
    endloop
  endfacet
  facet normal 0 0 1
    outer loop
      vertex 24.7011 57.4795 4.2
      vertex 19.15 52.75 4.2
      vertex 24.7011 48.0205 4.2
    endloop
  endfacet
  facet normal 0 0 1
    outer loop
      vertex 19.15 52.75 4.2
      vertex 24.6994 57.4798 4.2
      vertex 24.4073 57.5379 4.2
    endloop
  endfacet
  facet normal 0 0 1
    outer loop
      vertex 24.7011 48.0205 4.2
      vertex 19.15 52.75 4.2
      vertex 24.6994 48.0202 4.2
    endloop
  endfacet
  facet normal 0 0 1
    outer loop
      vertex 19.1283 53.4138 4.2
      vertex 24.4073 57.5379 4.2
      vertex 24.4057 57.5385 4.2
    endloop
  endfacet
  facet normal 0 0 1
    outer loop
      vertex 24.6994 48.0202 4.2
      vertex 19.15 52.75 4.2
      vertex 24.4073 47.9621 4.2
    endloop
  endfacet
  facet normal 0 0 1
    outer loop
      vertex 19.1283 53.4138 4.2
      vertex 24.4057 57.5385 4.2
      vertex 24.1236 57.6342 4.2
    endloop
  endfacet
  facet normal -0 0 1
    outer loop
      vertex 19.1283 52.0862 4.2
      vertex 24.4073 47.9621 4.2
      vertex 19.15 52.75 4.2
    endloop
  endfacet
  facet normal 0 0 1
    outer loop
      vertex 19.0632 54.0748 4.2
      vertex 24.1236 57.6342 4.2
      vertex 24.1221 57.635 4.2
    endloop
  endfacet
  facet normal 0 0 1
    outer loop
      vertex 24.4073 47.9621 4.2
      vertex 19.1283 52.0862 4.2
      vertex 24.4057 47.9615 4.2
    endloop
  endfacet
  facet normal 0 0 1
    outer loop
      vertex 19.0632 54.0748 4.2
      vertex 24.1221 57.635 4.2
      vertex 23.8549 57.7667 4.2
    endloop
  endfacet
  facet normal 0 0 1
    outer loop
      vertex 24.4057 47.9615 4.2
      vertex 19.1283 52.0862 4.2
      vertex 24.1236 47.8658 4.2
    endloop
  endfacet
  facet normal 0 0 1
    outer loop
      vertex 18.955 54.7302 4.2
      vertex 23.8549 57.7667 4.2
      vertex 23.6073 57.9322 4.2
    endloop
  endfacet
  facet normal -0 0 1
    outer loop
      vertex 19.0632 51.4252 4.2
      vertex 24.1236 47.8658 4.2
      vertex 19.1283 52.0862 4.2
    endloop
  endfacet
  facet normal 0 0 1
    outer loop
      vertex 18.955 54.7302 4.2
      vertex 23.6073 57.9322 4.2
      vertex 23.6059 57.9331 4.2
    endloop
  endfacet
  facet normal 0 0 1
    outer loop
      vertex 24.1236 47.8658 4.2
      vertex 19.0632 51.4252 4.2
      vertex 24.1221 47.865 4.2
    endloop
  endfacet
  facet normal 0 0 1
    outer loop
      vertex 18.8041 55.377 4.2
      vertex 23.6059 57.9331 4.2
      vertex 23.6046 57.9342 4.2
    endloop
  endfacet
  facet normal 0 0 1
    outer loop
      vertex 24.1221 47.865 4.2
      vertex 19.0632 51.4252 4.2
      vertex 23.8549 47.7333 4.2
    endloop
  endfacet
  facet normal 0 0 1
    outer loop
      vertex 18.8041 55.377 4.2
      vertex 23.6046 57.9342 4.2
      vertex 23.3807 58.1307 4.2
    endloop
  endfacet
  facet normal -0 0 1
    outer loop
      vertex 18.955 50.7698 4.2
      vertex 23.8549 47.7333 4.2
      vertex 19.0632 51.4252 4.2
    endloop
  endfacet
  facet normal 0 0 1
    outer loop
      vertex 18.8041 55.377 4.2
      vertex 23.3807 58.1307 4.2
      vertex 23.1843 58.3546 4.2
    endloop
  endfacet
  facet normal 0 0 1
    outer loop
      vertex 23.8549 47.7333 4.2
      vertex 18.955 50.7698 4.2
      vertex 23.6073 47.5678 4.2
    endloop
  endfacet
  facet normal 0 0 1
    outer loop
      vertex 18.6113 56.0126 4.2
      vertex 23.1843 58.3546 4.2
      vertex 23.1831 58.3559 4.2
    endloop
  endfacet
  facet normal 0 0 1
    outer loop
      vertex 23.6073 47.5678 4.2
      vertex 18.955 50.7698 4.2
      vertex 23.6059 47.5669 4.2
    endloop
  endfacet
  facet normal 0 0 1
    outer loop
      vertex 18.6113 56.0126 4.2
      vertex 23.1831 58.3559 4.2
      vertex 23.1822 58.3573 4.2
    endloop
  endfacet
  facet normal -0 0 1
    outer loop
      vertex 18.8041 50.123 4.2
      vertex 23.6059 47.5669 4.2
      vertex 18.955 50.7698 4.2
    endloop
  endfacet
  facet normal 0 0 1
    outer loop
      vertex 18.6113 56.0126 4.2
      vertex 23.1822 58.3573 4.2
      vertex 23.0167 58.6049 4.2
    endloop
  endfacet
  facet normal 0 0 1
    outer loop
      vertex 23.6059 47.5669 4.2
      vertex 18.8041 50.123 4.2
      vertex 23.6046 47.5657 4.2
    endloop
  endfacet
  facet normal 0 0 1
    outer loop
      vertex 18.3774 56.6342 4.2
      vertex 23.0167 58.6049 4.2
      vertex 22.885 58.8721 4.2
    endloop
  endfacet
  facet normal 0 0 1
    outer loop
      vertex 23.6046 47.5657 4.2
      vertex 18.8041 50.123 4.2
      vertex 23.3807 47.3693 4.2
    endloop
  endfacet
  facet normal 0 0 1
    outer loop
      vertex 18.3774 56.6342 4.2
      vertex 22.885 58.8721 4.2
      vertex 22.8842 58.8736 4.2
    endloop
  endfacet
  facet normal 0 0 1
    outer loop
      vertex 23.3807 47.3693 4.2
      vertex 18.8041 50.123 4.2
      vertex 23.1843 47.1454 4.2
    endloop
  endfacet
  facet normal 0 0 1
    outer loop
      vertex 18.1033 57.2392 4.2
      vertex 22.8842 58.8736 4.2
      vertex 22.7885 59.1557 4.2
    endloop
  endfacet
  facet normal -0 0 1
    outer loop
      vertex 18.6113 49.4874 4.2
      vertex 23.1843 47.1454 4.2
      vertex 18.8041 50.123 4.2
    endloop
  endfacet
  facet normal 0 0 1
    outer loop
      vertex 18.1033 57.2392 4.2
      vertex 22.7885 59.1557 4.2
      vertex 22.7879 59.1573 4.2
    endloop
  endfacet
  facet normal 0 0 1
    outer loop
      vertex 23.1843 47.1454 4.2
      vertex 18.6113 49.4874 4.2
      vertex 23.1831 47.1441 4.2
    endloop
  endfacet
  facet normal 0 0 1
    outer loop
      vertex 17.7902 57.825 4.2
      vertex 22.7879 59.1573 4.2
      vertex 22.7298 59.4494 4.2
    endloop
  endfacet
  facet normal 0 0 1
    outer loop
      vertex 23.1831 47.1441 4.2
      vertex 18.6113 49.4874 4.2
      vertex 23.1822 47.1427 4.2
    endloop
  endfacet
  facet normal 0 0 1
    outer loop
      vertex 17.7902 57.825 4.2
      vertex 22.7298 59.4494 4.2
      vertex 22.7295 59.4511 4.2
    endloop
  endfacet
  facet normal 0 0 1
    outer loop
      vertex 23.1822 47.1427 4.2
      vertex 18.6113 49.4874 4.2
      vertex 23.0167 46.8951 4.2
    endloop
  endfacet
  facet normal 0 0 1
    outer loop
      vertex 17.7902 57.825 4.2
      vertex 22.7295 59.4511 4.2
      vertex 22.7294 59.4528 4.2
    endloop
  endfacet
  facet normal -0 0 1
    outer loop
      vertex 18.3774 48.8658 4.2
      vertex 23.0167 46.8951 4.2
      vertex 18.6113 49.4874 4.2
    endloop
  endfacet
  facet normal 0 0 1
    outer loop
      vertex 17.7902 57.825 4.2
      vertex 22.7294 59.4528 4.2
      vertex 22.7099 59.75 4.2
    endloop
  endfacet
  facet normal 0 0 1
    outer loop
      vertex 23.0167 46.8951 4.2
      vertex 18.3774 48.8658 4.2
      vertex 22.885 46.6279 4.2
    endloop
  endfacet
  facet normal -0 0 1
    outer loop
      vertex 49.7902 57.825 4.2
      vertex 52.7 55.1887 4.2
      vertex 52.7 66.5 4.2
    endloop
  endfacet
  facet normal 0 -0 1
    outer loop
      vertex 51.0632 54.0748 4.2
      vertex 52.7 55.1887 4.2
      vertex 50.955 54.7302 4.2
    endloop
  endfacet
  facet normal 0 0 1
    outer loop
      vertex 49.7 69.5 4.2
      vertex 52.7 66.5 4.2
      vertex 52.6743 66.8916 4.2
    endloop
  endfacet
  facet normal -0 0 1
    outer loop
      vertex 51.1283 52.0862 4.2
      vertex 52.7 50.3113 4.2
      vertex 51.15 52.75 4.2
    endloop
  endfacet
  facet normal 0 0 1
    outer loop
      vertex 49.7 69.5 4.2
      vertex 52.6743 66.8916 4.2
      vertex 52.5978 67.2765 4.2
    endloop
  endfacet
  facet normal -0 0 1
    outer loop
      vertex 51.0632 51.4252 4.2
      vertex 52.7 50.3113 4.2
      vertex 51.1283 52.0862 4.2
    endloop
  endfacet
  facet normal 0 0 1
    outer loop
      vertex 49.7 69.5 4.2
      vertex 52.5978 67.2765 4.2
      vertex 52.4716 67.648 4.2
    endloop
  endfacet
  facet normal -0 0 1
    outer loop
      vertex 50.955 50.7698 4.2
      vertex 52.7 50.3113 4.2
      vertex 51.0632 51.4252 4.2
    endloop
  endfacet
  facet normal 0 0 1
    outer loop
      vertex 49.7 69.5 4.2
      vertex 52.4716 67.648 4.2
      vertex 52.2981 68 4.2
    endloop
  endfacet
  facet normal 0 0 1
    outer loop
      vertex 50.8041 50.123 4.2
      vertex 52.7 50.3113 4.2
      vertex 50.955 50.7698 4.2
    endloop
  endfacet
  facet normal 0 0 1
    outer loop
      vertex 49.7 69.5 4.2
      vertex 52.2981 68 4.2
      vertex 52.0801 68.3263 4.2
    endloop
  endfacet
  facet normal 0 0 1
    outer loop
      vertex 50.6113 49.4874 4.2
      vertex 52.7 50.3113 4.2
      vertex 50.8041 50.123 4.2
    endloop
  endfacet
  facet normal 0 0 1
    outer loop
      vertex 49.7 69.5 4.2
      vertex 52.0801 68.3263 4.2
      vertex 51.8213 68.6213 4.2
    endloop
  endfacet
  facet normal 0 0 1
    outer loop
      vertex 50.3774 48.8658 4.2
      vertex 52.7 50.3113 4.2
      vertex 50.6113 49.4874 4.2
    endloop
  endfacet
  facet normal 0 0 1
    outer loop
      vertex 49.7 69.5 4.2
      vertex 51.8213 68.6213 4.2
      vertex 51.5263 68.8801 4.2
    endloop
  endfacet
  facet normal 0 0 1
    outer loop
      vertex 50.1033 48.2608 4.2
      vertex 52.7 50.3113 4.2
      vertex 50.3774 48.8658 4.2
    endloop
  endfacet
  facet normal 0 0 1
    outer loop
      vertex 49.7 69.5 4.2
      vertex 51.5263 68.8801 4.2
      vertex 51.2 69.0981 4.2
    endloop
  endfacet
  facet normal 0 0 1
    outer loop
      vertex 49.7902 47.675 4.2
      vertex 52.7 50.3113 4.2
      vertex 50.1033 48.2608 4.2
    endloop
  endfacet
  facet normal 0 0 1
    outer loop
      vertex 52.7 50.3113 4.2
      vertex 49.7902 47.675 4.2
      vertex 52.7 39 4.2
    endloop
  endfacet
  facet normal 0 0 1
    outer loop
      vertex 52.7 55.1887 4.2
      vertex 51.15 52.75 4.2
      vertex 52.7 50.3113 4.2
    endloop
  endfacet
  facet normal 0 -0 1
    outer loop
      vertex 51.15 52.75 4.2
      vertex 52.7 55.1887 4.2
      vertex 51.1283 53.4138 4.2
    endloop
  endfacet
  facet normal 0 -0 1
    outer loop
      vertex 51.1283 53.4138 4.2
      vertex 52.7 55.1887 4.2
      vertex 51.0632 54.0748 4.2
    endloop
  endfacet
  facet normal 0 0 1
    outer loop
      vertex 49.7 69.5 4.2
      vertex 51.2 69.0981 4.2
      vertex 50.848 69.2716 4.2
    endloop
  endfacet
  facet normal 0 0 1
    outer loop
      vertex 52.7 55.1887 4.2
      vertex 50.8041 55.377 4.2
      vertex 50.955 54.7302 4.2
    endloop
  endfacet
  facet normal 0 0 1
    outer loop
      vertex 52.7 55.1887 4.2
      vertex 50.6113 56.0126 4.2
      vertex 50.8041 55.377 4.2
    endloop
  endfacet
  facet normal 0 0 1
    outer loop
      vertex 49.7 69.5 4.2
      vertex 50.848 69.2716 4.2
      vertex 50.4765 69.3978 4.2
    endloop
  endfacet
  facet normal 0 0 1
    outer loop
      vertex 52.7 55.1887 4.2
      vertex 50.3774 56.6342 4.2
      vertex 50.6113 56.0126 4.2
    endloop
  endfacet
  facet normal 0 0 1
    outer loop
      vertex 52.7 55.1887 4.2
      vertex 50.1033 57.2392 4.2
      vertex 50.3774 56.6342 4.2
    endloop
  endfacet
  facet normal 0 0 1
    outer loop
      vertex 49.7 69.5 4.2
      vertex 50.4765 69.3978 4.2
      vertex 50.0916 69.4743 4.2
    endloop
  endfacet
  facet normal 0 0 1
    outer loop
      vertex 52.7 55.1887 4.2
      vertex 49.7902 57.825 4.2
      vertex 50.1033 57.2392 4.2
    endloop
  endfacet
  facet normal 0 0 1
    outer loop
      vertex 52.7 66.5 4.2
      vertex 49.7 69.5 4.2
      vertex 46.075 61.5402 4.2
    endloop
  endfacet
  facet normal 0 0 1
    outer loop
      vertex 52.7 66.5 4.2
      vertex 49.4394 58.389 4.2
      vertex 49.7902 57.825 4.2
    endloop
  endfacet
  facet normal 0 0 1
    outer loop
      vertex 52.7 66.5 4.2
      vertex 49.0525 58.9289 4.2
      vertex 49.4394 58.389 4.2
    endloop
  endfacet
  facet normal 0 0 1
    outer loop
      vertex 52.7 66.5 4.2
      vertex 48.6312 59.4424 4.2
      vertex 49.0525 58.9289 4.2
    endloop
  endfacet
  facet normal 0 0 1
    outer loop
      vertex 52.7 66.5 4.2
      vertex 48.1771 59.9271 4.2
      vertex 48.6312 59.4424 4.2
    endloop
  endfacet
  facet normal 0 0 1
    outer loop
      vertex 52.7 66.5 4.2
      vertex 47.6924 60.3812 4.2
      vertex 48.1771 59.9271 4.2
    endloop
  endfacet
  facet normal 0 0 1
    outer loop
      vertex 52.7 66.5 4.2
      vertex 47.1789 60.8025 4.2
      vertex 47.6924 60.3812 4.2
    endloop
  endfacet
  facet normal 0 0 1
    outer loop
      vertex 52.7 66.5 4.2
      vertex 46.639 61.1894 4.2
      vertex 47.1789 60.8025 4.2
    endloop
  endfacet
  facet normal 0 0 1
    outer loop
      vertex 52.7 66.5 4.2
      vertex 46.075 61.5402 4.2
      vertex 46.639 61.1894 4.2
    endloop
  endfacet
  facet normal 0 0 1
    outer loop
      vertex 49.7 69.5 4.2
      vertex 45.4892 61.8533 4.2
      vertex 46.075 61.5402 4.2
    endloop
  endfacet
  facet normal 0 0 1
    outer loop
      vertex 49.7 69.5 4.2
      vertex 44.8842 62.1274 4.2
      vertex 45.4892 61.8533 4.2
    endloop
  endfacet
  facet normal 0 0 1
    outer loop
      vertex 49.7 69.5 4.2
      vertex 44.2626 62.3613 4.2
      vertex 44.8842 62.1274 4.2
    endloop
  endfacet
  facet normal 0 0 1
    outer loop
      vertex 49.7 69.5 4.2
      vertex 43.627 62.5541 4.2
      vertex 44.2626 62.3613 4.2
    endloop
  endfacet
  facet normal 0 0 1
    outer loop
      vertex 49.7 69.5 4.2
      vertex 42.9802 62.705 4.2
      vertex 43.627 62.5541 4.2
    endloop
  endfacet
  facet normal 0 0 1
    outer loop
      vertex 49.7 69.5 4.2
      vertex 42.3248 62.8132 4.2
      vertex 42.9802 62.705 4.2
    endloop
  endfacet
  facet normal 0 0 1
    outer loop
      vertex 49.7 69.5 4.2
      vertex 41.6638 62.8783 4.2
      vertex 42.3248 62.8132 4.2
    endloop
  endfacet
  facet normal 0 0 1
    outer loop
      vertex 49.7 69.5 4.2
      vertex 41 62.9 4.2
      vertex 41.6638 62.8783 4.2
    endloop
  endfacet
  facet normal 0 0 1
    outer loop
      vertex 49.7 69.5 4.2
      vertex 40.3362 62.8783 4.2
      vertex 41 62.9 4.2
    endloop
  endfacet
  facet normal 0 0 1
    outer loop
      vertex 49.7 69.5 4.2
      vertex 39.6752 62.8132 4.2
      vertex 40.3362 62.8783 4.2
    endloop
  endfacet
  facet normal 0 0 1
    outer loop
      vertex 49.7 69.5 4.2
      vertex 39.0198 62.705 4.2
      vertex 39.6752 62.8132 4.2
    endloop
  endfacet
  facet normal 0 0 1
    outer loop
      vertex 49.7 69.5 4.2
      vertex 38.373 62.5541 4.2
      vertex 39.0198 62.705 4.2
    endloop
  endfacet
  facet normal 0 0 1
    outer loop
      vertex 25.5927 61.9621 4.2
      vertex 38.373 62.5541 4.2
      vertex 49.7 69.5 4.2
    endloop
  endfacet
  facet normal 0 0 1
    outer loop
      vertex 38.373 62.5541 4.2
      vertex 25.5927 61.9621 4.2
      vertex 37.7374 62.3613 4.2
    endloop
  endfacet
  facet normal 0 0 1
    outer loop
      vertex 37.7374 62.3613 4.2
      vertex 25.5927 61.9621 4.2
      vertex 37.1158 62.1274 4.2
    endloop
  endfacet
  facet normal 0 -0 1
    outer loop
      vertex 25.5943 61.9615 4.2
      vertex 37.1158 62.1274 4.2
      vertex 25.5927 61.9621 4.2
    endloop
  endfacet
  facet normal 0 0 1
    outer loop
      vertex 31.8967 57.2392 4.2
      vertex 27.1158 58.8736 4.2
      vertex 31.6226 56.6342 4.2
    endloop
  endfacet
  facet normal -0 0 1
    outer loop
      vertex 27.1158 58.8736 4.2
      vertex 31.8967 57.2392 4.2
      vertex 27.2115 59.1557 4.2
    endloop
  endfacet
  facet normal -0 0 1
    outer loop
      vertex 27.2115 59.1557 4.2
      vertex 31.8967 57.2392 4.2
      vertex 27.2121 59.1573 4.2
    endloop
  endfacet
  facet normal 0 0 1
    outer loop
      vertex 32.2098 57.825 4.2
      vertex 27.2121 59.1573 4.2
      vertex 31.8967 57.2392 4.2
    endloop
  endfacet
  facet normal -0 0 1
    outer loop
      vertex 27.2121 59.1573 4.2
      vertex 32.2098 57.825 4.2
      vertex 27.2702 59.4494 4.2
    endloop
  endfacet
  facet normal -0 0 1
    outer loop
      vertex 27.2702 59.4494 4.2
      vertex 32.2098 57.825 4.2
      vertex 27.2705 59.4511 4.2
    endloop
  endfacet
  facet normal -0 0 1
    outer loop
      vertex 27.2705 59.4511 4.2
      vertex 32.2098 57.825 4.2
      vertex 27.2706 59.4528 4.2
    endloop
  endfacet
  facet normal -0 0 1
    outer loop
      vertex 27.2706 59.4528 4.2
      vertex 32.2098 57.825 4.2
      vertex 27.2901 59.75 4.2
    endloop
  endfacet
  facet normal 0 0 1
    outer loop
      vertex 32.5606 58.389 4.2
      vertex 27.2901 59.75 4.2
      vertex 32.2098 57.825 4.2
    endloop
  endfacet
  facet normal 0 0 1
    outer loop
      vertex 27.2705 60.0489 4.2
      vertex 32.5606 58.389 4.2
      vertex 32.9475 58.9289 4.2
    endloop
  endfacet
  facet normal 0 0 1
    outer loop
      vertex 27.2121 60.3427 4.2
      vertex 32.9475 58.9289 4.2
      vertex 33.3688 59.4424 4.2
    endloop
  endfacet
  facet normal 0 0 1
    outer loop
      vertex 27.1158 60.6264 4.2
      vertex 33.3688 59.4424 4.2
      vertex 33.8229 59.9271 4.2
    endloop
  endfacet
  facet normal 0 0 1
    outer loop
      vertex 26.9833 60.8951 4.2
      vertex 33.8229 59.9271 4.2
      vertex 34.3076 60.3812 4.2
    endloop
  endfacet
  facet normal 0 0 1
    outer loop
      vertex 26.8157 61.1454 4.2
      vertex 34.3076 60.3812 4.2
      vertex 34.8211 60.8025 4.2
    endloop
  endfacet
  facet normal 0 0 1
    outer loop
      vertex 26.6193 61.3693 4.2
      vertex 34.8211 60.8025 4.2
      vertex 35.361 61.1894 4.2
    endloop
  endfacet
  facet normal 0 0 1
    outer loop
      vertex 26.3941 61.5669 4.2
      vertex 35.361 61.1894 4.2
      vertex 35.925 61.5402 4.2
    endloop
  endfacet
  facet normal 0 -0 1
    outer loop
      vertex 25.8764 61.8658 4.2
      vertex 37.1158 62.1274 4.2
      vertex 25.5943 61.9615 4.2
    endloop
  endfacet
  facet normal 0 0 1
    outer loop
      vertex 32.5606 58.389 4.2
      vertex 27.2706 60.0472 4.2
      vertex 27.2901 59.75 4.2
    endloop
  endfacet
  facet normal 0 0 1
    outer loop
      vertex 32.5606 58.389 4.2
      vertex 27.2705 60.0489 4.2
      vertex 27.2706 60.0472 4.2
    endloop
  endfacet
  facet normal 0 0 1
    outer loop
      vertex 32.9475 58.9289 4.2
      vertex 27.2702 60.0506 4.2
      vertex 27.2705 60.0489 4.2
    endloop
  endfacet
  facet normal 0 0 1
    outer loop
      vertex 32.9475 58.9289 4.2
      vertex 27.2121 60.3427 4.2
      vertex 27.2702 60.0506 4.2
    endloop
  endfacet
  facet normal 0 0 1
    outer loop
      vertex 33.3688 59.4424 4.2
      vertex 27.2115 60.3443 4.2
      vertex 27.2121 60.3427 4.2
    endloop
  endfacet
  facet normal 0 0 1
    outer loop
      vertex 33.3688 59.4424 4.2
      vertex 27.1158 60.6264 4.2
      vertex 27.2115 60.3443 4.2
    endloop
  endfacet
  facet normal 0 0 1
    outer loop
      vertex 33.8229 59.9271 4.2
      vertex 27.115 60.6279 4.2
      vertex 27.1158 60.6264 4.2
    endloop
  endfacet
  facet normal 0 0 1
    outer loop
      vertex 33.8229 59.9271 4.2
      vertex 26.9833 60.8951 4.2
      vertex 27.115 60.6279 4.2
    endloop
  endfacet
  facet normal 0 0 1
    outer loop
      vertex 34.3076 60.3812 4.2
      vertex 26.8178 61.1427 4.2
      vertex 26.9833 60.8951 4.2
    endloop
  endfacet
  facet normal 0 0 1
    outer loop
      vertex 34.3076 60.3812 4.2
      vertex 26.8169 61.1441 4.2
      vertex 26.8178 61.1427 4.2
    endloop
  endfacet
  facet normal 0 0 1
    outer loop
      vertex 34.3076 60.3812 4.2
      vertex 26.8157 61.1454 4.2
      vertex 26.8169 61.1441 4.2
    endloop
  endfacet
  facet normal 0 0 1
    outer loop
      vertex 34.8211 60.8025 4.2
      vertex 26.6193 61.3693 4.2
      vertex 26.8157 61.1454 4.2
    endloop
  endfacet
  facet normal 0 0 1
    outer loop
      vertex 35.361 61.1894 4.2
      vertex 26.3954 61.5657 4.2
      vertex 26.6193 61.3693 4.2
    endloop
  endfacet
  facet normal 0 0 1
    outer loop
      vertex 35.361 61.1894 4.2
      vertex 26.3941 61.5669 4.2
      vertex 26.3954 61.5657 4.2
    endloop
  endfacet
  facet normal 0 0 1
    outer loop
      vertex 35.925 61.5402 4.2
      vertex 26.3927 61.5678 4.2
      vertex 26.3941 61.5669 4.2
    endloop
  endfacet
  facet normal 0 0 1
    outer loop
      vertex 35.925 61.5402 4.2
      vertex 26.1451 61.7333 4.2
      vertex 26.3927 61.5678 4.2
    endloop
  endfacet
  facet normal 0 0 1
    outer loop
      vertex 36.5108 61.8533 4.2
      vertex 26.1451 61.7333 4.2
      vertex 35.925 61.5402 4.2
    endloop
  endfacet
  facet normal 0 -0 1
    outer loop
      vertex 26.1451 61.7333 4.2
      vertex 36.5108 61.8533 4.2
      vertex 25.8779 61.865 4.2
    endloop
  endfacet
  facet normal -0 -0 1
    outer loop
      vertex 25.8779 61.865 4.2
      vertex 36.5108 61.8533 4.2
      vertex 25.8764 61.8658 4.2
    endloop
  endfacet
  facet normal 0 0 1
    outer loop
      vertex 37.1158 62.1274 4.2
      vertex 25.8764 61.8658 4.2
      vertex 36.5108 61.8533 4.2
    endloop
  endfacet
  facet normal 0 0 1
    outer loop
      vertex 49.7 69.5 4.2
      vertex 25.3006 62.0202 4.2
      vertex 25.5927 61.9621 4.2
    endloop
  endfacet
  facet normal 0 0 1
    outer loop
      vertex 49.7 69.5 4.2
      vertex 25.2989 62.0205 4.2
      vertex 25.3006 62.0202 4.2
    endloop
  endfacet
  facet normal 0 0 1
    outer loop
      vertex 49.7 69.5 4.2
      vertex 25.2972 62.0206 4.2
      vertex 25.2989 62.0205 4.2
    endloop
  endfacet
  facet normal 0 0 1
    outer loop
      vertex 49.7 69.5 4.2
      vertex 25 62.0401 4.2
      vertex 25.2972 62.0206 4.2
    endloop
  endfacet
  facet normal -0 0 1
    outer loop
      vertex 0.299999 69.5 4.2
      vertex 25 62.0401 4.2
      vertex 49.7 69.5 4.2
    endloop
  endfacet
  facet normal 0 0 1
    outer loop
      vertex 25 62.0401 4.2
      vertex 0.299999 69.5 4.2
      vertex 24.7028 62.0206 4.2
    endloop
  endfacet
  facet normal 0 0 1
    outer loop
      vertex 24.7028 62.0206 4.2
      vertex 0.299999 69.5 4.2
      vertex 24.7011 62.0205 4.2
    endloop
  endfacet
  facet normal 0 0 1
    outer loop
      vertex 24.7011 62.0205 4.2
      vertex 0.299999 69.5 4.2
      vertex 24.6994 62.0202 4.2
    endloop
  endfacet
  facet normal 0 0 1
    outer loop
      vertex 24.4073 61.9621 4.2
      vertex 24.1236 61.8658 4.2
      vertex 24.4057 61.9615 4.2
    endloop
  endfacet
  facet normal 0 0 1
    outer loop
      vertex 14.075 61.5402 4.2
      vertex 23.6073 61.5678 4.2
      vertex 23.8549 61.7333 4.2
    endloop
  endfacet
  facet normal 0 0 1
    outer loop
      vertex 15.6924 60.3812 4.2
      vertex 23.1822 61.1427 4.2
      vertex 23.1831 61.1441 4.2
    endloop
  endfacet
  facet normal 0 0 1
    outer loop
      vertex 16.1771 59.9271 4.2
      vertex 22.885 60.6279 4.2
      vertex 23.0167 60.8951 4.2
    endloop
  endfacet
  facet normal 0 0 1
    outer loop
      vertex 22.885 46.6279 4.2
      vertex 18.3774 48.8658 4.2
      vertex 22.8842 46.6264 4.2
    endloop
  endfacet
  facet normal 0 0 1
    outer loop
      vertex 17.4394 58.389 4.2
      vertex 22.7099 59.75 4.2
      vertex 22.7294 60.0472 4.2
    endloop
  endfacet
  facet normal 0 0 1
    outer loop
      vertex 17.4394 58.389 4.2
      vertex 22.7294 60.0472 4.2
      vertex 22.7295 60.0489 4.2
    endloop
  endfacet
  facet normal 0 0 1
    outer loop
      vertex 17.0525 58.9289 4.2
      vertex 22.7295 60.0489 4.2
      vertex 22.7298 60.0506 4.2
    endloop
  endfacet
  facet normal 0 0 1
    outer loop
      vertex 17.0525 58.9289 4.2
      vertex 22.7298 60.0506 4.2
      vertex 22.7879 60.3427 4.2
    endloop
  endfacet
  facet normal 0 0 1
    outer loop
      vertex 16.6312 59.4424 4.2
      vertex 22.7879 60.3427 4.2
      vertex 22.7885 60.3443 4.2
    endloop
  endfacet
  facet normal 0 0 1
    outer loop
      vertex 16.6312 59.4424 4.2
      vertex 22.7885 60.3443 4.2
      vertex 22.8842 60.6264 4.2
    endloop
  endfacet
  facet normal 0 0 1
    outer loop
      vertex 24.4073 57.5379 4.2
      vertex 19.1283 53.4138 4.2
      vertex 19.15 52.75 4.2
    endloop
  endfacet
  facet normal 0 0 1
    outer loop
      vertex 22.885 60.6279 4.2
      vertex 16.1771 59.9271 4.2
      vertex 22.8842 60.6264 4.2
    endloop
  endfacet
  facet normal 0 0 1
    outer loop
      vertex 24.1236 57.6342 4.2
      vertex 19.0632 54.0748 4.2
      vertex 19.1283 53.4138 4.2
    endloop
  endfacet
  facet normal 0 0 1
    outer loop
      vertex 23.8549 57.7667 4.2
      vertex 18.955 54.7302 4.2
      vertex 19.0632 54.0748 4.2
    endloop
  endfacet
  facet normal 0 0 1
    outer loop
      vertex 23.6059 57.9331 4.2
      vertex 18.8041 55.377 4.2
      vertex 18.955 54.7302 4.2
    endloop
  endfacet
  facet normal 0 0 1
    outer loop
      vertex 23.1822 61.1427 4.2
      vertex 15.6924 60.3812 4.2
      vertex 23.0167 60.8951 4.2
    endloop
  endfacet
  facet normal 0 0 1
    outer loop
      vertex 23.1843 58.3546 4.2
      vertex 18.6113 56.0126 4.2
      vertex 18.8041 55.377 4.2
    endloop
  endfacet
  facet normal 0 0 1
    outer loop
      vertex 15.6924 60.3812 4.2
      vertex 23.1831 61.1441 4.2
      vertex 23.1843 61.1454 4.2
    endloop
  endfacet
  facet normal 0 0 1
    outer loop
      vertex 15.6924 60.3812 4.2
      vertex 23.1843 61.1454 4.2
      vertex 23.3807 61.3693 4.2
    endloop
  endfacet
  facet normal 0 0 1
    outer loop
      vertex 23.0167 58.6049 4.2
      vertex 18.3774 56.6342 4.2
      vertex 18.6113 56.0126 4.2
    endloop
  endfacet
  facet normal 0 0 1
    outer loop
      vertex 22.8842 58.8736 4.2
      vertex 18.1033 57.2392 4.2
      vertex 18.3774 56.6342 4.2
    endloop
  endfacet
  facet normal 0 0 1
    outer loop
      vertex 14.639 61.1894 4.2
      vertex 23.3807 61.3693 4.2
      vertex 23.6046 61.5657 4.2
    endloop
  endfacet
  facet normal 0 0 1
    outer loop
      vertex 14.639 61.1894 4.2
      vertex 23.6046 61.5657 4.2
      vertex 23.6059 61.5669 4.2
    endloop
  endfacet
  facet normal 0 0 1
    outer loop
      vertex 22.7879 59.1573 4.2
      vertex 17.7902 57.825 4.2
      vertex 18.1033 57.2392 4.2
    endloop
  endfacet
  facet normal 0 0 1
    outer loop
      vertex 23.6073 61.5678 4.2
      vertex 14.075 61.5402 4.2
      vertex 23.6059 61.5669 4.2
    endloop
  endfacet
  facet normal 0 0 1
    outer loop
      vertex 22.7099 59.75 4.2
      vertex 17.4394 58.389 4.2
      vertex 17.7902 57.825 4.2
    endloop
  endfacet
  facet normal 0 0 1
    outer loop
      vertex 22.7295 60.0489 4.2
      vertex 17.0525 58.9289 4.2
      vertex 17.4394 58.389 4.2
    endloop
  endfacet
  facet normal -0 0 1
    outer loop
      vertex 13.4892 61.8533 4.2
      vertex 23.8549 61.7333 4.2
      vertex 24.1221 61.865 4.2
    endloop
  endfacet
  facet normal 0 0 1
    outer loop
      vertex 13.4892 61.8533 4.2
      vertex 24.1221 61.865 4.2
      vertex 24.1236 61.8658 4.2
    endloop
  endfacet
  facet normal 0 0 1
    outer loop
      vertex 22.7879 60.3427 4.2
      vertex 16.6312 59.4424 4.2
      vertex 17.0525 58.9289 4.2
    endloop
  endfacet
  facet normal 0 0 1
    outer loop
      vertex 12.8842 62.1274 4.2
      vertex 24.1236 61.8658 4.2
      vertex 24.4073 61.9621 4.2
    endloop
  endfacet
  facet normal 0 0 1
    outer loop
      vertex 22.8842 60.6264 4.2
      vertex 16.1771 59.9271 4.2
      vertex 16.6312 59.4424 4.2
    endloop
  endfacet
  facet normal 0 0 1
    outer loop
      vertex 24.6994 62.0202 4.2
      vertex 0.299999 69.5 4.2
      vertex 24.4073 61.9621 4.2
    endloop
  endfacet
  facet normal 0 0 1
    outer loop
      vertex 23.0167 60.8951 4.2
      vertex 15.6924 60.3812 4.2
      vertex 16.1771 59.9271 4.2
    endloop
  endfacet
  facet normal 0 0 1
    outer loop
      vertex 23.3807 61.3693 4.2
      vertex 15.1789 60.8025 4.2
      vertex 15.6924 60.3812 4.2
    endloop
  endfacet
  facet normal 0 0 1
    outer loop
      vertex 23.3807 61.3693 4.2
      vertex 14.639 61.1894 4.2
      vertex 15.1789 60.8025 4.2
    endloop
  endfacet
  facet normal 0 0 1
    outer loop
      vertex 23.6059 61.5669 4.2
      vertex 14.075 61.5402 4.2
      vertex 14.639 61.1894 4.2
    endloop
  endfacet
  facet normal 0 0 1
    outer loop
      vertex 23.8549 61.7333 4.2
      vertex 13.4892 61.8533 4.2
      vertex 14.075 61.5402 4.2
    endloop
  endfacet
  facet normal 0 0 1
    outer loop
      vertex 24.1236 61.8658 4.2
      vertex 12.8842 62.1274 4.2
      vertex 13.4892 61.8533 4.2
    endloop
  endfacet
  facet normal 0 0 1
    outer loop
      vertex 24.4073 61.9621 4.2
      vertex 12.2626 62.3613 4.2
      vertex 12.8842 62.1274 4.2
    endloop
  endfacet
  facet normal -0 -0 1
    outer loop
      vertex 11.627 62.5541 4.2
      vertex 24.4073 61.9621 4.2
      vertex 0.299999 69.5 4.2
    endloop
  endfacet
  facet normal 0 0 1
    outer loop
      vertex 24.4073 61.9621 4.2
      vertex 11.627 62.5541 4.2
      vertex 12.2626 62.3613 4.2
    endloop
  endfacet
  facet normal 0 0 1
    outer loop
      vertex 11.627 62.5541 4.2
      vertex 0.299999 69.5 4.2
      vertex 10.9802 62.705 4.2
    endloop
  endfacet
  facet normal 0 0 1
    outer loop
      vertex 10.9802 62.705 4.2
      vertex 0.299999 69.5 4.2
      vertex 10.3248 62.8132 4.2
    endloop
  endfacet
  facet normal 0 0 1
    outer loop
      vertex 10.3248 62.8132 4.2
      vertex 0.299999 69.5 4.2
      vertex 9.66384 62.8783 4.2
    endloop
  endfacet
  facet normal 0 0 1
    outer loop
      vertex 9.66384 62.8783 4.2
      vertex 0.299999 69.5 4.2
      vertex 9 62.9 4.2
    endloop
  endfacet
  facet normal 0 0 1
    outer loop
      vertex 9 62.9 4.2
      vertex 0.299999 69.5 4.2
      vertex 8.33616 62.8783 4.2
    endloop
  endfacet
  facet normal 0 0 1
    outer loop
      vertex 8.33616 62.8783 4.2
      vertex 0.299999 69.5 4.2
      vertex 7.67516 62.8132 4.2
    endloop
  endfacet
  facet normal 0 0 1
    outer loop
      vertex 0.299999 69.5 4.2
      vertex 7.01983 62.705 4.2
      vertex 7.67516 62.8132 4.2
    endloop
  endfacet
  facet normal 0 0 1
    outer loop
      vertex 0.299999 69.5 4.2
      vertex 6.37299 62.5541 4.2
      vertex 7.01983 62.705 4.2
    endloop
  endfacet
  facet normal 0 0 1
    outer loop
      vertex 0.299999 69.5 4.2
      vertex 5.73739 62.3613 4.2
      vertex 6.37299 62.5541 4.2
    endloop
  endfacet
  facet normal 0 0 1
    outer loop
      vertex 0.299999 69.5 4.2
      vertex 5.11576 62.1274 4.2
      vertex 5.73739 62.3613 4.2
    endloop
  endfacet
  facet normal 0 0 1
    outer loop
      vertex 0.299999 69.5 4.2
      vertex 4.51077 61.8533 4.2
      vertex 5.11576 62.1274 4.2
    endloop
  endfacet
  facet normal 0 0 1
    outer loop
      vertex 0.299999 69.5 4.2
      vertex 3.925 61.5402 4.2
      vertex 4.51077 61.8533 4.2
    endloop
  endfacet
  facet normal -0 0 1
    outer loop
      vertex -2.7 66.5 4.2
      vertex 3.925 61.5402 4.2
      vertex 0.299999 69.5 4.2
    endloop
  endfacet
  facet normal 0 0 1
    outer loop
      vertex 3.925 61.5402 4.2
      vertex -2.7 66.5 4.2
      vertex 3.36096 61.1894 4.2
    endloop
  endfacet
  facet normal 0 0 1
    outer loop
      vertex 3.36096 61.1894 4.2
      vertex -2.7 66.5 4.2
      vertex 2.82107 60.8025 4.2
    endloop
  endfacet
  facet normal 0 0 1
    outer loop
      vertex 2.82107 60.8025 4.2
      vertex -2.7 66.5 4.2
      vertex 2.30764 60.3812 4.2
    endloop
  endfacet
  facet normal 0 0 1
    outer loop
      vertex 2.30764 60.3812 4.2
      vertex -2.7 66.5 4.2
      vertex 1.82287 59.9271 4.2
    endloop
  endfacet
  facet normal 0 0 1
    outer loop
      vertex 1.82287 59.9271 4.2
      vertex -2.7 66.5 4.2
      vertex 1.36883 59.4424 4.2
    endloop
  endfacet
  facet normal 0 0 1
    outer loop
      vertex 1.36883 59.4424 4.2
      vertex -2.7 66.5 4.2
      vertex 0.947463 58.9289 4.2
    endloop
  endfacet
  facet normal 0 0 1
    outer loop
      vertex 0.947463 58.9289 4.2
      vertex -2.7 66.5 4.2
      vertex 0.560583 58.389 4.2
    endloop
  endfacet
  facet normal 0 0 1
    outer loop
      vertex -2.7 66.5 4.2
      vertex 0.299999 69.5 4.2
      vertex -0.0915785 69.4743 4.2
    endloop
  endfacet
  facet normal 0 0 1
    outer loop
      vertex 0.560583 58.389 4.2
      vertex -2.7 66.5 4.2
      vertex 0.209842 57.825 4.2
    endloop
  endfacet
  facet normal 0 0 1
    outer loop
      vertex 0.209842 57.825 4.2
      vertex -2.7 66.5 4.2
      vertex -0.103258 57.2392 4.2
    endloop
  endfacet
  facet normal 0 0 1
    outer loop
      vertex -2.7 66.5 4.2
      vertex -0.0915785 69.4743 4.2
      vertex -0.476457 69.3978 4.2
    endloop
  endfacet
  facet normal 0 0 1
    outer loop
      vertex -0.103258 57.2392 4.2
      vertex -2.7 66.5 4.2
      vertex -0.377377 56.6342 4.2
    endloop
  endfacet
  facet normal 0 0 1
    outer loop
      vertex -0.377377 56.6342 4.2
      vertex -2.7 66.5 4.2
      vertex -0.611341 56.0126 4.2
    endloop
  endfacet
  facet normal 0 0 1
    outer loop
      vertex -2.7 66.5 4.2
      vertex -0.476457 69.3978 4.2
      vertex -0.84805 69.2716 4.2
    endloop
  endfacet
  facet normal 0 0 1
    outer loop
      vertex -0.611341 56.0126 4.2
      vertex -2.7 66.5 4.2
      vertex -0.804147 55.377 4.2
    endloop
  endfacet
  facet normal 0 0 1
    outer loop
      vertex -0.804147 55.377 4.2
      vertex -2.7 66.5 4.2
      vertex -0.95497 54.7302 4.2
    endloop
  endfacet
  facet normal 0 0 1
    outer loop
      vertex -0.95497 54.7302 4.2
      vertex -2.7 66.5 4.2
      vertex -1.06316 54.0748 4.2
    endloop
  endfacet
  facet normal 0 0 1
    outer loop
      vertex -1.06316 54.0748 4.2
      vertex -2.7 66.5 4.2
      vertex -1.12827 53.4138 4.2
    endloop
  endfacet
  facet normal 0 0 1
    outer loop
      vertex -2.7 66.5 4.2
      vertex -0.84805 69.2716 4.2
      vertex -1.2 69.0981 4.2
    endloop
  endfacet
  facet normal -0 0 1
    outer loop
      vertex 52.7 55.1887 4.2
      vertex 53.2 50.3113 4.2
      vertex 53.2 55.1887 4.2
    endloop
  endfacet
  facet normal 0 0 1
    outer loop
      vertex 53.2 50.3113 4.2
      vertex 52.7 55.1887 4.2
      vertex 52.7 50.3113 4.2
    endloop
  endfacet
  facet normal -0 0 1
    outer loop
      vertex 49.4394 47.111 4.2
      vertex 52.7 39 4.2
      vertex 49.7902 47.675 4.2
    endloop
  endfacet
  facet normal -0 0 1
    outer loop
      vertex 49.0525 46.5711 4.2
      vertex 52.7 39 4.2
      vertex 49.4394 47.111 4.2
    endloop
  endfacet
  facet normal -0 0 1
    outer loop
      vertex 48.6312 46.0576 4.2
      vertex 52.7 39 4.2
      vertex 49.0525 46.5711 4.2
    endloop
  endfacet
  facet normal -0 0 1
    outer loop
      vertex 48.1771 45.5729 4.2
      vertex 52.7 39 4.2
      vertex 48.6312 46.0576 4.2
    endloop
  endfacet
  facet normal -0 0 1
    outer loop
      vertex 47.6924 45.1188 4.2
      vertex 52.7 39 4.2
      vertex 48.1771 45.5729 4.2
    endloop
  endfacet
  facet normal -0 0 1
    outer loop
      vertex 47.1789 44.6975 4.2
      vertex 52.7 39 4.2
      vertex 47.6924 45.1188 4.2
    endloop
  endfacet
  facet normal -0 0 1
    outer loop
      vertex 46.639 44.3106 4.2
      vertex 52.7 39 4.2
      vertex 47.1789 44.6975 4.2
    endloop
  endfacet
  facet normal -0 0 1
    outer loop
      vertex 46.075 43.9598 4.2
      vertex 52.7 39 4.2
      vertex 46.639 44.3106 4.2
    endloop
  endfacet
  facet normal 0 -0 1
    outer loop
      vertex 49.7 36 4.2
      vertex 52.7 39 4.2
      vertex 46.075 43.9598 4.2
    endloop
  endfacet
  facet normal 0 0 1
    outer loop
      vertex 52.6743 38.6084 4.2
      vertex 49.7 36 4.2
      vertex 52.5978 38.2235 4.2
    endloop
  endfacet
  facet normal 0 0 1
    outer loop
      vertex 52.5978 38.2235 4.2
      vertex 49.7 36 4.2
      vertex 52.4716 37.852 4.2
    endloop
  endfacet
  facet normal 0 0 1
    outer loop
      vertex 52.4716 37.852 4.2
      vertex 49.7 36 4.2
      vertex 52.2981 37.5 4.2
    endloop
  endfacet
  facet normal 0 0 1
    outer loop
      vertex 52.2981 37.5 4.2
      vertex 49.7 36 4.2
      vertex 52.0801 37.1737 4.2
    endloop
  endfacet
  facet normal 0 0 1
    outer loop
      vertex 52.0801 37.1737 4.2
      vertex 49.7 36 4.2
      vertex 51.8213 36.8787 4.2
    endloop
  endfacet
  facet normal 0 0 1
    outer loop
      vertex 51.8213 36.8787 4.2
      vertex 49.7 36 4.2
      vertex 51.5263 36.6199 4.2
    endloop
  endfacet
  facet normal 0 0 1
    outer loop
      vertex 51.5263 36.6199 4.2
      vertex 49.7 36 4.2
      vertex 51.2 36.4019 4.2
    endloop
  endfacet
  facet normal 0 0 1
    outer loop
      vertex 51.2 36.4019 4.2
      vertex 49.7 36 4.2
      vertex 50.848 36.2284 4.2
    endloop
  endfacet
  facet normal 0 0 1
    outer loop
      vertex 50.848 36.2284 4.2
      vertex 49.7 36 4.2
      vertex 50.4765 36.1022 4.2
    endloop
  endfacet
  facet normal 0 0 1
    outer loop
      vertex 50.4765 36.1022 4.2
      vertex 49.7 36 4.2
      vertex 50.0916 36.0257 4.2
    endloop
  endfacet
  facet normal 0 0 1
    outer loop
      vertex 52.7 39 4.2
      vertex 49.7 36 4.2
      vertex 52.6743 38.6084 4.2
    endloop
  endfacet
  facet normal -0 0 1
    outer loop
      vertex 45.4892 43.6467 4.2
      vertex 49.7 36 4.2
      vertex 46.075 43.9598 4.2
    endloop
  endfacet
  facet normal -0 0 1
    outer loop
      vertex 44.8842 43.3726 4.2
      vertex 49.7 36 4.2
      vertex 45.4892 43.6467 4.2
    endloop
  endfacet
  facet normal -0 0 1
    outer loop
      vertex 44.2626 43.1387 4.2
      vertex 49.7 36 4.2
      vertex 44.8842 43.3726 4.2
    endloop
  endfacet
  facet normal -0 0 1
    outer loop
      vertex 43.627 42.9459 4.2
      vertex 49.7 36 4.2
      vertex 44.2626 43.1387 4.2
    endloop
  endfacet
  facet normal -0 0 1
    outer loop
      vertex 42.9802 42.795 4.2
      vertex 49.7 36 4.2
      vertex 43.627 42.9459 4.2
    endloop
  endfacet
  facet normal -0 0 1
    outer loop
      vertex 42.3248 42.6868 4.2
      vertex 49.7 36 4.2
      vertex 42.9802 42.795 4.2
    endloop
  endfacet
  facet normal -0 0 1
    outer loop
      vertex 41.6638 42.6217 4.2
      vertex 49.7 36 4.2
      vertex 42.3248 42.6868 4.2
    endloop
  endfacet
  facet normal -0 0 1
    outer loop
      vertex 41 42.6 4.2
      vertex 49.7 36 4.2
      vertex 41.6638 42.6217 4.2
    endloop
  endfacet
  facet normal 0 0 1
    outer loop
      vertex 40.3362 42.6217 4.2
      vertex 49.7 36 4.2
      vertex 41 42.6 4.2
    endloop
  endfacet
  facet normal 0 0 1
    outer loop
      vertex 39.6752 42.6868 4.2
      vertex 49.7 36 4.2
      vertex 40.3362 42.6217 4.2
    endloop
  endfacet
  facet normal 0 0 1
    outer loop
      vertex 39.0198 42.795 4.2
      vertex 49.7 36 4.2
      vertex 39.6752 42.6868 4.2
    endloop
  endfacet
  facet normal 0 0 1
    outer loop
      vertex 38.373 42.9459 4.2
      vertex 49.7 36 4.2
      vertex 39.0198 42.795 4.2
    endloop
  endfacet
  facet normal 0 0 1
    outer loop
      vertex 25.5927 43.5379 4.2
      vertex 38.373 42.9459 4.2
      vertex 37.7374 43.1387 4.2
    endloop
  endfacet
  facet normal 0 0 1
    outer loop
      vertex 25.5927 43.5379 4.2
      vertex 37.7374 43.1387 4.2
      vertex 37.1158 43.3726 4.2
    endloop
  endfacet
  facet normal -0 0 1
    outer loop
      vertex 25.8764 43.6342 4.2
      vertex 37.1158 43.3726 4.2
      vertex 36.5108 43.6467 4.2
    endloop
  endfacet
  facet normal -0 0 1
    outer loop
      vertex 26.1451 43.7667 4.2
      vertex 36.5108 43.6467 4.2
      vertex 35.925 43.9598 4.2
    endloop
  endfacet
  facet normal -0 0 1
    outer loop
      vertex 27.115 58.8721 4.2
      vertex 31.6226 56.6342 4.2
      vertex 27.1158 58.8736 4.2
    endloop
  endfacet
  facet normal 0 0 1
    outer loop
      vertex 30.85 52.75 4.2
      vertex 27.2901 45.75 4.2
      vertex 30.8717 52.0862 4.2
    endloop
  endfacet
  facet normal 0 0 1
    outer loop
      vertex 30.8717 52.0862 4.2
      vertex 27.2901 45.75 4.2
      vertex 30.9368 51.4252 4.2
    endloop
  endfacet
  facet normal 0 0 1
    outer loop
      vertex 30.9368 51.4252 4.2
      vertex 27.2901 45.75 4.2
      vertex 31.045 50.7698 4.2
    endloop
  endfacet
  facet normal 0 0 1
    outer loop
      vertex 31.045 50.7698 4.2
      vertex 27.2901 45.75 4.2
      vertex 31.1959 50.123 4.2
    endloop
  endfacet
  facet normal 0 0 1
    outer loop
      vertex 31.1959 50.123 4.2
      vertex 27.2901 45.75 4.2
      vertex 31.3887 49.4874 4.2
    endloop
  endfacet
  facet normal 0 0 1
    outer loop
      vertex 31.3887 49.4874 4.2
      vertex 27.2901 45.75 4.2
      vertex 31.6226 48.8658 4.2
    endloop
  endfacet
  facet normal 0 0 1
    outer loop
      vertex 27.2901 45.75 4.2
      vertex 31.8967 48.2608 4.2
      vertex 31.6226 48.8658 4.2
    endloop
  endfacet
  facet normal 0 0 1
    outer loop
      vertex 27.2901 45.75 4.2
      vertex 32.2098 47.675 4.2
      vertex 31.8967 48.2608 4.2
    endloop
  endfacet
  facet normal 0 0 1
    outer loop
      vertex 27.2901 45.75 4.2
      vertex 32.5606 47.111 4.2
      vertex 32.2098 47.675 4.2
    endloop
  endfacet
  facet normal 0 0 1
    outer loop
      vertex 27.2706 45.4528 4.2
      vertex 32.5606 47.111 4.2
      vertex 27.2901 45.75 4.2
    endloop
  endfacet
  facet normal 0 0 1
    outer loop
      vertex 27.2705 45.4511 4.2
      vertex 32.5606 47.111 4.2
      vertex 27.2706 45.4528 4.2
    endloop
  endfacet
  facet normal 0 0 1
    outer loop
      vertex 32.5606 47.111 4.2
      vertex 27.2705 45.4511 4.2
      vertex 32.9475 46.5711 4.2
    endloop
  endfacet
  facet normal 0 0 1
    outer loop
      vertex 27.2702 45.4494 4.2
      vertex 32.9475 46.5711 4.2
      vertex 27.2705 45.4511 4.2
    endloop
  endfacet
  facet normal 0 0 1
    outer loop
      vertex 27.2121 45.1573 4.2
      vertex 32.9475 46.5711 4.2
      vertex 27.2702 45.4494 4.2
    endloop
  endfacet
  facet normal 0 0 1
    outer loop
      vertex 32.9475 46.5711 4.2
      vertex 27.2121 45.1573 4.2
      vertex 33.3688 46.0576 4.2
    endloop
  endfacet
  facet normal 0 0 1
    outer loop
      vertex 27.2115 45.1557 4.2
      vertex 33.3688 46.0576 4.2
      vertex 27.2121 45.1573 4.2
    endloop
  endfacet
  facet normal 0 0 1
    outer loop
      vertex 27.1158 44.8736 4.2
      vertex 33.3688 46.0576 4.2
      vertex 27.2115 45.1557 4.2
    endloop
  endfacet
  facet normal 0 0 1
    outer loop
      vertex 33.3688 46.0576 4.2
      vertex 27.1158 44.8736 4.2
      vertex 33.8229 45.5729 4.2
    endloop
  endfacet
  facet normal 0 0 1
    outer loop
      vertex 27.115 44.8721 4.2
      vertex 33.8229 45.5729 4.2
      vertex 27.1158 44.8736 4.2
    endloop
  endfacet
  facet normal 0 0 1
    outer loop
      vertex 26.9833 44.6049 4.2
      vertex 33.8229 45.5729 4.2
      vertex 27.115 44.8721 4.2
    endloop
  endfacet
  facet normal 0 0 1
    outer loop
      vertex 33.8229 45.5729 4.2
      vertex 26.9833 44.6049 4.2
      vertex 34.3076 45.1188 4.2
    endloop
  endfacet
  facet normal 0 0 1
    outer loop
      vertex 26.8178 44.3573 4.2
      vertex 34.3076 45.1188 4.2
      vertex 26.9833 44.6049 4.2
    endloop
  endfacet
  facet normal 0 0 1
    outer loop
      vertex 26.8169 44.3559 4.2
      vertex 34.3076 45.1188 4.2
      vertex 26.8178 44.3573 4.2
    endloop
  endfacet
  facet normal 0 0 1
    outer loop
      vertex 26.8157 44.3546 4.2
      vertex 34.3076 45.1188 4.2
      vertex 26.8169 44.3559 4.2
    endloop
  endfacet
  facet normal 0 0 1
    outer loop
      vertex 34.3076 45.1188 4.2
      vertex 26.8157 44.3546 4.2
      vertex 34.8211 44.6975 4.2
    endloop
  endfacet
  facet normal 0 0 1
    outer loop
      vertex 26.6193 44.1307 4.2
      vertex 34.8211 44.6975 4.2
      vertex 26.8157 44.3546 4.2
    endloop
  endfacet
  facet normal 0 0 1
    outer loop
      vertex 34.8211 44.6975 4.2
      vertex 26.6193 44.1307 4.2
      vertex 35.361 44.3106 4.2
    endloop
  endfacet
  facet normal 0 0 1
    outer loop
      vertex 26.3954 43.9342 4.2
      vertex 35.361 44.3106 4.2
      vertex 26.6193 44.1307 4.2
    endloop
  endfacet
  facet normal 0 0 1
    outer loop
      vertex 26.3941 43.9331 4.2
      vertex 35.361 44.3106 4.2
      vertex 26.3954 43.9342 4.2
    endloop
  endfacet
  facet normal 0 0 1
    outer loop
      vertex 35.361 44.3106 4.2
      vertex 26.3941 43.9331 4.2
      vertex 35.925 43.9598 4.2
    endloop
  endfacet
  facet normal 0 0 1
    outer loop
      vertex 26.3927 43.9322 4.2
      vertex 35.925 43.9598 4.2
      vertex 26.3941 43.9331 4.2
    endloop
  endfacet
  facet normal 0 0 1
    outer loop
      vertex 26.1451 43.7667 4.2
      vertex 35.925 43.9598 4.2
      vertex 26.3927 43.9322 4.2
    endloop
  endfacet
  facet normal 0 0 1
    outer loop
      vertex 36.5108 43.6467 4.2
      vertex 26.1451 43.7667 4.2
      vertex 25.8779 43.635 4.2
    endloop
  endfacet
  facet normal 0 0 1
    outer loop
      vertex 36.5108 43.6467 4.2
      vertex 25.8779 43.635 4.2
      vertex 25.8764 43.6342 4.2
    endloop
  endfacet
  facet normal 0 0 1
    outer loop
      vertex 37.1158 43.3726 4.2
      vertex 25.8764 43.6342 4.2
      vertex 25.5943 43.5385 4.2
    endloop
  endfacet
  facet normal 0 0 1
    outer loop
      vertex 37.1158 43.3726 4.2
      vertex 25.5943 43.5385 4.2
      vertex 25.5927 43.5379 4.2
    endloop
  endfacet
  facet normal 0 0 1
    outer loop
      vertex 38.373 42.9459 4.2
      vertex 25.5927 43.5379 4.2
      vertex 49.7 36 4.2
    endloop
  endfacet
  facet normal -0 0 1
    outer loop
      vertex 25.3006 43.4798 4.2
      vertex 49.7 36 4.2
      vertex 25.5927 43.5379 4.2
    endloop
  endfacet
  facet normal -0 0 1
    outer loop
      vertex 25.2989 43.4795 4.2
      vertex 49.7 36 4.2
      vertex 25.3006 43.4798 4.2
    endloop
  endfacet
  facet normal -0 0 1
    outer loop
      vertex 25.2972 43.4794 4.2
      vertex 49.7 36 4.2
      vertex 25.2989 43.4795 4.2
    endloop
  endfacet
  facet normal -0 0 1
    outer loop
      vertex 25 43.4599 4.2
      vertex 49.7 36 4.2
      vertex 25.2972 43.4794 4.2
    endloop
  endfacet
  facet normal 0 0 1
    outer loop
      vertex 0.299999 36 4.2
      vertex 25 43.4599 4.2
      vertex 24.7028 43.4794 4.2
    endloop
  endfacet
  facet normal 0 0 1
    outer loop
      vertex 0.299999 36 4.2
      vertex 24.7028 43.4794 4.2
      vertex 24.7011 43.4795 4.2
    endloop
  endfacet
  facet normal 0 0 1
    outer loop
      vertex 0.299999 36 4.2
      vertex 24.7011 43.4795 4.2
      vertex 24.6994 43.4798 4.2
    endloop
  endfacet
  facet normal 0 0 1
    outer loop
      vertex 0.299999 36 4.2
      vertex 24.6994 43.4798 4.2
      vertex 24.4073 43.5379 4.2
    endloop
  endfacet
  facet normal 0 0 1
    outer loop
      vertex 24.1236 43.6342 4.2
      vertex 24.4073 43.5379 4.2
      vertex 24.4057 43.5385 4.2
    endloop
  endfacet
  facet normal 0 0 1
    outer loop
      vertex 14.075 43.9598 4.2
      vertex 23.6073 43.9322 4.2
      vertex 23.6059 43.9331 4.2
    endloop
  endfacet
  facet normal 0 0 1
    outer loop
      vertex 15.6924 45.1188 4.2
      vertex 23.1843 44.3546 4.2
      vertex 23.1831 44.3559 4.2
    endloop
  endfacet
  facet normal 0 0 1
    outer loop
      vertex 15.6924 45.1188 4.2
      vertex 23.1822 44.3573 4.2
      vertex 23.0167 44.6049 4.2
    endloop
  endfacet
  facet normal 0 0 1
    outer loop
      vertex 16.1771 45.5729 4.2
      vertex 22.885 44.8721 4.2
      vertex 22.8842 44.8736 4.2
    endloop
  endfacet
  facet normal -0 0 1
    outer loop
      vertex 18.1033 48.2608 4.2
      vertex 22.8842 46.6264 4.2
      vertex 18.3774 48.8658 4.2
    endloop
  endfacet
  facet normal 0 0 1
    outer loop
      vertex 22.8842 46.6264 4.2
      vertex 18.1033 48.2608 4.2
      vertex 22.7885 46.3443 4.2
    endloop
  endfacet
  facet normal 0 0 1
    outer loop
      vertex 22.7885 46.3443 4.2
      vertex 18.1033 48.2608 4.2
      vertex 22.7879 46.3427 4.2
    endloop
  endfacet
  facet normal -0 0 1
    outer loop
      vertex 17.7902 47.675 4.2
      vertex 22.7879 46.3427 4.2
      vertex 18.1033 48.2608 4.2
    endloop
  endfacet
  facet normal 0 0 1
    outer loop
      vertex 22.7879 46.3427 4.2
      vertex 17.7902 47.675 4.2
      vertex 22.7298 46.0506 4.2
    endloop
  endfacet
  facet normal 0 0 1
    outer loop
      vertex 22.7298 46.0506 4.2
      vertex 17.7902 47.675 4.2
      vertex 22.7295 46.0489 4.2
    endloop
  endfacet
  facet normal 0 0 1
    outer loop
      vertex 22.7295 46.0489 4.2
      vertex 17.7902 47.675 4.2
      vertex 22.7294 46.0472 4.2
    endloop
  endfacet
  facet normal 0 0 1
    outer loop
      vertex 22.7294 46.0472 4.2
      vertex 17.7902 47.675 4.2
      vertex 22.7099 45.75 4.2
    endloop
  endfacet
  facet normal -0 0 1
    outer loop
      vertex 17.4394 47.111 4.2
      vertex 22.7099 45.75 4.2
      vertex 17.7902 47.675 4.2
    endloop
  endfacet
  facet normal 0 0 1
    outer loop
      vertex 22.7099 45.75 4.2
      vertex 17.4394 47.111 4.2
      vertex 22.7294 45.4528 4.2
    endloop
  endfacet
  facet normal 0 0 1
    outer loop
      vertex 22.7294 45.4528 4.2
      vertex 17.4394 47.111 4.2
      vertex 22.7295 45.4511 4.2
    endloop
  endfacet
  facet normal -0 0 1
    outer loop
      vertex 17.0525 46.5711 4.2
      vertex 22.7295 45.4511 4.2
      vertex 17.4394 47.111 4.2
    endloop
  endfacet
  facet normal 0 0 1
    outer loop
      vertex 22.7295 45.4511 4.2
      vertex 17.0525 46.5711 4.2
      vertex 22.7298 45.4494 4.2
    endloop
  endfacet
  facet normal 0 0 1
    outer loop
      vertex 22.7298 45.4494 4.2
      vertex 17.0525 46.5711 4.2
      vertex 22.7879 45.1573 4.2
    endloop
  endfacet
  facet normal -0 0 1
    outer loop
      vertex 16.6312 46.0576 4.2
      vertex 22.7879 45.1573 4.2
      vertex 17.0525 46.5711 4.2
    endloop
  endfacet
  facet normal 0 0 1
    outer loop
      vertex 22.7879 45.1573 4.2
      vertex 16.6312 46.0576 4.2
      vertex 22.7885 45.1557 4.2
    endloop
  endfacet
  facet normal 0 0 1
    outer loop
      vertex 22.7885 45.1557 4.2
      vertex 16.6312 46.0576 4.2
      vertex 22.8842 44.8736 4.2
    endloop
  endfacet
  facet normal -0 0 1
    outer loop
      vertex 16.1771 45.5729 4.2
      vertex 22.8842 44.8736 4.2
      vertex 16.6312 46.0576 4.2
    endloop
  endfacet
  facet normal 0 0 1
    outer loop
      vertex 22.885 44.8721 4.2
      vertex 16.1771 45.5729 4.2
      vertex 23.0167 44.6049 4.2
    endloop
  endfacet
  facet normal -0 0 1
    outer loop
      vertex 15.6924 45.1188 4.2
      vertex 23.0167 44.6049 4.2
      vertex 16.1771 45.5729 4.2
    endloop
  endfacet
  facet normal 0 0 1
    outer loop
      vertex 23.1822 44.3573 4.2
      vertex 15.6924 45.1188 4.2
      vertex 23.1831 44.3559 4.2
    endloop
  endfacet
  facet normal 0 0 1
    outer loop
      vertex 23.1843 44.3546 4.2
      vertex 15.6924 45.1188 4.2
      vertex 23.3807 44.1307 4.2
    endloop
  endfacet
  facet normal -0 0 1
    outer loop
      vertex 15.1789 44.6975 4.2
      vertex 23.3807 44.1307 4.2
      vertex 15.6924 45.1188 4.2
    endloop
  endfacet
  facet normal -0 0 1
    outer loop
      vertex 14.639 44.3106 4.2
      vertex 23.3807 44.1307 4.2
      vertex 15.1789 44.6975 4.2
    endloop
  endfacet
  facet normal 0 0 1
    outer loop
      vertex 23.3807 44.1307 4.2
      vertex 14.639 44.3106 4.2
      vertex 23.6046 43.9342 4.2
    endloop
  endfacet
  facet normal 0 0 1
    outer loop
      vertex 23.6046 43.9342 4.2
      vertex 14.639 44.3106 4.2
      vertex 23.6059 43.9331 4.2
    endloop
  endfacet
  facet normal -0 0 1
    outer loop
      vertex 14.075 43.9598 4.2
      vertex 23.6059 43.9331 4.2
      vertex 14.639 44.3106 4.2
    endloop
  endfacet
  facet normal 0 0 1
    outer loop
      vertex 23.6073 43.9322 4.2
      vertex 14.075 43.9598 4.2
      vertex 23.8549 43.7667 4.2
    endloop
  endfacet
  facet normal 0 0 1
    outer loop
      vertex 13.4892 43.6467 4.2
      vertex 23.8549 43.7667 4.2
      vertex 14.075 43.9598 4.2
    endloop
  endfacet
  facet normal 0 0 1
    outer loop
      vertex 23.8549 43.7667 4.2
      vertex 13.4892 43.6467 4.2
      vertex 24.1221 43.635 4.2
    endloop
  endfacet
  facet normal 0 0 1
    outer loop
      vertex 24.1221 43.635 4.2
      vertex 13.4892 43.6467 4.2
      vertex 24.1236 43.6342 4.2
    endloop
  endfacet
  facet normal 0 0 1
    outer loop
      vertex 12.8842 43.3726 4.2
      vertex 24.1236 43.6342 4.2
      vertex 13.4892 43.6467 4.2
    endloop
  endfacet
  facet normal 0 0 1
    outer loop
      vertex 24.1236 43.6342 4.2
      vertex 12.8842 43.3726 4.2
      vertex 24.4073 43.5379 4.2
    endloop
  endfacet
  facet normal 0 0 1
    outer loop
      vertex 12.2626 43.1387 4.2
      vertex 24.4073 43.5379 4.2
      vertex 12.8842 43.3726 4.2
    endloop
  endfacet
  facet normal 0 0 1
    outer loop
      vertex 11.627 42.9459 4.2
      vertex 24.4073 43.5379 4.2
      vertex 12.2626 43.1387 4.2
    endloop
  endfacet
  facet normal 0 0 1
    outer loop
      vertex 24.4073 43.5379 4.2
      vertex 11.627 42.9459 4.2
      vertex 0.299999 36 4.2
    endloop
  endfacet
  facet normal 0 0 1
    outer loop
      vertex 0.299999 36 4.2
      vertex 11.627 42.9459 4.2
      vertex 10.9802 42.795 4.2
    endloop
  endfacet
  facet normal 0 0 1
    outer loop
      vertex 0.299999 36 4.2
      vertex 10.9802 42.795 4.2
      vertex 10.3248 42.6868 4.2
    endloop
  endfacet
  facet normal 0 0 1
    outer loop
      vertex 0.299999 36 4.2
      vertex 10.3248 42.6868 4.2
      vertex 9.66384 42.6217 4.2
    endloop
  endfacet
  facet normal 0 0 1
    outer loop
      vertex 0.299999 36 4.2
      vertex 9.66384 42.6217 4.2
      vertex 9 42.6 4.2
    endloop
  endfacet
  facet normal 0 0 1
    outer loop
      vertex 0.299999 36 4.2
      vertex 9 42.6 4.2
      vertex 8.33616 42.6217 4.2
    endloop
  endfacet
  facet normal 0 0 1
    outer loop
      vertex 0.299999 36 4.2
      vertex 8.33616 42.6217 4.2
      vertex 7.67516 42.6868 4.2
    endloop
  endfacet
  facet normal 0 0 1
    outer loop
      vertex 25 43.4599 4.2
      vertex 0.299999 36 4.2
      vertex 49.7 36 4.2
    endloop
  endfacet
  facet normal 0 0 1
    outer loop
      vertex 7.01983 42.795 4.2
      vertex 0.299999 36 4.2
      vertex 7.67516 42.6868 4.2
    endloop
  endfacet
  facet normal 0 0 1
    outer loop
      vertex 6.37299 42.9459 4.2
      vertex 0.299999 36 4.2
      vertex 7.01983 42.795 4.2
    endloop
  endfacet
  facet normal 0 0 1
    outer loop
      vertex 5.73739 43.1387 4.2
      vertex 0.299999 36 4.2
      vertex 6.37299 42.9459 4.2
    endloop
  endfacet
  facet normal 0 0 1
    outer loop
      vertex 5.11576 43.3726 4.2
      vertex 0.299999 36 4.2
      vertex 5.73739 43.1387 4.2
    endloop
  endfacet
  facet normal 0 0 1
    outer loop
      vertex 4.51077 43.6467 4.2
      vertex 0.299999 36 4.2
      vertex 5.11576 43.3726 4.2
    endloop
  endfacet
  facet normal 0 0 1
    outer loop
      vertex 3.925 43.9598 4.2
      vertex 0.299999 36 4.2
      vertex 4.51077 43.6467 4.2
    endloop
  endfacet
  facet normal 0 0 1
    outer loop
      vertex -2.7 39 4.2
      vertex 3.925 43.9598 4.2
      vertex 3.36096 44.3106 4.2
    endloop
  endfacet
  facet normal 0 0 1
    outer loop
      vertex -2.7 39 4.2
      vertex 3.36096 44.3106 4.2
      vertex 2.82107 44.6975 4.2
    endloop
  endfacet
  facet normal 0 0 1
    outer loop
      vertex -2.7 39 4.2
      vertex 2.82107 44.6975 4.2
      vertex 2.30764 45.1188 4.2
    endloop
  endfacet
  facet normal 0 0 1
    outer loop
      vertex -2.7 39 4.2
      vertex 2.30764 45.1188 4.2
      vertex 1.82287 45.5729 4.2
    endloop
  endfacet
  facet normal 0 0 1
    outer loop
      vertex -2.7 39 4.2
      vertex 1.82287 45.5729 4.2
      vertex 1.36883 46.0576 4.2
    endloop
  endfacet
  facet normal 0 0 1
    outer loop
      vertex -2.7 39 4.2
      vertex 1.36883 46.0576 4.2
      vertex 0.947463 46.5711 4.2
    endloop
  endfacet
  facet normal 0 0 1
    outer loop
      vertex -2.7 39 4.2
      vertex 0.947463 46.5711 4.2
      vertex 0.560583 47.111 4.2
    endloop
  endfacet
  facet normal 0 0 1
    outer loop
      vertex -2.7 39 4.2
      vertex 0.560583 47.111 4.2
      vertex 0.209842 47.675 4.2
    endloop
  endfacet
  facet normal 0 0 1
    outer loop
      vertex 3.925 43.9598 4.2
      vertex -2.7 39 4.2
      vertex 0.299999 36 4.2
    endloop
  endfacet
  facet normal 0 0 1
    outer loop
      vertex -2.7 39 4.2
      vertex 0.209842 47.675 4.2
      vertex -0.103258 48.2608 4.2
    endloop
  endfacet
  facet normal 0 0 1
    outer loop
      vertex -2.7 39 4.2
      vertex -0.103258 48.2608 4.2
      vertex -0.377377 48.8658 4.2
    endloop
  endfacet
  facet normal 0 0 1
    outer loop
      vertex 0.299999 36 4.2
      vertex -2.7 39 4.2
      vertex -0.0915785 36.0257 4.2
    endloop
  endfacet
  facet normal 0 0 1
    outer loop
      vertex -2.7 39 4.2
      vertex -0.377377 48.8658 4.2
      vertex -0.611341 49.4874 4.2
    endloop
  endfacet
  facet normal 0 0 1
    outer loop
      vertex -2.7 39 4.2
      vertex -0.611341 49.4874 4.2
      vertex -0.804147 50.123 4.2
    endloop
  endfacet
  facet normal 0 0 1
    outer loop
      vertex -0.0915785 36.0257 4.2
      vertex -2.7 39 4.2
      vertex -0.476457 36.1022 4.2
    endloop
  endfacet
  facet normal 0 0 1
    outer loop
      vertex -2.7 39 4.2
      vertex -0.804147 50.123 4.2
      vertex -0.95497 50.7698 4.2
    endloop
  endfacet
  facet normal 0 0 1
    outer loop
      vertex -2.7 39 4.2
      vertex -0.95497 50.7698 4.2
      vertex -1.06316 51.4252 4.2
    endloop
  endfacet
  facet normal 0 0 1
    outer loop
      vertex -2.7 39 4.2
      vertex -1.06316 51.4252 4.2
      vertex -1.12827 52.0862 4.2
    endloop
  endfacet
  facet normal 0 0 1
    outer loop
      vertex -2.7 39 4.2
      vertex -1.12827 52.0862 4.2
      vertex -1.15 52.75 4.2
    endloop
  endfacet
  facet normal 0 0 1
    outer loop
      vertex -0.476457 36.1022 4.2
      vertex -2.7 39 4.2
      vertex -0.84805 36.2284 4.2
    endloop
  endfacet
  facet normal 0 0 1
    outer loop
      vertex -1.12827 53.4138 4.2
      vertex -2.7 66.5 4.2
      vertex -1.15 52.75 4.2
    endloop
  endfacet
  facet normal 0 0 1
    outer loop
      vertex -2.7 66.5 4.2
      vertex -1.2 69.0981 4.2
      vertex -1.52628 68.8801 4.2
    endloop
  endfacet
  facet normal 0 0 1
    outer loop
      vertex -2.7 39 4.2
      vertex -1.15 52.75 4.2
      vertex -2.7 66.5 4.2
    endloop
  endfacet
  facet normal 0 0 1
    outer loop
      vertex -2.7 66.5 4.2
      vertex -1.52628 68.8801 4.2
      vertex -1.82132 68.6213 4.2
    endloop
  endfacet
  facet normal 0 0 1
    outer loop
      vertex -0.84805 36.2284 4.2
      vertex -2.7 39 4.2
      vertex -1.2 36.4019 4.2
    endloop
  endfacet
  facet normal 0 0 1
    outer loop
      vertex -2.7 66.5 4.2
      vertex -1.82132 68.6213 4.2
      vertex -2.08006 68.3263 4.2
    endloop
  endfacet
  facet normal 0 0 1
    outer loop
      vertex -1.2 36.4019 4.2
      vertex -2.7 39 4.2
      vertex -1.52628 36.6199 4.2
    endloop
  endfacet
  facet normal 0 0 1
    outer loop
      vertex -2.7 66.5 4.2
      vertex -2.08006 68.3263 4.2
      vertex -2.29808 68 4.2
    endloop
  endfacet
  facet normal 0 0 1
    outer loop
      vertex -1.52628 36.6199 4.2
      vertex -2.7 39 4.2
      vertex -1.82132 36.8787 4.2
    endloop
  endfacet
  facet normal 0 0 1
    outer loop
      vertex -2.7 66.5 4.2
      vertex -2.29808 68 4.2
      vertex -2.47164 67.648 4.2
    endloop
  endfacet
  facet normal 0 0 1
    outer loop
      vertex -1.82132 36.8787 4.2
      vertex -2.7 39 4.2
      vertex -2.08006 37.1737 4.2
    endloop
  endfacet
  facet normal 0 0 1
    outer loop
      vertex -2.7 66.5 4.2
      vertex -2.47164 67.648 4.2
      vertex -2.59778 67.2765 4.2
    endloop
  endfacet
  facet normal 0 0 1
    outer loop
      vertex -2.08006 37.1737 4.2
      vertex -2.7 39 4.2
      vertex -2.29808 37.5 4.2
    endloop
  endfacet
  facet normal 0 0 1
    outer loop
      vertex -2.7 66.5 4.2
      vertex -2.59778 67.2765 4.2
      vertex -2.67433 66.8916 4.2
    endloop
  endfacet
  facet normal 0 0 1
    outer loop
      vertex -2.29808 37.5 4.2
      vertex -2.7 39 4.2
      vertex -2.47164 37.852 4.2
    endloop
  endfacet
  facet normal 0 0 1
    outer loop
      vertex -2.47164 37.852 4.2
      vertex -2.7 39 4.2
      vertex -2.59778 38.2235 4.2
    endloop
  endfacet
  facet normal 0 0 1
    outer loop
      vertex -2.59778 38.2235 4.2
      vertex -2.7 39 4.2
      vertex -2.67433 38.6084 4.2
    endloop
  endfacet
  facet normal -0.608739 0 0.793371
    outer loop
      vertex 64.55 55.6129 7.52777
      vertex 64.9021 49.8871 7.79793
      vertex 64.9021 55.6129 7.79793
    endloop
  endfacet
  facet normal -0.608739 0 0.793371
    outer loop
      vertex 64.9021 49.8871 7.79793
      vertex 64.55 55.6129 7.52777
      vertex 64.55 49.8871 7.52777
    endloop
  endfacet
  facet normal 0.707062 0.00154604 -0.70715
    outer loop
      vertex 63.6547 49.8586 11.3588
      vertex 63.3497 49.8871 11.0539
      vertex 63.7 49.9069 11.4042
    endloop
  endfacet
  facet normal 0.706991 0 -0.707223
    outer loop
      vertex 63.6547 49.8586 11.3588
      vertex 63.3497 49.6921 11.0539
      vertex 63.3497 49.8871 11.0539
    endloop
  endfacet
  facet normal 0.707028 -0.000134463 -0.707186
    outer loop
      vertex 63.3497 49.6921 11.0539
      vertex 63.6547 49.8586 11.3588
      vertex 63.4203 49.6089 11.1245
    endloop
  endfacet
  facet normal 0.707028 0.000134463 -0.707186
    outer loop
      vertex 63.6547 55.6414 11.3588
      vertex 63.3497 55.8079 11.0539
      vertex 63.4203 55.8911 11.1245
    endloop
  endfacet
  facet normal 0.706991 0 -0.707223
    outer loop
      vertex 63.6547 55.6414 11.3588
      vertex 63.3497 55.6129 11.0539
      vertex 63.3497 55.8079 11.0539
    endloop
  endfacet
  facet normal 0.707062 -0.00154604 -0.70715
    outer loop
      vertex 63.7 55.5931 11.4042
      vertex 63.3497 55.6129 11.0539
      vertex 63.6547 55.6414 11.3588
    endloop
  endfacet
  facet normal 0.707107 0 -0.707107
    outer loop
      vertex 63.3497 49.8871 11.0539
      vertex 63.3497 55.6129 11.0539
      vertex 63.7 55.5931 11.4042
    endloop
  endfacet
  facet normal 0.707107 0 -0.707107
    outer loop
      vertex 63.3497 49.8871 11.0539
      vertex 63.7 55.5931 11.4042
      vertex 63.7 49.9069 11.4042
    endloop
  endfacet
  facet normal 0.707107 0 -0.707107
    outer loop
      vertex 63.3497 55.6129 11.0539
      vertex 63.3497 49.8871 11.0539
      vertex 62.4979 55.6129 10.2021
    endloop
  endfacet
  facet normal 0.707107 0 -0.707107
    outer loop
      vertex 62.4979 55.6129 10.2021
      vertex 63.3497 49.8871 11.0539
      vertex 62.4979 49.8871 10.2021
    endloop
  endfacet
  facet normal 0.923822 -0 0.382823
    outer loop
      vertex 62.0579 49.8871 8.56001
      vertex 62.2278 55.6129 8.15001
      vertex 62.0579 55.6129 8.56001
    endloop
  endfacet
  facet normal 0.923822 0 0.382823
    outer loop
      vertex 62.2278 55.6129 8.15001
      vertex 62.0579 49.8871 8.56001
      vertex 62.2278 49.8871 8.15001
    endloop
  endfacet
  facet normal -0.923822 0 0.382823
    outer loop
      vertex 65.1722 49.8871 8.15001
      vertex 65.3421 55.6129 8.56001
      vertex 65.1722 55.6129 8.15001
    endloop
  endfacet
  facet normal -0.923822 0 0.382823
    outer loop
      vertex 65.3421 55.6129 8.56001
      vertex 65.1722 49.8871 8.15001
      vertex 65.3421 49.8871 8.56001
    endloop
  endfacet
  facet normal 0.130555 0 0.991441
    outer loop
      vertex 63.26 55.6129 7.35794
      vertex 63.7 49.8871 7.3
      vertex 63.7 55.6129 7.3
    endloop
  endfacet
  facet normal 0.130555 0 0.991441
    outer loop
      vertex 63.7 49.8871 7.3
      vertex 63.26 55.6129 7.35794
      vertex 63.26 49.8871 7.35794
    endloop
  endfacet
  facet normal -0.793419 0 0.608676
    outer loop
      vertex 64.9021 49.8871 7.79793
      vertex 65.1722 55.6129 8.15001
      vertex 64.9021 55.6129 7.79793
    endloop
  endfacet
  facet normal -0.793419 0 0.608676
    outer loop
      vertex 65.1722 55.6129 8.15001
      vertex 64.9021 49.8871 7.79793
      vertex 65.1722 49.8871 8.15001
    endloop
  endfacet
  facet normal 0.793444 0 -0.608643
    outer loop
      vertex 62.4979 49.8871 10.2021
      vertex 62.2278 55.6129 9.84999
      vertex 62.4979 55.6129 10.2021
    endloop
  endfacet
  facet normal 0.793444 0 -0.608643
    outer loop
      vertex 62.2278 55.6129 9.84999
      vertex 62.4979 49.8871 10.2021
      vertex 62.2278 49.8871 9.84999
    endloop
  endfacet
  facet normal 0.991452 -0 0.130469
    outer loop
      vertex 62 49.8871 9
      vertex 62.0579 55.6129 8.56001
      vertex 62 55.6129 9
    endloop
  endfacet
  facet normal 0.991452 0 0.130469
    outer loop
      vertex 62.0579 55.6129 8.56001
      vertex 62 49.8871 9
      vertex 62.0579 49.8871 8.56001
    endloop
  endfacet
  facet normal -0.991452 0 -0.130469
    outer loop
      vertex 65.4 49.8871 9
      vertex 65.3421 55.6129 9.43999
      vertex 65.4 55.6129 9
    endloop
  endfacet
  facet normal -0.991452 -0 -0.130469
    outer loop
      vertex 65.3421 55.6129 9.43999
      vertex 65.4 49.8871 9
      vertex 65.3421 49.8871 9.43999
    endloop
  endfacet
  facet normal -0.707107 0 -0.707107
    outer loop
      vertex 64.0503 49.8871 11.0539
      vertex 64.0503 55.6129 11.0539
      vertex 64.9021 55.6129 10.2021
    endloop
  endfacet
  facet normal -0.707107 -0 -0.707107
    outer loop
      vertex 64.0503 55.6129 11.0539
      vertex 64.0503 49.8871 11.0539
      vertex 63.7 55.5931 11.4042
    endloop
  endfacet
  facet normal -0.707107 0 -0.707107
    outer loop
      vertex 64.0503 49.8871 11.0539
      vertex 64.9021 55.6129 10.2021
      vertex 64.9021 49.8871 10.2021
    endloop
  endfacet
  facet normal -0.707107 -0 -0.707107
    outer loop
      vertex 63.7 55.5931 11.4042
      vertex 64.0503 49.8871 11.0539
      vertex 63.7 49.9069 11.4042
    endloop
  endfacet
  facet normal -0.707062 0.00154604 -0.70715
    outer loop
      vertex 64.0503 49.8871 11.0539
      vertex 63.7453 49.8586 11.3588
      vertex 63.7 49.9069 11.4042
    endloop
  endfacet
  facet normal -0.706991 0 -0.707223
    outer loop
      vertex 64.0503 49.6921 11.0539
      vertex 63.7453 49.8586 11.3588
      vertex 64.0503 49.8871 11.0539
    endloop
  endfacet
  facet normal -0.707028 -0.000134463 -0.707186
    outer loop
      vertex 63.7453 49.8586 11.3588
      vertex 64.0503 49.6921 11.0539
      vertex 63.9797 49.6089 11.1245
    endloop
  endfacet
  facet normal -0.707028 0.000134463 -0.707186
    outer loop
      vertex 64.0503 55.8079 11.0539
      vertex 63.7453 55.6414 11.3588
      vertex 63.9797 55.8911 11.1245
    endloop
  endfacet
  facet normal -0.706991 0 -0.707223
    outer loop
      vertex 64.0503 55.6129 11.0539
      vertex 63.7453 55.6414 11.3588
      vertex 64.0503 55.8079 11.0539
    endloop
  endfacet
  facet normal -0.707062 -0.00154604 -0.70715
    outer loop
      vertex 63.7453 55.6414 11.3588
      vertex 64.0503 55.6129 11.0539
      vertex 63.7 55.5931 11.4042
    endloop
  endfacet
  facet normal -0.382688 0 0.923878
    outer loop
      vertex 64.14 55.6129 7.35794
      vertex 64.55 49.8871 7.52777
      vertex 64.55 55.6129 7.52777
    endloop
  endfacet
  facet normal -0.382688 0 0.923878
    outer loop
      vertex 64.55 49.8871 7.52777
      vertex 64.14 55.6129 7.35794
      vertex 64.14 49.8871 7.35794
    endloop
  endfacet
  facet normal -0.991452 0 0.130469
    outer loop
      vertex 65.3421 49.8871 8.56001
      vertex 65.4 55.6129 9
      vertex 65.3421 55.6129 8.56001
    endloop
  endfacet
  facet normal -0.991452 0 0.130469
    outer loop
      vertex 65.4 55.6129 9
      vertex 65.3421 49.8871 8.56001
      vertex 65.4 49.8871 9
    endloop
  endfacet
  facet normal 0.608739 0 0.793371
    outer loop
      vertex 62.4979 55.6129 7.79793
      vertex 62.85 49.8871 7.52777
      vertex 62.85 55.6129 7.52777
    endloop
  endfacet
  facet normal 0.608739 0 0.793371
    outer loop
      vertex 62.85 49.8871 7.52777
      vertex 62.4979 55.6129 7.79793
      vertex 62.4979 49.8871 7.79793
    endloop
  endfacet
  facet normal 0.793419 -0 0.608676
    outer loop
      vertex 62.2278 49.8871 8.15001
      vertex 62.4979 55.6129 7.79793
      vertex 62.2278 55.6129 8.15001
    endloop
  endfacet
  facet normal 0.793419 0 0.608676
    outer loop
      vertex 62.4979 55.6129 7.79793
      vertex 62.2278 49.8871 8.15001
      vertex 62.4979 49.8871 7.79793
    endloop
  endfacet
  facet normal 0.382688 0 0.923878
    outer loop
      vertex 62.85 55.6129 7.52777
      vertex 63.26 49.8871 7.35794
      vertex 63.26 55.6129 7.35794
    endloop
  endfacet
  facet normal 0.382688 0 0.923878
    outer loop
      vertex 63.26 49.8871 7.35794
      vertex 62.85 55.6129 7.52777
      vertex 62.85 49.8871 7.52777
    endloop
  endfacet
  facet normal 0.991452 0 -0.130469
    outer loop
      vertex 62.0579 49.8871 9.43999
      vertex 62 55.6129 9
      vertex 62.0579 55.6129 9.43999
    endloop
  endfacet
  facet normal 0.991452 0 -0.130469
    outer loop
      vertex 62 55.6129 9
      vertex 62.0579 49.8871 9.43999
      vertex 62 49.8871 9
    endloop
  endfacet
  facet normal -0.793444 0 -0.608643
    outer loop
      vertex 65.1722 49.8871 9.84999
      vertex 64.9021 55.6129 10.2021
      vertex 65.1722 55.6129 9.84999
    endloop
  endfacet
  facet normal -0.793444 -0 -0.608643
    outer loop
      vertex 64.9021 55.6129 10.2021
      vertex 65.1722 49.8871 9.84999
      vertex 64.9021 49.8871 10.2021
    endloop
  endfacet
  facet normal -0.130555 0 0.991441
    outer loop
      vertex 63.7 55.6129 7.3
      vertex 64.14 49.8871 7.35794
      vertex 64.14 55.6129 7.35794
    endloop
  endfacet
  facet normal -0.130555 0 0.991441
    outer loop
      vertex 64.14 49.8871 7.35794
      vertex 63.7 55.6129 7.3
      vertex 63.7 49.8871 7.3
    endloop
  endfacet
  facet normal 0.923822 0 -0.382823
    outer loop
      vertex 62.2278 49.8871 9.84999
      vertex 62.0579 55.6129 9.43999
      vertex 62.2278 55.6129 9.84999
    endloop
  endfacet
  facet normal 0.923822 0 -0.382823
    outer loop
      vertex 62.0579 55.6129 9.43999
      vertex 62.2278 49.8871 9.84999
      vertex 62.0579 49.8871 9.43999
    endloop
  endfacet
  facet normal -0.923822 0 -0.382823
    outer loop
      vertex 65.3421 49.8871 9.43999
      vertex 65.1722 55.6129 9.84999
      vertex 65.3421 55.6129 9.43999
    endloop
  endfacet
  facet normal -0.923822 -0 -0.382823
    outer loop
      vertex 65.1722 55.6129 9.84999
      vertex 65.3421 49.8871 9.43999
      vertex 65.1722 49.8871 9.84999
    endloop
  endfacet
  facet normal -0.997858 -0.0654112 0
    outer loop
      vertex -2.67433 38.6084 1.90735e-07
      vertex -2.7 39 4.2
      vertex -2.7 39 1.90735e-07
    endloop
  endfacet
  facet normal -0.997858 -0.0654112 0
    outer loop
      vertex -2.7 39 4.2
      vertex -2.67433 38.6084 1.90735e-07
      vertex -2.67433 38.6084 4.2
    endloop
  endfacet
  facet normal -0.0654911 -0.997853 0
    outer loop
      vertex -0.0915785 36.0257 1.90735e-07
      vertex 0.299999 36 4.2
      vertex -0.0915785 36.0257 4.2
    endloop
  endfacet
  facet normal -0.0654911 -0.997853 -0
    outer loop
      vertex 0.299999 36 4.2
      vertex -0.0915785 36.0257 1.90735e-07
      vertex 0.299999 36 1.90735e-07
    endloop
  endfacet
  facet normal -0.555547 0.831485 0
    outer loop
      vertex -1.2 69.0981 1.90735e-07
      vertex -1.52628 68.8801 4.2
      vertex -1.2 69.0981 4.2
    endloop
  endfacet
  facet normal -0.555547 0.831485 0
    outer loop
      vertex -1.52628 68.8801 4.2
      vertex -1.2 69.0981 1.90735e-07
      vertex -1.52628 68.8801 1.90735e-07
    endloop
  endfacet
  facet normal -0.555547 -0.831485 0
    outer loop
      vertex -1.52628 36.6199 1.90735e-07
      vertex -1.2 36.4019 4.2
      vertex -1.52628 36.6199 4.2
    endloop
  endfacet
  facet normal -0.555547 -0.831485 -0
    outer loop
      vertex -1.2 36.4019 4.2
      vertex -1.52628 36.6199 1.90735e-07
      vertex -1.2 36.4019 1.90735e-07
    endloop
  endfacet
  facet normal -0.19495 -0.980813 0
    outer loop
      vertex -0.476457 36.1022 1.90735e-07
      vertex -0.0915785 36.0257 4.2
      vertex -0.476457 36.1022 4.2
    endloop
  endfacet
  facet normal -0.19495 -0.980813 -0
    outer loop
      vertex -0.0915785 36.0257 4.2
      vertex -0.476457 36.1022 1.90735e-07
      vertex -0.0915785 36.0257 1.90735e-07
    endloop
  endfacet
  facet normal 0.997853 -0.0654873 0
    outer loop
      vertex 52.6743 38.6084 4.2
      vertex 52.7 39 1.90735e-07
      vertex 52.7 39 4.2
    endloop
  endfacet
  facet normal 0.997853 -0.0654873 0
    outer loop
      vertex 52.7 39 1.90735e-07
      vertex 52.6743 38.6084 4.2
      vertex 52.6743 38.6084 1.90735e-07
    endloop
  endfacet
  facet normal 1 -0 0
    outer loop
      vertex 52.7 55.1887 4.2
      vertex 52.7 66.5 1.90735e-07
      vertex 52.7 66.5 4.2
    endloop
  endfacet
  facet normal 1 0 0
    outer loop
      vertex 52.7 66.5 1.90735e-07
      vertex 52.7 55.1887 4.2
      vertex 52.7 55.1887 1.90735e-07
    endloop
  endfacet
  facet normal 1 -0 0
    outer loop
      vertex 52.7 39 4.2
      vertex 52.7 50.3113 1.90735e-07
      vertex 52.7 50.3113 4.2
    endloop
  endfacet
  facet normal 1 0 0
    outer loop
      vertex 52.7 50.3113 1.90735e-07
      vertex 52.7 39 4.2
      vertex 52.7 39 1.90735e-07
    endloop
  endfacet
  facet normal 0.831501 -0.555523 0
    outer loop
      vertex 52.0801 37.1737 4.2
      vertex 52.2981 37.5 1.90735e-07
      vertex 52.2981 37.5 4.2
    endloop
  endfacet
  facet normal 0.831501 -0.555523 0
    outer loop
      vertex 52.2981 37.5 1.90735e-07
      vertex 52.0801 37.1737 4.2
      vertex 52.0801 37.1737 1.90735e-07
    endloop
  endfacet
  facet normal -1 0 0
    outer loop
      vertex -2.7 39 1.90735e-07
      vertex -2.7 66.5 4.2
      vertex -2.7 66.5 1.90735e-07
    endloop
  endfacet
  facet normal -1 -0 0
    outer loop
      vertex -2.7 66.5 4.2
      vertex -2.7 39 1.90735e-07
      vertex -2.7 39 4.2
    endloop
  endfacet
  facet normal -0.997858 0.0654112 0
    outer loop
      vertex -2.7 66.5 1.90735e-07
      vertex -2.67433 66.8916 4.2
      vertex -2.67433 66.8916 1.90735e-07
    endloop
  endfacet
  facet normal -0.997858 0.0654112 0
    outer loop
      vertex -2.67433 66.8916 4.2
      vertex -2.7 66.5 1.90735e-07
      vertex -2.7 66.5 4.2
    endloop
  endfacet
  facet normal 0 -1 0
    outer loop
      vertex 0.299999 36 1.90735e-07
      vertex 49.7 36 4.2
      vertex 0.299999 36 4.2
    endloop
  endfacet
  facet normal 0 -1 -0
    outer loop
      vertex 49.7 36 4.2
      vertex 0.299999 36 1.90735e-07
      vertex 49.7 36 1.90735e-07
    endloop
  endfacet
  facet normal -0.831477 -0.555558 0
    outer loop
      vertex -2.08006 37.1737 1.90735e-07
      vertex -2.29808 37.5 4.2
      vertex -2.29808 37.5 1.90735e-07
    endloop
  endfacet
  facet normal -0.831477 -0.555558 0
    outer loop
      vertex -2.29808 37.5 4.2
      vertex -2.08006 37.1737 1.90735e-07
      vertex -2.08006 37.1737 4.2
    endloop
  endfacet
  facet normal -0.751799 -0.659392 0
    outer loop
      vertex -1.82132 36.8787 1.90735e-07
      vertex -2.08006 37.1737 4.2
      vertex -2.08006 37.1737 1.90735e-07
    endloop
  endfacet
  facet normal -0.751799 -0.659392 0
    outer loop
      vertex -2.08006 37.1737 4.2
      vertex -1.82132 36.8787 1.90735e-07
      vertex -1.82132 36.8787 4.2
    endloop
  endfacet
  facet normal -0.980791 -0.195062 0
    outer loop
      vertex -2.59778 38.2235 1.90735e-07
      vertex -2.67433 38.6084 4.2
      vertex -2.67433 38.6084 1.90735e-07
    endloop
  endfacet
  facet normal -0.980791 -0.195062 0
    outer loop
      vertex -2.67433 38.6084 4.2
      vertex -2.59778 38.2235 1.90735e-07
      vertex -2.59778 38.2235 4.2
    endloop
  endfacet
  facet normal 0 1 -0
    outer loop
      vertex 49.7 69.5 1.90735e-07
      vertex 0.299999 69.5 4.2
      vertex 49.7 69.5 4.2
    endloop
  endfacet
  facet normal 0 1 0
    outer loop
      vertex 0.299999 69.5 4.2
      vertex 49.7 69.5 1.90735e-07
      vertex 0.299999 69.5 1.90735e-07
    endloop
  endfacet
  facet normal 0.896961 0.44211 0
    outer loop
      vertex 52.4716 67.648 4.2
      vertex 52.2981 68 1.90735e-07
      vertex 52.2981 68 4.2
    endloop
  endfacet
  facet normal 0.896961 0.44211 0
    outer loop
      vertex 52.2981 68 1.90735e-07
      vertex 52.4716 67.648 4.2
      vertex 52.4716 67.648 1.90735e-07
    endloop
  endfacet
  facet normal 0.44211 -0.896961 0
    outer loop
      vertex 50.848 36.2284 1.90735e-07
      vertex 51.2 36.4019 4.2
      vertex 50.848 36.2284 4.2
    endloop
  endfacet
  facet normal 0.44211 -0.896961 0
    outer loop
      vertex 51.2 36.4019 4.2
      vertex 50.848 36.2284 1.90735e-07
      vertex 51.2 36.4019 1.90735e-07
    endloop
  endfacet
  facet normal -0.831477 0.555558 0
    outer loop
      vertex -2.29808 68 1.90735e-07
      vertex -2.08006 68.3263 4.2
      vertex -2.08006 68.3263 1.90735e-07
    endloop
  endfacet
  facet normal -0.831477 0.555558 0
    outer loop
      vertex -2.08006 68.3263 4.2
      vertex -2.29808 68 1.90735e-07
      vertex -2.29808 68 4.2
    endloop
  endfacet
  facet normal -0.321579 -0.946883 0
    outer loop
      vertex -0.84805 36.2284 1.90735e-07
      vertex -0.476457 36.1022 4.2
      vertex -0.84805 36.2284 4.2
    endloop
  endfacet
  facet normal -0.321579 -0.946883 -0
    outer loop
      vertex -0.476457 36.1022 4.2
      vertex -0.84805 36.2284 1.90735e-07
      vertex -0.476457 36.1022 1.90735e-07
    endloop
  endfacet
  facet normal -0.44216 -0.896936 0
    outer loop
      vertex -1.2 36.4019 1.90735e-07
      vertex -0.84805 36.2284 4.2
      vertex -1.2 36.4019 4.2
    endloop
  endfacet
  facet normal -0.44216 -0.896936 -0
    outer loop
      vertex -0.84805 36.2284 4.2
      vertex -1.2 36.4019 1.90735e-07
      vertex -0.84805 36.2284 1.90735e-07
    endloop
  endfacet
  facet normal -0.659428 -0.751768 0
    outer loop
      vertex -1.82132 36.8787 1.90735e-07
      vertex -1.52628 36.6199 4.2
      vertex -1.82132 36.8787 4.2
    endloop
  endfacet
  facet normal -0.659428 -0.751768 -0
    outer loop
      vertex -1.52628 36.6199 4.2
      vertex -1.82132 36.8787 1.90735e-07
      vertex -1.52628 36.6199 1.90735e-07
    endloop
  endfacet
  facet normal -0.946905 -0.321514 0
    outer loop
      vertex -2.47164 37.852 1.90735e-07
      vertex -2.59778 38.2235 4.2
      vertex -2.59778 38.2235 1.90735e-07
    endloop
  endfacet
  facet normal -0.946905 -0.321514 0
    outer loop
      vertex -2.59778 38.2235 4.2
      vertex -2.47164 37.852 1.90735e-07
      vertex -2.47164 37.852 4.2
    endloop
  endfacet
  facet normal -0.8969 -0.442233 0
    outer loop
      vertex -2.29808 37.5 1.90735e-07
      vertex -2.47164 37.852 4.2
      vertex -2.47164 37.852 1.90735e-07
    endloop
  endfacet
  facet normal -0.8969 -0.442233 0
    outer loop
      vertex -2.47164 37.852 4.2
      vertex -2.29808 37.5 1.90735e-07
      vertex -2.29808 37.5 4.2
    endloop
  endfacet
  facet normal -0.44216 0.896936 0
    outer loop
      vertex -0.84805 69.2716 1.90735e-07
      vertex -1.2 69.0981 4.2
      vertex -0.84805 69.2716 4.2
    endloop
  endfacet
  facet normal -0.44216 0.896936 0
    outer loop
      vertex -1.2 69.0981 4.2
      vertex -0.84805 69.2716 1.90735e-07
      vertex -1.2 69.0981 1.90735e-07
    endloop
  endfacet
  facet normal 0.946858 0.321651 0
    outer loop
      vertex 52.5978 67.2765 4.2
      vertex 52.4716 67.648 1.90735e-07
      vertex 52.4716 67.648 4.2
    endloop
  endfacet
  facet normal 0.946858 0.321651 0
    outer loop
      vertex 52.4716 67.648 1.90735e-07
      vertex 52.5978 67.2765 4.2
      vertex 52.5978 67.2765 1.90735e-07
    endloop
  endfacet
  facet normal 0.321651 -0.946858 0
    outer loop
      vertex 50.4765 36.1022 1.90735e-07
      vertex 50.848 36.2284 4.2
      vertex 50.4765 36.1022 4.2
    endloop
  endfacet
  facet normal 0.321651 -0.946858 0
    outer loop
      vertex 50.848 36.2284 4.2
      vertex 50.4765 36.1022 1.90735e-07
      vertex 50.848 36.2284 1.90735e-07
    endloop
  endfacet
  facet normal 0.896961 -0.44211 0
    outer loop
      vertex 52.2981 37.5 4.2
      vertex 52.4716 37.852 1.90735e-07
      vertex 52.4716 37.852 4.2
    endloop
  endfacet
  facet normal 0.896961 -0.44211 0
    outer loop
      vertex 52.4716 37.852 1.90735e-07
      vertex 52.2981 37.5 4.2
      vertex 52.2981 37.5 1.90735e-07
    endloop
  endfacet
  facet normal 0.980815 -0.19494 0
    outer loop
      vertex 52.5978 38.2235 4.2
      vertex 52.6743 38.6084 1.90735e-07
      vertex 52.6743 38.6084 4.2
    endloop
  endfacet
  facet normal 0.980815 -0.19494 0
    outer loop
      vertex 52.6743 38.6084 1.90735e-07
      vertex 52.5978 38.2235 4.2
      vertex 52.5978 38.2235 1.90735e-07
    endloop
  endfacet
  facet normal 0.751724 -0.659478 0
    outer loop
      vertex 51.8213 36.8787 4.2
      vertex 52.0801 37.1737 1.90735e-07
      vertex 52.0801 37.1737 4.2
    endloop
  endfacet
  facet normal 0.751724 -0.659478 0
    outer loop
      vertex 52.0801 37.1737 1.90735e-07
      vertex 51.8213 36.8787 4.2
      vertex 51.8213 36.8787 1.90735e-07
    endloop
  endfacet
  facet normal 0.555523 -0.831501 0
    outer loop
      vertex 51.2 36.4019 1.90735e-07
      vertex 51.5263 36.6199 4.2
      vertex 51.2 36.4019 4.2
    endloop
  endfacet
  facet normal 0.555523 -0.831501 0
    outer loop
      vertex 51.5263 36.6199 4.2
      vertex 51.2 36.4019 1.90735e-07
      vertex 51.5263 36.6199 1.90735e-07
    endloop
  endfacet
  facet normal -0.659428 0.751768 0
    outer loop
      vertex -1.52628 68.8801 1.90735e-07
      vertex -1.82132 68.6213 4.2
      vertex -1.52628 68.8801 4.2
    endloop
  endfacet
  facet normal -0.659428 0.751768 0
    outer loop
      vertex -1.82132 68.6213 4.2
      vertex -1.52628 68.8801 1.90735e-07
      vertex -1.82132 68.6213 1.90735e-07
    endloop
  endfacet
  facet normal -0.946905 0.321514 0
    outer loop
      vertex -2.59778 67.2765 1.90735e-07
      vertex -2.47164 67.648 4.2
      vertex -2.47164 67.648 1.90735e-07
    endloop
  endfacet
  facet normal -0.946905 0.321514 0
    outer loop
      vertex -2.47164 67.648 4.2
      vertex -2.59778 67.2765 1.90735e-07
      vertex -2.59778 67.2765 4.2
    endloop
  endfacet
  facet normal -0.751799 0.659392 0
    outer loop
      vertex -2.08006 68.3263 1.90735e-07
      vertex -1.82132 68.6213 4.2
      vertex -1.82132 68.6213 1.90735e-07
    endloop
  endfacet
  facet normal -0.751799 0.659392 0
    outer loop
      vertex -1.82132 68.6213 4.2
      vertex -2.08006 68.3263 1.90735e-07
      vertex -2.08006 68.3263 4.2
    endloop
  endfacet
  facet normal -0.8969 0.442233 0
    outer loop
      vertex -2.47164 67.648 1.90735e-07
      vertex -2.29808 68 4.2
      vertex -2.29808 68 1.90735e-07
    endloop
  endfacet
  facet normal -0.8969 0.442233 0
    outer loop
      vertex -2.29808 68 4.2
      vertex -2.47164 67.648 1.90735e-07
      vertex -2.47164 67.648 4.2
    endloop
  endfacet
  facet normal -0.980791 0.195062 0
    outer loop
      vertex -2.67433 66.8916 1.90735e-07
      vertex -2.59778 67.2765 4.2
      vertex -2.59778 67.2765 1.90735e-07
    endloop
  endfacet
  facet normal -0.980791 0.195062 0
    outer loop
      vertex -2.59778 67.2765 4.2
      vertex -2.67433 66.8916 1.90735e-07
      vertex -2.67433 66.8916 4.2
    endloop
  endfacet
  facet normal -0.19495 0.980813 0
    outer loop
      vertex -0.0915785 69.4743 1.90735e-07
      vertex -0.476457 69.3978 4.2
      vertex -0.0915785 69.4743 4.2
    endloop
  endfacet
  facet normal -0.19495 0.980813 0
    outer loop
      vertex -0.476457 69.3978 4.2
      vertex -0.0915785 69.4743 1.90735e-07
      vertex -0.476457 69.3978 1.90735e-07
    endloop
  endfacet
  facet normal -0.0654911 0.997853 0
    outer loop
      vertex 0.299999 69.5 1.90735e-07
      vertex -0.0915785 69.4743 4.2
      vertex 0.299999 69.5 4.2
    endloop
  endfacet
  facet normal -0.0654911 0.997853 0
    outer loop
      vertex -0.0915785 69.4743 4.2
      vertex 0.299999 69.5 1.90735e-07
      vertex -0.0915785 69.4743 1.90735e-07
    endloop
  endfacet
  facet normal -0.321579 0.946883 0
    outer loop
      vertex -0.476457 69.3978 1.90735e-07
      vertex -0.84805 69.2716 4.2
      vertex -0.476457 69.3978 4.2
    endloop
  endfacet
  facet normal -0.321579 0.946883 0
    outer loop
      vertex -0.84805 69.2716 4.2
      vertex -0.476457 69.3978 1.90735e-07
      vertex -0.84805 69.2716 1.90735e-07
    endloop
  endfacet
  facet normal 0.321651 0.946858 -0
    outer loop
      vertex 50.848 69.2716 1.90735e-07
      vertex 50.4765 69.3978 4.2
      vertex 50.848 69.2716 4.2
    endloop
  endfacet
  facet normal 0.321651 0.946858 0
    outer loop
      vertex 50.4765 69.3978 4.2
      vertex 50.848 69.2716 1.90735e-07
      vertex 50.4765 69.3978 1.90735e-07
    endloop
  endfacet
  facet normal 0.751724 0.659478 0
    outer loop
      vertex 52.0801 68.3263 4.2
      vertex 51.8213 68.6213 1.90735e-07
      vertex 51.8213 68.6213 4.2
    endloop
  endfacet
  facet normal 0.751724 0.659478 0
    outer loop
      vertex 51.8213 68.6213 1.90735e-07
      vertex 52.0801 68.3263 4.2
      vertex 52.0801 68.3263 1.90735e-07
    endloop
  endfacet
  facet normal 0.831501 0.555523 0
    outer loop
      vertex 52.2981 68 4.2
      vertex 52.0801 68.3263 1.90735e-07
      vertex 52.0801 68.3263 4.2
    endloop
  endfacet
  facet normal 0.831501 0.555523 0
    outer loop
      vertex 52.0801 68.3263 1.90735e-07
      vertex 52.2981 68 4.2
      vertex 52.2981 68 1.90735e-07
    endloop
  endfacet
  facet normal 0.980815 0.19494 0
    outer loop
      vertex 52.6743 66.8916 4.2
      vertex 52.5978 67.2765 1.90735e-07
      vertex 52.5978 67.2765 4.2
    endloop
  endfacet
  facet normal 0.980815 0.19494 0
    outer loop
      vertex 52.5978 67.2765 1.90735e-07
      vertex 52.6743 66.8916 4.2
      vertex 52.6743 66.8916 1.90735e-07
    endloop
  endfacet
  facet normal 0.997853 0.0654873 0
    outer loop
      vertex 52.7 66.5 4.2
      vertex 52.6743 66.8916 1.90735e-07
      vertex 52.6743 66.8916 4.2
    endloop
  endfacet
  facet normal 0.997853 0.0654873 0
    outer loop
      vertex 52.6743 66.8916 1.90735e-07
      vertex 52.7 66.5 4.2
      vertex 52.7 66.5 1.90735e-07
    endloop
  endfacet
  facet normal 0.19494 -0.980815 0
    outer loop
      vertex 50.0916 36.0257 1.90735e-07
      vertex 50.4765 36.1022 4.2
      vertex 50.0916 36.0257 4.2
    endloop
  endfacet
  facet normal 0.19494 -0.980815 0
    outer loop
      vertex 50.4765 36.1022 4.2
      vertex 50.0916 36.0257 1.90735e-07
      vertex 50.4765 36.1022 1.90735e-07
    endloop
  endfacet
  facet normal 0.0654873 -0.997853 0
    outer loop
      vertex 49.7 36 1.90735e-07
      vertex 50.0916 36.0257 4.2
      vertex 49.7 36 4.2
    endloop
  endfacet
  facet normal 0.0654873 -0.997853 0
    outer loop
      vertex 50.0916 36.0257 4.2
      vertex 49.7 36 1.90735e-07
      vertex 50.0916 36.0257 1.90735e-07
    endloop
  endfacet
  facet normal 0.946858 -0.321651 0
    outer loop
      vertex 52.4716 37.852 4.2
      vertex 52.5978 38.2235 1.90735e-07
      vertex 52.5978 38.2235 4.2
    endloop
  endfacet
  facet normal 0.946858 -0.321651 0
    outer loop
      vertex 52.5978 38.2235 1.90735e-07
      vertex 52.4716 37.852 4.2
      vertex 52.4716 37.852 1.90735e-07
    endloop
  endfacet
  facet normal 0.659478 -0.751724 0
    outer loop
      vertex 51.5263 36.6199 1.90735e-07
      vertex 51.8213 36.8787 4.2
      vertex 51.5263 36.6199 4.2
    endloop
  endfacet
  facet normal 0.659478 -0.751724 0
    outer loop
      vertex 51.8213 36.8787 4.2
      vertex 51.5263 36.6199 1.90735e-07
      vertex 51.8213 36.8787 1.90735e-07
    endloop
  endfacet
  facet normal 0.19494 0.980815 -0
    outer loop
      vertex 50.4765 69.3978 1.90735e-07
      vertex 50.0916 69.4743 4.2
      vertex 50.4765 69.3978 4.2
    endloop
  endfacet
  facet normal 0.19494 0.980815 0
    outer loop
      vertex 50.0916 69.4743 4.2
      vertex 50.4765 69.3978 1.90735e-07
      vertex 50.0916 69.4743 1.90735e-07
    endloop
  endfacet
  facet normal 0.0654873 0.997853 -0
    outer loop
      vertex 50.0916 69.4743 1.90735e-07
      vertex 49.7 69.5 4.2
      vertex 50.0916 69.4743 4.2
    endloop
  endfacet
  facet normal 0.0654873 0.997853 0
    outer loop
      vertex 49.7 69.5 4.2
      vertex 50.0916 69.4743 1.90735e-07
      vertex 49.7 69.5 1.90735e-07
    endloop
  endfacet
  facet normal 0.659478 0.751724 -0
    outer loop
      vertex 51.8213 68.6213 1.90735e-07
      vertex 51.5263 68.8801 4.2
      vertex 51.8213 68.6213 4.2
    endloop
  endfacet
  facet normal 0.659478 0.751724 0
    outer loop
      vertex 51.5263 68.8801 4.2
      vertex 51.8213 68.6213 1.90735e-07
      vertex 51.5263 68.8801 1.90735e-07
    endloop
  endfacet
  facet normal 0.44211 0.896961 -0
    outer loop
      vertex 51.2 69.0981 1.90735e-07
      vertex 50.848 69.2716 4.2
      vertex 51.2 69.0981 4.2
    endloop
  endfacet
  facet normal 0.44211 0.896961 0
    outer loop
      vertex 50.848 69.2716 4.2
      vertex 51.2 69.0981 1.90735e-07
      vertex 50.848 69.2716 1.90735e-07
    endloop
  endfacet
  facet normal 0.555523 0.831501 -0
    outer loop
      vertex 51.5263 68.8801 1.90735e-07
      vertex 51.2 69.0981 4.2
      vertex 51.5263 68.8801 4.2
    endloop
  endfacet
  facet normal 0.555523 0.831501 0
    outer loop
      vertex 51.2 69.0981 4.2
      vertex 51.5263 68.8801 1.90735e-07
      vertex 51.2 69.0981 1.90735e-07
    endloop
  endfacet
  facet normal -0.881932 -0.471377 0
    outer loop
      vertex 18.1033 57.2392 1.1
      vertex 17.7902 57.825 4.2
      vertex 17.7902 57.825 1.1
    endloop
  endfacet
  facet normal -0.881932 -0.471377 0
    outer loop
      vertex 17.7902 57.825 4.2
      vertex 18.1033 57.2392 1.1
      vertex 18.1033 57.2392 4.2
    endloop
  endfacet
  facet normal -0.352179 -0.935933 0
    outer loop
      vertex 12.2626 62.3613 1.1
      vertex 12.8842 62.1274 4.2
      vertex 12.2626 62.3613 4.2
    endloop
  endfacet
  facet normal -0.352179 -0.935933 -0
    outer loop
      vertex 12.8842 62.1274 4.2
      vertex 12.2626 62.3613 1.1
      vertex 12.8842 62.1274 1.1
    endloop
  endfacet
  facet normal 0.412685 -0.910874 0
    outer loop
      vertex 4.51077 61.8533 1.1
      vertex 5.11576 62.1274 4.2
      vertex 4.51077 61.8533 4.2
    endloop
  endfacet
  facet normal 0.412685 -0.910874 0
    outer loop
      vertex 5.11576 62.1274 4.2
      vertex 4.51077 61.8533 1.1
      vertex 5.11576 62.1274 1.1
    endloop
  endfacet
  facet normal 0.935901 -0.352264 0
    outer loop
      vertex -0.611341 56.0126 4.2
      vertex -0.377377 56.6342 1.1
      vertex -0.377377 56.6342 4.2
    endloop
  endfacet
  facet normal 0.935901 -0.352264 0
    outer loop
      vertex -0.377377 56.6342 1.1
      vertex -0.611341 56.0126 4.2
      vertex -0.611341 56.0126 1.1
    endloop
  endfacet
  facet normal -0.999466 0.0326731 0
    outer loop
      vertex 19.1283 52.0862 1.1
      vertex 19.15 52.75 4.2
      vertex 19.15 52.75 1.1
    endloop
  endfacet
  facet normal -0.999466 0.0326731 0
    outer loop
      vertex 19.15 52.75 4.2
      vertex 19.1283 52.0862 1.1
      vertex 19.1283 52.0862 4.2
    endloop
  endfacet
  facet normal -0.528157 -0.849147 0
    outer loop
      vertex 14.075 61.5402 1.1
      vertex 14.639 61.1894 4.2
      vertex 14.075 61.5402 4.2
    endloop
  endfacet
  facet normal -0.528157 -0.849147 -0
    outer loop
      vertex 14.639 61.1894 4.2
      vertex 14.075 61.5402 1.1
      vertex 14.639 61.1894 1.1
    endloop
  endfacet
  facet normal 0 0 1
    outer loop
      vertex 19.1283 53.4138 1.1
      vertex 19.1283 52.0862 1.1
      vertex 19.15 52.75 1.1
    endloop
  endfacet
  facet normal 0 0 1
    outer loop
      vertex 19.0632 54.0748 1.1
      vertex 19.1283 52.0862 1.1
      vertex 19.1283 53.4138 1.1
    endloop
  endfacet
  facet normal 0 0 1
    outer loop
      vertex 19.0632 54.0748 1.1
      vertex 19.0632 51.4252 1.1
      vertex 19.1283 52.0862 1.1
    endloop
  endfacet
  facet normal 0 0 1
    outer loop
      vertex 18.955 54.7302 1.1
      vertex 19.0632 51.4252 1.1
      vertex 19.0632 54.0748 1.1
    endloop
  endfacet
  facet normal 0 0 1
    outer loop
      vertex 18.955 54.7302 1.1
      vertex 18.955 50.7698 1.1
      vertex 19.0632 51.4252 1.1
    endloop
  endfacet
  facet normal 0 0 1
    outer loop
      vertex 18.8041 55.377 1.1
      vertex 18.955 50.7698 1.1
      vertex 18.955 54.7302 1.1
    endloop
  endfacet
  facet normal 0 0 1
    outer loop
      vertex 18.8041 55.377 1.1
      vertex 18.8041 50.123 1.1
      vertex 18.955 50.7698 1.1
    endloop
  endfacet
  facet normal 0 0 1
    outer loop
      vertex 18.6113 56.0126 1.1
      vertex 18.8041 50.123 1.1
      vertex 18.8041 55.377 1.1
    endloop
  endfacet
  facet normal 0 0 1
    outer loop
      vertex 18.6113 56.0126 1.1
      vertex 18.6113 49.4874 1.1
      vertex 18.8041 50.123 1.1
    endloop
  endfacet
  facet normal 0 0 1
    outer loop
      vertex 18.3774 56.6342 1.1
      vertex 18.6113 49.4874 1.1
      vertex 18.6113 56.0126 1.1
    endloop
  endfacet
  facet normal 0 0 1
    outer loop
      vertex 18.3774 56.6342 1.1
      vertex 18.3774 48.8658 1.1
      vertex 18.6113 49.4874 1.1
    endloop
  endfacet
  facet normal 0 0 1
    outer loop
      vertex 18.1033 57.2392 1.1
      vertex 18.3774 48.8658 1.1
      vertex 18.3774 56.6342 1.1
    endloop
  endfacet
  facet normal 0 0 1
    outer loop
      vertex 18.1033 57.2392 1.1
      vertex 18.1033 48.2608 1.1
      vertex 18.3774 48.8658 1.1
    endloop
  endfacet
  facet normal 0 0 1
    outer loop
      vertex 17.7902 57.825 1.1
      vertex 18.1033 48.2608 1.1
      vertex 18.1033 57.2392 1.1
    endloop
  endfacet
  facet normal 0 0 1
    outer loop
      vertex 17.7902 57.825 1.1
      vertex 17.7902 47.675 1.1
      vertex 18.1033 48.2608 1.1
    endloop
  endfacet
  facet normal 0 0 1
    outer loop
      vertex 17.4394 58.389 1.1
      vertex 17.7902 47.675 1.1
      vertex 17.7902 57.825 1.1
    endloop
  endfacet
  facet normal 0 0 1
    outer loop
      vertex 17.4394 58.389 1.1
      vertex 17.4394 47.111 1.1
      vertex 17.7902 47.675 1.1
    endloop
  endfacet
  facet normal 0 0 1
    outer loop
      vertex 17.0525 58.9289 1.1
      vertex 17.4394 47.111 1.1
      vertex 17.4394 58.389 1.1
    endloop
  endfacet
  facet normal 0 0 1
    outer loop
      vertex 17.0525 58.9289 1.1
      vertex 17.0525 46.5711 1.1
      vertex 17.4394 47.111 1.1
    endloop
  endfacet
  facet normal 0 0 1
    outer loop
      vertex 16.6312 59.4424 1.1
      vertex 17.0525 46.5711 1.1
      vertex 17.0525 58.9289 1.1
    endloop
  endfacet
  facet normal 0 0 1
    outer loop
      vertex 16.6312 59.4424 1.1
      vertex 16.6312 46.0576 1.1
      vertex 17.0525 46.5711 1.1
    endloop
  endfacet
  facet normal 0 0 1
    outer loop
      vertex 16.1771 59.9271 1.1
      vertex 16.6312 46.0576 1.1
      vertex 16.6312 59.4424 1.1
    endloop
  endfacet
  facet normal 0 0 1
    outer loop
      vertex 16.1771 59.9271 1.1
      vertex 16.1771 45.5729 1.1
      vertex 16.6312 46.0576 1.1
    endloop
  endfacet
  facet normal 0 0 1
    outer loop
      vertex 15.6924 60.3812 1.1
      vertex 16.1771 45.5729 1.1
      vertex 16.1771 59.9271 1.1
    endloop
  endfacet
  facet normal 0 0 1
    outer loop
      vertex 15.6924 60.3812 1.1
      vertex 15.6924 45.1188 1.1
      vertex 16.1771 45.5729 1.1
    endloop
  endfacet
  facet normal 0 0 1
    outer loop
      vertex 15.1789 60.8025 1.1
      vertex 15.6924 45.1188 1.1
      vertex 15.6924 60.3812 1.1
    endloop
  endfacet
  facet normal 0 0 1
    outer loop
      vertex 15.1789 60.8025 1.1
      vertex 15.1789 44.6975 1.1
      vertex 15.6924 45.1188 1.1
    endloop
  endfacet
  facet normal 0 0 1
    outer loop
      vertex 14.639 61.1894 1.1
      vertex 15.1789 44.6975 1.1
      vertex 15.1789 60.8025 1.1
    endloop
  endfacet
  facet normal 0 0 1
    outer loop
      vertex 14.639 61.1894 1.1
      vertex 14.639 44.3106 1.1
      vertex 15.1789 44.6975 1.1
    endloop
  endfacet
  facet normal 0 0 1
    outer loop
      vertex 14.075 61.5402 1.1
      vertex 14.639 44.3106 1.1
      vertex 14.639 61.1894 1.1
    endloop
  endfacet
  facet normal 0 0 1
    outer loop
      vertex 14.075 61.5402 1.1
      vertex 14.075 43.9598 1.1
      vertex 14.639 44.3106 1.1
    endloop
  endfacet
  facet normal 0 0 1
    outer loop
      vertex 13.4892 61.8533 1.1
      vertex 14.075 43.9598 1.1
      vertex 14.075 61.5402 1.1
    endloop
  endfacet
  facet normal 0 0 1
    outer loop
      vertex 13.4892 61.8533 1.1
      vertex 13.4892 43.6467 1.1
      vertex 14.075 43.9598 1.1
    endloop
  endfacet
  facet normal 0 0 1
    outer loop
      vertex 12.8842 62.1274 1.1
      vertex 13.4892 43.6467 1.1
      vertex 13.4892 61.8533 1.1
    endloop
  endfacet
  facet normal 0 0 1
    outer loop
      vertex 12.8842 62.1274 1.1
      vertex 12.8842 43.3726 1.1
      vertex 13.4892 43.6467 1.1
    endloop
  endfacet
  facet normal 0 0 1
    outer loop
      vertex 12.2626 62.3613 1.1
      vertex 12.8842 43.3726 1.1
      vertex 12.8842 62.1274 1.1
    endloop
  endfacet
  facet normal 0 0 1
    outer loop
      vertex 12.2626 62.3613 1.1
      vertex 12.2626 43.1387 1.1
      vertex 12.8842 43.3726 1.1
    endloop
  endfacet
  facet normal 0 0 1
    outer loop
      vertex 11.627 62.5541 1.1
      vertex 12.2626 43.1387 1.1
      vertex 12.2626 62.3613 1.1
    endloop
  endfacet
  facet normal 0 0 1
    outer loop
      vertex 11.627 62.5541 1.1
      vertex 11.627 42.9459 1.1
      vertex 12.2626 43.1387 1.1
    endloop
  endfacet
  facet normal 0 0 1
    outer loop
      vertex 10.9802 62.705 1.1
      vertex 11.627 42.9459 1.1
      vertex 11.627 62.5541 1.1
    endloop
  endfacet
  facet normal 0 0 1
    outer loop
      vertex 10.9802 62.705 1.1
      vertex 10.9802 42.795 1.1
      vertex 11.627 42.9459 1.1
    endloop
  endfacet
  facet normal 0 0 1
    outer loop
      vertex 10.3248 62.8132 1.1
      vertex 10.9802 42.795 1.1
      vertex 10.9802 62.705 1.1
    endloop
  endfacet
  facet normal 0 0 1
    outer loop
      vertex 10.3248 62.8132 1.1
      vertex 10.3248 42.6868 1.1
      vertex 10.9802 42.795 1.1
    endloop
  endfacet
  facet normal 0 0 1
    outer loop
      vertex 9.66384 62.8783 1.1
      vertex 10.3248 42.6868 1.1
      vertex 10.3248 62.8132 1.1
    endloop
  endfacet
  facet normal 0 0 1
    outer loop
      vertex 9.66384 62.8783 1.1
      vertex 9.66384 42.6217 1.1
      vertex 10.3248 42.6868 1.1
    endloop
  endfacet
  facet normal 0 0 1
    outer loop
      vertex 9 62.9 1.1
      vertex 9.66384 42.6217 1.1
      vertex 9.66384 62.8783 1.1
    endloop
  endfacet
  facet normal 0 0 1
    outer loop
      vertex 9 62.9 1.1
      vertex 9 42.6 1.1
      vertex 9.66384 42.6217 1.1
    endloop
  endfacet
  facet normal -0 0 1
    outer loop
      vertex 8.33616 62.8783 1.1
      vertex 9 42.6 1.1
      vertex 9 62.9 1.1
    endloop
  endfacet
  facet normal 0 0 1
    outer loop
      vertex 8.33616 62.8783 1.1
      vertex 8.33616 42.6217 1.1
      vertex 9 42.6 1.1
    endloop
  endfacet
  facet normal -0 0 1
    outer loop
      vertex 7.67516 62.8132 1.1
      vertex 8.33616 42.6217 1.1
      vertex 8.33616 62.8783 1.1
    endloop
  endfacet
  facet normal 0 0 1
    outer loop
      vertex 7.67516 62.8132 1.1
      vertex 7.67516 42.6868 1.1
      vertex 8.33616 42.6217 1.1
    endloop
  endfacet
  facet normal -0 0 1
    outer loop
      vertex 7.01983 62.705 1.1
      vertex 7.67516 42.6868 1.1
      vertex 7.67516 62.8132 1.1
    endloop
  endfacet
  facet normal 0 0 1
    outer loop
      vertex 7.01983 62.705 1.1
      vertex 7.01983 42.795 1.1
      vertex 7.67516 42.6868 1.1
    endloop
  endfacet
  facet normal -0 0 1
    outer loop
      vertex 6.37299 62.5541 1.1
      vertex 7.01983 42.795 1.1
      vertex 7.01983 62.705 1.1
    endloop
  endfacet
  facet normal 0 0 1
    outer loop
      vertex 6.37299 62.5541 1.1
      vertex 6.37299 42.9459 1.1
      vertex 7.01983 42.795 1.1
    endloop
  endfacet
  facet normal -0 0 1
    outer loop
      vertex 5.73739 62.3613 1.1
      vertex 6.37299 42.9459 1.1
      vertex 6.37299 62.5541 1.1
    endloop
  endfacet
  facet normal 0 0 1
    outer loop
      vertex 5.73739 62.3613 1.1
      vertex 5.73739 43.1387 1.1
      vertex 6.37299 42.9459 1.1
    endloop
  endfacet
  facet normal -0 0 1
    outer loop
      vertex 5.11576 62.1274 1.1
      vertex 5.73739 43.1387 1.1
      vertex 5.73739 62.3613 1.1
    endloop
  endfacet
  facet normal 0 0 1
    outer loop
      vertex 5.11576 62.1274 1.1
      vertex 5.11576 43.3726 1.1
      vertex 5.73739 43.1387 1.1
    endloop
  endfacet
  facet normal -0 0 1
    outer loop
      vertex 4.51077 61.8533 1.1
      vertex 5.11576 43.3726 1.1
      vertex 5.11576 62.1274 1.1
    endloop
  endfacet
  facet normal 0 0 1
    outer loop
      vertex 4.51077 61.8533 1.1
      vertex 4.51077 43.6467 1.1
      vertex 5.11576 43.3726 1.1
    endloop
  endfacet
  facet normal -0 0 1
    outer loop
      vertex 3.925 61.5402 1.1
      vertex 4.51077 43.6467 1.1
      vertex 4.51077 61.8533 1.1
    endloop
  endfacet
  facet normal 0 0 1
    outer loop
      vertex 3.925 61.5402 1.1
      vertex 3.925 43.9598 1.1
      vertex 4.51077 43.6467 1.1
    endloop
  endfacet
  facet normal -0 0 1
    outer loop
      vertex 3.36096 61.1894 1.1
      vertex 3.925 43.9598 1.1
      vertex 3.925 61.5402 1.1
    endloop
  endfacet
  facet normal 0 0 1
    outer loop
      vertex 3.36096 61.1894 1.1
      vertex 3.36096 44.3106 1.1
      vertex 3.925 43.9598 1.1
    endloop
  endfacet
  facet normal -0 0 1
    outer loop
      vertex 2.82107 60.8025 1.1
      vertex 3.36096 44.3106 1.1
      vertex 3.36096 61.1894 1.1
    endloop
  endfacet
  facet normal 0 0 1
    outer loop
      vertex 2.82107 60.8025 1.1
      vertex 2.82107 44.6975 1.1
      vertex 3.36096 44.3106 1.1
    endloop
  endfacet
  facet normal -0 0 1
    outer loop
      vertex 2.30764 60.3812 1.1
      vertex 2.82107 44.6975 1.1
      vertex 2.82107 60.8025 1.1
    endloop
  endfacet
  facet normal 0 0 1
    outer loop
      vertex 2.30764 60.3812 1.1
      vertex 2.30764 45.1188 1.1
      vertex 2.82107 44.6975 1.1
    endloop
  endfacet
  facet normal -0 0 1
    outer loop
      vertex 1.82287 59.9271 1.1
      vertex 2.30764 45.1188 1.1
      vertex 2.30764 60.3812 1.1
    endloop
  endfacet
  facet normal 0 0 1
    outer loop
      vertex 1.82287 59.9271 1.1
      vertex 1.82287 45.5729 1.1
      vertex 2.30764 45.1188 1.1
    endloop
  endfacet
  facet normal -0 0 1
    outer loop
      vertex 1.36883 59.4424 1.1
      vertex 1.82287 45.5729 1.1
      vertex 1.82287 59.9271 1.1
    endloop
  endfacet
  facet normal 0 0 1
    outer loop
      vertex 1.36883 59.4424 1.1
      vertex 1.36883 46.0576 1.1
      vertex 1.82287 45.5729 1.1
    endloop
  endfacet
  facet normal -0 0 1
    outer loop
      vertex 0.947463 58.9289 1.1
      vertex 1.36883 46.0576 1.1
      vertex 1.36883 59.4424 1.1
    endloop
  endfacet
  facet normal 0 0 1
    outer loop
      vertex 0.947463 58.9289 1.1
      vertex 0.947463 46.5711 1.1
      vertex 1.36883 46.0576 1.1
    endloop
  endfacet
  facet normal -0 0 1
    outer loop
      vertex 0.560583 58.389 1.1
      vertex 0.947463 46.5711 1.1
      vertex 0.947463 58.9289 1.1
    endloop
  endfacet
  facet normal 0 0 1
    outer loop
      vertex 0.560583 58.389 1.1
      vertex 0.560583 47.111 1.1
      vertex 0.947463 46.5711 1.1
    endloop
  endfacet
  facet normal -0 0 1
    outer loop
      vertex 0.209842 57.825 1.1
      vertex 0.560583 47.111 1.1
      vertex 0.560583 58.389 1.1
    endloop
  endfacet
  facet normal 0 0 1
    outer loop
      vertex 0.209842 57.825 1.1
      vertex 0.209842 47.675 1.1
      vertex 0.560583 47.111 1.1
    endloop
  endfacet
  facet normal -0 0 1
    outer loop
      vertex -0.103258 57.2392 1.1
      vertex 0.209842 47.675 1.1
      vertex 0.209842 57.825 1.1
    endloop
  endfacet
  facet normal 0 0 1
    outer loop
      vertex -0.103258 57.2392 1.1
      vertex -0.103258 48.2608 1.1
      vertex 0.209842 47.675 1.1
    endloop
  endfacet
  facet normal -0 0 1
    outer loop
      vertex -0.377377 56.6342 1.1
      vertex -0.103258 48.2608 1.1
      vertex -0.103258 57.2392 1.1
    endloop
  endfacet
  facet normal 0 0 1
    outer loop
      vertex -0.377377 56.6342 1.1
      vertex -0.377377 48.8658 1.1
      vertex -0.103258 48.2608 1.1
    endloop
  endfacet
  facet normal -0 0 1
    outer loop
      vertex -0.611341 56.0126 1.1
      vertex -0.377377 48.8658 1.1
      vertex -0.377377 56.6342 1.1
    endloop
  endfacet
  facet normal 0 0 1
    outer loop
      vertex -0.611341 56.0126 1.1
      vertex -0.611341 49.4874 1.1
      vertex -0.377377 48.8658 1.1
    endloop
  endfacet
  facet normal -0 0 1
    outer loop
      vertex -0.804147 55.377 1.1
      vertex -0.611341 49.4874 1.1
      vertex -0.611341 56.0126 1.1
    endloop
  endfacet
  facet normal 0 0 1
    outer loop
      vertex -0.804147 55.377 1.1
      vertex -0.804147 50.123 1.1
      vertex -0.611341 49.4874 1.1
    endloop
  endfacet
  facet normal -0 0 1
    outer loop
      vertex -0.95497 54.7302 1.1
      vertex -0.804147 50.123 1.1
      vertex -0.804147 55.377 1.1
    endloop
  endfacet
  facet normal 0 0 1
    outer loop
      vertex -0.95497 54.7302 1.1
      vertex -0.95497 50.7698 1.1
      vertex -0.804147 50.123 1.1
    endloop
  endfacet
  facet normal -0 0 1
    outer loop
      vertex -1.06316 54.0748 1.1
      vertex -0.95497 50.7698 1.1
      vertex -0.95497 54.7302 1.1
    endloop
  endfacet
  facet normal 0 0 1
    outer loop
      vertex -1.06316 54.0748 1.1
      vertex -1.06316 51.4252 1.1
      vertex -0.95497 50.7698 1.1
    endloop
  endfacet
  facet normal -0 0 1
    outer loop
      vertex -1.12827 53.4138 1.1
      vertex -1.06316 51.4252 1.1
      vertex -1.06316 54.0748 1.1
    endloop
  endfacet
  facet normal 0 0 1
    outer loop
      vertex -1.12827 53.4138 1.1
      vertex -1.12827 52.0862 1.1
      vertex -1.06316 51.4252 1.1
    endloop
  endfacet
  facet normal 0 -0 1
    outer loop
      vertex -1.12827 52.0862 1.1
      vertex -1.12827 53.4138 1.1
      vertex -1.15 52.75 1.1
    endloop
  endfacet
  facet normal 0.773049 -0.634347 0
    outer loop
      vertex 0.947463 58.9289 4.2
      vertex 1.36883 59.4424 1.1
      vertex 1.36883 59.4424 4.2
    endloop
  endfacet
  facet normal 0.773049 -0.634347 0
    outer loop
      vertex 1.36883 59.4424 1.1
      vertex 0.947463 58.9289 4.2
      vertex 0.947463 58.9289 1.1
    endloop
  endfacet
  facet normal 0.227188 -0.973851 0
    outer loop
      vertex 6.37299 62.5541 1.1
      vertex 7.01983 62.705 4.2
      vertex 6.37299 62.5541 4.2
    endloop
  endfacet
  facet normal 0.227188 -0.973851 0
    outer loop
      vertex 7.01983 62.705 4.2
      vertex 6.37299 62.5541 1.1
      vertex 7.01983 62.705 1.1
    endloop
  endfacet
  facet normal -0.812837 -0.582491 0
    outer loop
      vertex 17.4394 58.389 1.1
      vertex 17.0525 58.9289 4.2
      vertex 17.0525 58.9289 1.1
    endloop
  endfacet
  facet normal -0.812837 -0.582491 0
    outer loop
      vertex 17.0525 58.9289 4.2
      vertex 17.4394 58.389 1.1
      vertex 17.4394 58.389 4.2
    endloop
  endfacet
  facet normal -0.683696 -0.729767 0
    outer loop
      vertex 15.6924 60.3812 1.1
      vertex 16.1771 59.9271 4.2
      vertex 15.6924 60.3812 4.2
    endloop
  endfacet
  facet normal -0.683696 -0.729767 -0
    outer loop
      vertex 16.1771 59.9271 4.2
      vertex 15.6924 60.3812 1.1
      vertex 16.1771 59.9271 1.1
    endloop
  endfacet
  facet normal 0.0326711 -0.999466 0
    outer loop
      vertex 8.33616 62.8783 1.1
      vertex 9 62.9 4.2
      vertex 8.33616 62.8783 4.2
    endloop
  endfacet
  facet normal 0.0326711 -0.999466 0
    outer loop
      vertex 9 62.9 4.2
      vertex 8.33616 62.8783 1.1
      vertex 9 62.9 1.1
    endloop
  endfacet
  facet normal -0.162885 -0.986645 0
    outer loop
      vertex 10.3248 62.8132 1.1
      vertex 10.9802 62.705 4.2
      vertex 10.3248 62.8132 4.2
    endloop
  endfacet
  facet normal -0.162885 -0.986645 -0
    outer loop
      vertex 10.9802 62.705 4.2
      vertex 10.3248 62.8132 1.1
      vertex 10.9802 62.705 1.1
    endloop
  endfacet
  facet normal -0.471377 -0.881932 0
    outer loop
      vertex 13.4892 61.8533 1.1
      vertex 14.075 61.5402 4.2
      vertex 13.4892 61.8533 4.2
    endloop
  endfacet
  facet normal -0.471377 -0.881932 -0
    outer loop
      vertex 14.075 61.5402 4.2
      vertex 13.4892 61.8533 1.1
      vertex 14.075 61.5402 1.1
    endloop
  endfacet
  facet normal -0.634287 -0.773098 0
    outer loop
      vertex 15.1789 60.8025 1.1
      vertex 15.6924 60.3812 4.2
      vertex 15.1789 60.8025 4.2
    endloop
  endfacet
  facet normal -0.634287 -0.773098 -0
    outer loop
      vertex 15.6924 60.3812 4.2
      vertex 15.1789 60.8025 1.1
      vertex 15.6924 60.3812 1.1
    endloop
  endfacet
  facet normal 0.986647 -0.162871 0
    outer loop
      vertex -1.06316 54.0748 4.2
      vertex -0.95497 54.7302 1.1
      vertex -0.95497 54.7302 4.2
    endloop
  endfacet
  facet normal 0.986647 -0.162871 0
    outer loop
      vertex -0.95497 54.7302 1.1
      vertex -1.06316 54.0748 4.2
      vertex -1.06316 54.0748 1.1
    endloop
  endfacet
  facet normal 0.881932 -0.471377 0
    outer loop
      vertex -0.103258 57.2392 4.2
      vertex 0.209842 57.825 1.1
      vertex 0.209842 57.825 4.2
    endloop
  endfacet
  facet normal 0.881932 -0.471377 0
    outer loop
      vertex 0.209842 57.825 1.1
      vertex -0.103258 57.2392 4.2
      vertex -0.103258 57.2392 1.1
    endloop
  endfacet
  facet normal 0.849186 -0.528093 0
    outer loop
      vertex 0.209842 57.825 4.2
      vertex 0.560583 58.389 1.1
      vertex 0.560583 58.389 4.2
    endloop
  endfacet
  facet normal 0.849186 -0.528093 0
    outer loop
      vertex 0.560583 58.389 1.1
      vertex 0.209842 57.825 4.2
      vertex 0.209842 57.825 1.1
    endloop
  endfacet
  facet normal 0.0980129 -0.995185 0
    outer loop
      vertex 7.67516 62.8132 1.1
      vertex 8.33616 62.8783 4.2
      vertex 7.67516 62.8132 4.2
    endloop
  endfacet
  facet normal 0.0980129 -0.995185 0
    outer loop
      vertex 8.33616 62.8783 4.2
      vertex 7.67516 62.8132 1.1
      vertex 8.33616 62.8783 1.1
    endloop
  endfacet
  facet normal 0.290275 -0.956943 0
    outer loop
      vertex 5.73739 62.3613 1.1
      vertex 6.37299 62.5541 4.2
      vertex 5.73739 62.3613 4.2
    endloop
  endfacet
  facet normal 0.290275 -0.956943 0
    outer loop
      vertex 6.37299 62.5541 4.2
      vertex 5.73739 62.3613 1.1
      vertex 6.37299 62.5541 1.1
    endloop
  endfacet
  facet normal 0.582498 -0.812832 0
    outer loop
      vertex 2.82107 60.8025 1.1
      vertex 3.36096 61.1894 4.2
      vertex 2.82107 60.8025 4.2
    endloop
  endfacet
  facet normal 0.582498 -0.812832 0
    outer loop
      vertex 3.36096 61.1894 4.2
      vertex 2.82107 60.8025 1.1
      vertex 3.36096 61.1894 1.1
    endloop
  endfacet
  facet normal 0.471396 -0.881922 0
    outer loop
      vertex 3.925 61.5402 1.1
      vertex 4.51077 61.8533 4.2
      vertex 3.925 61.5402 4.2
    endloop
  endfacet
  facet normal 0.471396 -0.881922 0
    outer loop
      vertex 4.51077 61.8533 4.2
      vertex 3.925 61.5402 1.1
      vertex 4.51077 61.8533 1.1
    endloop
  endfacet
  facet normal 0.729812 -0.683648 0
    outer loop
      vertex 1.36883 59.4424 4.2
      vertex 1.82287 59.9271 1.1
      vertex 1.82287 59.9271 4.2
    endloop
  endfacet
  facet normal 0.729812 -0.683648 0
    outer loop
      vertex 1.82287 59.9271 1.1
      vertex 1.36883 59.4424 4.2
      vertex 1.36883 59.4424 1.1
    endloop
  endfacet
  facet normal -0.999466 -0.0326731 0
    outer loop
      vertex 19.15 52.75 1.1
      vertex 19.1283 53.4138 4.2
      vertex 19.1283 53.4138 1.1
    endloop
  endfacet
  facet normal -0.999466 -0.0326731 0
    outer loop
      vertex 19.1283 53.4138 4.2
      vertex 19.15 52.75 1.1
      vertex 19.15 52.75 4.2
    endloop
  endfacet
  facet normal 0.812852 0.582471 0
    outer loop
      vertex 0.947463 46.5711 4.2
      vertex 0.560583 47.111 1.1
      vertex 0.560583 47.111 4.2
    endloop
  endfacet
  facet normal 0.812852 0.582471 0
    outer loop
      vertex 0.560583 47.111 1.1
      vertex 0.947463 46.5711 4.2
      vertex 0.947463 46.5711 1.1
    endloop
  endfacet
  facet normal -0.0980188 0.995185 0
    outer loop
      vertex 10.3248 42.6868 1.1
      vertex 9.66384 42.6217 4.2
      vertex 10.3248 42.6868 4.2
    endloop
  endfacet
  facet normal -0.0980188 0.995185 0
    outer loop
      vertex 9.66384 42.6217 4.2
      vertex 10.3248 42.6868 1.1
      vertex 9.66384 42.6217 1.1
    endloop
  endfacet
  facet normal -0.352179 0.935933 0
    outer loop
      vertex 12.8842 43.3726 1.1
      vertex 12.2626 43.1387 4.2
      vertex 12.8842 43.3726 4.2
    endloop
  endfacet
  facet normal -0.352179 0.935933 0
    outer loop
      vertex 12.2626 43.1387 4.2
      vertex 12.8842 43.3726 1.1
      vertex 12.2626 43.1387 1.1
    endloop
  endfacet
  facet normal -0.995185 -0.0980129 0
    outer loop
      vertex 19.1283 53.4138 1.1
      vertex 19.0632 54.0748 4.2
      vertex 19.0632 54.0748 1.1
    endloop
  endfacet
  facet normal -0.995185 -0.0980129 0
    outer loop
      vertex 19.0632 54.0748 4.2
      vertex 19.1283 53.4138 1.1
      vertex 19.1283 53.4138 4.2
    endloop
  endfacet
  facet normal -0.956943 -0.290275 0
    outer loop
      vertex 18.8041 55.377 1.1
      vertex 18.6113 56.0126 4.2
      vertex 18.6113 56.0126 1.1
    endloop
  endfacet
  facet normal -0.956943 -0.290275 0
    outer loop
      vertex 18.6113 56.0126 4.2
      vertex 18.8041 55.377 1.1
      vertex 18.8041 55.377 4.2
    endloop
  endfacet
  facet normal -0.910876 -0.41268 0
    outer loop
      vertex 18.3774 56.6342 1.1
      vertex 18.1033 57.2392 4.2
      vertex 18.1033 57.2392 1.1
    endloop
  endfacet
  facet normal -0.910876 -0.41268 0
    outer loop
      vertex 18.1033 57.2392 4.2
      vertex 18.3774 56.6342 1.1
      vertex 18.3774 56.6342 4.2
    endloop
  endfacet
  facet normal -0.986645 -0.162885 0
    outer loop
      vertex 19.0632 54.0748 1.1
      vertex 18.955 54.7302 4.2
      vertex 18.955 54.7302 1.1
    endloop
  endfacet
  facet normal -0.986645 -0.162885 0
    outer loop
      vertex 18.955 54.7302 4.2
      vertex 19.0632 54.0748 1.1
      vertex 19.0632 54.0748 4.2
    endloop
  endfacet
  facet normal -0.849147 -0.528157 0
    outer loop
      vertex 17.7902 57.825 1.1
      vertex 17.4394 58.389 4.2
      vertex 17.4394 58.389 1.1
    endloop
  endfacet
  facet normal -0.849147 -0.528157 0
    outer loop
      vertex 17.4394 58.389 4.2
      vertex 17.7902 57.825 1.1
      vertex 17.7902 57.825 4.2
    endloop
  endfacet
  facet normal -0.773098 -0.634287 0
    outer loop
      vertex 17.0525 58.9289 1.1
      vertex 16.6312 59.4424 4.2
      vertex 16.6312 59.4424 1.1
    endloop
  endfacet
  facet normal -0.773098 -0.634287 0
    outer loop
      vertex 16.6312 59.4424 4.2
      vertex 17.0525 58.9289 1.1
      vertex 17.0525 58.9289 4.2
    endloop
  endfacet
  facet normal -0.729767 -0.683696 0
    outer loop
      vertex 16.6312 59.4424 1.1
      vertex 16.1771 59.9271 4.2
      vertex 16.1771 59.9271 1.1
    endloop
  endfacet
  facet normal -0.729767 -0.683696 0
    outer loop
      vertex 16.1771 59.9271 4.2
      vertex 16.6312 59.4424 1.1
      vertex 16.6312 59.4424 4.2
    endloop
  endfacet
  facet normal -0.227201 -0.973848 0
    outer loop
      vertex 10.9802 62.705 1.1
      vertex 11.627 62.5541 4.2
      vertex 10.9802 62.705 4.2
    endloop
  endfacet
  facet normal -0.227201 -0.973848 -0
    outer loop
      vertex 11.627 62.5541 4.2
      vertex 10.9802 62.705 1.1
      vertex 11.627 62.5541 1.1
    endloop
  endfacet
  facet normal -0.290275 -0.956943 0
    outer loop
      vertex 11.627 62.5541 1.1
      vertex 12.2626 62.3613 4.2
      vertex 11.627 62.5541 4.2
    endloop
  endfacet
  facet normal -0.290275 -0.956943 -0
    outer loop
      vertex 12.2626 62.3613 4.2
      vertex 11.627 62.5541 1.1
      vertex 12.2626 62.3613 1.1
    endloop
  endfacet
  facet normal -0.0980188 -0.995185 0
    outer loop
      vertex 9.66384 62.8783 1.1
      vertex 10.3248 62.8132 4.2
      vertex 9.66384 62.8783 4.2
    endloop
  endfacet
  facet normal -0.0980188 -0.995185 -0
    outer loop
      vertex 10.3248 62.8132 4.2
      vertex 9.66384 62.8783 1.1
      vertex 10.3248 62.8132 1.1
    endloop
  endfacet
  facet normal -0.0326711 -0.999466 0
    outer loop
      vertex 9 62.9 1.1
      vertex 9.66384 62.8783 4.2
      vertex 9 62.9 4.2
    endloop
  endfacet
  facet normal -0.0326711 -0.999466 -0
    outer loop
      vertex 9.66384 62.8783 4.2
      vertex 9 62.9 1.1
      vertex 9.66384 62.8783 1.1
    endloop
  endfacet
  facet normal -0.41268 -0.910876 0
    outer loop
      vertex 12.8842 62.1274 1.1
      vertex 13.4892 61.8533 4.2
      vertex 12.8842 62.1274 4.2
    endloop
  endfacet
  facet normal -0.41268 -0.910876 -0
    outer loop
      vertex 13.4892 61.8533 4.2
      vertex 12.8842 62.1274 1.1
      vertex 13.4892 61.8533 1.1
    endloop
  endfacet
  facet normal -0.582491 -0.812837 0
    outer loop
      vertex 14.639 61.1894 1.1
      vertex 15.1789 60.8025 4.2
      vertex 14.639 61.1894 4.2
    endloop
  endfacet
  facet normal -0.582491 -0.812837 -0
    outer loop
      vertex 15.1789 60.8025 4.2
      vertex 14.639 61.1894 1.1
      vertex 15.1789 60.8025 1.1
    endloop
  endfacet
  facet normal 0.973874 -0.227091 0
    outer loop
      vertex -0.95497 54.7302 4.2
      vertex -0.804147 55.377 1.1
      vertex -0.804147 55.377 4.2
    endloop
  endfacet
  facet normal 0.973874 -0.227091 0
    outer loop
      vertex -0.804147 55.377 1.1
      vertex -0.95497 54.7302 4.2
      vertex -0.95497 54.7302 1.1
    endloop
  endfacet
  facet normal 0.956941 -0.290283 0
    outer loop
      vertex -0.804147 55.377 4.2
      vertex -0.611341 56.0126 1.1
      vertex -0.611341 56.0126 4.2
    endloop
  endfacet
  facet normal 0.956941 -0.290283 0
    outer loop
      vertex -0.611341 56.0126 1.1
      vertex -0.804147 55.377 4.2
      vertex -0.804147 55.377 1.1
    endloop
  endfacet
  facet normal 0.995184 -0.0980279 0
    outer loop
      vertex -1.12827 53.4138 4.2
      vertex -1.06316 54.0748 1.1
      vertex -1.06316 54.0748 4.2
    endloop
  endfacet
  facet normal 0.995184 -0.0980279 0
    outer loop
      vertex -1.06316 54.0748 1.1
      vertex -1.12827 53.4138 4.2
      vertex -1.12827 53.4138 1.1
    endloop
  endfacet
  facet normal 0.999465 -0.0327182 0
    outer loop
      vertex -1.15 52.75 4.2
      vertex -1.12827 53.4138 1.1
      vertex -1.12827 53.4138 4.2
    endloop
  endfacet
  facet normal 0.999465 -0.0327182 0
    outer loop
      vertex -1.12827 53.4138 1.1
      vertex -1.15 52.75 4.2
      vertex -1.15 52.75 1.1
    endloop
  endfacet
  facet normal 0.999465 0.0327182 0
    outer loop
      vertex -1.12827 52.0862 4.2
      vertex -1.15 52.75 1.1
      vertex -1.15 52.75 4.2
    endloop
  endfacet
  facet normal 0.999465 0.0327182 0
    outer loop
      vertex -1.15 52.75 1.1
      vertex -1.12827 52.0862 4.2
      vertex -1.12827 52.0862 1.1
    endloop
  endfacet
  facet normal 0.162902 -0.986642 0
    outer loop
      vertex 7.01983 62.705 1.1
      vertex 7.67516 62.8132 4.2
      vertex 7.01983 62.705 4.2
    endloop
  endfacet
  facet normal 0.162902 -0.986642 0
    outer loop
      vertex 7.67516 62.8132 4.2
      vertex 7.01983 62.705 1.1
      vertex 7.67516 62.8132 1.1
    endloop
  endfacet
  facet normal 0.634338 -0.773056 0
    outer loop
      vertex 2.30764 60.3812 1.1
      vertex 2.82107 60.8025 4.2
      vertex 2.30764 60.3812 4.2
    endloop
  endfacet
  facet normal 0.634338 -0.773056 0
    outer loop
      vertex 2.82107 60.8025 4.2
      vertex 2.30764 60.3812 1.1
      vertex 2.82107 60.8025 1.1
    endloop
  endfacet
  facet normal 0.683643 -0.729816 0
    outer loop
      vertex 1.82287 59.9271 1.1
      vertex 2.30764 60.3812 4.2
      vertex 1.82287 59.9271 4.2
    endloop
  endfacet
  facet normal 0.683643 -0.729816 0
    outer loop
      vertex 2.30764 60.3812 4.2
      vertex 1.82287 59.9271 1.1
      vertex 2.30764 60.3812 1.1
    endloop
  endfacet
  facet normal -0.986645 0.162885 0
    outer loop
      vertex 18.955 50.7698 1.1
      vertex 19.0632 51.4252 4.2
      vertex 19.0632 51.4252 1.1
    endloop
  endfacet
  facet normal -0.986645 0.162885 0
    outer loop
      vertex 19.0632 51.4252 4.2
      vertex 18.955 50.7698 1.1
      vertex 18.955 50.7698 4.2
    endloop
  endfacet
  facet normal -0.995185 0.0980129 0
    outer loop
      vertex 19.0632 51.4252 1.1
      vertex 19.1283 52.0862 4.2
      vertex 19.1283 52.0862 1.1
    endloop
  endfacet
  facet normal -0.995185 0.0980129 0
    outer loop
      vertex 19.1283 52.0862 4.2
      vertex 19.0632 51.4252 1.1
      vertex 19.0632 51.4252 4.2
    endloop
  endfacet
  facet normal -0.881932 0.471377 0
    outer loop
      vertex 17.7902 47.675 1.1
      vertex 18.1033 48.2608 4.2
      vertex 18.1033 48.2608 1.1
    endloop
  endfacet
  facet normal -0.881932 0.471377 0
    outer loop
      vertex 18.1033 48.2608 4.2
      vertex 17.7902 47.675 1.1
      vertex 17.7902 47.675 4.2
    endloop
  endfacet
  facet normal 0.956941 0.290283 0
    outer loop
      vertex -0.611341 49.4874 4.2
      vertex -0.804147 50.123 1.1
      vertex -0.804147 50.123 4.2
    endloop
  endfacet
  facet normal 0.956941 0.290283 0
    outer loop
      vertex -0.804147 50.123 1.1
      vertex -0.611341 49.4874 4.2
      vertex -0.611341 49.4874 1.1
    endloop
  endfacet
  facet normal -0.935933 -0.352179 0
    outer loop
      vertex 18.6113 56.0126 1.1
      vertex 18.3774 56.6342 4.2
      vertex 18.3774 56.6342 1.1
    endloop
  endfacet
  facet normal -0.935933 -0.352179 0
    outer loop
      vertex 18.3774 56.6342 4.2
      vertex 18.6113 56.0126 1.1
      vertex 18.6113 56.0126 4.2
    endloop
  endfacet
  facet normal -0.973848 -0.227201 0
    outer loop
      vertex 18.955 54.7302 1.1
      vertex 18.8041 55.377 4.2
      vertex 18.8041 55.377 1.1
    endloop
  endfacet
  facet normal -0.973848 -0.227201 0
    outer loop
      vertex 18.8041 55.377 4.2
      vertex 18.955 54.7302 1.1
      vertex 18.955 54.7302 4.2
    endloop
  endfacet
  facet normal 0.910865 -0.412703 0
    outer loop
      vertex -0.377377 56.6342 4.2
      vertex -0.103258 57.2392 1.1
      vertex -0.103258 57.2392 4.2
    endloop
  endfacet
  facet normal 0.910865 -0.412703 0
    outer loop
      vertex -0.103258 57.2392 1.1
      vertex -0.377377 56.6342 4.2
      vertex -0.377377 56.6342 1.1
    endloop
  endfacet
  facet normal 0.812852 -0.582471 0
    outer loop
      vertex 0.560583 58.389 4.2
      vertex 0.947463 58.9289 1.1
      vertex 0.947463 58.9289 4.2
    endloop
  endfacet
  facet normal 0.812852 -0.582471 0
    outer loop
      vertex 0.947463 58.9289 1.1
      vertex 0.560583 58.389 4.2
      vertex 0.560583 58.389 1.1
    endloop
  endfacet
  facet normal 0.352164 -0.935938 0
    outer loop
      vertex 5.11576 62.1274 1.1
      vertex 5.73739 62.3613 4.2
      vertex 5.11576 62.1274 4.2
    endloop
  endfacet
  facet normal 0.352164 -0.935938 0
    outer loop
      vertex 5.73739 62.3613 4.2
      vertex 5.11576 62.1274 1.1
      vertex 5.73739 62.3613 1.1
    endloop
  endfacet
  facet normal 0.52813 -0.849163 0
    outer loop
      vertex 3.36096 61.1894 1.1
      vertex 3.925 61.5402 4.2
      vertex 3.36096 61.1894 4.2
    endloop
  endfacet
  facet normal 0.52813 -0.849163 0
    outer loop
      vertex 3.925 61.5402 4.2
      vertex 3.36096 61.1894 1.1
      vertex 3.925 61.5402 1.1
    endloop
  endfacet
  facet normal -0.956943 0.290275 0
    outer loop
      vertex 18.6113 49.4874 1.1
      vertex 18.8041 50.123 4.2
      vertex 18.8041 50.123 1.1
    endloop
  endfacet
  facet normal -0.956943 0.290275 0
    outer loop
      vertex 18.8041 50.123 4.2
      vertex 18.6113 49.4874 1.1
      vertex 18.6113 49.4874 4.2
    endloop
  endfacet
  facet normal -0.471377 0.881932 0
    outer loop
      vertex 14.075 43.9598 1.1
      vertex 13.4892 43.6467 4.2
      vertex 14.075 43.9598 4.2
    endloop
  endfacet
  facet normal -0.471377 0.881932 0
    outer loop
      vertex 13.4892 43.6467 4.2
      vertex 14.075 43.9598 1.1
      vertex 13.4892 43.6467 1.1
    endloop
  endfacet
  facet normal -0.773098 0.634287 0
    outer loop
      vertex 16.6312 46.0576 1.1
      vertex 17.0525 46.5711 4.2
      vertex 17.0525 46.5711 1.1
    endloop
  endfacet
  facet normal -0.773098 0.634287 0
    outer loop
      vertex 17.0525 46.5711 4.2
      vertex 16.6312 46.0576 1.1
      vertex 16.6312 46.0576 4.2
    endloop
  endfacet
  facet normal -0.910876 0.41268 0
    outer loop
      vertex 18.1033 48.2608 1.1
      vertex 18.3774 48.8658 4.2
      vertex 18.3774 48.8658 1.1
    endloop
  endfacet
  facet normal -0.910876 0.41268 0
    outer loop
      vertex 18.3774 48.8658 4.2
      vertex 18.1033 48.2608 1.1
      vertex 18.1033 48.2608 4.2
    endloop
  endfacet
  facet normal -0.935933 0.352179 0
    outer loop
      vertex 18.3774 48.8658 1.1
      vertex 18.6113 49.4874 4.2
      vertex 18.6113 49.4874 1.1
    endloop
  endfacet
  facet normal -0.935933 0.352179 0
    outer loop
      vertex 18.6113 49.4874 4.2
      vertex 18.3774 48.8658 1.1
      vertex 18.3774 48.8658 4.2
    endloop
  endfacet
  facet normal 0.471396 0.881922 -0
    outer loop
      vertex 4.51077 43.6467 1.1
      vertex 3.925 43.9598 4.2
      vertex 4.51077 43.6467 4.2
    endloop
  endfacet
  facet normal 0.471396 0.881922 0
    outer loop
      vertex 3.925 43.9598 4.2
      vertex 4.51077 43.6467 1.1
      vertex 3.925 43.9598 1.1
    endloop
  endfacet
  facet normal -0.0326711 0.999466 0
    outer loop
      vertex 9.66384 42.6217 1.1
      vertex 9 42.6 4.2
      vertex 9.66384 42.6217 4.2
    endloop
  endfacet
  facet normal -0.0326711 0.999466 0
    outer loop
      vertex 9 42.6 4.2
      vertex 9.66384 42.6217 1.1
      vertex 9 42.6 1.1
    endloop
  endfacet
  facet normal 0.995184 0.0980279 0
    outer loop
      vertex -1.06316 51.4252 4.2
      vertex -1.12827 52.0862 1.1
      vertex -1.12827 52.0862 4.2
    endloop
  endfacet
  facet normal 0.995184 0.0980279 0
    outer loop
      vertex -1.12827 52.0862 1.1
      vertex -1.06316 51.4252 4.2
      vertex -1.06316 51.4252 1.1
    endloop
  endfacet
  facet normal 0.881932 0.471377 0
    outer loop
      vertex 0.209842 47.675 4.2
      vertex -0.103258 48.2608 1.1
      vertex -0.103258 48.2608 4.2
    endloop
  endfacet
  facet normal 0.881932 0.471377 0
    outer loop
      vertex -0.103258 48.2608 1.1
      vertex 0.209842 47.675 4.2
      vertex 0.209842 47.675 1.1
    endloop
  endfacet
  facet normal 0.683643 0.729816 -0
    outer loop
      vertex 2.30764 45.1188 1.1
      vertex 1.82287 45.5729 4.2
      vertex 2.30764 45.1188 4.2
    endloop
  endfacet
  facet normal 0.683643 0.729816 0
    outer loop
      vertex 1.82287 45.5729 4.2
      vertex 2.30764 45.1188 1.1
      vertex 1.82287 45.5729 1.1
    endloop
  endfacet
  facet normal 0.973874 0.227091 0
    outer loop
      vertex -0.804147 50.123 4.2
      vertex -0.95497 50.7698 1.1
      vertex -0.95497 50.7698 4.2
    endloop
  endfacet
  facet normal 0.973874 0.227091 0
    outer loop
      vertex -0.95497 50.7698 1.1
      vertex -0.804147 50.123 4.2
      vertex -0.804147 50.123 1.1
    endloop
  endfacet
  facet normal 0.935901 0.352264 0
    outer loop
      vertex -0.377377 48.8658 4.2
      vertex -0.611341 49.4874 1.1
      vertex -0.611341 49.4874 4.2
    endloop
  endfacet
  facet normal 0.935901 0.352264 0
    outer loop
      vertex -0.611341 49.4874 1.1
      vertex -0.377377 48.8658 4.2
      vertex -0.377377 48.8658 1.1
    endloop
  endfacet
  facet normal -0.162885 0.986645 0
    outer loop
      vertex 10.9802 42.795 1.1
      vertex 10.3248 42.6868 4.2
      vertex 10.9802 42.795 4.2
    endloop
  endfacet
  facet normal -0.162885 0.986645 0
    outer loop
      vertex 10.3248 42.6868 4.2
      vertex 10.9802 42.795 1.1
      vertex 10.3248 42.6868 1.1
    endloop
  endfacet
  facet normal -0.41268 0.910876 0
    outer loop
      vertex 13.4892 43.6467 1.1
      vertex 12.8842 43.3726 4.2
      vertex 13.4892 43.6467 4.2
    endloop
  endfacet
  facet normal -0.41268 0.910876 0
    outer loop
      vertex 12.8842 43.3726 4.2
      vertex 13.4892 43.6467 1.1
      vertex 12.8842 43.3726 1.1
    endloop
  endfacet
  facet normal -0.973848 0.227201 0
    outer loop
      vertex 18.8041 50.123 1.1
      vertex 18.955 50.7698 4.2
      vertex 18.955 50.7698 1.1
    endloop
  endfacet
  facet normal -0.973848 0.227201 0
    outer loop
      vertex 18.955 50.7698 4.2
      vertex 18.8041 50.123 1.1
      vertex 18.8041 50.123 4.2
    endloop
  endfacet
  facet normal -0.582491 0.812837 0
    outer loop
      vertex 15.1789 44.6975 1.1
      vertex 14.639 44.3106 4.2
      vertex 15.1789 44.6975 4.2
    endloop
  endfacet
  facet normal -0.582491 0.812837 0
    outer loop
      vertex 14.639 44.3106 4.2
      vertex 15.1789 44.6975 1.1
      vertex 14.639 44.3106 1.1
    endloop
  endfacet
  facet normal -0.528157 0.849147 0
    outer loop
      vertex 14.639 44.3106 1.1
      vertex 14.075 43.9598 4.2
      vertex 14.639 44.3106 4.2
    endloop
  endfacet
  facet normal -0.528157 0.849147 0
    outer loop
      vertex 14.075 43.9598 4.2
      vertex 14.639 44.3106 1.1
      vertex 14.075 43.9598 1.1
    endloop
  endfacet
  facet normal -0.729767 0.683696 0
    outer loop
      vertex 16.1771 45.5729 1.1
      vertex 16.6312 46.0576 4.2
      vertex 16.6312 46.0576 1.1
    endloop
  endfacet
  facet normal -0.729767 0.683696 0
    outer loop
      vertex 16.6312 46.0576 4.2
      vertex 16.1771 45.5729 1.1
      vertex 16.1771 45.5729 4.2
    endloop
  endfacet
  facet normal -0.849147 0.528157 0
    outer loop
      vertex 17.4394 47.111 1.1
      vertex 17.7902 47.675 4.2
      vertex 17.7902 47.675 1.1
    endloop
  endfacet
  facet normal -0.849147 0.528157 0
    outer loop
      vertex 17.7902 47.675 4.2
      vertex 17.4394 47.111 1.1
      vertex 17.4394 47.111 4.2
    endloop
  endfacet
  facet normal -0.812837 0.582491 0
    outer loop
      vertex 17.0525 46.5711 1.1
      vertex 17.4394 47.111 4.2
      vertex 17.4394 47.111 1.1
    endloop
  endfacet
  facet normal -0.812837 0.582491 0
    outer loop
      vertex 17.4394 47.111 4.2
      vertex 17.0525 46.5711 1.1
      vertex 17.0525 46.5711 4.2
    endloop
  endfacet
  facet normal 0.634338 0.773056 -0
    outer loop
      vertex 2.82107 44.6975 1.1
      vertex 2.30764 45.1188 4.2
      vertex 2.82107 44.6975 4.2
    endloop
  endfacet
  facet normal 0.634338 0.773056 0
    outer loop
      vertex 2.30764 45.1188 4.2
      vertex 2.82107 44.6975 1.1
      vertex 2.30764 45.1188 1.1
    endloop
  endfacet
  facet normal 0.0980129 0.995185 -0
    outer loop
      vertex 8.33616 42.6217 1.1
      vertex 7.67516 42.6868 4.2
      vertex 8.33616 42.6217 4.2
    endloop
  endfacet
  facet normal 0.0980129 0.995185 0
    outer loop
      vertex 7.67516 42.6868 4.2
      vertex 8.33616 42.6217 1.1
      vertex 7.67516 42.6868 1.1
    endloop
  endfacet
  facet normal 0.849186 0.528093 0
    outer loop
      vertex 0.560583 47.111 4.2
      vertex 0.209842 47.675 1.1
      vertex 0.209842 47.675 4.2
    endloop
  endfacet
  facet normal 0.849186 0.528093 0
    outer loop
      vertex 0.209842 47.675 1.1
      vertex 0.560583 47.111 4.2
      vertex 0.560583 47.111 1.1
    endloop
  endfacet
  facet normal 0.986647 0.162871 0
    outer loop
      vertex -0.95497 50.7698 4.2
      vertex -1.06316 51.4252 1.1
      vertex -1.06316 51.4252 4.2
    endloop
  endfacet
  facet normal 0.986647 0.162871 0
    outer loop
      vertex -1.06316 51.4252 1.1
      vertex -0.95497 50.7698 4.2
      vertex -0.95497 50.7698 1.1
    endloop
  endfacet
  facet normal 0.910865 0.412703 0
    outer loop
      vertex -0.103258 48.2608 4.2
      vertex -0.377377 48.8658 1.1
      vertex -0.377377 48.8658 4.2
    endloop
  endfacet
  facet normal 0.910865 0.412703 0
    outer loop
      vertex -0.377377 48.8658 1.1
      vertex -0.103258 48.2608 4.2
      vertex -0.103258 48.2608 1.1
    endloop
  endfacet
  facet normal -0.290275 0.956943 0
    outer loop
      vertex 12.2626 43.1387 1.1
      vertex 11.627 42.9459 4.2
      vertex 12.2626 43.1387 4.2
    endloop
  endfacet
  facet normal -0.290275 0.956943 0
    outer loop
      vertex 11.627 42.9459 4.2
      vertex 12.2626 43.1387 1.1
      vertex 11.627 42.9459 1.1
    endloop
  endfacet
  facet normal -0.227201 0.973848 0
    outer loop
      vertex 11.627 42.9459 1.1
      vertex 10.9802 42.795 4.2
      vertex 11.627 42.9459 4.2
    endloop
  endfacet
  facet normal -0.227201 0.973848 0
    outer loop
      vertex 10.9802 42.795 4.2
      vertex 11.627 42.9459 1.1
      vertex 10.9802 42.795 1.1
    endloop
  endfacet
  facet normal -0.683696 0.729767 0
    outer loop
      vertex 16.1771 45.5729 1.1
      vertex 15.6924 45.1188 4.2
      vertex 16.1771 45.5729 4.2
    endloop
  endfacet
  facet normal -0.683696 0.729767 0
    outer loop
      vertex 15.6924 45.1188 4.2
      vertex 16.1771 45.5729 1.1
      vertex 15.6924 45.1188 1.1
    endloop
  endfacet
  facet normal -0.634287 0.773098 0
    outer loop
      vertex 15.6924 45.1188 1.1
      vertex 15.1789 44.6975 4.2
      vertex 15.6924 45.1188 4.2
    endloop
  endfacet
  facet normal -0.634287 0.773098 0
    outer loop
      vertex 15.1789 44.6975 4.2
      vertex 15.6924 45.1188 1.1
      vertex 15.1789 44.6975 1.1
    endloop
  endfacet
  facet normal 0.52813 0.849163 -0
    outer loop
      vertex 3.925 43.9598 1.1
      vertex 3.36096 44.3106 4.2
      vertex 3.925 43.9598 4.2
    endloop
  endfacet
  facet normal 0.52813 0.849163 0
    outer loop
      vertex 3.36096 44.3106 4.2
      vertex 3.925 43.9598 1.1
      vertex 3.36096 44.3106 1.1
    endloop
  endfacet
  facet normal 0.582498 0.812832 -0
    outer loop
      vertex 3.36096 44.3106 1.1
      vertex 2.82107 44.6975 4.2
      vertex 3.36096 44.3106 4.2
    endloop
  endfacet
  facet normal 0.582498 0.812832 0
    outer loop
      vertex 2.82107 44.6975 4.2
      vertex 3.36096 44.3106 1.1
      vertex 2.82107 44.6975 1.1
    endloop
  endfacet
  facet normal 0.227188 0.973851 -0
    outer loop
      vertex 7.01983 42.795 1.1
      vertex 6.37299 42.9459 4.2
      vertex 7.01983 42.795 4.2
    endloop
  endfacet
  facet normal 0.227188 0.973851 0
    outer loop
      vertex 6.37299 42.9459 4.2
      vertex 7.01983 42.795 1.1
      vertex 6.37299 42.9459 1.1
    endloop
  endfacet
  facet normal 0.162902 0.986642 -0
    outer loop
      vertex 7.67516 42.6868 1.1
      vertex 7.01983 42.795 4.2
      vertex 7.67516 42.6868 4.2
    endloop
  endfacet
  facet normal 0.162902 0.986642 0
    outer loop
      vertex 7.01983 42.795 4.2
      vertex 7.67516 42.6868 1.1
      vertex 7.01983 42.795 1.1
    endloop
  endfacet
  facet normal 0.0326711 0.999466 -0
    outer loop
      vertex 9 42.6 1.1
      vertex 8.33616 42.6217 4.2
      vertex 9 42.6 4.2
    endloop
  endfacet
  facet normal 0.0326711 0.999466 0
    outer loop
      vertex 8.33616 42.6217 4.2
      vertex 9 42.6 1.1
      vertex 8.33616 42.6217 1.1
    endloop
  endfacet
  facet normal 0.729812 0.683648 0
    outer loop
      vertex 1.82287 45.5729 4.2
      vertex 1.36883 46.0576 1.1
      vertex 1.36883 46.0576 4.2
    endloop
  endfacet
  facet normal 0.729812 0.683648 0
    outer loop
      vertex 1.36883 46.0576 1.1
      vertex 1.82287 45.5729 4.2
      vertex 1.82287 45.5729 1.1
    endloop
  endfacet
  facet normal 0.773049 0.634347 0
    outer loop
      vertex 1.36883 46.0576 4.2
      vertex 0.947463 46.5711 1.1
      vertex 0.947463 46.5711 4.2
    endloop
  endfacet
  facet normal 0.773049 0.634347 0
    outer loop
      vertex 0.947463 46.5711 1.1
      vertex 1.36883 46.0576 4.2
      vertex 1.36883 46.0576 1.1
    endloop
  endfacet
  facet normal 0.352164 0.935938 -0
    outer loop
      vertex 5.73739 43.1387 1.1
      vertex 5.11576 43.3726 4.2
      vertex 5.73739 43.1387 4.2
    endloop
  endfacet
  facet normal 0.352164 0.935938 0
    outer loop
      vertex 5.11576 43.3726 4.2
      vertex 5.73739 43.1387 1.1
      vertex 5.11576 43.3726 1.1
    endloop
  endfacet
  facet normal 0.412685 0.910874 -0
    outer loop
      vertex 5.11576 43.3726 1.1
      vertex 4.51077 43.6467 4.2
      vertex 5.11576 43.3726 4.2
    endloop
  endfacet
  facet normal 0.412685 0.910874 0
    outer loop
      vertex 4.51077 43.6467 4.2
      vertex 5.11576 43.3726 1.1
      vertex 4.51077 43.6467 1.1
    endloop
  endfacet
  facet normal 0.290275 0.956943 -0
    outer loop
      vertex 6.37299 42.9459 1.1
      vertex 5.73739 43.1387 4.2
      vertex 6.37299 42.9459 4.2
    endloop
  endfacet
  facet normal 0.290275 0.956943 0
    outer loop
      vertex 5.73739 43.1387 4.2
      vertex 6.37299 42.9459 1.1
      vertex 5.73739 43.1387 1.1
    endloop
  endfacet
  facet normal -0.999466 -0.0326731 0
    outer loop
      vertex 51.15 52.75 1.1
      vertex 51.1283 53.4138 4.2
      vertex 51.1283 53.4138 1.1
    endloop
  endfacet
  facet normal -0.999466 -0.0326731 0
    outer loop
      vertex 51.1283 53.4138 4.2
      vertex 51.15 52.75 1.1
      vertex 51.15 52.75 4.2
    endloop
  endfacet
  facet normal 0.0326731 -0.999466 0
    outer loop
      vertex 40.3362 62.8783 1.1
      vertex 41 62.9 4.2
      vertex 40.3362 62.8783 4.2
    endloop
  endfacet
  facet normal 0.0326731 -0.999466 0
    outer loop
      vertex 41 62.9 4.2
      vertex 40.3362 62.8783 1.1
      vertex 41 62.9 1.1
    endloop
  endfacet
  facet normal -0.683696 -0.729767 0
    outer loop
      vertex 47.6924 60.3812 1.1
      vertex 48.1771 59.9271 4.2
      vertex 47.6924 60.3812 4.2
    endloop
  endfacet
  facet normal -0.683696 -0.729767 -0
    outer loop
      vertex 48.1771 59.9271 4.2
      vertex 47.6924 60.3812 1.1
      vertex 48.1771 59.9271 1.1
    endloop
  endfacet
  facet normal 0.729767 -0.683696 0
    outer loop
      vertex 33.3688 59.4424 4.2
      vertex 33.8229 59.9271 1.1
      vertex 33.8229 59.9271 4.2
    endloop
  endfacet
  facet normal 0.729767 -0.683696 0
    outer loop
      vertex 33.8229 59.9271 1.1
      vertex 33.3688 59.4424 4.2
      vertex 33.3688 59.4424 1.1
    endloop
  endfacet
  facet normal -0.773098 0.634287 0
    outer loop
      vertex 48.6312 46.0576 1.1
      vertex 49.0525 46.5711 4.2
      vertex 49.0525 46.5711 1.1
    endloop
  endfacet
  facet normal -0.773098 0.634287 0
    outer loop
      vertex 49.0525 46.5711 4.2
      vertex 48.6312 46.0576 1.1
      vertex 48.6312 46.0576 4.2
    endloop
  endfacet
  facet normal -0.910876 -0.41268 0
    outer loop
      vertex 50.3774 56.6342 1.1
      vertex 50.1033 57.2392 4.2
      vertex 50.1033 57.2392 1.1
    endloop
  endfacet
  facet normal -0.910876 -0.41268 0
    outer loop
      vertex 50.1033 57.2392 4.2
      vertex 50.3774 56.6342 1.1
      vertex 50.3774 56.6342 4.2
    endloop
  endfacet
  facet normal -0.582491 -0.812837 0
    outer loop
      vertex 46.639 61.1894 1.1
      vertex 47.1789 60.8025 4.2
      vertex 46.639 61.1894 4.2
    endloop
  endfacet
  facet normal -0.582491 -0.812837 -0
    outer loop
      vertex 47.1789 60.8025 4.2
      vertex 46.639 61.1894 1.1
      vertex 47.1789 60.8025 1.1
    endloop
  endfacet
  facet normal 0.881932 -0.471377 0
    outer loop
      vertex 31.8967 57.2392 4.2
      vertex 32.2098 57.825 1.1
      vertex 32.2098 57.825 4.2
    endloop
  endfacet
  facet normal 0.881932 -0.471377 0
    outer loop
      vertex 32.2098 57.825 1.1
      vertex 31.8967 57.2392 4.2
      vertex 31.8967 57.2392 1.1
    endloop
  endfacet
  facet normal 0.227201 -0.973848 0
    outer loop
      vertex 38.373 62.5541 1.1
      vertex 39.0198 62.705 4.2
      vertex 38.373 62.5541 4.2
    endloop
  endfacet
  facet normal 0.227201 -0.973848 0
    outer loop
      vertex 39.0198 62.705 4.2
      vertex 38.373 62.5541 1.1
      vertex 39.0198 62.705 1.1
    endloop
  endfacet
  facet normal 0.0980129 0.995185 -0
    outer loop
      vertex 40.3362 42.6217 1.1
      vertex 39.6752 42.6868 4.2
      vertex 40.3362 42.6217 4.2
    endloop
  endfacet
  facet normal 0.0980129 0.995185 0
    outer loop
      vertex 39.6752 42.6868 4.2
      vertex 40.3362 42.6217 1.1
      vertex 39.6752 42.6868 1.1
    endloop
  endfacet
  facet normal -0.227201 0.973848 0
    outer loop
      vertex 43.627 42.9459 1.1
      vertex 42.9802 42.795 4.2
      vertex 43.627 42.9459 4.2
    endloop
  endfacet
  facet normal -0.227201 0.973848 0
    outer loop
      vertex 42.9802 42.795 4.2
      vertex 43.627 42.9459 1.1
      vertex 42.9802 42.795 1.1
    endloop
  endfacet
  facet normal -0.973848 -0.227201 0
    outer loop
      vertex 50.955 54.7302 1.1
      vertex 50.8041 55.377 4.2
      vertex 50.8041 55.377 1.1
    endloop
  endfacet
  facet normal -0.973848 -0.227201 0
    outer loop
      vertex 50.8041 55.377 4.2
      vertex 50.955 54.7302 1.1
      vertex 50.955 54.7302 4.2
    endloop
  endfacet
  facet normal -0.956943 -0.290275 0
    outer loop
      vertex 50.8041 55.377 1.1
      vertex 50.6113 56.0126 4.2
      vertex 50.6113 56.0126 1.1
    endloop
  endfacet
  facet normal -0.956943 -0.290275 0
    outer loop
      vertex 50.6113 56.0126 4.2
      vertex 50.8041 55.377 1.1
      vertex 50.8041 55.377 4.2
    endloop
  endfacet
  facet normal -0.162885 -0.986645 0
    outer loop
      vertex 42.3248 62.8132 1.1
      vertex 42.9802 62.705 4.2
      vertex 42.3248 62.8132 4.2
    endloop
  endfacet
  facet normal -0.162885 -0.986645 -0
    outer loop
      vertex 42.9802 62.705 4.2
      vertex 42.3248 62.8132 1.1
      vertex 42.9802 62.705 1.1
    endloop
  endfacet
  facet normal -0.471377 -0.881932 0
    outer loop
      vertex 45.4892 61.8533 1.1
      vertex 46.075 61.5402 4.2
      vertex 45.4892 61.8533 4.2
    endloop
  endfacet
  facet normal -0.471377 -0.881932 -0
    outer loop
      vertex 46.075 61.5402 4.2
      vertex 45.4892 61.8533 1.1
      vertex 46.075 61.5402 1.1
    endloop
  endfacet
  facet normal -0.634287 -0.773098 0
    outer loop
      vertex 47.1789 60.8025 1.1
      vertex 47.6924 60.3812 4.2
      vertex 47.1789 60.8025 4.2
    endloop
  endfacet
  facet normal -0.634287 -0.773098 -0
    outer loop
      vertex 47.6924 60.3812 4.2
      vertex 47.1789 60.8025 1.1
      vertex 47.6924 60.3812 1.1
    endloop
  endfacet
  facet normal 0.986645 -0.162885 0
    outer loop
      vertex 30.9368 54.0748 4.2
      vertex 31.045 54.7302 1.1
      vertex 31.045 54.7302 4.2
    endloop
  endfacet
  facet normal 0.986645 -0.162885 0
    outer loop
      vertex 31.045 54.7302 1.1
      vertex 30.9368 54.0748 4.2
      vertex 30.9368 54.0748 1.1
    endloop
  endfacet
  facet normal 0 0 1
    outer loop
      vertex 51.1283 53.4138 1.1
      vertex 51.1283 52.0862 1.1
      vertex 51.15 52.75 1.1
    endloop
  endfacet
  facet normal 0 0 1
    outer loop
      vertex 51.0632 54.0748 1.1
      vertex 51.1283 52.0862 1.1
      vertex 51.1283 53.4138 1.1
    endloop
  endfacet
  facet normal 0 0 1
    outer loop
      vertex 51.0632 54.0748 1.1
      vertex 51.0632 51.4252 1.1
      vertex 51.1283 52.0862 1.1
    endloop
  endfacet
  facet normal 0 0 1
    outer loop
      vertex 50.955 54.7302 1.1
      vertex 51.0632 51.4252 1.1
      vertex 51.0632 54.0748 1.1
    endloop
  endfacet
  facet normal 0 0 1
    outer loop
      vertex 50.955 54.7302 1.1
      vertex 50.955 50.7698 1.1
      vertex 51.0632 51.4252 1.1
    endloop
  endfacet
  facet normal 0 0 1
    outer loop
      vertex 50.8041 55.377 1.1
      vertex 50.955 50.7698 1.1
      vertex 50.955 54.7302 1.1
    endloop
  endfacet
  facet normal 0 0 1
    outer loop
      vertex 50.8041 55.377 1.1
      vertex 50.8041 50.123 1.1
      vertex 50.955 50.7698 1.1
    endloop
  endfacet
  facet normal 0 0 1
    outer loop
      vertex 50.6113 56.0126 1.1
      vertex 50.8041 50.123 1.1
      vertex 50.8041 55.377 1.1
    endloop
  endfacet
  facet normal 0 0 1
    outer loop
      vertex 50.6113 56.0126 1.1
      vertex 50.6113 49.4874 1.1
      vertex 50.8041 50.123 1.1
    endloop
  endfacet
  facet normal 0 0 1
    outer loop
      vertex 50.3774 56.6342 1.1
      vertex 50.6113 49.4874 1.1
      vertex 50.6113 56.0126 1.1
    endloop
  endfacet
  facet normal 0 0 1
    outer loop
      vertex 50.3774 56.6342 1.1
      vertex 50.3774 48.8658 1.1
      vertex 50.6113 49.4874 1.1
    endloop
  endfacet
  facet normal 0 0 1
    outer loop
      vertex 50.1033 57.2392 1.1
      vertex 50.3774 48.8658 1.1
      vertex 50.3774 56.6342 1.1
    endloop
  endfacet
  facet normal 0 0 1
    outer loop
      vertex 50.1033 57.2392 1.1
      vertex 50.1033 48.2608 1.1
      vertex 50.3774 48.8658 1.1
    endloop
  endfacet
  facet normal 0 0 1
    outer loop
      vertex 49.7902 57.825 1.1
      vertex 50.1033 48.2608 1.1
      vertex 50.1033 57.2392 1.1
    endloop
  endfacet
  facet normal 0 0 1
    outer loop
      vertex 49.7902 57.825 1.1
      vertex 49.7902 47.675 1.1
      vertex 50.1033 48.2608 1.1
    endloop
  endfacet
  facet normal 0 0 1
    outer loop
      vertex 49.4394 58.389 1.1
      vertex 49.7902 47.675 1.1
      vertex 49.7902 57.825 1.1
    endloop
  endfacet
  facet normal 0 0 1
    outer loop
      vertex 49.4394 58.389 1.1
      vertex 49.4394 47.111 1.1
      vertex 49.7902 47.675 1.1
    endloop
  endfacet
  facet normal 0 0 1
    outer loop
      vertex 49.0525 58.9289 1.1
      vertex 49.4394 47.111 1.1
      vertex 49.4394 58.389 1.1
    endloop
  endfacet
  facet normal 0 0 1
    outer loop
      vertex 49.0525 58.9289 1.1
      vertex 49.0525 46.5711 1.1
      vertex 49.4394 47.111 1.1
    endloop
  endfacet
  facet normal 0 0 1
    outer loop
      vertex 48.6312 59.4424 1.1
      vertex 49.0525 46.5711 1.1
      vertex 49.0525 58.9289 1.1
    endloop
  endfacet
  facet normal 0 0 1
    outer loop
      vertex 48.6312 59.4424 1.1
      vertex 48.6312 46.0576 1.1
      vertex 49.0525 46.5711 1.1
    endloop
  endfacet
  facet normal 0 0 1
    outer loop
      vertex 48.1771 59.9271 1.1
      vertex 48.6312 46.0576 1.1
      vertex 48.6312 59.4424 1.1
    endloop
  endfacet
  facet normal 0 0 1
    outer loop
      vertex 48.1771 59.9271 1.1
      vertex 48.1771 45.5729 1.1
      vertex 48.6312 46.0576 1.1
    endloop
  endfacet
  facet normal 0 0 1
    outer loop
      vertex 47.6924 60.3812 1.1
      vertex 48.1771 45.5729 1.1
      vertex 48.1771 59.9271 1.1
    endloop
  endfacet
  facet normal 0 0 1
    outer loop
      vertex 47.6924 60.3812 1.1
      vertex 47.6924 45.1188 1.1
      vertex 48.1771 45.5729 1.1
    endloop
  endfacet
  facet normal 0 0 1
    outer loop
      vertex 47.1789 60.8025 1.1
      vertex 47.6924 45.1188 1.1
      vertex 47.6924 60.3812 1.1
    endloop
  endfacet
  facet normal 0 0 1
    outer loop
      vertex 47.1789 60.8025 1.1
      vertex 47.1789 44.6975 1.1
      vertex 47.6924 45.1188 1.1
    endloop
  endfacet
  facet normal 0 0 1
    outer loop
      vertex 46.639 61.1894 1.1
      vertex 47.1789 44.6975 1.1
      vertex 47.1789 60.8025 1.1
    endloop
  endfacet
  facet normal 0 0 1
    outer loop
      vertex 46.639 61.1894 1.1
      vertex 46.639 44.3106 1.1
      vertex 47.1789 44.6975 1.1
    endloop
  endfacet
  facet normal 0 0 1
    outer loop
      vertex 46.075 61.5402 1.1
      vertex 46.639 44.3106 1.1
      vertex 46.639 61.1894 1.1
    endloop
  endfacet
  facet normal 0 0 1
    outer loop
      vertex 46.075 61.5402 1.1
      vertex 46.075 43.9598 1.1
      vertex 46.639 44.3106 1.1
    endloop
  endfacet
  facet normal 0 0 1
    outer loop
      vertex 45.4892 61.8533 1.1
      vertex 46.075 43.9598 1.1
      vertex 46.075 61.5402 1.1
    endloop
  endfacet
  facet normal 0 0 1
    outer loop
      vertex 45.4892 61.8533 1.1
      vertex 45.4892 43.6467 1.1
      vertex 46.075 43.9598 1.1
    endloop
  endfacet
  facet normal 0 0 1
    outer loop
      vertex 44.8842 62.1274 1.1
      vertex 45.4892 43.6467 1.1
      vertex 45.4892 61.8533 1.1
    endloop
  endfacet
  facet normal 0 0 1
    outer loop
      vertex 44.8842 62.1274 1.1
      vertex 44.8842 43.3726 1.1
      vertex 45.4892 43.6467 1.1
    endloop
  endfacet
  facet normal 0 0 1
    outer loop
      vertex 44.2626 62.3613 1.1
      vertex 44.8842 43.3726 1.1
      vertex 44.8842 62.1274 1.1
    endloop
  endfacet
  facet normal 0 0 1
    outer loop
      vertex 44.2626 62.3613 1.1
      vertex 44.2626 43.1387 1.1
      vertex 44.8842 43.3726 1.1
    endloop
  endfacet
  facet normal 0 0 1
    outer loop
      vertex 43.627 62.5541 1.1
      vertex 44.2626 43.1387 1.1
      vertex 44.2626 62.3613 1.1
    endloop
  endfacet
  facet normal 0 0 1
    outer loop
      vertex 43.627 62.5541 1.1
      vertex 43.627 42.9459 1.1
      vertex 44.2626 43.1387 1.1
    endloop
  endfacet
  facet normal 0 0 1
    outer loop
      vertex 42.9802 62.705 1.1
      vertex 43.627 42.9459 1.1
      vertex 43.627 62.5541 1.1
    endloop
  endfacet
  facet normal 0 0 1
    outer loop
      vertex 42.9802 62.705 1.1
      vertex 42.9802 42.795 1.1
      vertex 43.627 42.9459 1.1
    endloop
  endfacet
  facet normal 0 0 1
    outer loop
      vertex 42.3248 62.8132 1.1
      vertex 42.9802 42.795 1.1
      vertex 42.9802 62.705 1.1
    endloop
  endfacet
  facet normal 0 0 1
    outer loop
      vertex 42.3248 62.8132 1.1
      vertex 42.3248 42.6868 1.1
      vertex 42.9802 42.795 1.1
    endloop
  endfacet
  facet normal 0 0 1
    outer loop
      vertex 41.6638 62.8783 1.1
      vertex 42.3248 42.6868 1.1
      vertex 42.3248 62.8132 1.1
    endloop
  endfacet
  facet normal 0 0 1
    outer loop
      vertex 41.6638 62.8783 1.1
      vertex 41.6638 42.6217 1.1
      vertex 42.3248 42.6868 1.1
    endloop
  endfacet
  facet normal 0 0 1
    outer loop
      vertex 41 62.9 1.1
      vertex 41.6638 42.6217 1.1
      vertex 41.6638 62.8783 1.1
    endloop
  endfacet
  facet normal 0 0 1
    outer loop
      vertex 41 62.9 1.1
      vertex 41 42.6 1.1
      vertex 41.6638 42.6217 1.1
    endloop
  endfacet
  facet normal -0 0 1
    outer loop
      vertex 40.3362 62.8783 1.1
      vertex 41 42.6 1.1
      vertex 41 62.9 1.1
    endloop
  endfacet
  facet normal 0 0 1
    outer loop
      vertex 40.3362 62.8783 1.1
      vertex 40.3362 42.6217 1.1
      vertex 41 42.6 1.1
    endloop
  endfacet
  facet normal -0 0 1
    outer loop
      vertex 39.6752 62.8132 1.1
      vertex 40.3362 42.6217 1.1
      vertex 40.3362 62.8783 1.1
    endloop
  endfacet
  facet normal 0 0 1
    outer loop
      vertex 39.6752 62.8132 1.1
      vertex 39.6752 42.6868 1.1
      vertex 40.3362 42.6217 1.1
    endloop
  endfacet
  facet normal -0 0 1
    outer loop
      vertex 39.0198 62.705 1.1
      vertex 39.6752 42.6868 1.1
      vertex 39.6752 62.8132 1.1
    endloop
  endfacet
  facet normal 0 0 1
    outer loop
      vertex 39.0198 62.705 1.1
      vertex 39.0198 42.795 1.1
      vertex 39.6752 42.6868 1.1
    endloop
  endfacet
  facet normal -0 0 1
    outer loop
      vertex 38.373 62.5541 1.1
      vertex 39.0198 42.795 1.1
      vertex 39.0198 62.705 1.1
    endloop
  endfacet
  facet normal 0 0 1
    outer loop
      vertex 38.373 62.5541 1.1
      vertex 38.373 42.9459 1.1
      vertex 39.0198 42.795 1.1
    endloop
  endfacet
  facet normal -0 0 1
    outer loop
      vertex 37.7374 62.3613 1.1
      vertex 38.373 42.9459 1.1
      vertex 38.373 62.5541 1.1
    endloop
  endfacet
  facet normal 0 0 1
    outer loop
      vertex 37.7374 62.3613 1.1
      vertex 37.7374 43.1387 1.1
      vertex 38.373 42.9459 1.1
    endloop
  endfacet
  facet normal -0 0 1
    outer loop
      vertex 37.1158 62.1274 1.1
      vertex 37.7374 43.1387 1.1
      vertex 37.7374 62.3613 1.1
    endloop
  endfacet
  facet normal 0 0 1
    outer loop
      vertex 37.1158 62.1274 1.1
      vertex 37.1158 43.3726 1.1
      vertex 37.7374 43.1387 1.1
    endloop
  endfacet
  facet normal -0 0 1
    outer loop
      vertex 36.5108 61.8533 1.1
      vertex 37.1158 43.3726 1.1
      vertex 37.1158 62.1274 1.1
    endloop
  endfacet
  facet normal 0 0 1
    outer loop
      vertex 36.5108 61.8533 1.1
      vertex 36.5108 43.6467 1.1
      vertex 37.1158 43.3726 1.1
    endloop
  endfacet
  facet normal -0 0 1
    outer loop
      vertex 35.925 61.5402 1.1
      vertex 36.5108 43.6467 1.1
      vertex 36.5108 61.8533 1.1
    endloop
  endfacet
  facet normal 0 0 1
    outer loop
      vertex 35.925 61.5402 1.1
      vertex 35.925 43.9598 1.1
      vertex 36.5108 43.6467 1.1
    endloop
  endfacet
  facet normal -0 0 1
    outer loop
      vertex 35.361 61.1894 1.1
      vertex 35.925 43.9598 1.1
      vertex 35.925 61.5402 1.1
    endloop
  endfacet
  facet normal 0 0 1
    outer loop
      vertex 35.361 61.1894 1.1
      vertex 35.361 44.3106 1.1
      vertex 35.925 43.9598 1.1
    endloop
  endfacet
  facet normal -0 0 1
    outer loop
      vertex 34.8211 60.8025 1.1
      vertex 35.361 44.3106 1.1
      vertex 35.361 61.1894 1.1
    endloop
  endfacet
  facet normal 0 0 1
    outer loop
      vertex 34.8211 60.8025 1.1
      vertex 34.8211 44.6975 1.1
      vertex 35.361 44.3106 1.1
    endloop
  endfacet
  facet normal -0 0 1
    outer loop
      vertex 34.3076 60.3812 1.1
      vertex 34.8211 44.6975 1.1
      vertex 34.8211 60.8025 1.1
    endloop
  endfacet
  facet normal 0 0 1
    outer loop
      vertex 34.3076 60.3812 1.1
      vertex 34.3076 45.1188 1.1
      vertex 34.8211 44.6975 1.1
    endloop
  endfacet
  facet normal -0 0 1
    outer loop
      vertex 33.8229 59.9271 1.1
      vertex 34.3076 45.1188 1.1
      vertex 34.3076 60.3812 1.1
    endloop
  endfacet
  facet normal 0 0 1
    outer loop
      vertex 33.8229 59.9271 1.1
      vertex 33.8229 45.5729 1.1
      vertex 34.3076 45.1188 1.1
    endloop
  endfacet
  facet normal -0 0 1
    outer loop
      vertex 33.3688 59.4424 1.1
      vertex 33.8229 45.5729 1.1
      vertex 33.8229 59.9271 1.1
    endloop
  endfacet
  facet normal 0 0 1
    outer loop
      vertex 33.3688 59.4424 1.1
      vertex 33.3688 46.0576 1.1
      vertex 33.8229 45.5729 1.1
    endloop
  endfacet
  facet normal -0 0 1
    outer loop
      vertex 32.9475 58.9289 1.1
      vertex 33.3688 46.0576 1.1
      vertex 33.3688 59.4424 1.1
    endloop
  endfacet
  facet normal 0 0 1
    outer loop
      vertex 32.9475 58.9289 1.1
      vertex 32.9475 46.5711 1.1
      vertex 33.3688 46.0576 1.1
    endloop
  endfacet
  facet normal -0 0 1
    outer loop
      vertex 32.5606 58.389 1.1
      vertex 32.9475 46.5711 1.1
      vertex 32.9475 58.9289 1.1
    endloop
  endfacet
  facet normal 0 0 1
    outer loop
      vertex 32.5606 58.389 1.1
      vertex 32.5606 47.111 1.1
      vertex 32.9475 46.5711 1.1
    endloop
  endfacet
  facet normal -0 0 1
    outer loop
      vertex 32.2098 57.825 1.1
      vertex 32.5606 47.111 1.1
      vertex 32.5606 58.389 1.1
    endloop
  endfacet
  facet normal 0 0 1
    outer loop
      vertex 32.2098 57.825 1.1
      vertex 32.2098 47.675 1.1
      vertex 32.5606 47.111 1.1
    endloop
  endfacet
  facet normal -0 0 1
    outer loop
      vertex 31.8967 57.2392 1.1
      vertex 32.2098 47.675 1.1
      vertex 32.2098 57.825 1.1
    endloop
  endfacet
  facet normal 0 0 1
    outer loop
      vertex 31.8967 57.2392 1.1
      vertex 31.8967 48.2608 1.1
      vertex 32.2098 47.675 1.1
    endloop
  endfacet
  facet normal -0 0 1
    outer loop
      vertex 31.6226 56.6342 1.1
      vertex 31.8967 48.2608 1.1
      vertex 31.8967 57.2392 1.1
    endloop
  endfacet
  facet normal 0 0 1
    outer loop
      vertex 31.6226 56.6342 1.1
      vertex 31.6226 48.8658 1.1
      vertex 31.8967 48.2608 1.1
    endloop
  endfacet
  facet normal -0 0 1
    outer loop
      vertex 31.3887 56.0126 1.1
      vertex 31.6226 48.8658 1.1
      vertex 31.6226 56.6342 1.1
    endloop
  endfacet
  facet normal 0 0 1
    outer loop
      vertex 31.3887 56.0126 1.1
      vertex 31.3887 49.4874 1.1
      vertex 31.6226 48.8658 1.1
    endloop
  endfacet
  facet normal -0 0 1
    outer loop
      vertex 31.1959 55.377 1.1
      vertex 31.3887 49.4874 1.1
      vertex 31.3887 56.0126 1.1
    endloop
  endfacet
  facet normal 0 0 1
    outer loop
      vertex 31.1959 55.377 1.1
      vertex 31.1959 50.123 1.1
      vertex 31.3887 49.4874 1.1
    endloop
  endfacet
  facet normal -0 0 1
    outer loop
      vertex 31.045 54.7302 1.1
      vertex 31.1959 50.123 1.1
      vertex 31.1959 55.377 1.1
    endloop
  endfacet
  facet normal 0 0 1
    outer loop
      vertex 31.045 54.7302 1.1
      vertex 31.045 50.7698 1.1
      vertex 31.1959 50.123 1.1
    endloop
  endfacet
  facet normal -0 0 1
    outer loop
      vertex 30.9368 54.0748 1.1
      vertex 31.045 50.7698 1.1
      vertex 31.045 54.7302 1.1
    endloop
  endfacet
  facet normal 0 0 1
    outer loop
      vertex 30.9368 54.0748 1.1
      vertex 30.9368 51.4252 1.1
      vertex 31.045 50.7698 1.1
    endloop
  endfacet
  facet normal -0 0 1
    outer loop
      vertex 30.8717 53.4138 1.1
      vertex 30.9368 51.4252 1.1
      vertex 30.9368 54.0748 1.1
    endloop
  endfacet
  facet normal 0 0 1
    outer loop
      vertex 30.8717 53.4138 1.1
      vertex 30.8717 52.0862 1.1
      vertex 30.9368 51.4252 1.1
    endloop
  endfacet
  facet normal 0 -0 1
    outer loop
      vertex 30.8717 52.0862 1.1
      vertex 30.8717 53.4138 1.1
      vertex 30.85 52.75 1.1
    endloop
  endfacet
  facet normal 0.973848 -0.227201 0
    outer loop
      vertex 31.045 54.7302 4.2
      vertex 31.1959 55.377 1.1
      vertex 31.1959 55.377 4.2
    endloop
  endfacet
  facet normal 0.973848 -0.227201 0
    outer loop
      vertex 31.1959 55.377 1.1
      vertex 31.045 54.7302 4.2
      vertex 31.045 54.7302 1.1
    endloop
  endfacet
  facet normal 0.999466 0.0326731 0
    outer loop
      vertex 30.8717 52.0862 4.2
      vertex 30.85 52.75 1.1
      vertex 30.85 52.75 4.2
    endloop
  endfacet
  facet normal 0.999466 0.0326731 0
    outer loop
      vertex 30.85 52.75 1.1
      vertex 30.8717 52.0862 4.2
      vertex 30.8717 52.0862 1.1
    endloop
  endfacet
  facet normal 0.999466 -0.0326731 0
    outer loop
      vertex 30.85 52.75 4.2
      vertex 30.8717 53.4138 1.1
      vertex 30.8717 53.4138 4.2
    endloop
  endfacet
  facet normal 0.999466 -0.0326731 0
    outer loop
      vertex 30.8717 53.4138 1.1
      vertex 30.85 52.75 4.2
      vertex 30.85 52.75 1.1
    endloop
  endfacet
  facet normal 0.471377 -0.881932 0
    outer loop
      vertex 35.925 61.5402 1.1
      vertex 36.5108 61.8533 4.2
      vertex 35.925 61.5402 4.2
    endloop
  endfacet
  facet normal 0.471377 -0.881932 0
    outer loop
      vertex 36.5108 61.8533 4.2
      vertex 35.925 61.5402 1.1
      vertex 36.5108 61.8533 1.1
    endloop
  endfacet
  facet normal 0.528157 -0.849147 0
    outer loop
      vertex 35.361 61.1894 1.1
      vertex 35.925 61.5402 4.2
      vertex 35.361 61.1894 4.2
    endloop
  endfacet
  facet normal 0.528157 -0.849147 0
    outer loop
      vertex 35.925 61.5402 4.2
      vertex 35.361 61.1894 1.1
      vertex 35.925 61.5402 1.1
    endloop
  endfacet
  facet normal 0.290275 -0.956943 0
    outer loop
      vertex 37.7374 62.3613 1.1
      vertex 38.373 62.5541 4.2
      vertex 37.7374 62.3613 4.2
    endloop
  endfacet
  facet normal 0.290275 -0.956943 0
    outer loop
      vertex 38.373 62.5541 4.2
      vertex 37.7374 62.3613 1.1
      vertex 38.373 62.5541 1.1
    endloop
  endfacet
  facet normal 0.0980129 -0.995185 0
    outer loop
      vertex 39.6752 62.8132 1.1
      vertex 40.3362 62.8783 4.2
      vertex 39.6752 62.8132 4.2
    endloop
  endfacet
  facet normal 0.0980129 -0.995185 0
    outer loop
      vertex 40.3362 62.8783 4.2
      vertex 39.6752 62.8132 1.1
      vertex 40.3362 62.8783 1.1
    endloop
  endfacet
  facet normal -0.973848 0.227201 0
    outer loop
      vertex 50.8041 50.123 1.1
      vertex 50.955 50.7698 4.2
      vertex 50.955 50.7698 1.1
    endloop
  endfacet
  facet normal -0.973848 0.227201 0
    outer loop
      vertex 50.955 50.7698 4.2
      vertex 50.8041 50.123 1.1
      vertex 50.8041 50.123 4.2
    endloop
  endfacet
  facet normal -0.999466 0.0326731 0
    outer loop
      vertex 51.1283 52.0862 1.1
      vertex 51.15 52.75 4.2
      vertex 51.15 52.75 1.1
    endloop
  endfacet
  facet normal -0.999466 0.0326731 0
    outer loop
      vertex 51.15 52.75 4.2
      vertex 51.1283 52.0862 1.1
      vertex 51.1283 52.0862 4.2
    endloop
  endfacet
  facet normal -0.812837 0.582491 0
    outer loop
      vertex 49.0525 46.5711 1.1
      vertex 49.4394 47.111 4.2
      vertex 49.4394 47.111 1.1
    endloop
  endfacet
  facet normal -0.812837 0.582491 0
    outer loop
      vertex 49.4394 47.111 4.2
      vertex 49.0525 46.5711 1.1
      vertex 49.0525 46.5711 4.2
    endloop
  endfacet
  facet normal -0.0980129 0.995185 0
    outer loop
      vertex 42.3248 42.6868 1.1
      vertex 41.6638 42.6217 4.2
      vertex 42.3248 42.6868 4.2
    endloop
  endfacet
  facet normal -0.0980129 0.995185 0
    outer loop
      vertex 41.6638 42.6217 4.2
      vertex 42.3248 42.6868 1.1
      vertex 41.6638 42.6217 1.1
    endloop
  endfacet
  facet normal -0.41268 0.910876 0
    outer loop
      vertex 45.4892 43.6467 1.1
      vertex 44.8842 43.3726 4.2
      vertex 45.4892 43.6467 4.2
    endloop
  endfacet
  facet normal -0.41268 0.910876 0
    outer loop
      vertex 44.8842 43.3726 4.2
      vertex 45.4892 43.6467 1.1
      vertex 44.8842 43.3726 1.1
    endloop
  endfacet
  facet normal -0.986645 -0.162885 0
    outer loop
      vertex 51.0632 54.0748 1.1
      vertex 50.955 54.7302 4.2
      vertex 50.955 54.7302 1.1
    endloop
  endfacet
  facet normal -0.986645 -0.162885 0
    outer loop
      vertex 50.955 54.7302 4.2
      vertex 51.0632 54.0748 1.1
      vertex 51.0632 54.0748 4.2
    endloop
  endfacet
  facet normal -0.995185 -0.0980129 0
    outer loop
      vertex 51.1283 53.4138 1.1
      vertex 51.0632 54.0748 4.2
      vertex 51.0632 54.0748 1.1
    endloop
  endfacet
  facet normal -0.995185 -0.0980129 0
    outer loop
      vertex 51.0632 54.0748 4.2
      vertex 51.1283 53.4138 1.1
      vertex 51.1283 53.4138 4.2
    endloop
  endfacet
  facet normal -0.729767 -0.683696 0
    outer loop
      vertex 48.6312 59.4424 1.1
      vertex 48.1771 59.9271 4.2
      vertex 48.1771 59.9271 1.1
    endloop
  endfacet
  facet normal -0.729767 -0.683696 0
    outer loop
      vertex 48.1771 59.9271 4.2
      vertex 48.6312 59.4424 1.1
      vertex 48.6312 59.4424 4.2
    endloop
  endfacet
  facet normal -0.812837 -0.582491 0
    outer loop
      vertex 49.4394 58.389 1.1
      vertex 49.0525 58.9289 4.2
      vertex 49.0525 58.9289 1.1
    endloop
  endfacet
  facet normal -0.812837 -0.582491 0
    outer loop
      vertex 49.0525 58.9289 4.2
      vertex 49.4394 58.389 1.1
      vertex 49.4394 58.389 4.2
    endloop
  endfacet
  facet normal -0.881932 -0.471377 0
    outer loop
      vertex 50.1033 57.2392 1.1
      vertex 49.7902 57.825 4.2
      vertex 49.7902 57.825 1.1
    endloop
  endfacet
  facet normal -0.881932 -0.471377 0
    outer loop
      vertex 49.7902 57.825 4.2
      vertex 50.1033 57.2392 1.1
      vertex 50.1033 57.2392 4.2
    endloop
  endfacet
  facet normal -0.227201 -0.973848 0
    outer loop
      vertex 42.9802 62.705 1.1
      vertex 43.627 62.5541 4.2
      vertex 42.9802 62.705 4.2
    endloop
  endfacet
  facet normal -0.227201 -0.973848 -0
    outer loop
      vertex 43.627 62.5541 4.2
      vertex 42.9802 62.705 1.1
      vertex 43.627 62.5541 1.1
    endloop
  endfacet
  facet normal -0.0980129 -0.995185 0
    outer loop
      vertex 41.6638 62.8783 1.1
      vertex 42.3248 62.8132 4.2
      vertex 41.6638 62.8783 4.2
    endloop
  endfacet
  facet normal -0.0980129 -0.995185 -0
    outer loop
      vertex 42.3248 62.8132 4.2
      vertex 41.6638 62.8783 1.1
      vertex 42.3248 62.8132 1.1
    endloop
  endfacet
  facet normal -0.0326731 -0.999466 0
    outer loop
      vertex 41 62.9 1.1
      vertex 41.6638 62.8783 4.2
      vertex 41 62.9 4.2
    endloop
  endfacet
  facet normal -0.0326731 -0.999466 -0
    outer loop
      vertex 41.6638 62.8783 4.2
      vertex 41 62.9 1.1
      vertex 41.6638 62.8783 1.1
    endloop
  endfacet
  facet normal -0.352179 -0.935933 0
    outer loop
      vertex 44.2626 62.3613 1.1
      vertex 44.8842 62.1274 4.2
      vertex 44.2626 62.3613 4.2
    endloop
  endfacet
  facet normal -0.352179 -0.935933 -0
    outer loop
      vertex 44.8842 62.1274 4.2
      vertex 44.2626 62.3613 1.1
      vertex 44.8842 62.1274 1.1
    endloop
  endfacet
  facet normal -0.528157 -0.849147 0
    outer loop
      vertex 46.075 61.5402 1.1
      vertex 46.639 61.1894 4.2
      vertex 46.075 61.5402 4.2
    endloop
  endfacet
  facet normal -0.528157 -0.849147 -0
    outer loop
      vertex 46.639 61.1894 4.2
      vertex 46.075 61.5402 1.1
      vertex 46.639 61.1894 1.1
    endloop
  endfacet
  facet normal 0.935933 -0.352179 0
    outer loop
      vertex 31.3887 56.0126 4.2
      vertex 31.6226 56.6342 1.1
      vertex 31.6226 56.6342 4.2
    endloop
  endfacet
  facet normal 0.935933 -0.352179 0
    outer loop
      vertex 31.6226 56.6342 1.1
      vertex 31.3887 56.0126 4.2
      vertex 31.3887 56.0126 1.1
    endloop
  endfacet
  facet normal 0.910876 -0.41268 0
    outer loop
      vertex 31.6226 56.6342 4.2
      vertex 31.8967 57.2392 1.1
      vertex 31.8967 57.2392 4.2
    endloop
  endfacet
  facet normal 0.910876 -0.41268 0
    outer loop
      vertex 31.8967 57.2392 1.1
      vertex 31.6226 56.6342 4.2
      vertex 31.6226 56.6342 1.1
    endloop
  endfacet
  facet normal 0.956943 -0.290275 0
    outer loop
      vertex 31.1959 55.377 4.2
      vertex 31.3887 56.0126 1.1
      vertex 31.3887 56.0126 4.2
    endloop
  endfacet
  facet normal 0.956943 -0.290275 0
    outer loop
      vertex 31.3887 56.0126 1.1
      vertex 31.1959 55.377 4.2
      vertex 31.1959 55.377 1.1
    endloop
  endfacet
  facet normal 0.634287 -0.773098 0
    outer loop
      vertex 34.3076 60.3812 1.1
      vertex 34.8211 60.8025 4.2
      vertex 34.3076 60.3812 4.2
    endloop
  endfacet
  facet normal 0.634287 -0.773098 0
    outer loop
      vertex 34.8211 60.8025 4.2
      vertex 34.3076 60.3812 1.1
      vertex 34.8211 60.8025 1.1
    endloop
  endfacet
  facet normal 0.582491 -0.812837 0
    outer loop
      vertex 34.8211 60.8025 1.1
      vertex 35.361 61.1894 4.2
      vertex 34.8211 60.8025 4.2
    endloop
  endfacet
  facet normal 0.582491 -0.812837 0
    outer loop
      vertex 35.361 61.1894 4.2
      vertex 34.8211 60.8025 1.1
      vertex 35.361 61.1894 1.1
    endloop
  endfacet
  facet normal 0.683696 -0.729767 0
    outer loop
      vertex 33.8229 59.9271 1.1
      vertex 34.3076 60.3812 4.2
      vertex 33.8229 59.9271 4.2
    endloop
  endfacet
  facet normal 0.683696 -0.729767 0
    outer loop
      vertex 34.3076 60.3812 4.2
      vertex 33.8229 59.9271 1.1
      vertex 34.3076 60.3812 1.1
    endloop
  endfacet
  facet normal 0.41268 -0.910876 0
    outer loop
      vertex 36.5108 61.8533 1.1
      vertex 37.1158 62.1274 4.2
      vertex 36.5108 61.8533 4.2
    endloop
  endfacet
  facet normal 0.41268 -0.910876 0
    outer loop
      vertex 37.1158 62.1274 4.2
      vertex 36.5108 61.8533 1.1
      vertex 37.1158 62.1274 1.1
    endloop
  endfacet
  facet normal 0.162885 -0.986645 0
    outer loop
      vertex 39.0198 62.705 1.1
      vertex 39.6752 62.8132 4.2
      vertex 39.0198 62.705 4.2
    endloop
  endfacet
  facet normal 0.162885 -0.986645 0
    outer loop
      vertex 39.6752 62.8132 4.2
      vertex 39.0198 62.705 1.1
      vertex 39.6752 62.8132 1.1
    endloop
  endfacet
  facet normal -0.881932 0.471377 0
    outer loop
      vertex 49.7902 47.675 1.1
      vertex 50.1033 48.2608 4.2
      vertex 50.1033 48.2608 1.1
    endloop
  endfacet
  facet normal -0.881932 0.471377 0
    outer loop
      vertex 50.1033 48.2608 4.2
      vertex 49.7902 47.675 1.1
      vertex 49.7902 47.675 4.2
    endloop
  endfacet
  facet normal -0.956943 0.290275 0
    outer loop
      vertex 50.6113 49.4874 1.1
      vertex 50.8041 50.123 4.2
      vertex 50.8041 50.123 1.1
    endloop
  endfacet
  facet normal -0.956943 0.290275 0
    outer loop
      vertex 50.8041 50.123 4.2
      vertex 50.6113 49.4874 1.1
      vertex 50.6113 49.4874 4.2
    endloop
  endfacet
  facet normal -0.986645 0.162885 0
    outer loop
      vertex 50.955 50.7698 1.1
      vertex 51.0632 51.4252 4.2
      vertex 51.0632 51.4252 1.1
    endloop
  endfacet
  facet normal -0.986645 0.162885 0
    outer loop
      vertex 51.0632 51.4252 4.2
      vertex 50.955 50.7698 1.1
      vertex 50.955 50.7698 4.2
    endloop
  endfacet
  facet normal -0.995185 0.0980129 0
    outer loop
      vertex 51.0632 51.4252 1.1
      vertex 51.1283 52.0862 4.2
      vertex 51.1283 52.0862 1.1
    endloop
  endfacet
  facet normal -0.995185 0.0980129 0
    outer loop
      vertex 51.1283 52.0862 4.2
      vertex 51.0632 51.4252 1.1
      vertex 51.0632 51.4252 4.2
    endloop
  endfacet
  facet normal 0.935933 0.352179 0
    outer loop
      vertex 31.6226 48.8658 4.2
      vertex 31.3887 49.4874 1.1
      vertex 31.3887 49.4874 4.2
    endloop
  endfacet
  facet normal 0.935933 0.352179 0
    outer loop
      vertex 31.3887 49.4874 1.1
      vertex 31.6226 48.8658 4.2
      vertex 31.6226 48.8658 1.1
    endloop
  endfacet
  facet normal 0.956943 0.290275 0
    outer loop
      vertex 31.3887 49.4874 4.2
      vertex 31.1959 50.123 1.1
      vertex 31.1959 50.123 4.2
    endloop
  endfacet
  facet normal 0.956943 0.290275 0
    outer loop
      vertex 31.1959 50.123 1.1
      vertex 31.3887 49.4874 4.2
      vertex 31.3887 49.4874 1.1
    endloop
  endfacet
  facet normal 0.973848 0.227201 0
    outer loop
      vertex 31.1959 50.123 4.2
      vertex 31.045 50.7698 1.1
      vertex 31.045 50.7698 4.2
    endloop
  endfacet
  facet normal 0.973848 0.227201 0
    outer loop
      vertex 31.045 50.7698 1.1
      vertex 31.1959 50.123 4.2
      vertex 31.1959 50.123 1.1
    endloop
  endfacet
  facet normal -0.352179 0.935933 0
    outer loop
      vertex 44.8842 43.3726 1.1
      vertex 44.2626 43.1387 4.2
      vertex 44.8842 43.3726 4.2
    endloop
  endfacet
  facet normal -0.352179 0.935933 0
    outer loop
      vertex 44.2626 43.1387 4.2
      vertex 44.8842 43.3726 1.1
      vertex 44.2626 43.1387 1.1
    endloop
  endfacet
  facet normal -0.162885 0.986645 0
    outer loop
      vertex 42.9802 42.795 1.1
      vertex 42.3248 42.6868 4.2
      vertex 42.9802 42.795 4.2
    endloop
  endfacet
  facet normal -0.162885 0.986645 0
    outer loop
      vertex 42.3248 42.6868 4.2
      vertex 42.9802 42.795 1.1
      vertex 42.3248 42.6868 1.1
    endloop
  endfacet
  facet normal -0.935933 -0.352179 0
    outer loop
      vertex 50.6113 56.0126 1.1
      vertex 50.3774 56.6342 4.2
      vertex 50.3774 56.6342 1.1
    endloop
  endfacet
  facet normal -0.935933 -0.352179 0
    outer loop
      vertex 50.3774 56.6342 4.2
      vertex 50.6113 56.0126 1.1
      vertex 50.6113 56.0126 4.2
    endloop
  endfacet
  facet normal -0.773098 -0.634287 0
    outer loop
      vertex 49.0525 58.9289 1.1
      vertex 48.6312 59.4424 4.2
      vertex 48.6312 59.4424 1.1
    endloop
  endfacet
  facet normal -0.773098 -0.634287 0
    outer loop
      vertex 48.6312 59.4424 4.2
      vertex 49.0525 58.9289 1.1
      vertex 49.0525 58.9289 4.2
    endloop
  endfacet
  facet normal -0.849147 -0.528157 0
    outer loop
      vertex 49.7902 57.825 1.1
      vertex 49.4394 58.389 4.2
      vertex 49.4394 58.389 1.1
    endloop
  endfacet
  facet normal -0.849147 -0.528157 0
    outer loop
      vertex 49.4394 58.389 4.2
      vertex 49.7902 57.825 1.1
      vertex 49.7902 57.825 4.2
    endloop
  endfacet
  facet normal -0.290275 -0.956943 0
    outer loop
      vertex 43.627 62.5541 1.1
      vertex 44.2626 62.3613 4.2
      vertex 43.627 62.5541 4.2
    endloop
  endfacet
  facet normal -0.290275 -0.956943 -0
    outer loop
      vertex 44.2626 62.3613 4.2
      vertex 43.627 62.5541 1.1
      vertex 44.2626 62.3613 1.1
    endloop
  endfacet
  facet normal -0.41268 -0.910876 0
    outer loop
      vertex 44.8842 62.1274 1.1
      vertex 45.4892 61.8533 4.2
      vertex 44.8842 62.1274 4.2
    endloop
  endfacet
  facet normal -0.41268 -0.910876 -0
    outer loop
      vertex 45.4892 61.8533 4.2
      vertex 44.8842 62.1274 1.1
      vertex 45.4892 61.8533 1.1
    endloop
  endfacet
  facet normal 0.849147 -0.528157 0
    outer loop
      vertex 32.2098 57.825 4.2
      vertex 32.5606 58.389 1.1
      vertex 32.5606 58.389 4.2
    endloop
  endfacet
  facet normal 0.849147 -0.528157 0
    outer loop
      vertex 32.5606 58.389 1.1
      vertex 32.2098 57.825 4.2
      vertex 32.2098 57.825 1.1
    endloop
  endfacet
  facet normal 0.812837 -0.582491 0
    outer loop
      vertex 32.5606 58.389 4.2
      vertex 32.9475 58.9289 1.1
      vertex 32.9475 58.9289 4.2
    endloop
  endfacet
  facet normal 0.812837 -0.582491 0
    outer loop
      vertex 32.9475 58.9289 1.1
      vertex 32.5606 58.389 4.2
      vertex 32.5606 58.389 1.1
    endloop
  endfacet
  facet normal 0.773098 -0.634287 0
    outer loop
      vertex 32.9475 58.9289 4.2
      vertex 33.3688 59.4424 1.1
      vertex 33.3688 59.4424 4.2
    endloop
  endfacet
  facet normal 0.773098 -0.634287 0
    outer loop
      vertex 33.3688 59.4424 1.1
      vertex 32.9475 58.9289 4.2
      vertex 32.9475 58.9289 1.1
    endloop
  endfacet
  facet normal 0.995185 -0.0980129 0
    outer loop
      vertex 30.8717 53.4138 4.2
      vertex 30.9368 54.0748 1.1
      vertex 30.9368 54.0748 4.2
    endloop
  endfacet
  facet normal 0.995185 -0.0980129 0
    outer loop
      vertex 30.9368 54.0748 1.1
      vertex 30.8717 53.4138 4.2
      vertex 30.8717 53.4138 1.1
    endloop
  endfacet
  facet normal 0.352179 -0.935933 0
    outer loop
      vertex 37.1158 62.1274 1.1
      vertex 37.7374 62.3613 4.2
      vertex 37.1158 62.1274 4.2
    endloop
  endfacet
  facet normal 0.352179 -0.935933 0
    outer loop
      vertex 37.7374 62.3613 4.2
      vertex 37.1158 62.1274 1.1
      vertex 37.7374 62.3613 1.1
    endloop
  endfacet
  facet normal -0.471377 0.881932 0
    outer loop
      vertex 46.075 43.9598 1.1
      vertex 45.4892 43.6467 4.2
      vertex 46.075 43.9598 4.2
    endloop
  endfacet
  facet normal -0.471377 0.881932 0
    outer loop
      vertex 45.4892 43.6467 4.2
      vertex 46.075 43.9598 1.1
      vertex 45.4892 43.6467 1.1
    endloop
  endfacet
  facet normal -0.910876 0.41268 0
    outer loop
      vertex 50.1033 48.2608 1.1
      vertex 50.3774 48.8658 4.2
      vertex 50.3774 48.8658 1.1
    endloop
  endfacet
  facet normal -0.910876 0.41268 0
    outer loop
      vertex 50.3774 48.8658 4.2
      vertex 50.1033 48.2608 1.1
      vertex 50.1033 48.2608 4.2
    endloop
  endfacet
  facet normal -0.935933 0.352179 0
    outer loop
      vertex 50.3774 48.8658 1.1
      vertex 50.6113 49.4874 4.2
      vertex 50.6113 49.4874 1.1
    endloop
  endfacet
  facet normal -0.935933 0.352179 0
    outer loop
      vertex 50.6113 49.4874 4.2
      vertex 50.3774 48.8658 1.1
      vertex 50.3774 48.8658 4.2
    endloop
  endfacet
  facet normal -0.0326731 0.999466 0
    outer loop
      vertex 41.6638 42.6217 1.1
      vertex 41 42.6 4.2
      vertex 41.6638 42.6217 4.2
    endloop
  endfacet
  facet normal -0.0326731 0.999466 0
    outer loop
      vertex 41 42.6 4.2
      vertex 41.6638 42.6217 1.1
      vertex 41 42.6 1.1
    endloop
  endfacet
  facet normal 0.162885 0.986645 -0
    outer loop
      vertex 39.6752 42.6868 1.1
      vertex 39.0198 42.795 4.2
      vertex 39.6752 42.6868 4.2
    endloop
  endfacet
  facet normal 0.162885 0.986645 0
    outer loop
      vertex 39.0198 42.795 4.2
      vertex 39.6752 42.6868 1.1
      vertex 39.0198 42.795 1.1
    endloop
  endfacet
  facet normal 0.683696 0.729767 -0
    outer loop
      vertex 34.3076 45.1188 1.1
      vertex 33.8229 45.5729 4.2
      vertex 34.3076 45.1188 4.2
    endloop
  endfacet
  facet normal 0.683696 0.729767 0
    outer loop
      vertex 33.8229 45.5729 4.2
      vertex 34.3076 45.1188 1.1
      vertex 33.8229 45.5729 1.1
    endloop
  endfacet
  facet normal 0.881932 0.471377 0
    outer loop
      vertex 32.2098 47.675 4.2
      vertex 31.8967 48.2608 1.1
      vertex 31.8967 48.2608 4.2
    endloop
  endfacet
  facet normal 0.881932 0.471377 0
    outer loop
      vertex 31.8967 48.2608 1.1
      vertex 32.2098 47.675 4.2
      vertex 32.2098 47.675 1.1
    endloop
  endfacet
  facet normal 0.995185 0.0980129 0
    outer loop
      vertex 30.9368 51.4252 4.2
      vertex 30.8717 52.0862 1.1
      vertex 30.8717 52.0862 4.2
    endloop
  endfacet
  facet normal 0.995185 0.0980129 0
    outer loop
      vertex 30.8717 52.0862 1.1
      vertex 30.9368 51.4252 4.2
      vertex 30.9368 51.4252 1.1
    endloop
  endfacet
  facet normal -0.849147 0.528157 0
    outer loop
      vertex 49.4394 47.111 1.1
      vertex 49.7902 47.675 4.2
      vertex 49.7902 47.675 1.1
    endloop
  endfacet
  facet normal -0.849147 0.528157 0
    outer loop
      vertex 49.7902 47.675 4.2
      vertex 49.4394 47.111 1.1
      vertex 49.4394 47.111 4.2
    endloop
  endfacet
  facet normal -0.634287 0.773098 0
    outer loop
      vertex 47.6924 45.1188 1.1
      vertex 47.1789 44.6975 4.2
      vertex 47.6924 45.1188 4.2
    endloop
  endfacet
  facet normal -0.634287 0.773098 0
    outer loop
      vertex 47.1789 44.6975 4.2
      vertex 47.6924 45.1188 1.1
      vertex 47.1789 44.6975 1.1
    endloop
  endfacet
  facet normal -0.729767 0.683696 0
    outer loop
      vertex 48.1771 45.5729 1.1
      vertex 48.6312 46.0576 4.2
      vertex 48.6312 46.0576 1.1
    endloop
  endfacet
  facet normal -0.729767 0.683696 0
    outer loop
      vertex 48.6312 46.0576 4.2
      vertex 48.1771 45.5729 1.1
      vertex 48.1771 45.5729 4.2
    endloop
  endfacet
  facet normal -0.683696 0.729767 0
    outer loop
      vertex 48.1771 45.5729 1.1
      vertex 47.6924 45.1188 4.2
      vertex 48.1771 45.5729 4.2
    endloop
  endfacet
  facet normal -0.683696 0.729767 0
    outer loop
      vertex 47.6924 45.1188 4.2
      vertex 48.1771 45.5729 1.1
      vertex 47.6924 45.1188 1.1
    endloop
  endfacet
  facet normal 0.0326731 0.999466 -0
    outer loop
      vertex 41 42.6 1.1
      vertex 40.3362 42.6217 4.2
      vertex 41 42.6 4.2
    endloop
  endfacet
  facet normal 0.0326731 0.999466 0
    outer loop
      vertex 40.3362 42.6217 4.2
      vertex 41 42.6 1.1
      vertex 40.3362 42.6217 1.1
    endloop
  endfacet
  facet normal 0.290275 0.956943 -0
    outer loop
      vertex 38.373 42.9459 1.1
      vertex 37.7374 43.1387 4.2
      vertex 38.373 42.9459 4.2
    endloop
  endfacet
  facet normal 0.290275 0.956943 0
    outer loop
      vertex 37.7374 43.1387 4.2
      vertex 38.373 42.9459 1.1
      vertex 37.7374 43.1387 1.1
    endloop
  endfacet
  facet normal 0.773098 0.634287 0
    outer loop
      vertex 33.3688 46.0576 4.2
      vertex 32.9475 46.5711 1.1
      vertex 32.9475 46.5711 4.2
    endloop
  endfacet
  facet normal 0.773098 0.634287 0
    outer loop
      vertex 32.9475 46.5711 1.1
      vertex 33.3688 46.0576 4.2
      vertex 33.3688 46.0576 1.1
    endloop
  endfacet
  facet normal 0.849147 0.528157 0
    outer loop
      vertex 32.5606 47.111 4.2
      vertex 32.2098 47.675 1.1
      vertex 32.2098 47.675 4.2
    endloop
  endfacet
  facet normal 0.849147 0.528157 0
    outer loop
      vertex 32.2098 47.675 1.1
      vertex 32.5606 47.111 4.2
      vertex 32.5606 47.111 1.1
    endloop
  endfacet
  facet normal 0.910876 0.41268 0
    outer loop
      vertex 31.8967 48.2608 4.2
      vertex 31.6226 48.8658 1.1
      vertex 31.6226 48.8658 4.2
    endloop
  endfacet
  facet normal 0.910876 0.41268 0
    outer loop
      vertex 31.6226 48.8658 1.1
      vertex 31.8967 48.2608 4.2
      vertex 31.8967 48.2608 1.1
    endloop
  endfacet
  facet normal 0.986645 0.162885 0
    outer loop
      vertex 31.045 50.7698 4.2
      vertex 30.9368 51.4252 1.1
      vertex 30.9368 51.4252 4.2
    endloop
  endfacet
  facet normal 0.986645 0.162885 0
    outer loop
      vertex 30.9368 51.4252 1.1
      vertex 31.045 50.7698 4.2
      vertex 31.045 50.7698 1.1
    endloop
  endfacet
  facet normal -0.290275 0.956943 0
    outer loop
      vertex 44.2626 43.1387 1.1
      vertex 43.627 42.9459 4.2
      vertex 44.2626 43.1387 4.2
    endloop
  endfacet
  facet normal -0.290275 0.956943 0
    outer loop
      vertex 43.627 42.9459 4.2
      vertex 44.2626 43.1387 1.1
      vertex 43.627 42.9459 1.1
    endloop
  endfacet
  facet normal -0.582491 0.812837 0
    outer loop
      vertex 47.1789 44.6975 1.1
      vertex 46.639 44.3106 4.2
      vertex 47.1789 44.6975 4.2
    endloop
  endfacet
  facet normal -0.582491 0.812837 0
    outer loop
      vertex 46.639 44.3106 4.2
      vertex 47.1789 44.6975 1.1
      vertex 46.639 44.3106 1.1
    endloop
  endfacet
  facet normal -0.528157 0.849147 0
    outer loop
      vertex 46.639 44.3106 1.1
      vertex 46.075 43.9598 4.2
      vertex 46.639 44.3106 4.2
    endloop
  endfacet
  facet normal -0.528157 0.849147 0
    outer loop
      vertex 46.075 43.9598 4.2
      vertex 46.639 44.3106 1.1
      vertex 46.075 43.9598 1.1
    endloop
  endfacet
  facet normal 0.227201 0.973848 -0
    outer loop
      vertex 39.0198 42.795 1.1
      vertex 38.373 42.9459 4.2
      vertex 39.0198 42.795 4.2
    endloop
  endfacet
  facet normal 0.227201 0.973848 0
    outer loop
      vertex 38.373 42.9459 4.2
      vertex 39.0198 42.795 1.1
      vertex 38.373 42.9459 1.1
    endloop
  endfacet
  facet normal 0.634287 0.773098 -0
    outer loop
      vertex 34.8211 44.6975 1.1
      vertex 34.3076 45.1188 4.2
      vertex 34.8211 44.6975 4.2
    endloop
  endfacet
  facet normal 0.634287 0.773098 0
    outer loop
      vertex 34.3076 45.1188 4.2
      vertex 34.8211 44.6975 1.1
      vertex 34.3076 45.1188 1.1
    endloop
  endfacet
  facet normal 0.41268 0.910876 -0
    outer loop
      vertex 37.1158 43.3726 1.1
      vertex 36.5108 43.6467 4.2
      vertex 37.1158 43.3726 4.2
    endloop
  endfacet
  facet normal 0.41268 0.910876 0
    outer loop
      vertex 36.5108 43.6467 4.2
      vertex 37.1158 43.3726 1.1
      vertex 36.5108 43.6467 1.1
    endloop
  endfacet
  facet normal 0.528157 0.849147 -0
    outer loop
      vertex 35.925 43.9598 1.1
      vertex 35.361 44.3106 4.2
      vertex 35.925 43.9598 4.2
    endloop
  endfacet
  facet normal 0.528157 0.849147 0
    outer loop
      vertex 35.361 44.3106 4.2
      vertex 35.925 43.9598 1.1
      vertex 35.361 44.3106 1.1
    endloop
  endfacet
  facet normal 0.729767 0.683696 0
    outer loop
      vertex 33.8229 45.5729 4.2
      vertex 33.3688 46.0576 1.1
      vertex 33.3688 46.0576 4.2
    endloop
  endfacet
  facet normal 0.729767 0.683696 0
    outer loop
      vertex 33.3688 46.0576 1.1
      vertex 33.8229 45.5729 4.2
      vertex 33.8229 45.5729 1.1
    endloop
  endfacet
  facet normal 0.812837 0.582491 0
    outer loop
      vertex 32.9475 46.5711 4.2
      vertex 32.5606 47.111 1.1
      vertex 32.5606 47.111 4.2
    endloop
  endfacet
  facet normal 0.812837 0.582491 0
    outer loop
      vertex 32.5606 47.111 1.1
      vertex 32.9475 46.5711 4.2
      vertex 32.9475 46.5711 1.1
    endloop
  endfacet
  facet normal 0.471377 0.881932 -0
    outer loop
      vertex 36.5108 43.6467 1.1
      vertex 35.925 43.9598 4.2
      vertex 36.5108 43.6467 4.2
    endloop
  endfacet
  facet normal 0.471377 0.881932 0
    outer loop
      vertex 35.925 43.9598 4.2
      vertex 36.5108 43.6467 1.1
      vertex 35.925 43.9598 1.1
    endloop
  endfacet
  facet normal 0.582491 0.812837 -0
    outer loop
      vertex 35.361 44.3106 1.1
      vertex 34.8211 44.6975 4.2
      vertex 35.361 44.3106 4.2
    endloop
  endfacet
  facet normal 0.582491 0.812837 0
    outer loop
      vertex 34.8211 44.6975 4.2
      vertex 35.361 44.3106 1.1
      vertex 34.8211 44.6975 1.1
    endloop
  endfacet
  facet normal 0.352179 0.935933 -0
    outer loop
      vertex 37.7374 43.1387 1.1
      vertex 37.1158 43.3726 4.2
      vertex 37.7374 43.1387 4.2
    endloop
  endfacet
  facet normal 0.352179 0.935933 0
    outer loop
      vertex 37.1158 43.3726 4.2
      vertex 37.7374 43.1387 1.1
      vertex 37.1158 43.3726 1.1
    endloop
  endfacet
endsolid OpenSCAD_Model
