solid OpenSCAD_Model
  facet normal 0 -0.707107 0.707107
    outer loop
      vertex -21 -20 2.2
      vertex 4.2 -19.2 3
      vertex -20.2 -19.2 3
    endloop
  endfacet
  facet normal 0 -0.707107 0.707107
    outer loop
      vertex 4.2 -19.2 3
      vertex -21 -20 2.2
      vertex 5 -20 2.2
    endloop
  endfacet
  facet normal -0.707107 0 0.707107
    outer loop
      vertex -21 20 2.2
      vertex -20.2 -19.2 3
      vertex -20.2 19.2 3
    endloop
  endfacet
  facet normal -0.707107 0 0.707107
    outer loop
      vertex -20.2 -19.2 3
      vertex -21 20 2.2
      vertex -21 -20 2.2
    endloop
  endfacet
  facet normal 0 -1 0
    outer loop
      vertex -21 -20 0
      vertex 5 -20 2.2
      vertex -21 -20 2.2
    endloop
  endfacet
  facet normal 0 -1 -0
    outer loop
      vertex 5 -20 2.2
      vertex -21 -20 0
      vertex 5 -20 0
    endloop
  endfacet
  facet normal 0 0 1
    outer loop
      vertex 4.2 19.2 3
      vertex -18 8 3
      vertex 4.2 8 3
    endloop
  endfacet
  facet normal 0 0 1
    outer loop
      vertex -20.2 19.2 3
      vertex -18 3.56126 3
      vertex -18 8 3
    endloop
  endfacet
  facet normal 0 0 1
    outer loop
      vertex -18 3.56126 3
      vertex -20.2 19.2 3
      vertex -18 3.01 3
    endloop
  endfacet
  facet normal 0 0 1
    outer loop
      vertex -18 3.01 3
      vertex -20.2 19.2 3
      vertex -18 -3.01 3
    endloop
  endfacet
  facet normal 0 0 1
    outer loop
      vertex -20.2 -19.2 3
      vertex -18 -3.01 3
      vertex -20.2 19.2 3
    endloop
  endfacet
  facet normal 0 0 1
    outer loop
      vertex -18 -3.01 3
      vertex -20.2 -19.2 3
      vertex -18 -3.56126 3
    endloop
  endfacet
  facet normal -0 0 1
    outer loop
      vertex -20.2 19.2 3
      vertex -18 8 3
      vertex 4.2 19.2 3
    endloop
  endfacet
  facet normal -0 0 1
    outer loop
      vertex -18 3.56126 3
      vertex 4.2 3.01 3
      vertex 4.2 3.56126 3
    endloop
  endfacet
  facet normal 0 0 1
    outer loop
      vertex 4.2 3.01 3
      vertex -18 3.56126 3
      vertex -18 3.01 3
    endloop
  endfacet
  facet normal -0 0 1
    outer loop
      vertex -18 -3.01 3
      vertex 4.2 -3.56126 3
      vertex 4.2 -3.01 3
    endloop
  endfacet
  facet normal 0 0 1
    outer loop
      vertex 4.2 -3.56126 3
      vertex -18 -3.01 3
      vertex -18 -3.56126 3
    endloop
  endfacet
  facet normal -0 0 1
    outer loop
      vertex -18 -8 3
      vertex 4.2 -19.2 3
      vertex 4.2 -8 3
    endloop
  endfacet
  facet normal 0 0 1
    outer loop
      vertex -18 -8 3
      vertex -20.2 -19.2 3
      vertex 4.2 -19.2 3
    endloop
  endfacet
  facet normal 0 0 1
    outer loop
      vertex -18 -3.56126 3
      vertex -20.2 -19.2 3
      vertex -18 -8 3
    endloop
  endfacet
  facet normal 0.707107 0 0.707107
    outer loop
      vertex 4.2 -8 3
      vertex 4.2 -19.2 3
      vertex 4.21 -8 2.99
    endloop
  endfacet
  facet normal 0.707107 0 0.707107
    outer loop
      vertex 4.2 -3.01 3
      vertex 4.2 -3.56126 3
      vertex 4.21 -3.01 2.99
    endloop
  endfacet
  facet normal 0.707107 0 0.707107
    outer loop
      vertex 4.2 3.56126 3
      vertex 4.2 3.01 3
      vertex 4.21 3.56126 2.99
    endloop
  endfacet
  facet normal 0.707107 0 0.707107
    outer loop
      vertex 4.21 8 2.99
      vertex 4.2 19.2 3
      vertex 4.2 8 3
    endloop
  endfacet
  facet normal 0.707107 0 0.707107
    outer loop
      vertex 4.2 19.2 3
      vertex 4.21 8 2.99
      vertex 5 20 2.2
    endloop
  endfacet
  facet normal 0.707107 -0 0.707107
    outer loop
      vertex 4.21 3.56126 2.99
      vertex 5 20 2.2
      vertex 4.21 8 2.99
    endloop
  endfacet
  facet normal 0.707107 -0 0.707107
    outer loop
      vertex 4.21 3.01 2.99
      vertex 4.21 3.56126 2.99
      vertex 4.2 3.01 3
    endloop
  endfacet
  facet normal 0.707107 0 0.707107
    outer loop
      vertex 4.21 3.56126 2.99
      vertex 4.21 3.01 2.99
      vertex 5 20 2.2
    endloop
  endfacet
  facet normal 0.707107 -0 0.707107
    outer loop
      vertex 4.21 -3.01 2.99
      vertex 5 20 2.2
      vertex 4.21 3.01 2.99
    endloop
  endfacet
  facet normal 0.707107 -0 0.707107
    outer loop
      vertex 4.21 -3.56126 2.99
      vertex 4.21 -3.01 2.99
      vertex 4.2 -3.56126 3
    endloop
  endfacet
  facet normal 0.707107 0 0.707107
    outer loop
      vertex 5 -20 2.2
      vertex 4.21 -3.01 2.99
      vertex 4.21 -3.56126 2.99
    endloop
  endfacet
  facet normal 0.707107 0 0.707107
    outer loop
      vertex 5 -20 2.2
      vertex 4.21 -3.56126 2.99
      vertex 4.21 -8 2.99
    endloop
  endfacet
  facet normal 0.707107 0 0.707107
    outer loop
      vertex 5 -20 2.2
      vertex 4.21 -8 2.99
      vertex 4.2 -19.2 3
    endloop
  endfacet
  facet normal 0.707107 0 0.707107
    outer loop
      vertex 4.21 -3.01 2.99
      vertex 5 -20 2.2
      vertex 5 20 2.2
    endloop
  endfacet
  facet normal -1 0 0
    outer loop
      vertex -21 -20 0
      vertex -21 20 2.2
      vertex -21 20 0
    endloop
  endfacet
  facet normal -1 -0 0
    outer loop
      vertex -21 20 2.2
      vertex -21 -20 0
      vertex -21 -20 2.2
    endloop
  endfacet
  facet normal 0 1 -0
    outer loop
      vertex 5 20 0
      vertex -21 20 2.2
      vertex 5 20 2.2
    endloop
  endfacet
  facet normal 0 1 0
    outer loop
      vertex -21 20 2.2
      vertex 5 20 0
      vertex -21 20 0
    endloop
  endfacet
  facet normal 0 0.707107 0.707107
    outer loop
      vertex 5 20 2.2
      vertex -20.2 19.2 3
      vertex 4.2 19.2 3
    endloop
  endfacet
  facet normal 0 0.707107 0.707107
    outer loop
      vertex -20.2 19.2 3
      vertex 5 20 2.2
      vertex -21 20 2.2
    endloop
  endfacet
  facet normal 0 0 -1
    outer loop
      vertex -14.5528 0.631958 0
      vertex -14.3638 1.0159 0
      vertex -14.3657 0.966766 0
    endloop
  endfacet
  facet normal 0 0 -1
    outer loop
      vertex -14.5176 0.661301 0
      vertex -14.3657 0.966766 0
      vertex -14.3714 0.92012 0
    endloop
  endfacet
  facet normal 0 0 -1
    outer loop
      vertex -14.4858 0.692078 0
      vertex -14.3714 0.92012 0
      vertex -14.381 0.875977 0
    endloop
  endfacet
  facet normal 0 0 -1
    outer loop
      vertex -14.5528 0.631958 0
      vertex -14.3657 0.966766 0
      vertex -14.5176 0.661301 0
    endloop
  endfacet
  facet normal 0 0 -1
    outer loop
      vertex -14.4858 0.692078 0
      vertex -14.381 0.875977 0
      vertex -14.3943 0.83432 0
    endloop
  endfacet
  facet normal -0 0 -1
    outer loop
      vertex -14.3638 1.0159 0
      vertex -14.5528 0.631958 0
      vertex -14.3687 1.09888 0
    endloop
  endfacet
  facet normal 0 0 -1
    outer loop
      vertex -14.4858 0.692078 0
      vertex -14.3943 0.83432 0
      vertex -14.4115 0.795151 0
    endloop
  endfacet
  facet normal 0 0 -1
    outer loop
      vertex -14.4573 0.724289 0
      vertex -14.4115 0.795151 0
      vertex -14.4325 0.758469 0
    endloop
  endfacet
  facet normal 0 0 -1
    outer loop
      vertex -14.4858 0.692078 0
      vertex -14.4115 0.795151 0
      vertex -14.4573 0.724289 0
    endloop
  endfacet
  facet normal 0 0 -1
    outer loop
      vertex -14.3714 0.92012 0
      vertex -14.4858 0.692078 0
      vertex -14.5176 0.661301 0
    endloop
  endfacet
  facet normal 0 0 -1
    outer loop
      vertex -14.5913 0.60405 0
      vertex -14.3687 1.09888 0
      vertex -14.5528 0.631958 0
    endloop
  endfacet
  facet normal 0 0 -1
    outer loop
      vertex -14.6052 1.46886 0
      vertex -14.3687 1.09888 0
      vertex -14.5913 0.60405 0
    endloop
  endfacet
  facet normal 0 0 -1
    outer loop
      vertex -14.3835 1.17577 0
      vertex -14.5411 1.42241 0
      vertex -14.4081 1.24655 0
    endloop
  endfacet
  facet normal 0 0 -1
    outer loop
      vertex -14.4081 1.24655 0
      vertex -14.4869 1.36989 0
      vertex -14.4426 1.31126 0
    endloop
  endfacet
  facet normal 0 0 -1
    outer loop
      vertex -14.4081 1.24655 0
      vertex -14.5411 1.42241 0
      vertex -14.4869 1.36989 0
    endloop
  endfacet
  facet normal 0 0 -1
    outer loop
      vertex -14.3687 1.09888 0
      vertex -14.5411 1.42241 0
      vertex -14.3835 1.17577 0
    endloop
  endfacet
  facet normal 0 0 -1
    outer loop
      vertex -14.3687 1.09888 0
      vertex -14.6052 1.46886 0
      vertex -14.5411 1.42241 0
    endloop
  endfacet
  facet normal 0 0 -1
    outer loop
      vertex -14.6333 0.577591 0
      vertex -14.6052 1.46886 0
      vertex -14.5913 0.60405 0
    endloop
  endfacet
  facet normal 0 0 -1
    outer loop
      vertex -14.6786 1.50916 0
      vertex -14.6333 0.577591 0
      vertex -14.6786 0.552567 0
    endloop
  endfacet
  facet normal 0 0 -1
    outer loop
      vertex -14.6333 0.577591 0
      vertex -14.6786 1.50916 0
      vertex -14.6052 1.46886 0
    endloop
  endfacet
  facet normal 0 0 -1
    outer loop
      vertex -14.7609 1.54326 0
      vertex -14.6786 0.552567 0
      vertex -14.7273 0.528976 0
    endloop
  endfacet
  facet normal 0 0 -1
    outer loop
      vertex -14.6786 0.552567 0
      vertex -14.7609 1.54326 0
      vertex -14.6786 1.50916 0
    endloop
  endfacet
  facet normal 0 0 -1
    outer loop
      vertex -14.7848 0.505371 0
      vertex -14.7609 1.54326 0
      vertex -14.7273 0.528976 0
    endloop
  endfacet
  facet normal 0 0 -1
    outer loop
      vertex -14.7848 0.505371 0
      vertex -14.852 1.57117 0
      vertex -14.7609 1.54326 0
    endloop
  endfacet
  facet normal 0 0 -1
    outer loop
      vertex -14.8566 0.48027 0
      vertex -14.852 1.57117 0
      vertex -14.7848 0.505371 0
    endloop
  endfacet
  facet normal 0 0 -1
    outer loop
      vertex -14.952 1.59286 0
      vertex -14.8566 0.48027 0
      vertex -14.9427 0.453674 0
    endloop
  endfacet
  facet normal 0 0 -1
    outer loop
      vertex -14.8566 0.48027 0
      vertex -14.952 1.59286 0
      vertex -14.852 1.57117 0
    endloop
  endfacet
  facet normal 0 0 -1
    outer loop
      vertex -15.0608 1.60837 0
      vertex -14.9427 0.453674 0
      vertex -15.043 0.425583 0
    endloop
  endfacet
  facet normal 0 0 -1
    outer loop
      vertex -14.9427 0.453674 0
      vertex -15.0608 1.60837 0
      vertex -14.952 1.59286 0
    endloop
  endfacet
  facet normal 0 0 -1
    outer loop
      vertex -15.1785 1.61768 0
      vertex -15.043 0.425583 0
      vertex -15.1577 0.395996 0
    endloop
  endfacet
  facet normal 0 0 -1
    outer loop
      vertex -15.043 0.425583 0
      vertex -15.1785 1.61768 0
      vertex -15.0608 1.60837 0
    endloop
  endfacet
  facet normal 0 0 -1
    outer loop
      vertex -15.4207 1.61798 0
      vertex -15.1577 0.395996 0
      vertex -15.2866 0.364914 0
    endloop
  endfacet
  facet normal 0 0 -1
    outer loop
      vertex -15.1577 0.395996 0
      vertex -15.305 1.62077 0
      vertex -15.1785 1.61768 0
    endloop
  endfacet
  facet normal 0 0 -1
    outer loop
      vertex -15.1577 0.395996 0
      vertex -15.4207 1.61798 0
      vertex -15.305 1.62077 0
    endloop
  endfacet
  facet normal 0 0 -1
    outer loop
      vertex -15.6297 1.59561 0
      vertex -15.2866 0.364914 0
      vertex -15.4298 0.332336 0
    endloop
  endfacet
  facet normal 0 0 -1
    outer loop
      vertex -15.8091 1.55087 0
      vertex -15.4298 0.332336 0
      vertex -15.4802 0.320679 0
    endloop
  endfacet
  facet normal 0 0 -1
    outer loop
      vertex -15.2866 0.364914 0
      vertex -15.5289 1.60959 0
      vertex -15.4207 1.61798 0
    endloop
  endfacet
  facet normal 0 0 -1
    outer loop
      vertex -15.9587 1.48378 0
      vertex -15.4802 0.320679 0
      vertex -15.5304 0.308975 0
    endloop
  endfacet
  facet normal 0 0 -1
    outer loop
      vertex -16.2788 1.04301 0
      vertex -15.5304 0.308975 0
      vertex -15.5807 0.297211 0
    endloop
  endfacet
  facet normal 0 0 -1
    outer loop
      vertex -15.2866 0.364914 0
      vertex -15.6297 1.59561 0
      vertex -15.5289 1.60959 0
    endloop
  endfacet
  facet normal 0 0 -1
    outer loop
      vertex -16.2788 1.04301 0
      vertex -15.5807 0.297211 0
      vertex -15.6309 0.2854 0
    endloop
  endfacet
  facet normal 0 0 -1
    outer loop
      vertex -16.2788 1.04301 0
      vertex -15.6309 0.2854 0
      vertex -15.681 0.273529 0
    endloop
  endfacet
  facet normal 0 0 -1
    outer loop
      vertex -15.4298 0.332336 0
      vertex -15.7231 1.57603 0
      vertex -15.6297 1.59561 0
    endloop
  endfacet
  facet normal 0 0 -1
    outer loop
      vertex -16.2788 1.04301 0
      vertex -15.681 0.273529 0
      vertex -15.731 0.261597 0
    endloop
  endfacet
  facet normal 0 0 -1
    outer loop
      vertex -16.2788 1.04301 0
      vertex -15.731 0.261597 0
      vertex -15.7811 0.249619 0
    endloop
  endfacet
  facet normal 0 0 -1
    outer loop
      vertex -15.4298 0.332336 0
      vertex -15.8091 1.55087 0
      vertex -15.7231 1.57603 0
    endloop
  endfacet
  facet normal 0 0 -1
    outer loop
      vertex -16.2788 1.04301 0
      vertex -15.7811 0.249619 0
      vertex -15.8307 0.237274 0
    endloop
  endfacet
  facet normal 0 0 -1
    outer loop
      vertex -16.2788 1.04301 0
      vertex -15.8307 0.237274 0
      vertex -15.8798 0.224258 0
    endloop
  endfacet
  facet normal 0 0 -1
    outer loop
      vertex -15.4802 0.320679 0
      vertex -15.8876 1.52013 0
      vertex -15.8091 1.55087 0
    endloop
  endfacet
  facet normal 0 0 -1
    outer loop
      vertex -16.2788 1.04301 0
      vertex -15.8798 0.224258 0
      vertex -15.9283 0.210587 0
    endloop
  endfacet
  facet normal 0 0 -1
    outer loop
      vertex -15.5304 0.308975 0
      vertex -16.2788 1.04301 0
      vertex -16.2517 1.1264 0
    endloop
  endfacet
  facet normal 0 0 -1
    outer loop
      vertex -16.2788 1.04301 0
      vertex -15.9283 0.210587 0
      vertex -15.9762 0.196243 0
    endloop
  endfacet
  facet normal 0 0 -1
    outer loop
      vertex -15.5304 0.308975 0
      vertex -16.2517 1.1264 0
      vertex -16.2184 1.20299 0
    endloop
  endfacet
  facet normal 0 0 -1
    outer loop
      vertex -16.2788 1.04301 0
      vertex -15.9762 0.196243 0
      vertex -16.0234 0.181244 0
    endloop
  endfacet
  facet normal 0 0 -1
    outer loop
      vertex -16.2788 1.04301 0
      vertex -16.0234 0.181244 0
      vertex -16.07 0.165588 0
    endloop
  endfacet
  facet normal 0 0 -1
    outer loop
      vertex -15.5304 0.308975 0
      vertex -16.2184 1.20299 0
      vertex -15.9587 1.48378 0
    endloop
  endfacet
  facet normal 0 0 -1
    outer loop
      vertex -16.2788 1.04301 0
      vertex -16.07 0.165588 0
      vertex -16.1161 0.149246 0
    endloop
  endfacet
  facet normal 0 0 -1
    outer loop
      vertex -15.4802 0.320679 0
      vertex -15.9587 1.48378 0
      vertex -15.8876 1.52013 0
    endloop
  endfacet
  facet normal 0 0 -1
    outer loop
      vertex -16.2788 1.04301 0
      vertex -16.1161 0.149246 0
      vertex -16.1614 0.132172 0
    endloop
  endfacet
  facet normal 0 0 -1
    outer loop
      vertex -15.9587 1.48378 0
      vertex -16.2184 1.20299 0
      vertex -16.0231 1.44124 0
    endloop
  endfacet
  facet normal 0 0 -1
    outer loop
      vertex -16.2788 1.04301 0
      vertex -16.1614 0.132172 0
      vertex -16.2059 0.114258 0
    endloop
  endfacet
  facet normal 0 0 -1
    outer loop
      vertex -16.0231 1.44124 0
      vertex -16.2184 1.20299 0
      vertex -16.0812 1.39189 0
    endloop
  endfacet
  facet normal 0 0 -1
    outer loop
      vertex -16.2788 1.04301 0
      vertex -16.2059 0.114258 0
      vertex -16.2495 0.09552 0
    endloop
  endfacet
  facet normal 0 0 -1
    outer loop
      vertex -16.1331 1.33574 0
      vertex -16.2184 1.20299 0
      vertex -16.1788 1.27277 0
    endloop
  endfacet
  facet normal 0 0 -1
    outer loop
      vertex -16.0812 1.39189 0
      vertex -16.2184 1.20299 0
      vertex -16.1331 1.33574 0
    endloop
  endfacet
  facet normal 0 0 -1
    outer loop
      vertex -16.2923 0.0759583 0
      vertex -16.2788 1.04301 0
      vertex -16.2495 0.09552 0
    endloop
  endfacet
  facet normal 0 0 -1
    outer loop
      vertex -16.3343 0.0555573 0
      vertex -16.2788 1.04301 0
      vertex -16.2923 0.0759583 0
    endloop
  endfacet
  facet normal 0 0 -1
    outer loop
      vertex -16.3755 0.034317 0
      vertex -16.2788 1.04301 0
      vertex -16.3343 0.0555573 0
    endloop
  endfacet
  facet normal 0 0 -1
    outer loop
      vertex -16.7888 1.13254 0
      vertex -16.3755 0.034317 0
      vertex -16.4158 0.0122528 0
    endloop
  endfacet
  facet normal 0 0 -1
    outer loop
      vertex -16.7888 1.13254 0
      vertex -16.4158 0.0122528 0
      vertex -16.455 -0.0109253 0
    endloop
  endfacet
  facet normal 0 0 -1
    outer loop
      vertex -16.7888 1.13254 0
      vertex -16.455 -0.0109253 0
      vertex -16.4926 -0.035553 0
    endloop
  endfacet
  facet normal 0 0 -1
    outer loop
      vertex -16.7888 1.13254 0
      vertex -16.4926 -0.035553 0
      vertex -16.5288 -0.0616302 0
    endloop
  endfacet
  facet normal 0 0 -1
    outer loop
      vertex -16.7888 1.13254 0
      vertex -16.5288 -0.0616302 0
      vertex -16.5635 -0.0891418 0
    endloop
  endfacet
  facet normal 0 0 -1
    outer loop
      vertex -16.7888 1.13254 0
      vertex -16.5635 -0.0891418 0
      vertex -16.5967 -0.118103 0
    endloop
  endfacet
  facet normal 0 0 -1
    outer loop
      vertex -16.7888 1.13254 0
      vertex -16.5967 -0.118103 0
      vertex -16.6284 -0.148499 0
    endloop
  endfacet
  facet normal 0 0 -1
    outer loop
      vertex -16.7888 1.13254 0
      vertex -16.6284 -0.148499 0
      vertex -16.6586 -0.180328 0
    endloop
  endfacet
  facet normal 0 0 -1
    outer loop
      vertex -16.7888 1.13254 0
      vertex -16.6586 -0.180328 0
      vertex -16.6871 -0.213715 0
    endloop
  endfacet
  facet normal 0 0 -1
    outer loop
      vertex -16.7888 1.13254 0
      vertex -16.6871 -0.213715 0
      vertex -16.7138 -0.248749 0
    endloop
  endfacet
  facet normal 0 0 -1
    outer loop
      vertex -16.7888 1.13254 0
      vertex -16.7138 -0.248749 0
      vertex -16.7387 -0.285446 0
    endloop
  endfacet
  facet normal 0 0 -1
    outer loop
      vertex -16.7888 1.13254 0
      vertex -16.7387 -0.285446 0
      vertex -16.7618 -0.323807 0
    endloop
  endfacet
  facet normal 0 0 -1
    outer loop
      vertex -16.7888 1.13254 0
      vertex -16.7618 -0.323807 0
      vertex -16.783 -0.363831 0
    endloop
  endfacet
  facet normal 0 0 -1
    outer loop
      vertex -16.3755 0.034317 0
      vertex -16.7888 1.13254 0
      vertex -16.2788 1.04301 0
    endloop
  endfacet
  facet normal 0 -0 -1
    outer loop
      vertex -16.7888 1.13254 0
      vertex -16.783 -0.363831 0
      vertex -16.8024 -0.405518 0
    endloop
  endfacet
  facet normal 0 0 -1
    outer loop
      vertex -13.1701 1.13254 0
      vertex -13.8607 0.928528 0
      vertex -13.8593 0.98877 0
    endloop
  endfacet
  facet normal 0 0 -1
    outer loop
      vertex -13.1837 -0.405518 0
      vertex -13.8651 0.870285 0
      vertex -13.8607 0.928528 0
    endloop
  endfacet
  facet normal 0 0 -1
    outer loop
      vertex -13.1837 -0.405518 0
      vertex -13.8725 0.814041 0
      vertex -13.8651 0.870285 0
    endloop
  endfacet
  facet normal 0 0 -1
    outer loop
      vertex -13.1837 -0.405518 0
      vertex -13.8827 0.759781 0
      vertex -13.8725 0.814041 0
    endloop
  endfacet
  facet normal 0 0 -1
    outer loop
      vertex -13.1837 -0.405518 0
      vertex -13.8959 0.70752 0
      vertex -13.8827 0.759781 0
    endloop
  endfacet
  facet normal 0 0 -1
    outer loop
      vertex -13.1837 -0.405518 0
      vertex -13.9121 0.657242 0
      vertex -13.8959 0.70752 0
    endloop
  endfacet
  facet normal 0 0 -1
    outer loop
      vertex -13.1837 -0.405518 0
      vertex -13.9311 0.608978 0
      vertex -13.9121 0.657242 0
    endloop
  endfacet
  facet normal 0 0 -1
    outer loop
      vertex -13.1837 -0.405518 0
      vertex -13.953 0.562561 0
      vertex -13.9311 0.608978 0
    endloop
  endfacet
  facet normal 0 0 -1
    outer loop
      vertex -13.1837 -0.405518 0
      vertex -13.9774 0.517868 0
      vertex -13.953 0.562561 0
    endloop
  endfacet
  facet normal 0 0 -1
    outer loop
      vertex -13.1837 -0.405518 0
      vertex -14.0045 0.474884 0
      vertex -13.9774 0.517868 0
    endloop
  endfacet
  facet normal 0 0 -1
    outer loop
      vertex -13.1837 -0.405518 0
      vertex -14.0341 0.433609 0
      vertex -14.0045 0.474884 0
    endloop
  endfacet
  facet normal 0 0 -1
    outer loop
      vertex -13.1837 -0.405518 0
      vertex -14.0664 0.394058 0
      vertex -14.0341 0.433609 0
    endloop
  endfacet
  facet normal 0 0 -1
    outer loop
      vertex -13.1837 -0.405518 0
      vertex -14.1012 0.356216 0
      vertex -14.0664 0.394058 0
    endloop
  endfacet
  facet normal 0 0 -1
    outer loop
      vertex -13.1837 -0.405518 0
      vertex -14.1387 0.320099 0
      vertex -14.1012 0.356216 0
    endloop
  endfacet
  facet normal 0 0 -1
    outer loop
      vertex -13.1837 -0.405518 0
      vertex -14.1794 0.285309 0
      vertex -14.1387 0.320099 0
    endloop
  endfacet
  facet normal 0 -0 -1
    outer loop
      vertex -14.1794 0.285309 0
      vertex -13.2013 -0.448853 0
      vertex -14.2242 0.251465 0
    endloop
  endfacet
  facet normal 0 0 -1
    outer loop
      vertex -14.9555 -0.0470276 0
      vertex -14.1821 -0.850296 0
      vertex -14.2108 -0.944977 0
    endloop
  endfacet
  facet normal 0 0 -1
    outer loop
      vertex -13.2013 -0.448853 0
      vertex -14.1794 0.285309 0
      vertex -13.1837 -0.405518 0
    endloop
  endfacet
  facet normal 0 0 -1
    outer loop
      vertex -15.0716 -0.0756989 0
      vertex -14.2108 -0.944977 0
      vertex -14.2476 -1.0322 0
    endloop
  endfacet
  facet normal 0 0 -1
    outer loop
      vertex -14.1821 -0.850296 0
      vertex -14.2731 0.218552 0
      vertex -14.2242 0.251465 0
    endloop
  endfacet
  facet normal 0 0 -1
    outer loop
      vertex -15.0716 -0.0756989 0
      vertex -14.2476 -1.0322 0
      vertex -14.2923 -1.11194 0
    endloop
  endfacet
  facet normal 0 0 -1
    outer loop
      vertex -14.1821 -0.850296 0
      vertex -14.326 0.186584 0
      vertex -14.2731 0.218552 0
    endloop
  endfacet
  facet normal 0 0 -1
    outer loop
      vertex -15.0716 -0.0756989 0
      vertex -14.2923 -1.11194 0
      vertex -14.345 -1.1842 0
    endloop
  endfacet
  facet normal 0 0 -1
    outer loop
      vertex -14.1821 -0.850296 0
      vertex -14.3829 0.155563 0
      vertex -14.326 0.186584 0
    endloop
  endfacet
  facet normal 0 0 -1
    outer loop
      vertex -15.0716 -0.0756989 0
      vertex -14.345 -1.1842 0
      vertex -14.4057 -1.24899 0
    endloop
  endfacet
  facet normal 0 0 -1
    outer loop
      vertex -14.1821 -0.850296 0
      vertex -14.4439 0.125473 0
      vertex -14.3829 0.155563 0
    endloop
  endfacet
  facet normal 0 0 -1
    outer loop
      vertex -15.0716 -0.0756989 0
      vertex -14.4057 -1.24899 0
      vertex -14.4743 -1.30632 0
    endloop
  endfacet
  facet normal 0 0 -1
    outer loop
      vertex -14.1821 -0.850296 0
      vertex -14.5089 0.0963287 0
      vertex -14.4439 0.125473 0
    endloop
  endfacet
  facet normal 0 0 -1
    outer loop
      vertex -15.0716 -0.0756989 0
      vertex -14.4743 -1.30632 0
      vertex -14.5509 -1.35617 0
    endloop
  endfacet
  facet normal 0 0 -1
    outer loop
      vertex -14.1821 -0.850296 0
      vertex -14.5804 0.0676575 0
      vertex -14.5089 0.0963287 0
    endloop
  endfacet
  facet normal 0 0 -1
    outer loop
      vertex -15.0716 -0.0756989 0
      vertex -14.5509 -1.35617 0
      vertex -14.6357 -1.39899 0
    endloop
  endfacet
  facet normal 0 0 -1
    outer loop
      vertex -14.1821 -0.850296 0
      vertex -14.6608 0.0389862 0
      vertex -14.5804 0.0676575 0
    endloop
  endfacet
  facet normal 0 0 -1
    outer loop
      vertex -15.0716 -0.0756989 0
      vertex -14.6357 -1.39899 0
      vertex -14.7288 -1.43523 0
    endloop
  endfacet
  facet normal 0 0 -1
    outer loop
      vertex -14.1821 -0.850296 0
      vertex -14.7501 0.0103149 0
      vertex -14.6608 0.0389862 0
    endloop
  endfacet
  facet normal 0 0 -1
    outer loop
      vertex -15.0716 -0.0756989 0
      vertex -14.7288 -1.43523 0
      vertex -14.8301 -1.46487 0
    endloop
  endfacet
  facet normal 0 0 -1
    outer loop
      vertex -14.1821 -0.850296 0
      vertex -14.8484 -0.0183563 0
      vertex -14.7501 0.0103149 0
    endloop
  endfacet
  facet normal 0 0 -1
    outer loop
      vertex -15.1965 -0.10437 0
      vertex -14.8301 -1.46487 0
      vertex -14.9398 -1.48793 0
    endloop
  endfacet
  facet normal 0 0 -1
    outer loop
      vertex -14.1821 -0.850296 0
      vertex -14.9555 -0.0470276 0
      vertex -14.8484 -0.0183563 0
    endloop
  endfacet
  facet normal 0 0 -1
    outer loop
      vertex -15.27 -0.121262 0
      vertex -14.9398 -1.48793 0
      vertex -15.0577 -1.50439 0
    endloop
  endfacet
  facet normal 0 0 -1
    outer loop
      vertex -14.2108 -0.944977 0
      vertex -15.0716 -0.0756989 0
      vertex -14.9555 -0.0470276 0
    endloop
  endfacet
  facet normal 0 0 -1
    outer loop
      vertex -15.3416 -0.137817 0
      vertex -15.0577 -1.50439 0
      vertex -15.184 -1.51428 0
    endloop
  endfacet
  facet normal 0 0 -1
    outer loop
      vertex -14.8301 -1.46487 0
      vertex -15.1965 -0.10437 0
      vertex -15.0716 -0.0756989 0
    endloop
  endfacet
  facet normal 0 0 -1
    outer loop
      vertex -14.9398 -1.48793 0
      vertex -15.27 -0.121262 0
      vertex -15.1965 -0.10437 0
    endloop
  endfacet
  facet normal 0 0 -1
    outer loop
      vertex -15.4113 -0.154037 0
      vertex -15.184 -1.51428 0
      vertex -15.3186 -1.51758 0
    endloop
  endfacet
  facet normal 0 0 -1
    outer loop
      vertex -15.0577 -1.50439 0
      vertex -15.3416 -0.137817 0
      vertex -15.27 -0.121262 0
    endloop
  endfacet
  facet normal 0 0 -1
    outer loop
      vertex -15.184 -1.51428 0
      vertex -15.4113 -0.154037 0
      vertex -15.3416 -0.137817 0
    endloop
  endfacet
  facet normal 0 0 -1
    outer loop
      vertex -15.545 -0.185486 0
      vertex -15.3186 -1.51758 0
      vertex -15.4573 -1.51405 0
    endloop
  endfacet
  facet normal 0 0 -1
    outer loop
      vertex -15.3186 -1.51758 0
      vertex -15.4791 -0.169922 0
      vertex -15.4113 -0.154037 0
    endloop
  endfacet
  facet normal 0 0 -1
    outer loop
      vertex -15.3186 -1.51758 0
      vertex -15.545 -0.185486 0
      vertex -15.4791 -0.169922 0
    endloop
  endfacet
  facet normal 0 0 -1
    outer loop
      vertex -15.6091 -0.200714 0
      vertex -15.4573 -1.51405 0
      vertex -15.5866 -1.50351 0
    endloop
  endfacet
  facet normal 0 0 -1
    outer loop
      vertex -15.4573 -1.51405 0
      vertex -15.6091 -0.200714 0
      vertex -15.545 -0.185486 0
    endloop
  endfacet
  facet normal 0 0 -1
    outer loop
      vertex -15.5866 -1.50351 0
      vertex -15.6712 -0.215607 0
      vertex -15.6091 -0.200714 0
    endloop
  endfacet
  facet normal 0 0 -1
    outer loop
      vertex -15.7312 -0.230835 0
      vertex -15.5866 -1.50351 0
      vertex -15.7066 -1.48593 0
    endloop
  endfacet
  facet normal 0 0 -1
    outer loop
      vertex -15.5866 -1.50351 0
      vertex -15.7312 -0.230835 0
      vertex -15.6712 -0.215607 0
    endloop
  endfacet
  facet normal 0 0 -1
    outer loop
      vertex -15.7066 -1.48593 0
      vertex -15.7888 -0.247055 0
      vertex -15.7312 -0.230835 0
    endloop
  endfacet
  facet normal 0 0 -1
    outer loop
      vertex -15.8173 -1.46133 0
      vertex -15.7888 -0.247055 0
      vertex -15.7066 -1.48593 0
    endloop
  endfacet
  facet normal 0 0 -1
    outer loop
      vertex -15.8173 -1.46133 0
      vertex -15.8439 -0.264267 0
      vertex -15.7888 -0.247055 0
    endloop
  endfacet
  facet normal 0 0 -1
    outer loop
      vertex -15.8173 -1.46133 0
      vertex -15.8966 -0.282471 0
      vertex -15.8439 -0.264267 0
    endloop
  endfacet
  facet normal 0 0 -1
    outer loop
      vertex -15.9185 -1.42969 0
      vertex -15.8966 -0.282471 0
      vertex -15.8173 -1.46133 0
    endloop
  endfacet
  facet normal 0 0 -1
    outer loop
      vertex -15.9185 -1.42969 0
      vertex -15.9469 -0.301682 0
      vertex -15.8966 -0.282471 0
    endloop
  endfacet
  facet normal 0 0 -1
    outer loop
      vertex -15.9185 -1.42969 0
      vertex -15.9947 -0.321884 0
      vertex -15.9469 -0.301682 0
    endloop
  endfacet
  facet normal 0 0 -1
    outer loop
      vertex -16.0105 -1.39102 0
      vertex -15.9947 -0.321884 0
      vertex -15.9185 -1.42969 0
    endloop
  endfacet
  facet normal 0 0 -1
    outer loop
      vertex -16.0105 -1.39102 0
      vertex -16.0401 -0.343094 0
      vertex -15.9947 -0.321884 0
    endloop
  endfacet
  facet normal 0 0 -1
    outer loop
      vertex -16.093 -1.34534 0
      vertex -16.0401 -0.343094 0
      vertex -16.0105 -1.39102 0
    endloop
  endfacet
  facet normal 0 0 -1
    outer loop
      vertex -16.0401 -0.343094 0
      vertex -16.093 -1.34534 0
      vertex -16.0829 -0.365616 0
    endloop
  endfacet
  facet normal 0 0 -1
    outer loop
      vertex -16.1653 -1.29283 0
      vertex -16.0829 -0.365616 0
      vertex -16.093 -1.34534 0
    endloop
  endfacet
  facet normal 0 0 -1
    outer loop
      vertex -16.3601 -0.931488 0
      vertex -16.0829 -0.365616 0
      vertex -16.1653 -1.29283 0
    endloop
  endfacet
  facet normal 0 0 -1
    outer loop
      vertex -16.3656 -0.839447 0
      vertex -16.0829 -0.365616 0
      vertex -16.3601 -0.931488 0
    endloop
  endfacet
  facet normal 0 0 -1
    outer loop
      vertex -16.0829 -0.365616 0
      vertex -16.3656 -0.839447 0
      vertex -16.1228 -0.389801 0
    endloop
  endfacet
  facet normal 0 0 -1
    outer loop
      vertex -16.1228 -0.389801 0
      vertex -16.3656 -0.839447 0
      vertex -16.1599 -0.415649 0
    endloop
  endfacet
  facet normal 0 0 -1
    outer loop
      vertex -16.3601 -0.931488 0
      vertex -16.1653 -1.29283 0
      vertex -16.2265 -1.23373 0
    endloop
  endfacet
  facet normal 0 -0 -1
    outer loop
      vertex -16.3639 -0.787415 0
      vertex -16.1599 -0.415649 0
      vertex -16.3656 -0.839447 0
    endloop
  endfacet
  facet normal 0 0 -1
    outer loop
      vertex -16.3601 -0.931488 0
      vertex -16.2265 -1.23373 0
      vertex -16.2766 -1.16806 0
    endloop
  endfacet
  facet normal 0 0 -1
    outer loop
      vertex -16.1599 -0.415649 0
      vertex -16.3639 -0.787415 0
      vertex -16.1942 -0.443161 0
    endloop
  endfacet
  facet normal 0 0 -1
    outer loop
      vertex -16.1942 -0.443161 0
      vertex -16.3639 -0.787415 0
      vertex -16.2257 -0.472321 0
    endloop
  endfacet
  facet normal 0 0 -1
    outer loop
      vertex -16.3601 -0.931488 0
      vertex -16.2766 -1.16806 0
      vertex -16.3156 -1.09578 0
    endloop
  endfacet
  facet normal 0 -0 -1
    outer loop
      vertex -16.3586 -0.738266 0
      vertex -16.2257 -0.472321 0
      vertex -16.3639 -0.787415 0
    endloop
  endfacet
  facet normal 0 0 -1
    outer loop
      vertex -16.2257 -0.472321 0
      vertex -16.3586 -0.738266 0
      vertex -16.2544 -0.503159 0
    endloop
  endfacet
  facet normal 0 0 -1
    outer loop
      vertex -16.3601 -0.931488 0
      vertex -16.3156 -1.09578 0
      vertex -16.3434 -1.01692 0
    endloop
  endfacet
  facet normal 0 -0 -1
    outer loop
      vertex -16.3499 -0.691986 0
      vertex -16.2544 -0.503159 0
      vertex -16.3586 -0.738266 0
    endloop
  endfacet
  facet normal 0 0 -1
    outer loop
      vertex -16.2802 -0.53566 0
      vertex -16.3499 -0.691986 0
      vertex -16.3377 -0.648575 0
    endloop
  endfacet
  facet normal 0 0 -1
    outer loop
      vertex -16.2544 -0.503159 0
      vertex -16.3499 -0.691986 0
      vertex -16.2802 -0.53566 0
    endloop
  endfacet
  facet normal 0 0 -1
    outer loop
      vertex -16.2802 -0.53566 0
      vertex -16.3377 -0.648575 0
      vertex -16.322 -0.608063 0
    endloop
  endfacet
  facet normal 0 0 -1
    outer loop
      vertex -16.2802 -0.53566 0
      vertex -16.322 -0.608063 0
      vertex -16.3028 -0.570419 0
    endloop
  endfacet
  facet normal 0 0 -1
    outer loop
      vertex -10.9341 0.631958 0
      vertex -10.7451 1.0159 0
      vertex -10.747 0.966766 0
    endloop
  endfacet
  facet normal 0 0 -1
    outer loop
      vertex -10.8989 0.661301 0
      vertex -10.747 0.966766 0
      vertex -10.7527 0.92012 0
    endloop
  endfacet
  facet normal 0 0 -1
    outer loop
      vertex -10.8671 0.692078 0
      vertex -10.7527 0.92012 0
      vertex -10.7623 0.875977 0
    endloop
  endfacet
  facet normal 0 0 -1
    outer loop
      vertex -10.9341 0.631958 0
      vertex -10.747 0.966766 0
      vertex -10.8989 0.661301 0
    endloop
  endfacet
  facet normal 0 0 -1
    outer loop
      vertex -10.8671 0.692078 0
      vertex -10.7623 0.875977 0
      vertex -10.7757 0.83432 0
    endloop
  endfacet
  facet normal -0 0 -1
    outer loop
      vertex -10.7451 1.0159 0
      vertex -10.9341 0.631958 0
      vertex -10.75 1.09888 0
    endloop
  endfacet
  facet normal 0 0 -1
    outer loop
      vertex -10.8671 0.692078 0
      vertex -10.7757 0.83432 0
      vertex -10.7928 0.795151 0
    endloop
  endfacet
  facet normal 0 0 -1
    outer loop
      vertex -10.8387 0.724289 0
      vertex -10.7928 0.795151 0
      vertex -10.8138 0.758469 0
    endloop
  endfacet
  facet normal 0 0 -1
    outer loop
      vertex -10.8671 0.692078 0
      vertex -10.7928 0.795151 0
      vertex -10.8387 0.724289 0
    endloop
  endfacet
  facet normal 0 0 -1
    outer loop
      vertex -10.7527 0.92012 0
      vertex -10.8671 0.692078 0
      vertex -10.8989 0.661301 0
    endloop
  endfacet
  facet normal 0 0 -1
    outer loop
      vertex -10.9727 0.60405 0
      vertex -10.75 1.09888 0
      vertex -10.9341 0.631958 0
    endloop
  endfacet
  facet normal 0 0 -1
    outer loop
      vertex -10.9865 1.46886 0
      vertex -10.75 1.09888 0
      vertex -10.9727 0.60405 0
    endloop
  endfacet
  facet normal 0 0 -1
    outer loop
      vertex -10.7648 1.17577 0
      vertex -10.9225 1.42241 0
      vertex -10.7894 1.24655 0
    endloop
  endfacet
  facet normal 0 0 -1
    outer loop
      vertex -10.7894 1.24655 0
      vertex -10.8683 1.36989 0
      vertex -10.8239 1.31126 0
    endloop
  endfacet
  facet normal 0 0 -1
    outer loop
      vertex -10.7894 1.24655 0
      vertex -10.9225 1.42241 0
      vertex -10.8683 1.36989 0
    endloop
  endfacet
  facet normal 0 0 -1
    outer loop
      vertex -10.75 1.09888 0
      vertex -10.9225 1.42241 0
      vertex -10.7648 1.17577 0
    endloop
  endfacet
  facet normal 0 0 -1
    outer loop
      vertex -10.75 1.09888 0
      vertex -10.9865 1.46886 0
      vertex -10.9225 1.42241 0
    endloop
  endfacet
  facet normal 0 0 -1
    outer loop
      vertex -11.0146 0.577591 0
      vertex -10.9865 1.46886 0
      vertex -10.9727 0.60405 0
    endloop
  endfacet
  facet normal 0 0 -1
    outer loop
      vertex -11.0599 1.50916 0
      vertex -11.0146 0.577591 0
      vertex -11.0599 0.552567 0
    endloop
  endfacet
  facet normal 0 0 -1
    outer loop
      vertex -11.0146 0.577591 0
      vertex -11.0599 1.50916 0
      vertex -10.9865 1.46886 0
    endloop
  endfacet
  facet normal 0 0 -1
    outer loop
      vertex -11.1422 1.54326 0
      vertex -11.0599 0.552567 0
      vertex -11.1086 0.528976 0
    endloop
  endfacet
  facet normal 0 0 -1
    outer loop
      vertex -11.0599 0.552567 0
      vertex -11.1422 1.54326 0
      vertex -11.0599 1.50916 0
    endloop
  endfacet
  facet normal 0 0 -1
    outer loop
      vertex -11.1661 0.505371 0
      vertex -11.1422 1.54326 0
      vertex -11.1086 0.528976 0
    endloop
  endfacet
  facet normal 0 0 -1
    outer loop
      vertex -11.1661 0.505371 0
      vertex -11.2333 1.57117 0
      vertex -11.1422 1.54326 0
    endloop
  endfacet
  facet normal 0 0 -1
    outer loop
      vertex -11.2379 0.48027 0
      vertex -11.2333 1.57117 0
      vertex -11.1661 0.505371 0
    endloop
  endfacet
  facet normal 0 0 -1
    outer loop
      vertex -11.3333 1.59286 0
      vertex -11.2379 0.48027 0
      vertex -11.324 0.453674 0
    endloop
  endfacet
  facet normal 0 0 -1
    outer loop
      vertex -11.2379 0.48027 0
      vertex -11.3333 1.59286 0
      vertex -11.2333 1.57117 0
    endloop
  endfacet
  facet normal 0 0 -1
    outer loop
      vertex -11.4421 1.60837 0
      vertex -11.324 0.453674 0
      vertex -11.4244 0.425583 0
    endloop
  endfacet
  facet normal 0 0 -1
    outer loop
      vertex -11.324 0.453674 0
      vertex -11.4421 1.60837 0
      vertex -11.3333 1.59286 0
    endloop
  endfacet
  facet normal 0 0 -1
    outer loop
      vertex -11.5598 1.61768 0
      vertex -11.4244 0.425583 0
      vertex -11.539 0.395996 0
    endloop
  endfacet
  facet normal 0 0 -1
    outer loop
      vertex -11.4244 0.425583 0
      vertex -11.5598 1.61768 0
      vertex -11.4421 1.60837 0
    endloop
  endfacet
  facet normal 0 0 -1
    outer loop
      vertex -11.802 1.61798 0
      vertex -11.539 0.395996 0
      vertex -11.6679 0.364914 0
    endloop
  endfacet
  facet normal 0 0 -1
    outer loop
      vertex -11.539 0.395996 0
      vertex -11.6864 1.62077 0
      vertex -11.5598 1.61768 0
    endloop
  endfacet
  facet normal 0 0 -1
    outer loop
      vertex -11.539 0.395996 0
      vertex -11.802 1.61798 0
      vertex -11.6864 1.62077 0
    endloop
  endfacet
  facet normal 0 0 -1
    outer loop
      vertex -12.011 1.59561 0
      vertex -11.6679 0.364914 0
      vertex -11.8111 0.332336 0
    endloop
  endfacet
  facet normal 0 0 -1
    outer loop
      vertex -12.1904 1.55087 0
      vertex -11.8111 0.332336 0
      vertex -11.8615 0.320679 0
    endloop
  endfacet
  facet normal 0 0 -1
    outer loop
      vertex -11.6679 0.364914 0
      vertex -11.9102 1.60959 0
      vertex -11.802 1.61798 0
    endloop
  endfacet
  facet normal 0 0 -1
    outer loop
      vertex -12.3401 1.48378 0
      vertex -11.8615 0.320679 0
      vertex -11.9118 0.308975 0
    endloop
  endfacet
  facet normal 0 0 -1
    outer loop
      vertex -12.6602 1.04301 0
      vertex -11.9118 0.308975 0
      vertex -11.962 0.297211 0
    endloop
  endfacet
  facet normal 0 0 -1
    outer loop
      vertex -11.6679 0.364914 0
      vertex -12.011 1.59561 0
      vertex -11.9102 1.60959 0
    endloop
  endfacet
  facet normal 0 0 -1
    outer loop
      vertex -12.6602 1.04301 0
      vertex -11.962 0.297211 0
      vertex -12.0122 0.2854 0
    endloop
  endfacet
  facet normal 0 0 -1
    outer loop
      vertex -12.6602 1.04301 0
      vertex -12.0122 0.2854 0
      vertex -12.0623 0.273529 0
    endloop
  endfacet
  facet normal 0 0 -1
    outer loop
      vertex -11.8111 0.332336 0
      vertex -12.1044 1.57603 0
      vertex -12.011 1.59561 0
    endloop
  endfacet
  facet normal 0 0 -1
    outer loop
      vertex -12.6602 1.04301 0
      vertex -12.0623 0.273529 0
      vertex -12.1124 0.261597 0
    endloop
  endfacet
  facet normal 0 0 -1
    outer loop
      vertex -12.6602 1.04301 0
      vertex -12.1124 0.261597 0
      vertex -12.1624 0.249619 0
    endloop
  endfacet
  facet normal 0 0 -1
    outer loop
      vertex -11.8111 0.332336 0
      vertex -12.1904 1.55087 0
      vertex -12.1044 1.57603 0
    endloop
  endfacet
  facet normal 0 0 -1
    outer loop
      vertex -12.6602 1.04301 0
      vertex -12.1624 0.249619 0
      vertex -12.2121 0.237274 0
    endloop
  endfacet
  facet normal 0 0 -1
    outer loop
      vertex -12.6602 1.04301 0
      vertex -12.2121 0.237274 0
      vertex -12.2612 0.224258 0
    endloop
  endfacet
  facet normal 0 0 -1
    outer loop
      vertex -11.8615 0.320679 0
      vertex -12.2689 1.52013 0
      vertex -12.1904 1.55087 0
    endloop
  endfacet
  facet normal 0 0 -1
    outer loop
      vertex -12.6602 1.04301 0
      vertex -12.2612 0.224258 0
      vertex -12.3096 0.210587 0
    endloop
  endfacet
  facet normal 0 0 -1
    outer loop
      vertex -11.9118 0.308975 0
      vertex -12.6602 1.04301 0
      vertex -12.633 1.1264 0
    endloop
  endfacet
  facet normal 0 0 -1
    outer loop
      vertex -12.6602 1.04301 0
      vertex -12.3096 0.210587 0
      vertex -12.3575 0.196243 0
    endloop
  endfacet
  facet normal 0 0 -1
    outer loop
      vertex -11.9118 0.308975 0
      vertex -12.633 1.1264 0
      vertex -12.5997 1.20299 0
    endloop
  endfacet
  facet normal 0 0 -1
    outer loop
      vertex -12.6602 1.04301 0
      vertex -12.3575 0.196243 0
      vertex -12.4047 0.181244 0
    endloop
  endfacet
  facet normal 0 0 -1
    outer loop
      vertex -12.6602 1.04301 0
      vertex -12.4047 0.181244 0
      vertex -12.4514 0.165588 0
    endloop
  endfacet
  facet normal 0 0 -1
    outer loop
      vertex -11.9118 0.308975 0
      vertex -12.5997 1.20299 0
      vertex -12.3401 1.48378 0
    endloop
  endfacet
  facet normal 0 0 -1
    outer loop
      vertex -12.6602 1.04301 0
      vertex -12.4514 0.165588 0
      vertex -12.4974 0.149246 0
    endloop
  endfacet
  facet normal 0 0 -1
    outer loop
      vertex -11.8615 0.320679 0
      vertex -12.3401 1.48378 0
      vertex -12.2689 1.52013 0
    endloop
  endfacet
  facet normal 0 0 -1
    outer loop
      vertex -12.6602 1.04301 0
      vertex -12.4974 0.149246 0
      vertex -12.5427 0.132172 0
    endloop
  endfacet
  facet normal 0 0 -1
    outer loop
      vertex -12.3401 1.48378 0
      vertex -12.5997 1.20299 0
      vertex -12.4044 1.44124 0
    endloop
  endfacet
  facet normal 0 0 -1
    outer loop
      vertex -12.6602 1.04301 0
      vertex -12.5427 0.132172 0
      vertex -12.5872 0.114258 0
    endloop
  endfacet
  facet normal 0 0 -1
    outer loop
      vertex -12.4044 1.44124 0
      vertex -12.5997 1.20299 0
      vertex -12.4625 1.39189 0
    endloop
  endfacet
  facet normal 0 0 -1
    outer loop
      vertex -12.6602 1.04301 0
      vertex -12.5872 0.114258 0
      vertex -12.6308 0.09552 0
    endloop
  endfacet
  facet normal 0 0 -1
    outer loop
      vertex -12.5145 1.33574 0
      vertex -12.5997 1.20299 0
      vertex -12.5602 1.27277 0
    endloop
  endfacet
  facet normal 0 0 -1
    outer loop
      vertex -12.4625 1.39189 0
      vertex -12.5997 1.20299 0
      vertex -12.5145 1.33574 0
    endloop
  endfacet
  facet normal 0 0 -1
    outer loop
      vertex -12.6736 0.0759583 0
      vertex -12.6602 1.04301 0
      vertex -12.6308 0.09552 0
    endloop
  endfacet
  facet normal 0 0 -1
    outer loop
      vertex -12.7156 0.0555573 0
      vertex -12.6602 1.04301 0
      vertex -12.6736 0.0759583 0
    endloop
  endfacet
  facet normal 0 0 -1
    outer loop
      vertex -12.7568 0.034317 0
      vertex -12.6602 1.04301 0
      vertex -12.7156 0.0555573 0
    endloop
  endfacet
  facet normal 0 0 -1
    outer loop
      vertex -13.1701 1.13254 0
      vertex -12.7568 0.034317 0
      vertex -12.7971 0.0122528 0
    endloop
  endfacet
  facet normal 0 0 -1
    outer loop
      vertex -13.1701 1.13254 0
      vertex -12.7971 0.0122528 0
      vertex -12.8363 -0.0109253 0
    endloop
  endfacet
  facet normal 0 0 -1
    outer loop
      vertex -13.1701 1.13254 0
      vertex -12.8363 -0.0109253 0
      vertex -12.874 -0.035553 0
    endloop
  endfacet
  facet normal 0 0 -1
    outer loop
      vertex -13.1701 1.13254 0
      vertex -12.874 -0.035553 0
      vertex -12.9101 -0.0616302 0
    endloop
  endfacet
  facet normal 0 0 -1
    outer loop
      vertex -13.8607 0.928528 0
      vertex -12.9101 -0.0616302 0
      vertex -12.9448 -0.0891418 0
    endloop
  endfacet
  facet normal 0 0 -1
    outer loop
      vertex -13.8607 0.928528 0
      vertex -12.9448 -0.0891418 0
      vertex -12.978 -0.118103 0
    endloop
  endfacet
  facet normal 0 0 -1
    outer loop
      vertex -13.8607 0.928528 0
      vertex -12.978 -0.118103 0
      vertex -13.0097 -0.148499 0
    endloop
  endfacet
  facet normal 0 0 -1
    outer loop
      vertex -13.8607 0.928528 0
      vertex -13.0097 -0.148499 0
      vertex -13.0399 -0.180328 0
    endloop
  endfacet
  facet normal 0 0 -1
    outer loop
      vertex -13.8607 0.928528 0
      vertex -13.0399 -0.180328 0
      vertex -13.0685 -0.213715 0
    endloop
  endfacet
  facet normal 0 0 -1
    outer loop
      vertex -13.8607 0.928528 0
      vertex -13.0685 -0.213715 0
      vertex -13.0952 -0.248749 0
    endloop
  endfacet
  facet normal 0 0 -1
    outer loop
      vertex -13.8607 0.928528 0
      vertex -13.0952 -0.248749 0
      vertex -13.12 -0.285446 0
    endloop
  endfacet
  facet normal 0 0 -1
    outer loop
      vertex -13.8607 0.928528 0
      vertex -13.12 -0.285446 0
      vertex -13.1431 -0.323807 0
    endloop
  endfacet
  facet normal 0 0 -1
    outer loop
      vertex -13.8607 0.928528 0
      vertex -13.1431 -0.323807 0
      vertex -13.1643 -0.363831 0
    endloop
  endfacet
  facet normal 0 0 -1
    outer loop
      vertex -12.7568 0.034317 0
      vertex -13.1701 1.13254 0
      vertex -12.6602 1.04301 0
    endloop
  endfacet
  facet normal 0 0 -1
    outer loop
      vertex -13.8607 0.928528 0
      vertex -13.1643 -0.363831 0
      vertex -13.1837 -0.405518 0
    endloop
  endfacet
  facet normal 0 0 -1
    outer loop
      vertex -8.34979 1.95441 0
      vertex -10.2421 0.928528 0
      vertex -10.2406 0.98877 0
    endloop
  endfacet
  facet normal 0 0 -1
    outer loop
      vertex -8.34979 1.95441 0
      vertex -10.2465 0.870285 0
      vertex -10.2421 0.928528 0
    endloop
  endfacet
  facet normal 0 0 -1
    outer loop
      vertex -8.34979 1.95441 0
      vertex -10.2538 0.814041 0
      vertex -10.2465 0.870285 0
    endloop
  endfacet
  facet normal 0 0 -1
    outer loop
      vertex -8.34979 1.95441 0
      vertex -10.2641 0.759781 0
      vertex -10.2538 0.814041 0
    endloop
  endfacet
  facet normal 0 0 -1
    outer loop
      vertex -8.34979 1.95441 0
      vertex -10.2773 0.70752 0
      vertex -10.2641 0.759781 0
    endloop
  endfacet
  facet normal 0 0 -1
    outer loop
      vertex -8.34979 1.95441 0
      vertex -10.2934 0.657242 0
      vertex -10.2773 0.70752 0
    endloop
  endfacet
  facet normal 0 0 -1
    outer loop
      vertex -10.0616 -0.950653 0
      vertex -10.3125 0.608978 0
      vertex -10.2934 0.657242 0
    endloop
  endfacet
  facet normal 0 0 -1
    outer loop
      vertex -10.0616 -0.950653 0
      vertex -10.3343 0.562561 0
      vertex -10.3125 0.608978 0
    endloop
  endfacet
  facet normal 0 0 -1
    outer loop
      vertex -10.0616 -0.950653 0
      vertex -10.3587 0.517868 0
      vertex -10.3343 0.562561 0
    endloop
  endfacet
  facet normal 0 0 -1
    outer loop
      vertex -10.0616 -0.950653 0
      vertex -10.3858 0.474884 0
      vertex -10.3587 0.517868 0
    endloop
  endfacet
  facet normal 0 0 -1
    outer loop
      vertex -10.0616 -0.950653 0
      vertex -10.4154 0.433609 0
      vertex -10.3858 0.474884 0
    endloop
  endfacet
  facet normal 0 0 -1
    outer loop
      vertex -10.0616 -0.950653 0
      vertex -10.4477 0.394058 0
      vertex -10.4154 0.433609 0
    endloop
  endfacet
  facet normal 0 0 -1
    outer loop
      vertex -10.0616 -0.950653 0
      vertex -10.4825 0.356216 0
      vertex -10.4477 0.394058 0
    endloop
  endfacet
  facet normal 0 0 -1
    outer loop
      vertex -10.0616 -0.950653 0
      vertex -10.52 0.320099 0
      vertex -10.4825 0.356216 0
    endloop
  endfacet
  facet normal 0 0 -1
    outer loop
      vertex -10.0616 -0.950653 0
      vertex -10.5608 0.285309 0
      vertex -10.52 0.320099 0
    endloop
  endfacet
  facet normal 0 0 -1
    outer loop
      vertex -10.6056 0.251465 0
      vertex -10.0616 -0.950653 0
      vertex -10.5634 -0.850296 0
    endloop
  endfacet
  facet normal 0 0 -1
    outer loop
      vertex -11.3368 -0.0470276 0
      vertex -10.5634 -0.850296 0
      vertex -10.5922 -0.944977 0
    endloop
  endfacet
  facet normal 0 0 -1
    outer loop
      vertex -10.0616 -0.950653 0
      vertex -10.6056 0.251465 0
      vertex -10.5608 0.285309 0
    endloop
  endfacet
  facet normal 0 0 -1
    outer loop
      vertex -11.4529 -0.0756989 0
      vertex -10.5922 -0.944977 0
      vertex -10.6289 -1.0322 0
    endloop
  endfacet
  facet normal 0 0 -1
    outer loop
      vertex -10.5634 -0.850296 0
      vertex -10.6544 0.218552 0
      vertex -10.6056 0.251465 0
    endloop
  endfacet
  facet normal 0 0 -1
    outer loop
      vertex -11.4529 -0.0756989 0
      vertex -10.6289 -1.0322 0
      vertex -10.6737 -1.11194 0
    endloop
  endfacet
  facet normal 0 0 -1
    outer loop
      vertex -10.5634 -0.850296 0
      vertex -10.7073 0.186584 0
      vertex -10.6544 0.218552 0
    endloop
  endfacet
  facet normal 0 0 -1
    outer loop
      vertex -11.4529 -0.0756989 0
      vertex -10.6737 -1.11194 0
      vertex -10.7263 -1.1842 0
    endloop
  endfacet
  facet normal 0 0 -1
    outer loop
      vertex -10.5634 -0.850296 0
      vertex -10.7643 0.155563 0
      vertex -10.7073 0.186584 0
    endloop
  endfacet
  facet normal 0 0 -1
    outer loop
      vertex -11.4529 -0.0756989 0
      vertex -10.7263 -1.1842 0
      vertex -10.787 -1.24899 0
    endloop
  endfacet
  facet normal 0 0 -1
    outer loop
      vertex -10.5634 -0.850296 0
      vertex -10.8252 0.125473 0
      vertex -10.7643 0.155563 0
    endloop
  endfacet
  facet normal 0 0 -1
    outer loop
      vertex -11.4529 -0.0756989 0
      vertex -10.787 -1.24899 0
      vertex -10.8557 -1.30632 0
    endloop
  endfacet
  facet normal 0 0 -1
    outer loop
      vertex -10.5634 -0.850296 0
      vertex -10.8902 0.0963287 0
      vertex -10.8252 0.125473 0
    endloop
  endfacet
  facet normal 0 0 -1
    outer loop
      vertex -11.4529 -0.0756989 0
      vertex -10.8557 -1.30632 0
      vertex -10.9323 -1.35617 0
    endloop
  endfacet
  facet normal 0 0 -1
    outer loop
      vertex -10.5634 -0.850296 0
      vertex -10.9617 0.0676575 0
      vertex -10.8902 0.0963287 0
    endloop
  endfacet
  facet normal 0 0 -1
    outer loop
      vertex -11.4529 -0.0756989 0
      vertex -10.9323 -1.35617 0
      vertex -11.017 -1.39899 0
    endloop
  endfacet
  facet normal 0 0 -1
    outer loop
      vertex -10.5634 -0.850296 0
      vertex -11.0421 0.0389862 0
      vertex -10.9617 0.0676575 0
    endloop
  endfacet
  facet normal 0 0 -1
    outer loop
      vertex -11.4529 -0.0756989 0
      vertex -11.017 -1.39899 0
      vertex -11.1101 -1.43523 0
    endloop
  endfacet
  facet normal 0 0 -1
    outer loop
      vertex -10.5634 -0.850296 0
      vertex -11.1315 0.0103149 0
      vertex -11.0421 0.0389862 0
    endloop
  endfacet
  facet normal 0 0 -1
    outer loop
      vertex -11.4529 -0.0756989 0
      vertex -11.1101 -1.43523 0
      vertex -11.2114 -1.46487 0
    endloop
  endfacet
  facet normal 0 0 -1
    outer loop
      vertex -10.5634 -0.850296 0
      vertex -11.2297 -0.0183563 0
      vertex -11.1315 0.0103149 0
    endloop
  endfacet
  facet normal 0 0 -1
    outer loop
      vertex -11.5779 -0.10437 0
      vertex -11.2114 -1.46487 0
      vertex -11.3211 -1.48793 0
    endloop
  endfacet
  facet normal 0 0 -1
    outer loop
      vertex -10.5634 -0.850296 0
      vertex -11.3368 -0.0470276 0
      vertex -11.2297 -0.0183563 0
    endloop
  endfacet
  facet normal 0 0 -1
    outer loop
      vertex -11.6513 -0.121262 0
      vertex -11.3211 -1.48793 0
      vertex -11.4391 -1.50439 0
    endloop
  endfacet
  facet normal 0 0 -1
    outer loop
      vertex -10.5922 -0.944977 0
      vertex -11.4529 -0.0756989 0
      vertex -11.3368 -0.0470276 0
    endloop
  endfacet
  facet normal 0 0 -1
    outer loop
      vertex -11.7229 -0.137817 0
      vertex -11.4391 -1.50439 0
      vertex -11.5653 -1.51428 0
    endloop
  endfacet
  facet normal 0 0 -1
    outer loop
      vertex -11.2114 -1.46487 0
      vertex -11.5779 -0.10437 0
      vertex -11.4529 -0.0756989 0
    endloop
  endfacet
  facet normal 0 0 -1
    outer loop
      vertex -11.3211 -1.48793 0
      vertex -11.6513 -0.121262 0
      vertex -11.5779 -0.10437 0
    endloop
  endfacet
  facet normal 0 0 -1
    outer loop
      vertex -11.7926 -0.154037 0
      vertex -11.5653 -1.51428 0
      vertex -11.6999 -1.51758 0
    endloop
  endfacet
  facet normal 0 0 -1
    outer loop
      vertex -11.4391 -1.50439 0
      vertex -11.7229 -0.137817 0
      vertex -11.6513 -0.121262 0
    endloop
  endfacet
  facet normal 0 0 -1
    outer loop
      vertex -11.5653 -1.51428 0
      vertex -11.7926 -0.154037 0
      vertex -11.7229 -0.137817 0
    endloop
  endfacet
  facet normal 0 0 -1
    outer loop
      vertex -11.9263 -0.185486 0
      vertex -11.6999 -1.51758 0
      vertex -11.8386 -1.51405 0
    endloop
  endfacet
  facet normal 0 0 -1
    outer loop
      vertex -11.6999 -1.51758 0
      vertex -11.8604 -0.169922 0
      vertex -11.7926 -0.154037 0
    endloop
  endfacet
  facet normal 0 0 -1
    outer loop
      vertex -11.6999 -1.51758 0
      vertex -11.9263 -0.185486 0
      vertex -11.8604 -0.169922 0
    endloop
  endfacet
  facet normal 0 0 -1
    outer loop
      vertex -11.9904 -0.200714 0
      vertex -11.8386 -1.51405 0
      vertex -11.968 -1.50351 0
    endloop
  endfacet
  facet normal 0 0 -1
    outer loop
      vertex -11.8386 -1.51405 0
      vertex -11.9904 -0.200714 0
      vertex -11.9263 -0.185486 0
    endloop
  endfacet
  facet normal 0 0 -1
    outer loop
      vertex -11.968 -1.50351 0
      vertex -12.0526 -0.215607 0
      vertex -11.9904 -0.200714 0
    endloop
  endfacet
  facet normal 0 0 -1
    outer loop
      vertex -12.1125 -0.230835 0
      vertex -11.968 -1.50351 0
      vertex -12.088 -1.48593 0
    endloop
  endfacet
  facet normal 0 0 -1
    outer loop
      vertex -11.968 -1.50351 0
      vertex -12.1125 -0.230835 0
      vertex -12.0526 -0.215607 0
    endloop
  endfacet
  facet normal 0 0 -1
    outer loop
      vertex -12.088 -1.48593 0
      vertex -12.1701 -0.247055 0
      vertex -12.1125 -0.230835 0
    endloop
  endfacet
  facet normal 0 0 -1
    outer loop
      vertex -12.1986 -1.46133 0
      vertex -12.1701 -0.247055 0
      vertex -12.088 -1.48593 0
    endloop
  endfacet
  facet normal 0 0 -1
    outer loop
      vertex -12.1986 -1.46133 0
      vertex -12.2253 -0.264267 0
      vertex -12.1701 -0.247055 0
    endloop
  endfacet
  facet normal 0 0 -1
    outer loop
      vertex -12.1986 -1.46133 0
      vertex -12.278 -0.282471 0
      vertex -12.2253 -0.264267 0
    endloop
  endfacet
  facet normal 0 0 -1
    outer loop
      vertex -12.2999 -1.42969 0
      vertex -12.278 -0.282471 0
      vertex -12.1986 -1.46133 0
    endloop
  endfacet
  facet normal 0 0 -1
    outer loop
      vertex -12.2999 -1.42969 0
      vertex -12.3282 -0.301682 0
      vertex -12.278 -0.282471 0
    endloop
  endfacet
  facet normal 0 0 -1
    outer loop
      vertex -12.2999 -1.42969 0
      vertex -12.376 -0.321884 0
      vertex -12.3282 -0.301682 0
    endloop
  endfacet
  facet normal 0 0 -1
    outer loop
      vertex -12.3918 -1.39102 0
      vertex -12.376 -0.321884 0
      vertex -12.2999 -1.42969 0
    endloop
  endfacet
  facet normal 0 0 -1
    outer loop
      vertex -12.3918 -1.39102 0
      vertex -12.4214 -0.343094 0
      vertex -12.376 -0.321884 0
    endloop
  endfacet
  facet normal 0 0 -1
    outer loop
      vertex -12.4743 -1.34534 0
      vertex -12.4214 -0.343094 0
      vertex -12.3918 -1.39102 0
    endloop
  endfacet
  facet normal 0 0 -1
    outer loop
      vertex -12.4214 -0.343094 0
      vertex -12.4743 -1.34534 0
      vertex -12.4642 -0.365616 0
    endloop
  endfacet
  facet normal 0 0 -1
    outer loop
      vertex -12.5467 -1.29283 0
      vertex -12.4642 -0.365616 0
      vertex -12.4743 -1.34534 0
    endloop
  endfacet
  facet normal 0 0 -1
    outer loop
      vertex -12.7414 -0.931488 0
      vertex -12.4642 -0.365616 0
      vertex -12.5467 -1.29283 0
    endloop
  endfacet
  facet normal 0 0 -1
    outer loop
      vertex -12.7469 -0.839447 0
      vertex -12.4642 -0.365616 0
      vertex -12.7414 -0.931488 0
    endloop
  endfacet
  facet normal 0 0 -1
    outer loop
      vertex -12.4642 -0.365616 0
      vertex -12.7469 -0.839447 0
      vertex -12.5042 -0.389801 0
    endloop
  endfacet
  facet normal 0 0 -1
    outer loop
      vertex -12.5042 -0.389801 0
      vertex -12.7469 -0.839447 0
      vertex -12.5413 -0.415649 0
    endloop
  endfacet
  facet normal 0 0 -1
    outer loop
      vertex -12.7414 -0.931488 0
      vertex -12.5467 -1.29283 0
      vertex -12.6079 -1.23373 0
    endloop
  endfacet
  facet normal 0 -0 -1
    outer loop
      vertex -12.7452 -0.787415 0
      vertex -12.5413 -0.415649 0
      vertex -12.7469 -0.839447 0
    endloop
  endfacet
  facet normal 0 0 -1
    outer loop
      vertex -12.7414 -0.931488 0
      vertex -12.6079 -1.23373 0
      vertex -12.6579 -1.16806 0
    endloop
  endfacet
  facet normal 0 0 -1
    outer loop
      vertex -12.5413 -0.415649 0
      vertex -12.7452 -0.787415 0
      vertex -12.5756 -0.443161 0
    endloop
  endfacet
  facet normal 0 0 -1
    outer loop
      vertex -12.5756 -0.443161 0
      vertex -12.7452 -0.787415 0
      vertex -12.607 -0.472321 0
    endloop
  endfacet
  facet normal 0 0 -1
    outer loop
      vertex -12.7414 -0.931488 0
      vertex -12.6579 -1.16806 0
      vertex -12.6969 -1.09578 0
    endloop
  endfacet
  facet normal 0 -0 -1
    outer loop
      vertex -12.74 -0.738266 0
      vertex -12.607 -0.472321 0
      vertex -12.7452 -0.787415 0
    endloop
  endfacet
  facet normal 0 0 -1
    outer loop
      vertex -12.607 -0.472321 0
      vertex -12.74 -0.738266 0
      vertex -12.6357 -0.503159 0
    endloop
  endfacet
  facet normal 0 0 -1
    outer loop
      vertex -12.7414 -0.931488 0
      vertex -12.6969 -1.09578 0
      vertex -12.7247 -1.01692 0
    endloop
  endfacet
  facet normal 0 -0 -1
    outer loop
      vertex -12.7313 -0.691986 0
      vertex -12.6357 -0.503159 0
      vertex -12.74 -0.738266 0
    endloop
  endfacet
  facet normal 0 0 -1
    outer loop
      vertex -12.6615 -0.53566 0
      vertex -12.7313 -0.691986 0
      vertex -12.7191 -0.648575 0
    endloop
  endfacet
  facet normal 0 0 -1
    outer loop
      vertex -12.6357 -0.503159 0
      vertex -12.7313 -0.691986 0
      vertex -12.6615 -0.53566 0
    endloop
  endfacet
  facet normal 0 0 -1
    outer loop
      vertex -12.6615 -0.53566 0
      vertex -12.7191 -0.648575 0
      vertex -12.7034 -0.608063 0
    endloop
  endfacet
  facet normal 0 0 -1
    outer loop
      vertex -12.6615 -0.53566 0
      vertex -12.7034 -0.608063 0
      vertex -12.6842 -0.570419 0
    endloop
  endfacet
  facet normal 0 0 -1
    outer loop
      vertex -4.14714 -1.44434 0
      vertex -6.07843 -1.44434 0
      vertex -4.14714 1.95441 0
    endloop
  endfacet
  facet normal 0 0 -1
    outer loop
      vertex -1.23999 0.0448151 0
      vertex 0.241058 0.0610962 0
      vertex 0.233475 -0.139587 0
    endloop
  endfacet
  facet normal -0 0 -1
    outer loop
      vertex 0.241058 0.0610962 0
      vertex -1.23999 0.0448151 0
      vertex 0.233917 0.262115 0
    endloop
  endfacet
  facet normal 0 0 -1
    outer loop
      vertex -1.23999 0.0448151 0
      vertex 0.233475 -0.139587 0
      vertex 0.210724 -0.327835 0
    endloop
  endfacet
  facet normal -0 0 -1
    outer loop
      vertex 0.233917 0.262115 0
      vertex -1.23999 0.0448151 0
      vertex 0.212494 0.449799 0
    endloop
  endfacet
  facet normal 0 0 -1
    outer loop
      vertex -1.23999 -0.389175 0
      vertex 0.210724 -0.327835 0
      vertex 0.172806 -0.503616 0
    endloop
  endfacet
  facet normal -0 0 -1
    outer loop
      vertex 0.212494 0.449799 0
      vertex -1.23999 0.0448151 0
      vertex 0.176788 0.62413 0
    endloop
  endfacet
  facet normal 0 0 -1
    outer loop
      vertex -1.23999 -0.389175 0
      vertex 0.172806 -0.503616 0
      vertex 0.11972 -0.666946 0
    endloop
  endfacet
  facet normal -0 0 -1
    outer loop
      vertex 0.176788 0.62413 0
      vertex -1.23999 0.0448151 0
      vertex 0.126801 0.785141 0
    endloop
  endfacet
  facet normal 0 0 -1
    outer loop
      vertex -1.23999 -0.389175 0
      vertex 0.11972 -0.666946 0
      vertex 0.0514679 -0.817825 0
    endloop
  endfacet
  facet normal -0 0 -1
    outer loop
      vertex 0.126801 0.785141 0
      vertex -1.23999 0.0448151 0
      vertex 0.0625153 0.9328 0
    endloop
  endfacet
  facet normal 0 0 -1
    outer loop
      vertex -1.23999 -0.389175 0
      vertex 0.0514679 -0.817825 0
      vertex -0.0319672 -0.956253 0
    endloop
  endfacet
  facet normal -0 0 -1
    outer loop
      vertex 0.0625153 0.9328 0
      vertex -1.23999 0.0448151 0
      vertex -0.016037 1.06711 0
    endloop
  endfacet
  facet normal 0 0 -1
    outer loop
      vertex -1.23999 -0.389175 0
      vertex -0.0319672 -0.956253 0
      vertex -0.130554 -1.08221 0
    endloop
  endfacet
  facet normal -0 0 -1
    outer loop
      vertex -0.016037 1.06711 0
      vertex -1.23999 0.0448151 0
      vertex -0.108871 1.1881 0
    endloop
  endfacet
  facet normal 0 0 -1
    outer loop
      vertex -1.23999 -0.389175 0
      vertex -0.130554 -1.08221 0
      vertex -0.242538 -1.19339 0
    endloop
  endfacet
  facet normal -0 0 -1
    outer loop
      vertex -0.108871 1.1881 0
      vertex -1.23999 0.0448151 0
      vertex -0.21521 1.29425 0
    endloop
  endfacet
  facet normal 0 0 -1
    outer loop
      vertex -1.23999 -0.389175 0
      vertex -0.242538 -1.19339 0
      vertex -0.366165 -1.28748 0
    endloop
  endfacet
  facet normal -0 0 -1
    outer loop
      vertex -0.21521 1.29425 0
      vertex -1.23999 0.0448151 0
      vertex -0.33429 1.38406 0
    endloop
  endfacet
  facet normal 0 0 -1
    outer loop
      vertex -1.23999 -0.389175 0
      vertex -0.366165 -1.28748 0
      vertex -0.501404 -1.36446 0
    endloop
  endfacet
  facet normal -0 0 -1
    outer loop
      vertex -0.33429 1.38406 0
      vertex -1.23999 0.0448151 0
      vertex -0.466095 1.45757 0
    endloop
  endfacet
  facet normal 0 0 -1
    outer loop
      vertex -1.23999 -0.389175 0
      vertex -0.501404 -1.36446 0
      vertex -0.64827 -1.42432 0
    endloop
  endfacet
  facet normal -0 0 -1
    outer loop
      vertex -0.466095 1.45757 0
      vertex -1.23999 0.0448151 0
      vertex -0.610626 1.51472 0
    endloop
  endfacet
  facet normal 0 0 -1
    outer loop
      vertex -1.23999 -0.389175 0
      vertex -0.64827 -1.42432 0
      vertex -0.806763 -1.46709 0
    endloop
  endfacet
  facet normal -0 0 -1
    outer loop
      vertex -0.610626 1.51472 0
      vertex -1.23999 0.0448151 0
      vertex -0.767899 1.55554 0
    endloop
  endfacet
  facet normal 0 0 -1
    outer loop
      vertex -1.23999 -0.389175 0
      vertex -0.806763 -1.46709 0
      vertex -0.976883 -1.49274 0
    endloop
  endfacet
  facet normal -0 0 -1
    outer loop
      vertex -0.767899 1.55554 0
      vertex -1.23999 0.0448151 0
      vertex -0.937897 1.58005 0
    endloop
  endfacet
  facet normal 0 0 -1
    outer loop
      vertex -1.23999 -0.389175 0
      vertex -0.976883 -1.49274 0
      vertex -1.15863 -1.5013 0
    endloop
  endfacet
  facet normal -0 0 -1
    outer loop
      vertex -0.937897 1.58005 0
      vertex -1.23999 0.0448151 0
      vertex -1.12062 1.58821 0
    endloop
  endfacet
  facet normal -0 0 -1
    outer loop
      vertex 0.210724 -0.327835 0
      vertex -1.23999 -0.389175 0
      vertex -1.23999 0.0448151 0
    endloop
  endfacet
  facet normal 0 0 -1
    outer loop
      vertex -1.26456 -1.49896 0
      vertex -1.23999 -0.389175 0
      vertex -1.15863 -1.5013 0
    endloop
  endfacet
  facet normal 0 0 -1
    outer loop
      vertex -1.36842 -1.49199 0
      vertex -1.23999 -0.389175 0
      vertex -1.26456 -1.49896 0
    endloop
  endfacet
  facet normal 0 0 -1
    outer loop
      vertex -1.47025 -1.48036 0
      vertex -1.23999 -0.389175 0
      vertex -1.36842 -1.49199 0
    endloop
  endfacet
  facet normal 0 0 -1
    outer loop
      vertex -1.57002 -1.4641 0
      vertex -1.23999 -0.389175 0
      vertex -1.47025 -1.48036 0
    endloop
  endfacet
  facet normal 0 0 -1
    outer loop
      vertex -1.66776 -1.44318 0
      vertex -1.23999 -0.389175 0
      vertex -1.57002 -1.4641 0
    endloop
  endfacet
  facet normal 0 0 -1
    outer loop
      vertex -1.76344 -1.4176 0
      vertex -1.23999 -0.389175 0
      vertex -1.66776 -1.44318 0
    endloop
  endfacet
  facet normal 0 0 -1
    outer loop
      vertex -1.85707 -1.38737 0
      vertex -1.23999 -0.389175 0
      vertex -1.76344 -1.4176 0
    endloop
  endfacet
  facet normal 0 0 -1
    outer loop
      vertex -1.94716 -1.35316 0
      vertex -1.23999 -0.389175 0
      vertex -1.85707 -1.38737 0
    endloop
  endfacet
  facet normal 0 0 -1
    outer loop
      vertex -2.03223 -1.31563 0
      vertex -1.23999 -0.389175 0
      vertex -1.94716 -1.35316 0
    endloop
  endfacet
  facet normal 0 0 -1
    outer loop
      vertex -2.11224 -1.27478 0
      vertex -1.23999 -0.389175 0
      vertex -2.03223 -1.31563 0
    endloop
  endfacet
  facet normal 0 0 -1
    outer loop
      vertex -2.38194 -0.389175 0
      vertex -2.11224 -1.27478 0
      vertex -2.18723 -1.23061 0
    endloop
  endfacet
  facet normal 0 0 -1
    outer loop
      vertex -2.38194 -0.389175 0
      vertex -2.18723 -1.23061 0
      vertex -2.25717 -1.18312 0
    endloop
  endfacet
  facet normal 0 0 -1
    outer loop
      vertex -2.38194 -0.389175 0
      vertex -2.25717 -1.18312 0
      vertex -2.32208 -1.13231 0
    endloop
  endfacet
  facet normal 0 0 -1
    outer loop
      vertex -2.38194 -0.389175 0
      vertex -2.32208 -1.13231 0
      vertex -2.38194 -1.07817 0
    endloop
  endfacet
  facet normal 0 0 -1
    outer loop
      vertex -2.11224 -1.27478 0
      vertex -2.38194 -0.389175 0
      vertex -1.23999 -0.389175 0
    endloop
  endfacet
  facet normal 0 0 -1
    outer loop
      vertex -1.12062 1.58821 0
      vertex -1.23999 0.0448151 0
      vertex -1.23946 1.58517 0
    endloop
  endfacet
  facet normal 0 0 -1
    outer loop
      vertex -1.23999 0.0448151 0
      vertex -1.35258 1.57603 0
      vertex -1.23946 1.58517 0
    endloop
  endfacet
  facet normal 0 0 -1
    outer loop
      vertex -1.23999 0.0448151 0
      vertex -1.46001 1.56081 0
      vertex -1.35258 1.57603 0
    endloop
  endfacet
  facet normal 0 0 -1
    outer loop
      vertex -1.23999 0.0448151 0
      vertex -1.56172 1.53949 0
      vertex -1.46001 1.56081 0
    endloop
  endfacet
  facet normal 0 0 -1
    outer loop
      vertex -1.23999 0.0448151 0
      vertex -1.65775 1.51208 0
      vertex -1.56172 1.53949 0
    endloop
  endfacet
  facet normal 0 0 -1
    outer loop
      vertex -1.23999 0.0448151 0
      vertex -1.74806 1.47859 0
      vertex -1.65775 1.51208 0
    endloop
  endfacet
  facet normal 0 0 -1
    outer loop
      vertex -1.23999 0.0448151 0
      vertex -1.83267 1.43901 0
      vertex -1.74806 1.47859 0
    endloop
  endfacet
  facet normal 0 0 -1
    outer loop
      vertex -1.23999 0.0448151 0
      vertex -1.91191 1.39279 0
      vertex -1.83267 1.43901 0
    endloop
  endfacet
  facet normal 0 0 -1
    outer loop
      vertex -1.23999 0.0448151 0
      vertex -1.98611 1.33939 0
      vertex -1.91191 1.39279 0
    endloop
  endfacet
  facet normal 0 0 -1
    outer loop
      vertex -1.23999 0.0448151 0
      vertex -2.05528 1.27876 0
      vertex -1.98611 1.33939 0
    endloop
  endfacet
  facet normal 0 0 -1
    outer loop
      vertex -1.23999 0.0448151 0
      vertex -2.11942 1.21095 0
      vertex -2.05528 1.27876 0
    endloop
  endfacet
  facet normal 0 0 -1
    outer loop
      vertex -1.23999 0.0448151 0
      vertex -2.17851 1.13594 0
      vertex -2.11942 1.21095 0
    endloop
  endfacet
  facet normal 0 0 -1
    outer loop
      vertex -1.23999 0.0448151 0
      vertex -2.23256 1.05374 0
      vertex -2.17851 1.13594 0
    endloop
  endfacet
  facet normal 0 0 -1
    outer loop
      vertex -1.23999 0.0448151 0
      vertex -2.28159 0.964325 0
      vertex -2.23256 1.05374 0
    endloop
  endfacet
  facet normal 0 0 -1
    outer loop
      vertex -2.85934 0.0448151 0
      vertex -2.28159 0.964325 0
      vertex -1.23999 0.0448151 0
    endloop
  endfacet
  facet normal -0 0 -1
    outer loop
      vertex -2.28159 0.964325 0
      vertex -2.85934 0.0448151 0
      vertex -2.77527 1.11081 0
    endloop
  endfacet
  facet normal 0 0 -1
    outer loop
      vertex 5 -20 0
      vertex 0.767258 0.0610962 0
      vertex 5 20 0
    endloop
  endfacet
  facet normal 0 0 -1
    outer loop
      vertex 5 -20 0
      vertex 0.762573 -0.109253 0
      vertex 0.767258 0.0610962 0
    endloop
  endfacet
  facet normal 0 0 -1
    outer loop
      vertex 5 -20 0
      vertex 0.748535 -0.273132 0
      vertex 0.762573 -0.109253 0
    endloop
  endfacet
  facet normal 0 0 -1
    outer loop
      vertex 5 -20 0
      vertex 0.725159 -0.430542 0
      vertex 0.748535 -0.273132 0
    endloop
  endfacet
  facet normal 0 0 -1
    outer loop
      vertex 5 -20 0
      vertex 0.692413 -0.581482 0
      vertex 0.725159 -0.430542 0
    endloop
  endfacet
  facet normal 0 0 -1
    outer loop
      vertex 5 -20 0
      vertex 0.650314 -0.725937 0
      vertex 0.692413 -0.581482 0
    endloop
  endfacet
  facet normal 0 0 -1
    outer loop
      vertex 5 -20 0
      vertex 0.598862 -0.863907 0
      vertex 0.650314 -0.725937 0
    endloop
  endfacet
  facet normal 0 0 -1
    outer loop
      vertex 5 -20 0
      vertex 0.538055 -0.995407 0
      vertex 0.598862 -0.863907 0
    endloop
  endfacet
  facet normal 0 0 -1
    outer loop
      vertex 5 -20 0
      vertex 0.468384 -1.11938 0
      vertex 0.538055 -0.995407 0
    endloop
  endfacet
  facet normal 0 0 -1
    outer loop
      vertex 5 -20 0
      vertex 0.390366 -1.23477 0
      vertex 0.468384 -1.11938 0
    endloop
  endfacet
  facet normal 0 0 -1
    outer loop
      vertex 5 -20 0
      vertex 0.303986 -1.3416 0
      vertex 0.390366 -1.23477 0
    endloop
  endfacet
  facet normal 0 0 -1
    outer loop
      vertex 5 -20 0
      vertex 0.209244 -1.43983 0
      vertex 0.303986 -1.3416 0
    endloop
  endfacet
  facet normal 0 0 -1
    outer loop
      vertex 5 -20 0
      vertex 0.10614 -1.52948 0
      vertex 0.209244 -1.43983 0
    endloop
  endfacet
  facet normal 0 0 -1
    outer loop
      vertex 5 -20 0
      vertex -0.00532532 -1.61055 0
      vertex 0.10614 -1.52948 0
    endloop
  endfacet
  facet normal 0 0 -1
    outer loop
      vertex 5 -20 0
      vertex -0.125153 -1.68306 0
      vertex -0.00532532 -1.61055 0
    endloop
  endfacet
  facet normal 0 0 -1
    outer loop
      vertex 5 -20 0
      vertex -0.252518 -1.74637 0
      vertex -0.125153 -1.68306 0
    endloop
  endfacet
  facet normal 0 0 -1
    outer loop
      vertex 5 -20 0
      vertex -0.386658 -1.79996 0
      vertex -0.252518 -1.74637 0
    endloop
  endfacet
  facet normal 0 0 -1
    outer loop
      vertex 5 -20 0
      vertex -0.527542 -1.8438 0
      vertex -0.386658 -1.79996 0
    endloop
  endfacet
  facet normal 0 0 -1
    outer loop
      vertex 5 -20 0
      vertex -0.675186 -1.8779 0
      vertex -0.527542 -1.8438 0
    endloop
  endfacet
  facet normal 0 0 -1
    outer loop
      vertex 5 -20 0
      vertex -0.829575 -1.90225 0
      vertex -0.675186 -1.8779 0
    endloop
  endfacet
  facet normal 0 0 -1
    outer loop
      vertex 5 -20 0
      vertex -0.990723 -1.91685 0
      vertex -0.829575 -1.90225 0
    endloop
  endfacet
  facet normal 0 0 -1
    outer loop
      vertex 5 -20 0
      vertex -1.15863 -1.92174 0
      vertex -0.990723 -1.91685 0
    endloop
  endfacet
  facet normal 0 0 -1
    outer loop
      vertex 5 -20 0
      vertex -1.30435 -1.91827 0
      vertex -1.15863 -1.92174 0
    endloop
  endfacet
  facet normal 0 0 -1
    outer loop
      vertex 5 -20 0
      vertex -1.44702 -1.9079 0
      vertex -1.30435 -1.91827 0
    endloop
  endfacet
  facet normal 0 0 -1
    outer loop
      vertex -3.62907 -1.86749 0
      vertex -1.44702 -1.9079 0
      vertex 5 -20 0
    endloop
  endfacet
  facet normal 0 0 -1
    outer loop
      vertex -1.44702 -1.9079 0
      vertex -3.62907 -1.86749 0
      vertex -1.58667 -1.89059 0
    endloop
  endfacet
  facet normal 0 0 -1
    outer loop
      vertex -1.58667 -1.89059 0
      vertex -3.62907 -1.86749 0
      vertex -1.72325 -1.86638 0
    endloop
  endfacet
  facet normal -0 0 -1
    outer loop
      vertex -1.72325 -1.86638 0
      vertex -3.62907 -1.86749 0
      vertex -1.8568 -1.83524 0
    endloop
  endfacet
  facet normal -0 0 -1
    outer loop
      vertex -1.8568 -1.83524 0
      vertex -3.62907 -1.86749 0
      vertex -1.98729 -1.79718 0
    endloop
  endfacet
  facet normal -0 0 -1
    outer loop
      vertex -1.98729 -1.79718 0
      vertex -3.62907 -1.86749 0
      vertex -2.11475 -1.75221 0
    endloop
  endfacet
  facet normal -0 0 -1
    outer loop
      vertex -2.11475 -1.75221 0
      vertex -3.62907 -1.86749 0
      vertex -2.2379 -1.70093 0
    endloop
  endfacet
  facet normal -0 0 -1
    outer loop
      vertex -2.2379 -1.70093 0
      vertex -3.62907 -1.86749 0
      vertex -2.35545 -1.64394 0
    endloop
  endfacet
  facet normal -0 0 -1
    outer loop
      vertex -2.35545 -1.64394 0
      vertex -3.62907 -1.86749 0
      vertex -2.46741 -1.58125 0
    endloop
  endfacet
  facet normal -0 0 -1
    outer loop
      vertex -2.46741 -1.58125 0
      vertex -3.62907 -1.86749 0
      vertex -2.57379 -1.51285 0
    endloop
  endfacet
  facet normal -0 0 -1
    outer loop
      vertex -2.57379 -1.51285 0
      vertex -3.62907 -1.86749 0
      vertex -2.67456 -1.43875 0
    endloop
  endfacet
  facet normal -0 0 -1
    outer loop
      vertex -2.67456 -1.43875 0
      vertex -3.62907 -1.86749 0
      vertex -2.76974 -1.35895 0
    endloop
  endfacet
  facet normal -0 0 -1
    outer loop
      vertex -2.85934 -1.27345 0
      vertex -3.62907 -1.86749 0
      vertex -2.85934 0.0448151 0
    endloop
  endfacet
  facet normal -0 0 -1
    outer loop
      vertex -2.76974 -1.35895 0
      vertex -3.62907 -1.86749 0
      vertex -2.85934 -1.27345 0
    endloop
  endfacet
  facet normal 0 0 -1
    outer loop
      vertex 5 -20 0
      vertex -6.07843 -1.86749 0
      vertex -3.62907 -1.86749 0
    endloop
  endfacet
  facet normal 0 0 -1
    outer loop
      vertex -6.07843 -1.86749 0
      vertex -6.20149 -1.86749 0
      vertex -6.07843 -1.44434 0
    endloop
  endfacet
  facet normal 0 0 -1
    outer loop
      vertex 5 -20 0
      vertex -6.20149 -1.86749 0
      vertex -6.07843 -1.86749 0
    endloop
  endfacet
  facet normal 0 0 -1
    outer loop
      vertex 5 -20 0
      vertex -6.73857 -1.86749 0
      vertex -6.20149 -1.86749 0
    endloop
  endfacet
  facet normal 0 0 -1
    outer loop
      vertex -6.73857 -1.86749 0
      vertex -8.9194 -0.749939 0
      vertex -7.17801 -0.749939 0
    endloop
  endfacet
  facet normal 0 0 -1
    outer loop
      vertex -9.35611 -1.86749 0
      vertex -6.73857 -1.86749 0
      vertex 5 -20 0
    endloop
  endfacet
  facet normal 0 0 -1
    outer loop
      vertex -6.73857 -1.86749 0
      vertex -9.35611 -1.86749 0
      vertex -8.9194 -0.749939 0
    endloop
  endfacet
  facet normal 0 0 -1
    outer loop
      vertex -21 -20 0
      vertex -9.35611 -1.86749 0
      vertex 5 -20 0
    endloop
  endfacet
  facet normal 0 0 -1
    outer loop
      vertex -9.88507 -1.86749 0
      vertex -10.1491 -1.20828 0
      vertex -10.0616 -0.950653 0
    endloop
  endfacet
  facet normal 0 0 -1
    outer loop
      vertex -9.88507 -1.86749 0
      vertex -10.2846 -1.42628 0
      vertex -10.1491 -1.20828 0
    endloop
  endfacet
  facet normal -0 0 -1
    outer loop
      vertex -9.35611 -1.86749 0
      vertex -21 -20 0
      vertex -9.88507 -1.86749 0
    endloop
  endfacet
  facet normal 0 0 -1
    outer loop
      vertex -9.88507 -1.86749 0
      vertex -10.468 -1.60464 0
      vertex -10.2846 -1.42628 0
    endloop
  endfacet
  facet normal 0 0 -1
    outer loop
      vertex -9.88507 -1.86749 0
      vertex -10.6993 -1.74338 0
      vertex -10.468 -1.60464 0
    endloop
  endfacet
  facet normal 0 0 -1
    outer loop
      vertex -9.88507 -1.86749 0
      vertex -10.9786 -1.84245 0
      vertex -10.6993 -1.74338 0
    endloop
  endfacet
  facet normal 0 -0 -1
    outer loop
      vertex -11.3058 -1.90192 0
      vertex -9.88507 -1.86749 0
      vertex -21 -20 0
    endloop
  endfacet
  facet normal -0 0 -1
    outer loop
      vertex -9.88507 -1.86749 0
      vertex -11.3058 -1.90192 0
      vertex -10.9786 -1.84245 0
    endloop
  endfacet
  facet normal 0 0 -1
    outer loop
      vertex -11.3058 -1.90192 0
      vertex -21 -20 0
      vertex -11.681 -1.92174 0
    endloop
  endfacet
  facet normal -0 0 -1
    outer loop
      vertex -11.681 -1.92174 0
      vertex -21 -20 0
      vertex -11.8887 -1.9158 0
    endloop
  endfacet
  facet normal -0 0 -1
    outer loop
      vertex -11.8887 -1.9158 0
      vertex -21 -20 0
      vertex -12.0827 -1.89804 0
    endloop
  endfacet
  facet normal 0 -0 -1
    outer loop
      vertex -14.9245 -1.90192 0
      vertex -12.0827 -1.89804 0
      vertex -21 -20 0
    endloop
  endfacet
  facet normal -0 0 -1
    outer loop
      vertex -12.0827 -1.89804 0
      vertex -14.9245 -1.90192 0
      vertex -12.2629 -1.86842 0
    endloop
  endfacet
  facet normal 0 -0 -1
    outer loop
      vertex -14.5972 -1.84245 0
      vertex -12.2629 -1.86842 0
      vertex -14.9245 -1.90192 0
    endloop
  endfacet
  facet normal 0 0 -1
    outer loop
      vertex -12.2629 -1.86842 0
      vertex -14.5972 -1.84245 0
      vertex -12.4294 -1.82697 0
    endloop
  endfacet
  facet normal 0 -0 -1
    outer loop
      vertex -14.318 -1.74338 0
      vertex -12.582 -1.77365 0
      vertex -14.5972 -1.84245 0
    endloop
  endfacet
  facet normal 0 0 -1
    outer loop
      vertex -13.2512 -0.958588 0
      vertex -13.6803 -0.950653 0
      vertex -13.2596 -0.812332 0
    endloop
  endfacet
  facet normal 0 0 -1
    outer loop
      vertex -13.2259 -1.09509 0
      vertex -13.6803 -0.950653 0
      vertex -13.2512 -0.958588 0
    endloop
  endfacet
  facet normal 0 0 -1
    outer loop
      vertex -13.7678 -1.20828 0
      vertex -13.2259 -1.09509 0
      vertex -13.1836 -1.22185 0
    endloop
  endfacet
  facet normal 0 0 -1
    outer loop
      vertex -13.7678 -1.20828 0
      vertex -13.1836 -1.22185 0
      vertex -13.1245 -1.33888 0
    endloop
  endfacet
  facet normal 0 0 -1
    outer loop
      vertex -13.9032 -1.42628 0
      vertex -13.1245 -1.33888 0
      vertex -13.0486 -1.44615 0
    endloop
  endfacet
  facet normal 0 0 -1
    outer loop
      vertex -13.9032 -1.42628 0
      vertex -13.0486 -1.44615 0
      vertex -12.9557 -1.5437 0
    endloop
  endfacet
  facet normal 0 0 -1
    outer loop
      vertex -12.582 -1.77365 0
      vertex -14.318 -1.74338 0
      vertex -12.7209 -1.7085 0
    endloop
  endfacet
  facet normal -0 0 -1
    outer loop
      vertex -13.2259 -1.09509 0
      vertex -13.7678 -1.20828 0
      vertex -13.6803 -0.950653 0
    endloop
  endfacet
  facet normal -0 0 -1
    outer loop
      vertex -13.1245 -1.33888 0
      vertex -13.9032 -1.42628 0
      vertex -13.7678 -1.20828 0
    endloop
  endfacet
  facet normal -0 0 -1
    outer loop
      vertex -12.9557 -1.5437 0
      vertex -14.0866 -1.60464 0
      vertex -13.9032 -1.42628 0
    endloop
  endfacet
  facet normal 0 0 -1
    outer loop
      vertex -12.8459 -1.63148 0
      vertex -14.0866 -1.60464 0
      vertex -12.9557 -1.5437 0
    endloop
  endfacet
  facet normal 0 -0 -1
    outer loop
      vertex -14.0866 -1.60464 0
      vertex -12.7209 -1.7085 0
      vertex -14.318 -1.74338 0
    endloop
  endfacet
  facet normal 0 0 -1
    outer loop
      vertex -12.7209 -1.7085 0
      vertex -14.0866 -1.60464 0
      vertex -12.8459 -1.63148 0
    endloop
  endfacet
  facet normal -0 0 -1
    outer loop
      vertex -12.4294 -1.82697 0
      vertex -14.5972 -1.84245 0
      vertex -12.582 -1.77365 0
    endloop
  endfacet
  facet normal 0 0 -1
    outer loop
      vertex -14.9245 -1.90192 0
      vertex -21 -20 0
      vertex -15.2996 -1.92174 0
    endloop
  endfacet
  facet normal -0 0 -1
    outer loop
      vertex -15.2996 -1.92174 0
      vertex -21 -20 0
      vertex -15.5074 -1.9158 0
    endloop
  endfacet
  facet normal -0 0 -1
    outer loop
      vertex -15.5074 -1.9158 0
      vertex -21 -20 0
      vertex -15.7014 -1.89804 0
    endloop
  endfacet
  facet normal -0 0 -1
    outer loop
      vertex -15.7014 -1.89804 0
      vertex -21 -20 0
      vertex -15.8816 -1.86842 0
    endloop
  endfacet
  facet normal -0 0 -1
    outer loop
      vertex -15.8816 -1.86842 0
      vertex -21 -20 0
      vertex -16.048 -1.82697 0
    endloop
  endfacet
  facet normal -0 0 -1
    outer loop
      vertex -16.048 -1.82697 0
      vertex -21 -20 0
      vertex -16.2007 -1.77365 0
    endloop
  endfacet
  facet normal -0 0 -1
    outer loop
      vertex -16.2007 -1.77365 0
      vertex -21 -20 0
      vertex -16.3395 -1.7085 0
    endloop
  endfacet
  facet normal -0 0 -1
    outer loop
      vertex -16.3395 -1.7085 0
      vertex -21 -20 0
      vertex -16.4646 -1.63148 0
    endloop
  endfacet
  facet normal -0 0 -1
    outer loop
      vertex -16.8699 -0.958588 0
      vertex -21 -20 0
      vertex -16.8783 -0.812332 0
    endloop
  endfacet
  facet normal -0 0 -1
    outer loop
      vertex -16.8445 -1.09509 0
      vertex -21 -20 0
      vertex -16.8699 -0.958588 0
    endloop
  endfacet
  facet normal -0 0 -1
    outer loop
      vertex -16.8023 -1.22185 0
      vertex -21 -20 0
      vertex -16.8445 -1.09509 0
    endloop
  endfacet
  facet normal -0 0 -1
    outer loop
      vertex -16.7432 -1.33888 0
      vertex -21 -20 0
      vertex -16.8023 -1.22185 0
    endloop
  endfacet
  facet normal -0 0 -1
    outer loop
      vertex -16.6672 -1.44615 0
      vertex -21 -20 0
      vertex -16.7432 -1.33888 0
    endloop
  endfacet
  facet normal -0 0 -1
    outer loop
      vertex -16.5744 -1.5437 0
      vertex -21 -20 0
      vertex -16.6672 -1.44615 0
    endloop
  endfacet
  facet normal -0 0 -1
    outer loop
      vertex -16.4646 -1.63148 0
      vertex -21 -20 0
      vertex -16.5744 -1.5437 0
    endloop
  endfacet
  facet normal 0 0 -1
    outer loop
      vertex 0.757065 0.318329 0
      vertex 5 20 0
      vertex 0.767258 0.0610962 0
    endloop
  endfacet
  facet normal 0 0 -1
    outer loop
      vertex 0.726517 0.558411 0
      vertex 5 20 0
      vertex 0.757065 0.318329 0
    endloop
  endfacet
  facet normal 0 0 -1
    outer loop
      vertex 0.675583 0.781326 0
      vertex 5 20 0
      vertex 0.726517 0.558411 0
    endloop
  endfacet
  facet normal 0 0 -1
    outer loop
      vertex 0.604294 0.987091 0
      vertex 5 20 0
      vertex 0.675583 0.781326 0
    endloop
  endfacet
  facet normal 0 0 -1
    outer loop
      vertex 0.512619 1.17569 0
      vertex 5 20 0
      vertex 0.604294 0.987091 0
    endloop
  endfacet
  facet normal 0 0 -1
    outer loop
      vertex 0.400589 1.34714 0
      vertex 5 20 0
      vertex 0.512619 1.17569 0
    endloop
  endfacet
  facet normal 0 0 -1
    outer loop
      vertex 0.268173 1.50142 0
      vertex 5 20 0
      vertex 0.400589 1.34714 0
    endloop
  endfacet
  facet normal 0 0 -1
    outer loop
      vertex 0.117325 1.6367 0
      vertex 5 20 0
      vertex 0.268173 1.50142 0
    endloop
  endfacet
  facet normal 0 0 -1
    outer loop
      vertex -0.0500336 1.75119 0
      vertex 5 20 0
      vertex 0.117325 1.6367 0
    endloop
  endfacet
  facet normal 0 0 -1
    outer loop
      vertex -0.233871 1.84485 0
      vertex 5 20 0
      vertex -0.0500336 1.75119 0
    endloop
  endfacet
  facet normal 0 0 -1
    outer loop
      vertex -0.434204 1.91771 0
      vertex 5 20 0
      vertex -0.233871 1.84485 0
    endloop
  endfacet
  facet normal 0 0 -1
    outer loop
      vertex -0.651047 1.96974 0
      vertex 5 20 0
      vertex -0.434204 1.91771 0
    endloop
  endfacet
  facet normal 0 0 -1
    outer loop
      vertex -0.884369 2.00096 0
      vertex 5 20 0
      vertex -0.651047 1.96974 0
    endloop
  endfacet
  facet normal 0 0 -1
    outer loop
      vertex -1.13419 2.01137 0
      vertex 5 20 0
      vertex -0.884369 2.00096 0
    endloop
  endfacet
  facet normal 0 0 -1
    outer loop
      vertex -1.31067 2.007 0
      vertex 5 20 0
      vertex -1.13419 2.01137 0
    endloop
  endfacet
  facet normal 0 0 -1
    outer loop
      vertex -1.4774 1.99388 0
      vertex 5 20 0
      vertex -1.31067 2.007 0
    endloop
  endfacet
  facet normal 0 0 -1
    outer loop
      vertex -3.62907 1.95441 0
      vertex -1.4774 1.99388 0
      vertex -1.6344 1.97202 0
    endloop
  endfacet
  facet normal 0 0 -1
    outer loop
      vertex -3.62907 1.95441 0
      vertex -1.6344 1.97202 0
      vertex -1.78165 1.94141 0
    endloop
  endfacet
  facet normal 0 0 -1
    outer loop
      vertex -3.62907 1.95441 0
      vertex -1.78165 1.94141 0
      vertex -1.91916 1.90204 0
    endloop
  endfacet
  facet normal 0 0 -1
    outer loop
      vertex -3.62907 1.95441 0
      vertex -1.91916 1.90204 0
      vertex -2.04692 1.85394 0
    endloop
  endfacet
  facet normal 0 0 -1
    outer loop
      vertex -3.62907 1.95441 0
      vertex -2.04692 1.85394 0
      vertex -2.16495 1.79709 0
    endloop
  endfacet
  facet normal 0 0 -1
    outer loop
      vertex -3.62907 1.95441 0
      vertex -2.16495 1.79709 0
      vertex -2.2744 1.73061 0
    endloop
  endfacet
  facet normal 0 0 -1
    outer loop
      vertex -3.62907 1.95441 0
      vertex -2.2744 1.73061 0
      vertex -2.37642 1.65361 0
    endloop
  endfacet
  facet normal 0 0 -1
    outer loop
      vertex -3.62907 1.95441 0
      vertex -2.37642 1.65361 0
      vertex -2.47102 1.56609 0
    endloop
  endfacet
  facet normal 0 0 -1
    outer loop
      vertex -3.62907 1.95441 0
      vertex -2.47102 1.56609 0
      vertex -2.55821 1.46805 0
    endloop
  endfacet
  facet normal 0 0 -1
    outer loop
      vertex -3.62907 1.95441 0
      vertex -2.55821 1.46805 0
      vertex -2.63799 1.35948 0
    endloop
  endfacet
  facet normal 0 0 -1
    outer loop
      vertex -3.62907 1.95441 0
      vertex -2.63799 1.35948 0
      vertex -2.71034 1.24042 0
    endloop
  endfacet
  facet normal 0 0 -1
    outer loop
      vertex -3.62907 1.95441 0
      vertex -2.71034 1.24042 0
      vertex -2.77527 1.11081 0
    endloop
  endfacet
  facet normal 0 0 -1
    outer loop
      vertex -3.62907 1.95441 0
      vertex -2.85934 0.0448151 0
      vertex -3.62907 -1.86749 0
    endloop
  endfacet
  facet normal 0 0 -1
    outer loop
      vertex -2.85934 0.0448151 0
      vertex -3.62907 1.95441 0
      vertex -2.77527 1.11081 0
    endloop
  endfacet
  facet normal -0 0 -1
    outer loop
      vertex -1.4774 1.99388 0
      vertex -3.62907 1.95441 0
      vertex 5 20 0
    endloop
  endfacet
  facet normal 0 0 -1
    outer loop
      vertex -4.14714 1.95441 0
      vertex 5 20 0
      vertex -3.62907 1.95441 0
    endloop
  endfacet
  facet normal 0 0 -1
    outer loop
      vertex -7.76117 1.95441 0
      vertex -4.14714 1.95441 0
      vertex -6.07843 -1.44434 0
    endloop
  endfacet
  facet normal 0 0 -1
    outer loop
      vertex -7.76117 1.95441 0
      vertex -6.07843 -1.44434 0
      vertex -6.20149 -1.86749 0
    endloop
  endfacet
  facet normal 0 0 -1
    outer loop
      vertex -4.14714 1.95441 0
      vertex -7.76117 1.95441 0
      vertex 5 20 0
    endloop
  endfacet
  facet normal 0 0 -1
    outer loop
      vertex -8.34979 1.95441 0
      vertex 5 20 0
      vertex -7.76117 1.95441 0
    endloop
  endfacet
  facet normal 0 0 -1
    outer loop
      vertex -10.0616 -0.950653 0
      vertex -8.34979 1.95441 0
      vertex -9.88507 -1.86749 0
    endloop
  endfacet
  facet normal 0 0 -1
    outer loop
      vertex -10.2934 0.657242 0
      vertex -8.34979 1.95441 0
      vertex -10.0616 -0.950653 0
    endloop
  endfacet
  facet normal 0 0 -1
    outer loop
      vertex -10.2483 1.12445 0
      vertex -8.34979 1.95441 0
      vertex -10.2406 0.98877 0
    endloop
  endfacet
  facet normal 0 0 -1
    outer loop
      vertex -10.2713 1.25095 0
      vertex -8.34979 1.95441 0
      vertex -10.2483 1.12445 0
    endloop
  endfacet
  facet normal 0 0 -1
    outer loop
      vertex -10.3096 1.36824 0
      vertex -8.34979 1.95441 0
      vertex -10.2713 1.25095 0
    endloop
  endfacet
  facet normal 0 0 -1
    outer loop
      vertex -10.3633 1.47635 0
      vertex -8.34979 1.95441 0
      vertex -10.3096 1.36824 0
    endloop
  endfacet
  facet normal 0 0 -1
    outer loop
      vertex -10.4323 1.57527 0
      vertex -8.34979 1.95441 0
      vertex -10.3633 1.47635 0
    endloop
  endfacet
  facet normal 0 0 -1
    outer loop
      vertex -10.5166 1.66499 0
      vertex -8.34979 1.95441 0
      vertex -10.4323 1.57527 0
    endloop
  endfacet
  facet normal 0 0 -1
    outer loop
      vertex -10.6163 1.74553 0
      vertex -8.34979 1.95441 0
      vertex -10.5166 1.66499 0
    endloop
  endfacet
  facet normal 0 0 -1
    outer loop
      vertex -10.7302 1.81606 0
      vertex -8.34979 1.95441 0
      vertex -10.6163 1.74553 0
    endloop
  endfacet
  facet normal 0 0 -1
    outer loop
      vertex -10.8574 1.87573 0
      vertex -8.34979 1.95441 0
      vertex -10.7302 1.81606 0
    endloop
  endfacet
  facet normal 0 0 -1
    outer loop
      vertex -10.9978 1.92456 0
      vertex -8.34979 1.95441 0
      vertex -10.8574 1.87573 0
    endloop
  endfacet
  facet normal 0 0 -1
    outer loop
      vertex -11.1515 1.96254 0
      vertex -8.34979 1.95441 0
      vertex -10.9978 1.92456 0
    endloop
  endfacet
  facet normal 0 0 -1
    outer loop
      vertex -11.3183 1.98967 0
      vertex -8.34979 1.95441 0
      vertex -11.1515 1.96254 0
    endloop
  endfacet
  facet normal 0 0 -1
    outer loop
      vertex -8.34979 1.95441 0
      vertex -11.3183 1.98967 0
      vertex -21 20 0
    endloop
  endfacet
  facet normal 0 0 -1
    outer loop
      vertex -21 20 0
      vertex -11.3183 1.98967 0
      vertex -11.4984 2.00595 0
    endloop
  endfacet
  facet normal 0 0 -1
    outer loop
      vertex -21 20 0
      vertex -11.4984 2.00595 0
      vertex -11.6918 2.01137 0
    endloop
  endfacet
  facet normal 0 0 -1
    outer loop
      vertex -21 20 0
      vertex -11.6918 2.01137 0
      vertex -11.8715 2.00731 0
    endloop
  endfacet
  facet normal 0 0 -1
    outer loop
      vertex -21 20 0
      vertex -11.8715 2.00731 0
      vertex -12.0388 1.9951 0
    endloop
  endfacet
  facet normal 0 0 -1
    outer loop
      vertex -21 20 0
      vertex -12.0388 1.9951 0
      vertex -12.1935 1.97475 0
    endloop
  endfacet
  facet normal 0 0 -1
    outer loop
      vertex -14.7701 1.96254 0
      vertex -12.1935 1.97475 0
      vertex -12.3357 1.94626 0
    endloop
  endfacet
  facet normal 0 0 -1
    outer loop
      vertex -14.6165 1.92456 0
      vertex -12.3357 1.94626 0
      vertex -12.4654 1.90964 0
    endloop
  endfacet
  facet normal 0 0 -1
    outer loop
      vertex -14.4761 1.87573 0
      vertex -12.4654 1.90964 0
      vertex -12.5826 1.86487 0
    endloop
  endfacet
  facet normal 0 0 -1
    outer loop
      vertex -14.3489 1.81606 0
      vertex -12.5826 1.86487 0
      vertex -12.6873 1.81197 0
    endloop
  endfacet
  facet normal 0 0 -1
    outer loop
      vertex -14.2349 1.74553 0
      vertex -12.6873 1.81197 0
      vertex -12.7815 1.74928 0
    endloop
  endfacet
  facet normal 0 0 -1
    outer loop
      vertex -14.1353 1.66499 0
      vertex -12.7815 1.74928 0
      vertex -12.8673 1.67514 0
    endloop
  endfacet
  facet normal 0 0 -1
    outer loop
      vertex -14.2242 0.251465 0
      vertex -13.2168 -0.494125 0
      vertex -14.1821 -0.850296 0
    endloop
  endfacet
  facet normal 0 0 -1
    outer loop
      vertex -14.1821 -0.850296 0
      vertex -13.2168 -0.494125 0
      vertex -13.6803 -0.950653 0
    endloop
  endfacet
  facet normal 0 0 -1
    outer loop
      vertex -13.6803 -0.950653 0
      vertex -13.2168 -0.494125 0
      vertex -13.2299 -0.541626 0
    endloop
  endfacet
  facet normal 0 0 -1
    outer loop
      vertex -13.6803 -0.950653 0
      vertex -13.2299 -0.541626 0
      vertex -13.2406 -0.591339 0
    endloop
  endfacet
  facet normal 0 0 -1
    outer loop
      vertex -13.6803 -0.950653 0
      vertex -13.2406 -0.591339 0
      vertex -13.2489 -0.643265 0
    endloop
  endfacet
  facet normal 0 0 -1
    outer loop
      vertex -13.6803 -0.950653 0
      vertex -13.2489 -0.643265 0
      vertex -13.2549 -0.697403 0
    endloop
  endfacet
  facet normal 0 0 -1
    outer loop
      vertex -13.6803 -0.950653 0
      vertex -13.2549 -0.697403 0
      vertex -13.2584 -0.753754 0
    endloop
  endfacet
  facet normal 0 0 -1
    outer loop
      vertex -13.6803 -0.950653 0
      vertex -13.2584 -0.753754 0
      vertex -13.2596 -0.812332 0
    endloop
  endfacet
  facet normal 0 0 -1
    outer loop
      vertex -13.2168 -0.494125 0
      vertex -14.2242 0.251465 0
      vertex -13.2013 -0.448853 0
    endloop
  endfacet
  facet normal 0 0 -1
    outer loop
      vertex -12.9101 -0.0616302 0
      vertex -13.8607 0.928528 0
      vertex -13.1701 1.13254 0
    endloop
  endfacet
  facet normal 0 0 -1
    outer loop
      vertex -13.8669 1.12445 0
      vertex -13.1701 1.13254 0
      vertex -13.8593 0.98877 0
    endloop
  endfacet
  facet normal 0 0 -1
    outer loop
      vertex -13.8899 1.25095 0
      vertex -13.1701 1.13254 0
      vertex -13.8669 1.12445 0
    endloop
  endfacet
  facet normal 0 0 -1
    outer loop
      vertex -13.1701 1.13254 0
      vertex -13.8899 1.25095 0
      vertex -13.1264 1.26396 0
    endloop
  endfacet
  facet normal 0 0 -1
    outer loop
      vertex -13.9283 1.36824 0
      vertex -13.1264 1.26396 0
      vertex -13.8899 1.25095 0
    endloop
  endfacet
  facet normal 0 0 -1
    outer loop
      vertex -13.1264 1.26396 0
      vertex -13.9283 1.36824 0
      vertex -13.0742 1.38394 0
    endloop
  endfacet
  facet normal 0 0 -1
    outer loop
      vertex -13.9819 1.47635 0
      vertex -13.0742 1.38394 0
      vertex -13.9283 1.36824 0
    endloop
  endfacet
  facet normal 0 0 -1
    outer loop
      vertex -13.0742 1.38394 0
      vertex -13.9819 1.47635 0
      vertex -13.0137 1.49246 0
    endloop
  endfacet
  facet normal 0 0 -1
    outer loop
      vertex -14.0509 1.57527 0
      vertex -13.0137 1.49246 0
      vertex -13.9819 1.47635 0
    endloop
  endfacet
  facet normal 0 0 -1
    outer loop
      vertex -13.0137 1.49246 0
      vertex -14.0509 1.57527 0
      vertex -12.9447 1.58954 0
    endloop
  endfacet
  facet normal -0 0 -1
    outer loop
      vertex -12.9447 1.58954 0
      vertex -14.0509 1.57527 0
      vertex -12.8673 1.67514 0
    endloop
  endfacet
  facet normal 0 0 -1
    outer loop
      vertex -14.1353 1.66499 0
      vertex -12.8673 1.67514 0
      vertex -14.0509 1.57527 0
    endloop
  endfacet
  facet normal 0 0 -1
    outer loop
      vertex -12.7815 1.74928 0
      vertex -14.1353 1.66499 0
      vertex -14.2349 1.74553 0
    endloop
  endfacet
  facet normal -0 0 -1
    outer loop
      vertex -12.6873 1.81197 0
      vertex -14.2349 1.74553 0
      vertex -14.3489 1.81606 0
    endloop
  endfacet
  facet normal -0 0 -1
    outer loop
      vertex -12.5826 1.86487 0
      vertex -14.3489 1.81606 0
      vertex -14.4761 1.87573 0
    endloop
  endfacet
  facet normal -0 0 -1
    outer loop
      vertex -12.4654 1.90964 0
      vertex -14.4761 1.87573 0
      vertex -14.6165 1.92456 0
    endloop
  endfacet
  facet normal -0 0 -1
    outer loop
      vertex -12.3357 1.94626 0
      vertex -14.6165 1.92456 0
      vertex -14.7701 1.96254 0
    endloop
  endfacet
  facet normal -0 0 -1
    outer loop
      vertex -12.1935 1.97475 0
      vertex -14.7701 1.96254 0
      vertex -14.937 1.98967 0
    endloop
  endfacet
  facet normal 0 0 -1
    outer loop
      vertex -12.1935 1.97475 0
      vertex -14.937 1.98967 0
      vertex -21 20 0
    endloop
  endfacet
  facet normal 0 0 -1
    outer loop
      vertex -21 20 0
      vertex -14.937 1.98967 0
      vertex -15.1171 2.00595 0
    endloop
  endfacet
  facet normal 0 0 -1
    outer loop
      vertex -21 20 0
      vertex -15.1171 2.00595 0
      vertex -15.3105 2.01137 0
    endloop
  endfacet
  facet normal 0 0 -1
    outer loop
      vertex -21 20 0
      vertex -15.3105 2.01137 0
      vertex -15.4902 2.00731 0
    endloop
  endfacet
  facet normal 0 0 -1
    outer loop
      vertex -21 20 0
      vertex -15.4902 2.00731 0
      vertex -15.6574 1.9951 0
    endloop
  endfacet
  facet normal 0 0 -1
    outer loop
      vertex -21 20 0
      vertex -15.6574 1.9951 0
      vertex -15.8122 1.97475 0
    endloop
  endfacet
  facet normal 0 0 -1
    outer loop
      vertex -21 20 0
      vertex -15.8122 1.97475 0
      vertex -15.9544 1.94626 0
    endloop
  endfacet
  facet normal 0 0 -1
    outer loop
      vertex -21 20 0
      vertex -15.9544 1.94626 0
      vertex -16.0841 1.90964 0
    endloop
  endfacet
  facet normal 0 0 -1
    outer loop
      vertex -21 20 0
      vertex -16.0841 1.90964 0
      vertex -16.2013 1.86487 0
    endloop
  endfacet
  facet normal 0 0 -1
    outer loop
      vertex -21 20 0
      vertex -16.2013 1.86487 0
      vertex -16.3059 1.81197 0
    endloop
  endfacet
  facet normal 0 0 -1
    outer loop
      vertex -21 20 0
      vertex -16.3059 1.81197 0
      vertex -16.4002 1.74928 0
    endloop
  endfacet
  facet normal 0 0 -1
    outer loop
      vertex -16.82 -0.448853 0
      vertex -16.7888 1.13254 0
      vertex -16.8024 -0.405518 0
    endloop
  endfacet
  facet normal 0 0 -1
    outer loop
      vertex -16.8354 -0.494125 0
      vertex -16.7888 1.13254 0
      vertex -16.82 -0.448853 0
    endloop
  endfacet
  facet normal 0 0 -1
    outer loop
      vertex -16.8485 -0.541626 0
      vertex -16.7888 1.13254 0
      vertex -16.8354 -0.494125 0
    endloop
  endfacet
  facet normal 0 0 -1
    outer loop
      vertex -16.8593 -0.591339 0
      vertex -16.7888 1.13254 0
      vertex -16.8485 -0.541626 0
    endloop
  endfacet
  facet normal 0 0 -1
    outer loop
      vertex -16.8676 -0.643265 0
      vertex -16.7888 1.13254 0
      vertex -16.8593 -0.591339 0
    endloop
  endfacet
  facet normal 0 0 -1
    outer loop
      vertex -16.8735 -0.697403 0
      vertex -16.7888 1.13254 0
      vertex -16.8676 -0.643265 0
    endloop
  endfacet
  facet normal 0 0 -1
    outer loop
      vertex -16.8771 -0.753754 0
      vertex -16.7888 1.13254 0
      vertex -16.8735 -0.697403 0
    endloop
  endfacet
  facet normal 0 0 -1
    outer loop
      vertex -21 -20 0
      vertex -16.8771 -0.753754 0
      vertex -16.8783 -0.812332 0
    endloop
  endfacet
  facet normal 0 0 -1
    outer loop
      vertex -21 20 0
      vertex -16.8771 -0.753754 0
      vertex -21 -20 0
    endloop
  endfacet
  facet normal 0 0 -1
    outer loop
      vertex -8.34979 1.95441 0
      vertex -21 20 0
      vertex 5 20 0
    endloop
  endfacet
  facet normal 0 0 -1
    outer loop
      vertex -16.486 1.67514 0
      vertex -21 20 0
      vertex -16.4002 1.74928 0
    endloop
  endfacet
  facet normal 0 0 -1
    outer loop
      vertex -16.5634 1.58954 0
      vertex -21 20 0
      vertex -16.486 1.67514 0
    endloop
  endfacet
  facet normal 0 0 -1
    outer loop
      vertex -16.6323 1.49246 0
      vertex -21 20 0
      vertex -16.5634 1.58954 0
    endloop
  endfacet
  facet normal 0 0 -1
    outer loop
      vertex -16.6929 1.38394 0
      vertex -21 20 0
      vertex -16.6323 1.49246 0
    endloop
  endfacet
  facet normal 0 0 -1
    outer loop
      vertex -16.745 1.26396 0
      vertex -21 20 0
      vertex -16.6929 1.38394 0
    endloop
  endfacet
  facet normal 0 0 -1
    outer loop
      vertex -16.7888 1.13254 0
      vertex -21 20 0
      vertex -16.745 1.26396 0
    endloop
  endfacet
  facet normal 0 0 -1
    outer loop
      vertex -16.8771 -0.753754 0
      vertex -21 20 0
      vertex -16.7888 1.13254 0
    endloop
  endfacet
  facet normal 0 0 -1
    outer loop
      vertex -8.12196 1.33865 0
      vertex -8.02428 1.48785 0
      vertex -8.00357 1.42093 0
    endloop
  endfacet
  facet normal -0 0 -1
    outer loop
      vertex -8.02428 1.48785 0
      vertex -8.12196 1.33865 0
      vertex -8.04872 1.56381 0
    endloop
  endfacet
  facet normal -0 0 -1
    outer loop
      vertex -7.98024 1.3488 0
      vertex -8.12196 1.33865 0
      vertex -8.00357 1.42093 0
    endloop
  endfacet
  facet normal 0 0 -1
    outer loop
      vertex -7.95422 1.27147 0
      vertex -8.12196 1.33865 0
      vertex -7.98024 1.3488 0
    endloop
  endfacet
  facet normal 0 0 -1
    outer loop
      vertex -8.16534 1.20779 0
      vertex -7.95422 1.27147 0
      vertex -7.92554 1.18893 0
    endloop
  endfacet
  facet normal 0 0 -1
    outer loop
      vertex -8.18704 1.14537 0
      vertex -7.92554 1.18893 0
      vertex -7.89421 1.1012 0
    endloop
  endfacet
  facet normal 0 0 -1
    outer loop
      vertex -8.20874 1.08492 0
      vertex -7.89421 1.1012 0
      vertex -7.86021 1.00824 0
    endloop
  endfacet
  facet normal 0 0 -1
    outer loop
      vertex -8.25214 0.970001 0
      vertex -7.86021 1.00824 0
      vertex -7.82358 0.910095 0
    endloop
  endfacet
  facet normal 0 0 -1
    outer loop
      vertex -8.7648 -0.345779 0
      vertex -7.82358 0.910095 0
      vertex -7.33533 -0.345779 0
    endloop
  endfacet
  facet normal 0 0 -1
    outer loop
      vertex -7.95422 1.27147 0
      vertex -8.14365 1.27223 0
      vertex -8.12196 1.33865 0
    endloop
  endfacet
  facet normal -0 0 -1
    outer loop
      vertex -7.95422 1.27147 0
      vertex -8.16534 1.20779 0
      vertex -8.14365 1.27223 0
    endloop
  endfacet
  facet normal -0 0 -1
    outer loop
      vertex -7.92554 1.18893 0
      vertex -8.18704 1.14537 0
      vertex -8.16534 1.20779 0
    endloop
  endfacet
  facet normal -0 0 -1
    outer loop
      vertex -7.89421 1.1012 0
      vertex -8.20874 1.08492 0
      vertex -8.18704 1.14537 0
    endloop
  endfacet
  facet normal 0 0 -1
    outer loop
      vertex -7.86021 1.00824 0
      vertex -8.23044 1.02646 0
      vertex -8.20874 1.08492 0
    endloop
  endfacet
  facet normal -0 0 -1
    outer loop
      vertex -7.86021 1.00824 0
      vertex -8.25214 0.970001 0
      vertex -8.23044 1.02646 0
    endloop
  endfacet
  facet normal 0 0 -1
    outer loop
      vertex -7.82358 0.910095 0
      vertex -8.27383 0.915527 0
      vertex -8.25214 0.970001 0
    endloop
  endfacet
  facet normal -0 0 -1
    outer loop
      vertex -7.82358 0.910095 0
      vertex -8.7648 -0.345779 0
      vertex -8.27383 0.915527 0
    endloop
  endfacet
  facet normal 1 -0 0
    outer loop
      vertex 5 -20 2.2
      vertex 5 20 0
      vertex 5 20 2.2
    endloop
  endfacet
  facet normal 1 0 0
    outer loop
      vertex 5 20 0
      vertex 5 -20 2.2
      vertex 5 -20 0
    endloop
  endfacet
  facet normal 0 0 -1
    outer loop
      vertex 0.241058 0.0610962 0.389999
      vertex 0.767258 0.0610962 0.389999
      vertex 0.762573 -0.109253 0.389999
    endloop
  endfacet
  facet normal 0 0 -1
    outer loop
      vertex 0.233475 -0.139587 0.389999
      vertex 0.762573 -0.109253 0.389999
      vertex 0.748535 -0.273132 0.389999
    endloop
  endfacet
  facet normal 0 0 -1
    outer loop
      vertex 0.233917 0.262115 0.389999
      vertex 0.767258 0.0610962 0.389999
      vertex 0.241058 0.0610962 0.389999
    endloop
  endfacet
  facet normal 0 0 -1
    outer loop
      vertex 0.210724 -0.327835 0.389999
      vertex 0.748535 -0.273132 0.389999
      vertex 0.725159 -0.430542 0.389999
    endloop
  endfacet
  facet normal 0 0 -1
    outer loop
      vertex 0.210724 -0.327835 0.389999
      vertex 0.725159 -0.430542 0.389999
      vertex 0.692413 -0.581482 0.389999
    endloop
  endfacet
  facet normal 0 0 -1
    outer loop
      vertex 0.767258 0.0610962 0.389999
      vertex 0.233917 0.262115 0.389999
      vertex 0.757065 0.318329 0.389999
    endloop
  endfacet
  facet normal 0 0 -1
    outer loop
      vertex 0.172806 -0.503616 0.389999
      vertex 0.692413 -0.581482 0.389999
      vertex 0.650314 -0.725937 0.389999
    endloop
  endfacet
  facet normal 0 0 -1
    outer loop
      vertex 0.212494 0.449799 0.389999
      vertex 0.757065 0.318329 0.389999
      vertex 0.233917 0.262115 0.389999
    endloop
  endfacet
  facet normal 0 0 -1
    outer loop
      vertex 0.11972 -0.666946 0.389999
      vertex 0.650314 -0.725937 0.389999
      vertex 0.598862 -0.863907 0.389999
    endloop
  endfacet
  facet normal 0 0 -1
    outer loop
      vertex 0.11972 -0.666946 0.389999
      vertex 0.598862 -0.863907 0.389999
      vertex 0.538055 -0.995407 0.389999
    endloop
  endfacet
  facet normal 0 0 -1
    outer loop
      vertex 0.757065 0.318329 0.389999
      vertex 0.212494 0.449799 0.389999
      vertex 0.726517 0.558411 0.389999
    endloop
  endfacet
  facet normal 0 0 -1
    outer loop
      vertex 0.0514679 -0.817825 0.389999
      vertex 0.538055 -0.995407 0.389999
      vertex 0.468384 -1.11938 0.389999
    endloop
  endfacet
  facet normal 0 0 -1
    outer loop
      vertex 0.176788 0.62413 0.389999
      vertex 0.726517 0.558411 0.389999
      vertex 0.212494 0.449799 0.389999
    endloop
  endfacet
  facet normal 0 0 -1
    outer loop
      vertex -0.0319672 -0.956253 0.389999
      vertex 0.468384 -1.11938 0.389999
      vertex 0.390366 -1.23477 0.389999
    endloop
  endfacet
  facet normal 0 0 -1
    outer loop
      vertex -0.0319672 -0.956253 0.389999
      vertex 0.390366 -1.23477 0.389999
      vertex 0.303986 -1.3416 0.389999
    endloop
  endfacet
  facet normal 0 0 -1
    outer loop
      vertex 0.726517 0.558411 0.389999
      vertex 0.176788 0.62413 0.389999
      vertex 0.675583 0.781326 0.389999
    endloop
  endfacet
  facet normal 0 0 -1
    outer loop
      vertex 0.126801 0.785141 0.389999
      vertex 0.675583 0.781326 0.389999
      vertex 0.176788 0.62413 0.389999
    endloop
  endfacet
  facet normal -0 0 -1
    outer loop
      vertex 0.762573 -0.109253 0.389999
      vertex 0.233475 -0.139587 0.389999
      vertex 0.241058 0.0610962 0.389999
    endloop
  endfacet
  facet normal -0 0 -1
    outer loop
      vertex 0.748535 -0.273132 0.389999
      vertex 0.210724 -0.327835 0.389999
      vertex 0.233475 -0.139587 0.389999
    endloop
  endfacet
  facet normal 0 0 -1
    outer loop
      vertex -0.130554 -1.08221 0.389999
      vertex 0.303986 -1.3416 0.389999
      vertex 0.209244 -1.43983 0.389999
    endloop
  endfacet
  facet normal 0 0 -1
    outer loop
      vertex 0.692413 -0.581482 0.389999
      vertex 0.172806 -0.503616 0.389999
      vertex 0.210724 -0.327835 0.389999
    endloop
  endfacet
  facet normal 0 0 -1
    outer loop
      vertex 0.650314 -0.725937 0.389999
      vertex 0.11972 -0.666946 0.389999
      vertex 0.172806 -0.503616 0.389999
    endloop
  endfacet
  facet normal 0 0 -1
    outer loop
      vertex -0.130554 -1.08221 0.389999
      vertex 0.209244 -1.43983 0.389999
      vertex 0.10614 -1.52948 0.389999
    endloop
  endfacet
  facet normal 0 0 -1
    outer loop
      vertex 0.538055 -0.995407 0.389999
      vertex 0.0514679 -0.817825 0.389999
      vertex 0.11972 -0.666946 0.389999
    endloop
  endfacet
  facet normal 0 0 -1
    outer loop
      vertex -0.242538 -1.19339 0.389999
      vertex 0.10614 -1.52948 0.389999
      vertex -0.00532532 -1.61055 0.389999
    endloop
  endfacet
  facet normal 0 0 -1
    outer loop
      vertex 0.468384 -1.11938 0.389999
      vertex -0.0319672 -0.956253 0.389999
      vertex 0.0514679 -0.817825 0.389999
    endloop
  endfacet
  facet normal 0 0 -1
    outer loop
      vertex -0.366165 -1.28748 0.389999
      vertex -0.00532532 -1.61055 0.389999
      vertex -0.125153 -1.68306 0.389999
    endloop
  endfacet
  facet normal 0 0 -1
    outer loop
      vertex 0.303986 -1.3416 0.389999
      vertex -0.130554 -1.08221 0.389999
      vertex -0.0319672 -0.956253 0.389999
    endloop
  endfacet
  facet normal 0 0 -1
    outer loop
      vertex 0.10614 -1.52948 0.389999
      vertex -0.242538 -1.19339 0.389999
      vertex -0.130554 -1.08221 0.389999
    endloop
  endfacet
  facet normal 0 0 -1
    outer loop
      vertex -0.366165 -1.28748 0.389999
      vertex -0.125153 -1.68306 0.389999
      vertex -0.252518 -1.74637 0.389999
    endloop
  endfacet
  facet normal 0 0 -1
    outer loop
      vertex -0.00532532 -1.61055 0.389999
      vertex -0.366165 -1.28748 0.389999
      vertex -0.242538 -1.19339 0.389999
    endloop
  endfacet
  facet normal 0 0 -1
    outer loop
      vertex -0.501404 -1.36446 0.389999
      vertex -0.252518 -1.74637 0.389999
      vertex -0.386658 -1.79996 0.389999
    endloop
  endfacet
  facet normal 0 0 -1
    outer loop
      vertex -0.252518 -1.74637 0.389999
      vertex -0.501404 -1.36446 0.389999
      vertex -0.366165 -1.28748 0.389999
    endloop
  endfacet
  facet normal 0 0 -1
    outer loop
      vertex -0.64827 -1.42432 0.389999
      vertex -0.386658 -1.79996 0.389999
      vertex -0.527542 -1.8438 0.389999
    endloop
  endfacet
  facet normal 0 0 -1
    outer loop
      vertex -0.386658 -1.79996 0.389999
      vertex -0.64827 -1.42432 0.389999
      vertex -0.501404 -1.36446 0.389999
    endloop
  endfacet
  facet normal 0 0 -1
    outer loop
      vertex -0.675186 -1.8779 0.389999
      vertex -0.64827 -1.42432 0.389999
      vertex -0.527542 -1.8438 0.389999
    endloop
  endfacet
  facet normal 0 0 -1
    outer loop
      vertex -0.675186 -1.8779 0.389999
      vertex -0.806763 -1.46709 0.389999
      vertex -0.64827 -1.42432 0.389999
    endloop
  endfacet
  facet normal 0 0 -1
    outer loop
      vertex -0.829575 -1.90225 0.389999
      vertex -0.806763 -1.46709 0.389999
      vertex -0.675186 -1.8779 0.389999
    endloop
  endfacet
  facet normal 0 0 -1
    outer loop
      vertex -0.829575 -1.90225 0.389999
      vertex -0.976883 -1.49274 0.389999
      vertex -0.806763 -1.46709 0.389999
    endloop
  endfacet
  facet normal 0 0 -1
    outer loop
      vertex -0.990723 -1.91685 0.389999
      vertex -0.976883 -1.49274 0.389999
      vertex -0.829575 -1.90225 0.389999
    endloop
  endfacet
  facet normal 0 0 -1
    outer loop
      vertex -1.15863 -1.5013 0.389999
      vertex -0.990723 -1.91685 0.389999
      vertex -1.15863 -1.92174 0.389999
    endloop
  endfacet
  facet normal 0 0 -1
    outer loop
      vertex -0.990723 -1.91685 0.389999
      vertex -1.15863 -1.5013 0.389999
      vertex -0.976883 -1.49274 0.389999
    endloop
  endfacet
  facet normal 0 0 -1
    outer loop
      vertex -1.15863 -1.92174 0.389999
      vertex -1.26456 -1.49896 0.389999
      vertex -1.15863 -1.5013 0.389999
    endloop
  endfacet
  facet normal 0 0 -1
    outer loop
      vertex -1.30435 -1.91827 0.389999
      vertex -1.26456 -1.49896 0.389999
      vertex -1.15863 -1.92174 0.389999
    endloop
  endfacet
  facet normal 0 0 -1
    outer loop
      vertex -1.30435 -1.91827 0.389999
      vertex -1.36842 -1.49199 0.389999
      vertex -1.26456 -1.49896 0.389999
    endloop
  endfacet
  facet normal 0 0 -1
    outer loop
      vertex -1.44702 -1.9079 0.389999
      vertex -1.36842 -1.49199 0.389999
      vertex -1.30435 -1.91827 0.389999
    endloop
  endfacet
  facet normal 0 0 -1
    outer loop
      vertex -1.44702 -1.9079 0.389999
      vertex -1.47025 -1.48036 0.389999
      vertex -1.36842 -1.49199 0.389999
    endloop
  endfacet
  facet normal 0 0 -1
    outer loop
      vertex -1.58667 -1.89059 0.389999
      vertex -1.47025 -1.48036 0.389999
      vertex -1.44702 -1.9079 0.389999
    endloop
  endfacet
  facet normal -0 0 -1
    outer loop
      vertex -1.47025 -1.48036 0.389999
      vertex -1.58667 -1.89059 0.389999
      vertex -1.57002 -1.4641 0.389999
    endloop
  endfacet
  facet normal 0 0 -1
    outer loop
      vertex -1.72325 -1.86638 0.389999
      vertex -1.57002 -1.4641 0.389999
      vertex -1.58667 -1.89059 0.389999
    endloop
  endfacet
  facet normal -0 0 -1
    outer loop
      vertex -1.57002 -1.4641 0.389999
      vertex -1.72325 -1.86638 0.389999
      vertex -1.66776 -1.44318 0.389999
    endloop
  endfacet
  facet normal 0 0 -1
    outer loop
      vertex -1.8568 -1.83524 0.389999
      vertex -1.66776 -1.44318 0.389999
      vertex -1.72325 -1.86638 0.389999
    endloop
  endfacet
  facet normal -0 0 -1
    outer loop
      vertex -1.66776 -1.44318 0.389999
      vertex -1.8568 -1.83524 0.389999
      vertex -1.76344 -1.4176 0.389999
    endloop
  endfacet
  facet normal 0 0 -1
    outer loop
      vertex -1.98729 -1.79718 0.389999
      vertex -1.76344 -1.4176 0.389999
      vertex -1.8568 -1.83524 0.389999
    endloop
  endfacet
  facet normal -0 0 -1
    outer loop
      vertex -1.76344 -1.4176 0.389999
      vertex -1.98729 -1.79718 0.389999
      vertex -1.85707 -1.38737 0.389999
    endloop
  endfacet
  facet normal -0 0 -1
    outer loop
      vertex -1.85707 -1.38737 0.389999
      vertex -1.98729 -1.79718 0.389999
      vertex -1.94716 -1.35316 0.389999
    endloop
  endfacet
  facet normal 0 0 -1
    outer loop
      vertex -2.11475 -1.75221 0.389999
      vertex -1.94716 -1.35316 0.389999
      vertex -1.98729 -1.79718 0.389999
    endloop
  endfacet
  facet normal -0 0 -1
    outer loop
      vertex -1.94716 -1.35316 0.389999
      vertex -2.11475 -1.75221 0.389999
      vertex -2.03223 -1.31563 0.389999
    endloop
  endfacet
  facet normal 0 0 -1
    outer loop
      vertex -2.2379 -1.70093 0.389999
      vertex -2.03223 -1.31563 0.389999
      vertex -2.11475 -1.75221 0.389999
    endloop
  endfacet
  facet normal -0 0 -1
    outer loop
      vertex -2.03223 -1.31563 0.389999
      vertex -2.2379 -1.70093 0.389999
      vertex -2.11224 -1.27478 0.389999
    endloop
  endfacet
  facet normal 0 0 -1
    outer loop
      vertex -2.35545 -1.64394 0.389999
      vertex -2.11224 -1.27478 0.389999
      vertex -2.2379 -1.70093 0.389999
    endloop
  endfacet
  facet normal -0 0 -1
    outer loop
      vertex -2.11224 -1.27478 0.389999
      vertex -2.35545 -1.64394 0.389999
      vertex -2.18723 -1.23061 0.389999
    endloop
  endfacet
  facet normal 0 0 -1
    outer loop
      vertex -2.46741 -1.58125 0.389999
      vertex -2.18723 -1.23061 0.389999
      vertex -2.35545 -1.64394 0.389999
    endloop
  endfacet
  facet normal -0 0 -1
    outer loop
      vertex -2.18723 -1.23061 0.389999
      vertex -2.46741 -1.58125 0.389999
      vertex -2.25717 -1.18312 0.389999
    endloop
  endfacet
  facet normal 0 0 -1
    outer loop
      vertex -2.57379 -1.51285 0.389999
      vertex -2.25717 -1.18312 0.389999
      vertex -2.46741 -1.58125 0.389999
    endloop
  endfacet
  facet normal 0 0 -1
    outer loop
      vertex -2.67456 -1.43875 0.389999
      vertex -2.32208 -1.13231 0.389999
      vertex -2.57379 -1.51285 0.389999
    endloop
  endfacet
  facet normal -0 0 -1
    outer loop
      vertex -2.25717 -1.18312 0.389999
      vertex -2.57379 -1.51285 0.389999
      vertex -2.32208 -1.13231 0.389999
    endloop
  endfacet
  facet normal 0 0 -1
    outer loop
      vertex 0.675583 0.781326 0.389999
      vertex 0.126801 0.785141 0.389999
      vertex 0.604294 0.987091 0.389999
    endloop
  endfacet
  facet normal 0 0 -1
    outer loop
      vertex 0.0625153 0.9328 0.389999
      vertex 0.604294 0.987091 0.389999
      vertex 0.126801 0.785141 0.389999
    endloop
  endfacet
  facet normal -0 0 -1
    outer loop
      vertex 0.604294 0.987091 0.389999
      vertex 0.0625153 0.9328 0.389999
      vertex 0.512619 1.17569 0.389999
    endloop
  endfacet
  facet normal -0 0 -1
    outer loop
      vertex 0.512619 1.17569 0.389999
      vertex 0.0625153 0.9328 0.389999
      vertex 0.400589 1.34714 0.389999
    endloop
  endfacet
  facet normal 0 0 -1
    outer loop
      vertex -0.016037 1.06711 0.389999
      vertex 0.400589 1.34714 0.389999
      vertex 0.0625153 0.9328 0.389999
    endloop
  endfacet
  facet normal -0 0 -1
    outer loop
      vertex 0.400589 1.34714 0.389999
      vertex -0.016037 1.06711 0.389999
      vertex 0.268173 1.50142 0.389999
    endloop
  endfacet
  facet normal 0 0 -1
    outer loop
      vertex -0.108871 1.1881 0.389999
      vertex 0.268173 1.50142 0.389999
      vertex -0.016037 1.06711 0.389999
    endloop
  endfacet
  facet normal -0 0 -1
    outer loop
      vertex 0.268173 1.50142 0.389999
      vertex -0.108871 1.1881 0.389999
      vertex 0.117325 1.6367 0.389999
    endloop
  endfacet
  facet normal 0 0 -1
    outer loop
      vertex -0.21521 1.29425 0.389999
      vertex 0.117325 1.6367 0.389999
      vertex -0.108871 1.1881 0.389999
    endloop
  endfacet
  facet normal -0 0 -1
    outer loop
      vertex 0.117325 1.6367 0.389999
      vertex -0.21521 1.29425 0.389999
      vertex -0.0500336 1.75119 0.389999
    endloop
  endfacet
  facet normal 0 0 -1
    outer loop
      vertex -0.33429 1.38406 0.389999
      vertex -0.0500336 1.75119 0.389999
      vertex -0.21521 1.29425 0.389999
    endloop
  endfacet
  facet normal -0 0 -1
    outer loop
      vertex -0.0500336 1.75119 0.389999
      vertex -0.33429 1.38406 0.389999
      vertex -0.233871 1.84485 0.389999
    endloop
  endfacet
  facet normal 0 0 -1
    outer loop
      vertex -0.466095 1.45757 0.389999
      vertex -0.233871 1.84485 0.389999
      vertex -0.33429 1.38406 0.389999
    endloop
  endfacet
  facet normal -0 0 -1
    outer loop
      vertex -0.233871 1.84485 0.389999
      vertex -0.466095 1.45757 0.389999
      vertex -0.434204 1.91771 0.389999
    endloop
  endfacet
  facet normal 0 0 -1
    outer loop
      vertex -0.610626 1.51472 0.389999
      vertex -0.434204 1.91771 0.389999
      vertex -0.466095 1.45757 0.389999
    endloop
  endfacet
  facet normal 0 0 -1
    outer loop
      vertex -0.610626 1.51472 0.389999
      vertex -0.651047 1.96974 0.389999
      vertex -0.434204 1.91771 0.389999
    endloop
  endfacet
  facet normal 0 0 -1
    outer loop
      vertex -0.767899 1.55554 0.389999
      vertex -0.651047 1.96974 0.389999
      vertex -0.610626 1.51472 0.389999
    endloop
  endfacet
  facet normal 0 0 -1
    outer loop
      vertex -0.767899 1.55554 0.389999
      vertex -0.884369 2.00096 0.389999
      vertex -0.651047 1.96974 0.389999
    endloop
  endfacet
  facet normal 0 0 -1
    outer loop
      vertex -0.937897 1.58005 0.389999
      vertex -0.884369 2.00096 0.389999
      vertex -0.767899 1.55554 0.389999
    endloop
  endfacet
  facet normal 0 0 -1
    outer loop
      vertex -1.12062 1.58821 0.389999
      vertex -0.884369 2.00096 0.389999
      vertex -0.937897 1.58005 0.389999
    endloop
  endfacet
  facet normal 0 0 -1
    outer loop
      vertex -1.12062 1.58821 0.389999
      vertex -1.13419 2.01137 0.389999
      vertex -0.884369 2.00096 0.389999
    endloop
  endfacet
  facet normal 0 0 -1
    outer loop
      vertex -1.23946 1.58517 0.389999
      vertex -1.13419 2.01137 0.389999
      vertex -1.12062 1.58821 0.389999
    endloop
  endfacet
  facet normal 0 0 -1
    outer loop
      vertex -1.23946 1.58517 0.389999
      vertex -1.31067 2.007 0.389999
      vertex -1.13419 2.01137 0.389999
    endloop
  endfacet
  facet normal 0 0 -1
    outer loop
      vertex -1.35258 1.57603 0.389999
      vertex -1.31067 2.007 0.389999
      vertex -1.23946 1.58517 0.389999
    endloop
  endfacet
  facet normal 0 0 -1
    outer loop
      vertex -1.4774 1.99388 0.389999
      vertex -1.35258 1.57603 0.389999
      vertex -1.46001 1.56081 0.389999
    endloop
  endfacet
  facet normal 0 0 -1
    outer loop
      vertex -1.35258 1.57603 0.389999
      vertex -1.4774 1.99388 0.389999
      vertex -1.31067 2.007 0.389999
    endloop
  endfacet
  facet normal 0 0 -1
    outer loop
      vertex -1.6344 1.97202 0.389999
      vertex -1.46001 1.56081 0.389999
      vertex -1.56172 1.53949 0.389999
    endloop
  endfacet
  facet normal 0 0 -1
    outer loop
      vertex -1.46001 1.56081 0.389999
      vertex -1.6344 1.97202 0.389999
      vertex -1.4774 1.99388 0.389999
    endloop
  endfacet
  facet normal 0 0 -1
    outer loop
      vertex -1.78165 1.94141 0.389999
      vertex -1.56172 1.53949 0.389999
      vertex -1.65775 1.51208 0.389999
    endloop
  endfacet
  facet normal 0 0 -1
    outer loop
      vertex -1.78165 1.94141 0.389999
      vertex -1.65775 1.51208 0.389999
      vertex -1.74806 1.47859 0.389999
    endloop
  endfacet
  facet normal 0 0 -1
    outer loop
      vertex -1.56172 1.53949 0.389999
      vertex -1.78165 1.94141 0.389999
      vertex -1.6344 1.97202 0.389999
    endloop
  endfacet
  facet normal 0 0 -1
    outer loop
      vertex -1.91916 1.90204 0.389999
      vertex -1.74806 1.47859 0.389999
      vertex -1.83267 1.43901 0.389999
    endloop
  endfacet
  facet normal 0 0 -1
    outer loop
      vertex -2.04692 1.85394 0.389999
      vertex -1.83267 1.43901 0.389999
      vertex -1.91191 1.39279 0.389999
    endloop
  endfacet
  facet normal 0 0 -1
    outer loop
      vertex -1.74806 1.47859 0.389999
      vertex -1.91916 1.90204 0.389999
      vertex -1.78165 1.94141 0.389999
    endloop
  endfacet
  facet normal 0 0 -1
    outer loop
      vertex -2.16495 1.79709 0.389999
      vertex -1.91191 1.39279 0.389999
      vertex -1.98611 1.33939 0.389999
    endloop
  endfacet
  facet normal 0 0 -1
    outer loop
      vertex -1.83267 1.43901 0.389999
      vertex -2.04692 1.85394 0.389999
      vertex -1.91916 1.90204 0.389999
    endloop
  endfacet
  facet normal 0 0 -1
    outer loop
      vertex -2.37642 1.65361 0.389999
      vertex -1.98611 1.33939 0.389999
      vertex -2.05528 1.27876 0.389999
    endloop
  endfacet
  facet normal 0 0 -1
    outer loop
      vertex -2.47102 1.56609 0.389999
      vertex -2.05528 1.27876 0.389999
      vertex -2.11942 1.21095 0.389999
    endloop
  endfacet
  facet normal 0 0 -1
    outer loop
      vertex -1.91191 1.39279 0.389999
      vertex -2.16495 1.79709 0.389999
      vertex -2.04692 1.85394 0.389999
    endloop
  endfacet
  facet normal 0 0 -1
    outer loop
      vertex -2.55821 1.46805 0.389999
      vertex -2.11942 1.21095 0.389999
      vertex -2.17851 1.13594 0.389999
    endloop
  endfacet
  facet normal 0 0 -1
    outer loop
      vertex -2.63799 1.35948 0.389999
      vertex -2.17851 1.13594 0.389999
      vertex -2.23256 1.05374 0.389999
    endloop
  endfacet
  facet normal 0 0 -1
    outer loop
      vertex -1.98611 1.33939 0.389999
      vertex -2.2744 1.73061 0.389999
      vertex -2.16495 1.79709 0.389999
    endloop
  endfacet
  facet normal 0 0 -1
    outer loop
      vertex -2.71034 1.24042 0.389999
      vertex -2.23256 1.05374 0.389999
      vertex -2.28159 0.964325 0.389999
    endloop
  endfacet
  facet normal 0 0 -1
    outer loop
      vertex -1.98611 1.33939 0.389999
      vertex -2.37642 1.65361 0.389999
      vertex -2.2744 1.73061 0.389999
    endloop
  endfacet
  facet normal 0 0 -1
    outer loop
      vertex -2.05528 1.27876 0.389999
      vertex -2.47102 1.56609 0.389999
      vertex -2.37642 1.65361 0.389999
    endloop
  endfacet
  facet normal 0 0 -1
    outer loop
      vertex -2.11942 1.21095 0.389999
      vertex -2.55821 1.46805 0.389999
      vertex -2.47102 1.56609 0.389999
    endloop
  endfacet
  facet normal 0 0 -1
    outer loop
      vertex -2.17851 1.13594 0.389999
      vertex -2.63799 1.35948 0.389999
      vertex -2.55821 1.46805 0.389999
    endloop
  endfacet
  facet normal 0 0 -1
    outer loop
      vertex -2.23256 1.05374 0.389999
      vertex -2.71034 1.24042 0.389999
      vertex -2.63799 1.35948 0.389999
    endloop
  endfacet
  facet normal 0 -0 -1
    outer loop
      vertex -2.71034 1.24042 0.389999
      vertex -2.28159 0.964325 0.389999
      vertex -2.77527 1.11081 0.389999
    endloop
  endfacet
  facet normal 0 0 -1
    outer loop
      vertex -2.38194 -0.389175 0.389999
      vertex -1.23999 0.0448151 0.389999
      vertex -1.23999 -0.389175 0.389999
    endloop
  endfacet
  facet normal -0 0 -1
    outer loop
      vertex -2.32208 -1.13231 0.389999
      vertex -2.67456 -1.43875 0.389999
      vertex -2.38194 -1.07817 0.389999
    endloop
  endfacet
  facet normal 0 0 -1
    outer loop
      vertex -2.76974 -1.35895 0.389999
      vertex -2.38194 -1.07817 0.389999
      vertex -2.67456 -1.43875 0.389999
    endloop
  endfacet
  facet normal 0 0 -1
    outer loop
      vertex -2.85934 -1.27345 0.389999
      vertex -2.38194 -1.07817 0.389999
      vertex -2.76974 -1.35895 0.389999
    endloop
  endfacet
  facet normal -0 0 -1
    outer loop
      vertex -2.38194 -1.07817 0.389999
      vertex -2.85934 -1.27345 0.389999
      vertex -2.38194 -0.389175 0.389999
    endloop
  endfacet
  facet normal 0 0 -1
    outer loop
      vertex -2.38194 -0.389175 0.389999
      vertex -2.85934 0.0448151 0.389999
      vertex -1.23999 0.0448151 0.389999
    endloop
  endfacet
  facet normal 0 0 -1
    outer loop
      vertex -2.85934 0.0448151 0.389999
      vertex -2.38194 -0.389175 0.389999
      vertex -2.85934 -1.27345 0.389999
    endloop
  endfacet
  facet normal 0 0 -1
    outer loop
      vertex -10.6289 -1.0322 0.389999
      vertex -10.1491 -1.20828 0.389999
      vertex -10.2846 -1.42628 0.389999
    endloop
  endfacet
  facet normal 0 0 -1
    outer loop
      vertex -10.7263 -1.1842 0.389999
      vertex -10.2846 -1.42628 0.389999
      vertex -10.468 -1.60464 0.389999
    endloop
  endfacet
  facet normal 0 -0 -1
    outer loop
      vertex -10.5922 -0.944977 0.389999
      vertex -10.1491 -1.20828 0.389999
      vertex -10.6289 -1.0322 0.389999
    endloop
  endfacet
  facet normal 0 0 -1
    outer loop
      vertex -10.0616 -0.950653 0.389999
      vertex -10.5922 -0.944977 0.389999
      vertex -10.5634 -0.850296 0.389999
    endloop
  endfacet
  facet normal 0 0 -1
    outer loop
      vertex -10.1491 -1.20828 0.389999
      vertex -10.5922 -0.944977 0.389999
      vertex -10.0616 -0.950653 0.389999
    endloop
  endfacet
  facet normal 0 0 -1
    outer loop
      vertex -10.2846 -1.42628 0.389999
      vertex -10.6737 -1.11194 0.389999
      vertex -10.6289 -1.0322 0.389999
    endloop
  endfacet
  facet normal 0 0 -1
    outer loop
      vertex -10.8557 -1.30632 0.389999
      vertex -10.468 -1.60464 0.389999
      vertex -10.6993 -1.74338 0.389999
    endloop
  endfacet
  facet normal 0 0 -1
    outer loop
      vertex -10.2846 -1.42628 0.389999
      vertex -10.7263 -1.1842 0.389999
      vertex -10.6737 -1.11194 0.389999
    endloop
  endfacet
  facet normal 0 0 -1
    outer loop
      vertex -10.468 -1.60464 0.389999
      vertex -10.787 -1.24899 0.389999
      vertex -10.7263 -1.1842 0.389999
    endloop
  endfacet
  facet normal 0 0 -1
    outer loop
      vertex -10.468 -1.60464 0.389999
      vertex -10.8557 -1.30632 0.389999
      vertex -10.787 -1.24899 0.389999
    endloop
  endfacet
  facet normal 0 0 -1
    outer loop
      vertex -10.6993 -1.74338 0.389999
      vertex -10.9323 -1.35617 0.389999
      vertex -10.8557 -1.30632 0.389999
    endloop
  endfacet
  facet normal 0 0 -1
    outer loop
      vertex -11.017 -1.39899 0.389999
      vertex -10.6993 -1.74338 0.389999
      vertex -10.9786 -1.84245 0.389999
    endloop
  endfacet
  facet normal 0 0 -1
    outer loop
      vertex -10.6993 -1.74338 0.389999
      vertex -11.017 -1.39899 0.389999
      vertex -10.9323 -1.35617 0.389999
    endloop
  endfacet
  facet normal 0 0 -1
    outer loop
      vertex -10.9786 -1.84245 0.389999
      vertex -11.1101 -1.43523 0.389999
      vertex -11.017 -1.39899 0.389999
    endloop
  endfacet
  facet normal 0 0 -1
    outer loop
      vertex -10.9786 -1.84245 0.389999
      vertex -11.2114 -1.46487 0.389999
      vertex -11.1101 -1.43523 0.389999
    endloop
  endfacet
  facet normal 0 0 -1
    outer loop
      vertex -11.3058 -1.90192 0.389999
      vertex -11.2114 -1.46487 0.389999
      vertex -10.9786 -1.84245 0.389999
    endloop
  endfacet
  facet normal 0 0 -1
    outer loop
      vertex -11.3058 -1.90192 0.389999
      vertex -11.3211 -1.48793 0.389999
      vertex -11.2114 -1.46487 0.389999
    endloop
  endfacet
  facet normal 0 0 -1
    outer loop
      vertex -11.3058 -1.90192 0.389999
      vertex -11.4391 -1.50439 0.389999
      vertex -11.3211 -1.48793 0.389999
    endloop
  endfacet
  facet normal 0 0 -1
    outer loop
      vertex -11.3058 -1.90192 0.389999
      vertex -11.5653 -1.51428 0.389999
      vertex -11.4391 -1.50439 0.389999
    endloop
  endfacet
  facet normal 0 0 -1
    outer loop
      vertex -11.681 -1.92174 0.389999
      vertex -11.5653 -1.51428 0.389999
      vertex -11.3058 -1.90192 0.389999
    endloop
  endfacet
  facet normal 0 0 -1
    outer loop
      vertex -11.681 -1.92174 0.389999
      vertex -11.6999 -1.51758 0.389999
      vertex -11.5653 -1.51428 0.389999
    endloop
  endfacet
  facet normal 0 0 -1
    outer loop
      vertex -11.681 -1.92174 0.389999
      vertex -11.8386 -1.51405 0.389999
      vertex -11.6999 -1.51758 0.389999
    endloop
  endfacet
  facet normal 0 0 -1
    outer loop
      vertex -11.8887 -1.9158 0.389999
      vertex -11.8386 -1.51405 0.389999
      vertex -11.681 -1.92174 0.389999
    endloop
  endfacet
  facet normal 0 0 -1
    outer loop
      vertex -11.8887 -1.9158 0.389999
      vertex -11.968 -1.50351 0.389999
      vertex -11.8386 -1.51405 0.389999
    endloop
  endfacet
  facet normal 0 0 -1
    outer loop
      vertex -12.0827 -1.89804 0.389999
      vertex -11.968 -1.50351 0.389999
      vertex -11.8887 -1.9158 0.389999
    endloop
  endfacet
  facet normal 0 0 -1
    outer loop
      vertex -12.0827 -1.89804 0.389999
      vertex -12.088 -1.48593 0.389999
      vertex -11.968 -1.50351 0.389999
    endloop
  endfacet
  facet normal 0 0 -1
    outer loop
      vertex -12.2629 -1.86842 0.389999
      vertex -12.088 -1.48593 0.389999
      vertex -12.0827 -1.89804 0.389999
    endloop
  endfacet
  facet normal -0 0 -1
    outer loop
      vertex -12.088 -1.48593 0.389999
      vertex -12.2629 -1.86842 0.389999
      vertex -12.1986 -1.46133 0.389999
    endloop
  endfacet
  facet normal 0 0 -1
    outer loop
      vertex -12.4294 -1.82697 0.389999
      vertex -12.1986 -1.46133 0.389999
      vertex -12.2629 -1.86842 0.389999
    endloop
  endfacet
  facet normal -0 0 -1
    outer loop
      vertex -12.1986 -1.46133 0.389999
      vertex -12.4294 -1.82697 0.389999
      vertex -12.2999 -1.42969 0.389999
    endloop
  endfacet
  facet normal -0 0 -1
    outer loop
      vertex -12.2999 -1.42969 0.389999
      vertex -12.4294 -1.82697 0.389999
      vertex -12.3918 -1.39102 0.389999
    endloop
  endfacet
  facet normal 0 0 -1
    outer loop
      vertex -12.582 -1.77365 0.389999
      vertex -12.3918 -1.39102 0.389999
      vertex -12.4294 -1.82697 0.389999
    endloop
  endfacet
  facet normal -0 0 -1
    outer loop
      vertex -12.3918 -1.39102 0.389999
      vertex -12.582 -1.77365 0.389999
      vertex -12.4743 -1.34534 0.389999
    endloop
  endfacet
  facet normal 0 0 -1
    outer loop
      vertex -12.7209 -1.7085 0.389999
      vertex -12.4743 -1.34534 0.389999
      vertex -12.582 -1.77365 0.389999
    endloop
  endfacet
  facet normal -0 0 -1
    outer loop
      vertex -12.4743 -1.34534 0.389999
      vertex -12.7209 -1.7085 0.389999
      vertex -12.5467 -1.29283 0.389999
    endloop
  endfacet
  facet normal 0 0 -1
    outer loop
      vertex -12.8459 -1.63148 0.389999
      vertex -12.5467 -1.29283 0.389999
      vertex -12.7209 -1.7085 0.389999
    endloop
  endfacet
  facet normal -0 0 -1
    outer loop
      vertex -12.5467 -1.29283 0.389999
      vertex -12.8459 -1.63148 0.389999
      vertex -12.6079 -1.23373 0.389999
    endloop
  endfacet
  facet normal 0 0 -1
    outer loop
      vertex -12.9557 -1.5437 0.389999
      vertex -12.6079 -1.23373 0.389999
      vertex -12.8459 -1.63148 0.389999
    endloop
  endfacet
  facet normal -0 0 -1
    outer loop
      vertex -12.6079 -1.23373 0.389999
      vertex -12.9557 -1.5437 0.389999
      vertex -12.6579 -1.16806 0.389999
    endloop
  endfacet
  facet normal 0 0 -1
    outer loop
      vertex -13.0486 -1.44615 0.389999
      vertex -12.6579 -1.16806 0.389999
      vertex -12.9557 -1.5437 0.389999
    endloop
  endfacet
  facet normal 0 0 -1
    outer loop
      vertex -13.1245 -1.33888 0.389999
      vertex -12.6579 -1.16806 0.389999
      vertex -13.0486 -1.44615 0.389999
    endloop
  endfacet
  facet normal 0 0 -1
    outer loop
      vertex -12.5042 -0.389801 0.389999
      vertex -12.7971 0.0122528 0.389999
      vertex -12.7568 0.034317 0.389999
    endloop
  endfacet
  facet normal -0 0 -1
    outer loop
      vertex -12.6579 -1.16806 0.389999
      vertex -13.1245 -1.33888 0.389999
      vertex -12.6969 -1.09578 0.389999
    endloop
  endfacet
  facet normal 0 0 -1
    outer loop
      vertex -13.1836 -1.22185 0.389999
      vertex -12.6969 -1.09578 0.389999
      vertex -13.1245 -1.33888 0.389999
    endloop
  endfacet
  facet normal -0 0 -1
    outer loop
      vertex -12.7452 -0.787415 0.389999
      vertex -13.2596 -0.812332 0.389999
      vertex -13.2584 -0.753754 0.389999
    endloop
  endfacet
  facet normal 0 0 -1
    outer loop
      vertex -12.7452 -0.787415 0.389999
      vertex -13.2584 -0.753754 0.389999
      vertex -13.2549 -0.697403 0.389999
    endloop
  endfacet
  facet normal 0 0 -1
    outer loop
      vertex -12.7452 -0.787415 0.389999
      vertex -13.2549 -0.697403 0.389999
      vertex -13.2489 -0.643265 0.389999
    endloop
  endfacet
  facet normal 0 0 -1
    outer loop
      vertex -12.7452 -0.787415 0.389999
      vertex -12.8363 -0.0109253 0.389999
      vertex -12.7971 0.0122528 0.389999
    endloop
  endfacet
  facet normal -0 0 -1
    outer loop
      vertex -12.6969 -1.09578 0.389999
      vertex -13.1836 -1.22185 0.389999
      vertex -12.7247 -1.01692 0.389999
    endloop
  endfacet
  facet normal 0 0 -1
    outer loop
      vertex -12.7452 -0.787415 0.389999
      vertex -12.874 -0.035553 0.389999
      vertex -12.8363 -0.0109253 0.389999
    endloop
  endfacet
  facet normal 0 0 -1
    outer loop
      vertex -12.7452 -0.787415 0.389999
      vertex -12.9101 -0.0616302 0.389999
      vertex -12.874 -0.035553 0.389999
    endloop
  endfacet
  facet normal 0 0 -1
    outer loop
      vertex -12.7452 -0.787415 0.389999
      vertex -13.2489 -0.643265 0.389999
      vertex -13.2406 -0.591339 0.389999
    endloop
  endfacet
  facet normal 0 0 -1
    outer loop
      vertex -13.2259 -1.09509 0.389999
      vertex -12.7247 -1.01692 0.389999
      vertex -13.1836 -1.22185 0.389999
    endloop
  endfacet
  facet normal 0 0 -1
    outer loop
      vertex -12.7452 -0.787415 0.389999
      vertex -12.9448 -0.0891418 0.389999
      vertex -12.9101 -0.0616302 0.389999
    endloop
  endfacet
  facet normal 0 0 -1
    outer loop
      vertex -12.7452 -0.787415 0.389999
      vertex -12.978 -0.118103 0.389999
      vertex -12.9448 -0.0891418 0.389999
    endloop
  endfacet
  facet normal 0 0 -1
    outer loop
      vertex -12.7452 -0.787415 0.389999
      vertex -13.0097 -0.148499 0.389999
      vertex -12.978 -0.118103 0.389999
    endloop
  endfacet
  facet normal -0 0 -1
    outer loop
      vertex -12.7247 -1.01692 0.389999
      vertex -13.2259 -1.09509 0.389999
      vertex -12.7414 -0.931488 0.389999
    endloop
  endfacet
  facet normal 0 0 -1
    outer loop
      vertex -12.7452 -0.787415 0.389999
      vertex -13.0399 -0.180328 0.389999
      vertex -13.0097 -0.148499 0.389999
    endloop
  endfacet
  facet normal 0 0 -1
    outer loop
      vertex -12.7452 -0.787415 0.389999
      vertex -13.0685 -0.213715 0.389999
      vertex -13.0399 -0.180328 0.389999
    endloop
  endfacet
  facet normal 0 0 -1
    outer loop
      vertex -13.2512 -0.958588 0.389999
      vertex -12.7414 -0.931488 0.389999
      vertex -13.2259 -1.09509 0.389999
    endloop
  endfacet
  facet normal 0 0 -1
    outer loop
      vertex -12.7452 -0.787415 0.389999
      vertex -13.0952 -0.248749 0.389999
      vertex -13.0685 -0.213715 0.389999
    endloop
  endfacet
  facet normal 0 0 -1
    outer loop
      vertex -12.7452 -0.787415 0.389999
      vertex -13.1431 -0.323807 0.389999
      vertex -13.12 -0.285446 0.389999
    endloop
  endfacet
  facet normal 0 0 -1
    outer loop
      vertex -12.7452 -0.787415 0.389999
      vertex -13.1643 -0.363831 0.389999
      vertex -13.1431 -0.323807 0.389999
    endloop
  endfacet
  facet normal -0 0 -1
    outer loop
      vertex -12.7414 -0.931488 0.389999
      vertex -13.2512 -0.958588 0.389999
      vertex -12.7469 -0.839447 0.389999
    endloop
  endfacet
  facet normal 0 0 -1
    outer loop
      vertex -12.7452 -0.787415 0.389999
      vertex -13.2168 -0.494125 0.389999
      vertex -13.2013 -0.448853 0.389999
    endloop
  endfacet
  facet normal 0 0 -1
    outer loop
      vertex -12.7452 -0.787415 0.389999
      vertex -13.2299 -0.541626 0.389999
      vertex -13.2168 -0.494125 0.389999
    endloop
  endfacet
  facet normal 0 0 -1
    outer loop
      vertex -12.7452 -0.787415 0.389999
      vertex -13.2406 -0.591339 0.389999
      vertex -13.2299 -0.541626 0.389999
    endloop
  endfacet
  facet normal -0 0 -1
    outer loop
      vertex -12.7469 -0.839447 0.389999
      vertex -13.2512 -0.958588 0.389999
      vertex -13.2596 -0.812332 0.389999
    endloop
  endfacet
  facet normal 0 0 -1
    outer loop
      vertex -12.7452 -0.787415 0.389999
      vertex -13.2013 -0.448853 0.389999
      vertex -13.1837 -0.405518 0.389999
    endloop
  endfacet
  facet normal 0 0 -1
    outer loop
      vertex -12.7452 -0.787415 0.389999
      vertex -13.1837 -0.405518 0.389999
      vertex -13.1643 -0.363831 0.389999
    endloop
  endfacet
  facet normal 0 0 -1
    outer loop
      vertex -12.7452 -0.787415 0.389999
      vertex -13.12 -0.285446 0.389999
      vertex -13.0952 -0.248749 0.389999
    endloop
  endfacet
  facet normal 0 0 -1
    outer loop
      vertex -10.747 0.966766 0.389999
      vertex -10.2421 0.928528 0.389999
      vertex -10.2465 0.870285 0.389999
    endloop
  endfacet
  facet normal 0 0 -1
    outer loop
      vertex -10.2421 0.928528 0.389999
      vertex -10.747 0.966766 0.389999
      vertex -10.2406 0.98877 0.389999
    endloop
  endfacet
  facet normal 0 0 -1
    outer loop
      vertex -10.7527 0.92012 0.389999
      vertex -10.2465 0.870285 0.389999
      vertex -10.2538 0.814041 0.389999
    endloop
  endfacet
  facet normal 0 0 -1
    outer loop
      vertex -10.7623 0.875977 0.389999
      vertex -10.2538 0.814041 0.389999
      vertex -10.2641 0.759781 0.389999
    endloop
  endfacet
  facet normal -0 0 -1
    outer loop
      vertex -10.2406 0.98877 0.389999
      vertex -10.747 0.966766 0.389999
      vertex -10.7451 1.0159 0.389999
    endloop
  endfacet
  facet normal 0 0 -1
    outer loop
      vertex -10.7623 0.875977 0.389999
      vertex -10.2641 0.759781 0.389999
      vertex -10.2773 0.70752 0.389999
    endloop
  endfacet
  facet normal 0 0 -1
    outer loop
      vertex -10.7757 0.83432 0.389999
      vertex -10.2773 0.70752 0.389999
      vertex -10.2934 0.657242 0.389999
    endloop
  endfacet
  facet normal 0 0 -1
    outer loop
      vertex -10.2406 0.98877 0.389999
      vertex -10.7451 1.0159 0.389999
      vertex -10.2483 1.12445 0.389999
    endloop
  endfacet
  facet normal 0 0 -1
    outer loop
      vertex -10.7757 0.83432 0.389999
      vertex -10.2934 0.657242 0.389999
      vertex -10.3125 0.608978 0.389999
    endloop
  endfacet
  facet normal 0 0 -1
    outer loop
      vertex -10.7928 0.795151 0.389999
      vertex -10.3125 0.608978 0.389999
      vertex -10.3343 0.562561 0.389999
    endloop
  endfacet
  facet normal 0 0 -1
    outer loop
      vertex -10.7928 0.795151 0.389999
      vertex -10.3343 0.562561 0.389999
      vertex -10.3587 0.517868 0.389999
    endloop
  endfacet
  facet normal 0 0 -1
    outer loop
      vertex -10.75 1.09888 0.389999
      vertex -10.2483 1.12445 0.389999
      vertex -10.7451 1.0159 0.389999
    endloop
  endfacet
  facet normal 0 0 -1
    outer loop
      vertex -10.8138 0.758469 0.389999
      vertex -10.3587 0.517868 0.389999
      vertex -10.3858 0.474884 0.389999
    endloop
  endfacet
  facet normal 0 0 -1
    outer loop
      vertex -10.8138 0.758469 0.389999
      vertex -10.3858 0.474884 0.389999
      vertex -10.4154 0.433609 0.389999
    endloop
  endfacet
  facet normal -0 0 -1
    outer loop
      vertex -10.2483 1.12445 0.389999
      vertex -10.75 1.09888 0.389999
      vertex -10.2713 1.25095 0.389999
    endloop
  endfacet
  facet normal 0 0 -1
    outer loop
      vertex -10.8387 0.724289 0.389999
      vertex -10.4154 0.433609 0.389999
      vertex -10.4477 0.394058 0.389999
    endloop
  endfacet
  facet normal 0 0 -1
    outer loop
      vertex -10.8387 0.724289 0.389999
      vertex -10.4477 0.394058 0.389999
      vertex -10.4825 0.356216 0.389999
    endloop
  endfacet
  facet normal 0 0 -1
    outer loop
      vertex -10.7648 1.17577 0.389999
      vertex -10.2713 1.25095 0.389999
      vertex -10.75 1.09888 0.389999
    endloop
  endfacet
  facet normal 0 0 -1
    outer loop
      vertex -10.8671 0.692078 0.389999
      vertex -10.4825 0.356216 0.389999
      vertex -10.52 0.320099 0.389999
    endloop
  endfacet
  facet normal 0 0 -1
    outer loop
      vertex -10.8671 0.692078 0.389999
      vertex -10.52 0.320099 0.389999
      vertex -10.5608 0.285309 0.389999
    endloop
  endfacet
  facet normal 0 0 -1
    outer loop
      vertex -10.8989 0.661301 0.389999
      vertex -10.5608 0.285309 0.389999
      vertex -10.6056 0.251465 0.389999
    endloop
  endfacet
  facet normal -0 0 -1
    outer loop
      vertex -10.2713 1.25095 0.389999
      vertex -10.7648 1.17577 0.389999
      vertex -10.3096 1.36824 0.389999
    endloop
  endfacet
  facet normal 0 0 -1
    outer loop
      vertex -10.9341 0.631958 0.389999
      vertex -10.6056 0.251465 0.389999
      vertex -10.6544 0.218552 0.389999
    endloop
  endfacet
  facet normal 0 0 -1
    outer loop
      vertex -10.9341 0.631958 0.389999
      vertex -10.6544 0.218552 0.389999
      vertex -10.7073 0.186584 0.389999
    endloop
  endfacet
  facet normal 0 0 -1
    outer loop
      vertex -10.7894 1.24655 0.389999
      vertex -10.3096 1.36824 0.389999
      vertex -10.7648 1.17577 0.389999
    endloop
  endfacet
  facet normal -0 0 -1
    outer loop
      vertex -10.3633 1.47635 0.389999
      vertex -10.7894 1.24655 0.389999
      vertex -10.4323 1.57527 0.389999
    endloop
  endfacet
  facet normal -0 0 -1
    outer loop
      vertex -10.3096 1.36824 0.389999
      vertex -10.7894 1.24655 0.389999
      vertex -10.3633 1.47635 0.389999
    endloop
  endfacet
  facet normal 0 0 -1
    outer loop
      vertex -10.2465 0.870285 0.389999
      vertex -10.7527 0.92012 0.389999
      vertex -10.747 0.966766 0.389999
    endloop
  endfacet
  facet normal 0 0 -1
    outer loop
      vertex -10.2538 0.814041 0.389999
      vertex -10.7623 0.875977 0.389999
      vertex -10.7527 0.92012 0.389999
    endloop
  endfacet
  facet normal 0 0 -1
    outer loop
      vertex -10.9727 0.60405 0.389999
      vertex -10.7073 0.186584 0.389999
      vertex -10.7643 0.155563 0.389999
    endloop
  endfacet
  facet normal 0 0 -1
    outer loop
      vertex -10.2773 0.70752 0.389999
      vertex -10.7757 0.83432 0.389999
      vertex -10.7623 0.875977 0.389999
    endloop
  endfacet
  facet normal 0 0 -1
    outer loop
      vertex -10.3125 0.608978 0.389999
      vertex -10.7928 0.795151 0.389999
      vertex -10.7757 0.83432 0.389999
    endloop
  endfacet
  facet normal 0 0 -1
    outer loop
      vertex -10.3587 0.517868 0.389999
      vertex -10.8138 0.758469 0.389999
      vertex -10.7928 0.795151 0.389999
    endloop
  endfacet
  facet normal 0 0 -1
    outer loop
      vertex -11.0146 0.577591 0.389999
      vertex -10.7643 0.155563 0.389999
      vertex -10.8252 0.125473 0.389999
    endloop
  endfacet
  facet normal 0 0 -1
    outer loop
      vertex -10.4154 0.433609 0.389999
      vertex -10.8387 0.724289 0.389999
      vertex -10.8138 0.758469 0.389999
    endloop
  endfacet
  facet normal 0 0 -1
    outer loop
      vertex -10.4825 0.356216 0.389999
      vertex -10.8671 0.692078 0.389999
      vertex -10.8387 0.724289 0.389999
    endloop
  endfacet
  facet normal 0 0 -1
    outer loop
      vertex -11.0599 0.552567 0.389999
      vertex -10.8252 0.125473 0.389999
      vertex -10.8902 0.0963287 0.389999
    endloop
  endfacet
  facet normal 0 0 -1
    outer loop
      vertex -10.5608 0.285309 0.389999
      vertex -10.8989 0.661301 0.389999
      vertex -10.8671 0.692078 0.389999
    endloop
  endfacet
  facet normal 0 0 -1
    outer loop
      vertex -10.6056 0.251465 0.389999
      vertex -10.9341 0.631958 0.389999
      vertex -10.8989 0.661301 0.389999
    endloop
  endfacet
  facet normal 0 0 -1
    outer loop
      vertex -11.1086 0.528976 0.389999
      vertex -10.8902 0.0963287 0.389999
      vertex -10.9617 0.0676575 0.389999
    endloop
  endfacet
  facet normal 0 0 -1
    outer loop
      vertex -10.7073 0.186584 0.389999
      vertex -10.9727 0.60405 0.389999
      vertex -10.9341 0.631958 0.389999
    endloop
  endfacet
  facet normal 0 0 -1
    outer loop
      vertex -10.7643 0.155563 0.389999
      vertex -11.0146 0.577591 0.389999
      vertex -10.9727 0.60405 0.389999
    endloop
  endfacet
  facet normal 0 0 -1
    outer loop
      vertex -11.1661 0.505371 0.389999
      vertex -10.9617 0.0676575 0.389999
      vertex -11.0421 0.0389862 0.389999
    endloop
  endfacet
  facet normal 0 0 -1
    outer loop
      vertex -10.8252 0.125473 0.389999
      vertex -11.0599 0.552567 0.389999
      vertex -11.0146 0.577591 0.389999
    endloop
  endfacet
  facet normal 0 0 -1
    outer loop
      vertex -10.8902 0.0963287 0.389999
      vertex -11.1086 0.528976 0.389999
      vertex -11.0599 0.552567 0.389999
    endloop
  endfacet
  facet normal 0 0 -1
    outer loop
      vertex -11.2379 0.48027 0.389999
      vertex -11.0421 0.0389862 0.389999
      vertex -11.1315 0.0103149 0.389999
    endloop
  endfacet
  facet normal 0 0 -1
    outer loop
      vertex -10.9617 0.0676575 0.389999
      vertex -11.1661 0.505371 0.389999
      vertex -11.1086 0.528976 0.389999
    endloop
  endfacet
  facet normal 0 0 -1
    outer loop
      vertex -11.324 0.453674 0.389999
      vertex -11.1315 0.0103149 0.389999
      vertex -11.2297 -0.0183563 0.389999
    endloop
  endfacet
  facet normal 0 0 -1
    outer loop
      vertex -11.0421 0.0389862 0.389999
      vertex -11.2379 0.48027 0.389999
      vertex -11.1661 0.505371 0.389999
    endloop
  endfacet
  facet normal 0 0 -1
    outer loop
      vertex -11.1315 0.0103149 0.389999
      vertex -11.324 0.453674 0.389999
      vertex -11.2379 0.48027 0.389999
    endloop
  endfacet
  facet normal 0 0 -1
    outer loop
      vertex -11.4244 0.425583 0.389999
      vertex -11.2297 -0.0183563 0.389999
      vertex -11.3368 -0.0470276 0.389999
    endloop
  endfacet
  facet normal 0 0 -1
    outer loop
      vertex -11.2297 -0.0183563 0.389999
      vertex -11.4244 0.425583 0.389999
      vertex -11.324 0.453674 0.389999
    endloop
  endfacet
  facet normal 0 0 -1
    outer loop
      vertex -11.539 0.395996 0.389999
      vertex -11.3368 -0.0470276 0.389999
      vertex -11.4529 -0.0756989 0.389999
    endloop
  endfacet
  facet normal 0 0 -1
    outer loop
      vertex -11.3368 -0.0470276 0.389999
      vertex -11.539 0.395996 0.389999
      vertex -11.4244 0.425583 0.389999
    endloop
  endfacet
  facet normal 0 0 -1
    outer loop
      vertex -11.6679 0.364914 0.389999
      vertex -11.4529 -0.0756989 0.389999
      vertex -11.5779 -0.10437 0.389999
    endloop
  endfacet
  facet normal 0 0 -1
    outer loop
      vertex -11.6679 0.364914 0.389999
      vertex -11.5779 -0.10437 0.389999
      vertex -11.6513 -0.121262 0.389999
    endloop
  endfacet
  facet normal 0 0 -1
    outer loop
      vertex -11.4529 -0.0756989 0.389999
      vertex -11.6679 0.364914 0.389999
      vertex -11.539 0.395996 0.389999
    endloop
  endfacet
  facet normal 0 0 -1
    outer loop
      vertex -11.8111 0.332336 0.389999
      vertex -11.6513 -0.121262 0.389999
      vertex -11.7229 -0.137817 0.389999
    endloop
  endfacet
  facet normal 0 0 -1
    outer loop
      vertex -11.8615 0.320679 0.389999
      vertex -11.7229 -0.137817 0.389999
      vertex -11.7926 -0.154037 0.389999
    endloop
  endfacet
  facet normal 0 0 -1
    outer loop
      vertex -11.6513 -0.121262 0.389999
      vertex -11.8111 0.332336 0.389999
      vertex -11.6679 0.364914 0.389999
    endloop
  endfacet
  facet normal 0 0 -1
    outer loop
      vertex -11.9118 0.308975 0.389999
      vertex -11.7926 -0.154037 0.389999
      vertex -11.8604 -0.169922 0.389999
    endloop
  endfacet
  facet normal 0 0 -1
    outer loop
      vertex -11.7229 -0.137817 0.389999
      vertex -11.8615 0.320679 0.389999
      vertex -11.8111 0.332336 0.389999
    endloop
  endfacet
  facet normal 0 0 -1
    outer loop
      vertex -11.7926 -0.154037 0.389999
      vertex -11.9118 0.308975 0.389999
      vertex -11.8615 0.320679 0.389999
    endloop
  endfacet
  facet normal 0 0 -1
    outer loop
      vertex -12.0122 0.2854 0.389999
      vertex -11.8604 -0.169922 0.389999
      vertex -11.9263 -0.185486 0.389999
    endloop
  endfacet
  facet normal 0 0 -1
    outer loop
      vertex -11.8604 -0.169922 0.389999
      vertex -11.962 0.297211 0.389999
      vertex -11.9118 0.308975 0.389999
    endloop
  endfacet
  facet normal 0 0 -1
    outer loop
      vertex -12.0623 0.273529 0.389999
      vertex -11.9263 -0.185486 0.389999
      vertex -11.9904 -0.200714 0.389999
    endloop
  endfacet
  facet normal 0 0 -1
    outer loop
      vertex -11.8604 -0.169922 0.389999
      vertex -12.0122 0.2854 0.389999
      vertex -11.962 0.297211 0.389999
    endloop
  endfacet
  facet normal 0 0 -1
    outer loop
      vertex -12.1124 0.261597 0.389999
      vertex -11.9904 -0.200714 0.389999
      vertex -12.0526 -0.215607 0.389999
    endloop
  endfacet
  facet normal 0 0 -1
    outer loop
      vertex -11.9263 -0.185486 0.389999
      vertex -12.0623 0.273529 0.389999
      vertex -12.0122 0.2854 0.389999
    endloop
  endfacet
  facet normal 0 0 -1
    outer loop
      vertex -11.9904 -0.200714 0.389999
      vertex -12.1124 0.261597 0.389999
      vertex -12.0623 0.273529 0.389999
    endloop
  endfacet
  facet normal 0 0 -1
    outer loop
      vertex -12.2121 0.237274 0.389999
      vertex -12.0526 -0.215607 0.389999
      vertex -12.1125 -0.230835 0.389999
    endloop
  endfacet
  facet normal 0 0 -1
    outer loop
      vertex -12.0526 -0.215607 0.389999
      vertex -12.1624 0.249619 0.389999
      vertex -12.1124 0.261597 0.389999
    endloop
  endfacet
  facet normal 0 0 -1
    outer loop
      vertex -12.2612 0.224258 0.389999
      vertex -12.1125 -0.230835 0.389999
      vertex -12.1701 -0.247055 0.389999
    endloop
  endfacet
  facet normal 0 0 -1
    outer loop
      vertex -12.0526 -0.215607 0.389999
      vertex -12.2121 0.237274 0.389999
      vertex -12.1624 0.249619 0.389999
    endloop
  endfacet
  facet normal 0 0 -1
    outer loop
      vertex -12.3575 0.196243 0.389999
      vertex -12.1701 -0.247055 0.389999
      vertex -12.2253 -0.264267 0.389999
    endloop
  endfacet
  facet normal 0 0 -1
    outer loop
      vertex -12.1125 -0.230835 0.389999
      vertex -12.2612 0.224258 0.389999
      vertex -12.2121 0.237274 0.389999
    endloop
  endfacet
  facet normal 0 0 -1
    outer loop
      vertex -12.4047 0.181244 0.389999
      vertex -12.2253 -0.264267 0.389999
      vertex -12.278 -0.282471 0.389999
    endloop
  endfacet
  facet normal 0 0 -1
    outer loop
      vertex -12.1701 -0.247055 0.389999
      vertex -12.3096 0.210587 0.389999
      vertex -12.2612 0.224258 0.389999
    endloop
  endfacet
  facet normal 0 0 -1
    outer loop
      vertex -12.4514 0.165588 0.389999
      vertex -12.278 -0.282471 0.389999
      vertex -12.3282 -0.301682 0.389999
    endloop
  endfacet
  facet normal 0 0 -1
    outer loop
      vertex -12.1701 -0.247055 0.389999
      vertex -12.3575 0.196243 0.389999
      vertex -12.3096 0.210587 0.389999
    endloop
  endfacet
  facet normal 0 0 -1
    outer loop
      vertex -12.5427 0.132172 0.389999
      vertex -12.3282 -0.301682 0.389999
      vertex -12.376 -0.321884 0.389999
    endloop
  endfacet
  facet normal 0 0 -1
    outer loop
      vertex -12.2253 -0.264267 0.389999
      vertex -12.4047 0.181244 0.389999
      vertex -12.3575 0.196243 0.389999
    endloop
  endfacet
  facet normal 0 0 -1
    outer loop
      vertex -12.5872 0.114258 0.389999
      vertex -12.376 -0.321884 0.389999
      vertex -12.4214 -0.343094 0.389999
    endloop
  endfacet
  facet normal 0 0 -1
    outer loop
      vertex -12.278 -0.282471 0.389999
      vertex -12.4514 0.165588 0.389999
      vertex -12.4047 0.181244 0.389999
    endloop
  endfacet
  facet normal 0 0 -1
    outer loop
      vertex -12.6736 0.0759583 0.389999
      vertex -12.4214 -0.343094 0.389999
      vertex -12.4642 -0.365616 0.389999
    endloop
  endfacet
  facet normal 0 0 -1
    outer loop
      vertex -12.3282 -0.301682 0.389999
      vertex -12.4974 0.149246 0.389999
      vertex -12.4514 0.165588 0.389999
    endloop
  endfacet
  facet normal 0 0 -1
    outer loop
      vertex -12.7156 0.0555573 0.389999
      vertex -12.4642 -0.365616 0.389999
      vertex -12.5042 -0.389801 0.389999
    endloop
  endfacet
  facet normal 0 0 -1
    outer loop
      vertex -12.7971 0.0122528 0.389999
      vertex -12.5042 -0.389801 0.389999
      vertex -12.5413 -0.415649 0.389999
    endloop
  endfacet
  facet normal 0 0 -1
    outer loop
      vertex -12.3282 -0.301682 0.389999
      vertex -12.5427 0.132172 0.389999
      vertex -12.4974 0.149246 0.389999
    endloop
  endfacet
  facet normal 0 0 -1
    outer loop
      vertex -12.7971 0.0122528 0.389999
      vertex -12.5413 -0.415649 0.389999
      vertex -12.5756 -0.443161 0.389999
    endloop
  endfacet
  facet normal 0 0 -1
    outer loop
      vertex -12.376 -0.321884 0.389999
      vertex -12.5872 0.114258 0.389999
      vertex -12.5427 0.132172 0.389999
    endloop
  endfacet
  facet normal 0 0 -1
    outer loop
      vertex -12.7971 0.0122528 0.389999
      vertex -12.5756 -0.443161 0.389999
      vertex -12.607 -0.472321 0.389999
    endloop
  endfacet
  facet normal 0 0 -1
    outer loop
      vertex -12.4214 -0.343094 0.389999
      vertex -12.6308 0.09552 0.389999
      vertex -12.5872 0.114258 0.389999
    endloop
  endfacet
  facet normal 0 0 -1
    outer loop
      vertex -12.7971 0.0122528 0.389999
      vertex -12.607 -0.472321 0.389999
      vertex -12.6357 -0.503159 0.389999
    endloop
  endfacet
  facet normal 0 0 -1
    outer loop
      vertex -12.7971 0.0122528 0.389999
      vertex -12.6357 -0.503159 0.389999
      vertex -12.6615 -0.53566 0.389999
    endloop
  endfacet
  facet normal 0 0 -1
    outer loop
      vertex -12.4214 -0.343094 0.389999
      vertex -12.6736 0.0759583 0.389999
      vertex -12.6308 0.09552 0.389999
    endloop
  endfacet
  facet normal 0 0 -1
    outer loop
      vertex -12.7971 0.0122528 0.389999
      vertex -12.6615 -0.53566 0.389999
      vertex -12.6842 -0.570419 0.389999
    endloop
  endfacet
  facet normal 0 0 -1
    outer loop
      vertex -12.7971 0.0122528 0.389999
      vertex -12.6842 -0.570419 0.389999
      vertex -12.7034 -0.608063 0.389999
    endloop
  endfacet
  facet normal 0 0 -1
    outer loop
      vertex -12.4642 -0.365616 0.389999
      vertex -12.7156 0.0555573 0.389999
      vertex -12.6736 0.0759583 0.389999
    endloop
  endfacet
  facet normal 0 0 -1
    outer loop
      vertex -12.7971 0.0122528 0.389999
      vertex -12.7034 -0.608063 0.389999
      vertex -12.7191 -0.648575 0.389999
    endloop
  endfacet
  facet normal 0 0 -1
    outer loop
      vertex -12.7971 0.0122528 0.389999
      vertex -12.7191 -0.648575 0.389999
      vertex -12.7313 -0.691986 0.389999
    endloop
  endfacet
  facet normal 0 0 -1
    outer loop
      vertex -12.7971 0.0122528 0.389999
      vertex -12.7313 -0.691986 0.389999
      vertex -12.74 -0.738266 0.389999
    endloop
  endfacet
  facet normal 0 0 -1
    outer loop
      vertex -12.7971 0.0122528 0.389999
      vertex -12.74 -0.738266 0.389999
      vertex -12.7452 -0.787415 0.389999
    endloop
  endfacet
  facet normal 0 0 -1
    outer loop
      vertex -12.5042 -0.389801 0.389999
      vertex -12.7568 0.034317 0.389999
      vertex -12.7156 0.0555573 0.389999
    endloop
  endfacet
  facet normal 0 0 -1
    outer loop
      vertex -13.2596 -0.812332 0.389999
      vertex -12.7452 -0.787415 0.389999
      vertex -12.7469 -0.839447 0.389999
    endloop
  endfacet
  facet normal 0 0 -1
    outer loop
      vertex -10.8239 1.31126 0.389999
      vertex -10.4323 1.57527 0.389999
      vertex -10.7894 1.24655 0.389999
    endloop
  endfacet
  facet normal -0 0 -1
    outer loop
      vertex -10.4323 1.57527 0.389999
      vertex -10.8239 1.31126 0.389999
      vertex -10.5166 1.66499 0.389999
    endloop
  endfacet
  facet normal 0 0 -1
    outer loop
      vertex -10.8683 1.36989 0.389999
      vertex -10.5166 1.66499 0.389999
      vertex -10.8239 1.31126 0.389999
    endloop
  endfacet
  facet normal -0 0 -1
    outer loop
      vertex -10.5166 1.66499 0.389999
      vertex -10.8683 1.36989 0.389999
      vertex -10.6163 1.74553 0.389999
    endloop
  endfacet
  facet normal 0 0 -1
    outer loop
      vertex -10.9225 1.42241 0.389999
      vertex -10.6163 1.74553 0.389999
      vertex -10.8683 1.36989 0.389999
    endloop
  endfacet
  facet normal -0 0 -1
    outer loop
      vertex -10.6163 1.74553 0.389999
      vertex -10.9225 1.42241 0.389999
      vertex -10.7302 1.81606 0.389999
    endloop
  endfacet
  facet normal 0 0 -1
    outer loop
      vertex -10.9865 1.46886 0.389999
      vertex -10.7302 1.81606 0.389999
      vertex -10.9225 1.42241 0.389999
    endloop
  endfacet
  facet normal -0 0 -1
    outer loop
      vertex -10.7302 1.81606 0.389999
      vertex -10.9865 1.46886 0.389999
      vertex -10.8574 1.87573 0.389999
    endloop
  endfacet
  facet normal 0 0 -1
    outer loop
      vertex -11.0599 1.50916 0.389999
      vertex -10.8574 1.87573 0.389999
      vertex -10.9865 1.46886 0.389999
    endloop
  endfacet
  facet normal -0 0 -1
    outer loop
      vertex -10.8574 1.87573 0.389999
      vertex -11.0599 1.50916 0.389999
      vertex -10.9978 1.92456 0.389999
    endloop
  endfacet
  facet normal 0 0 -1
    outer loop
      vertex -11.1422 1.54326 0.389999
      vertex -10.9978 1.92456 0.389999
      vertex -11.0599 1.50916 0.389999
    endloop
  endfacet
  facet normal 0 0 -1
    outer loop
      vertex -11.1422 1.54326 0.389999
      vertex -11.1515 1.96254 0.389999
      vertex -10.9978 1.92456 0.389999
    endloop
  endfacet
  facet normal 0 0 -1
    outer loop
      vertex -11.2333 1.57117 0.389999
      vertex -11.1515 1.96254 0.389999
      vertex -11.1422 1.54326 0.389999
    endloop
  endfacet
  facet normal 0 0 -1
    outer loop
      vertex -11.3333 1.59286 0.389999
      vertex -11.1515 1.96254 0.389999
      vertex -11.2333 1.57117 0.389999
    endloop
  endfacet
  facet normal -0 0 -1
    outer loop
      vertex -11.1515 1.96254 0.389999
      vertex -11.3333 1.59286 0.389999
      vertex -11.3183 1.98967 0.389999
    endloop
  endfacet
  facet normal 0 0 -1
    outer loop
      vertex -11.4421 1.60837 0.389999
      vertex -11.3183 1.98967 0.389999
      vertex -11.3333 1.59286 0.389999
    endloop
  endfacet
  facet normal 0 0 -1
    outer loop
      vertex -11.4421 1.60837 0.389999
      vertex -11.4984 2.00595 0.389999
      vertex -11.3183 1.98967 0.389999
    endloop
  endfacet
  facet normal 0 0 -1
    outer loop
      vertex -11.5598 1.61768 0.389999
      vertex -11.4984 2.00595 0.389999
      vertex -11.4421 1.60837 0.389999
    endloop
  endfacet
  facet normal 0 0 -1
    outer loop
      vertex -11.6918 2.01137 0.389999
      vertex -11.5598 1.61768 0.389999
      vertex -11.6864 1.62077 0.389999
    endloop
  endfacet
  facet normal 0 0 -1
    outer loop
      vertex -11.5598 1.61768 0.389999
      vertex -11.6918 2.01137 0.389999
      vertex -11.4984 2.00595 0.389999
    endloop
  endfacet
  facet normal 0 0 -1
    outer loop
      vertex -11.802 1.61798 0.389999
      vertex -11.6918 2.01137 0.389999
      vertex -11.6864 1.62077 0.389999
    endloop
  endfacet
  facet normal 0 0 -1
    outer loop
      vertex -11.802 1.61798 0.389999
      vertex -11.8715 2.00731 0.389999
      vertex -11.6918 2.01137 0.389999
    endloop
  endfacet
  facet normal 0 0 -1
    outer loop
      vertex -11.9102 1.60959 0.389999
      vertex -11.8715 2.00731 0.389999
      vertex -11.802 1.61798 0.389999
    endloop
  endfacet
  facet normal 0 0 -1
    outer loop
      vertex -12.0388 1.9951 0.389999
      vertex -11.9102 1.60959 0.389999
      vertex -12.011 1.59561 0.389999
    endloop
  endfacet
  facet normal 0 0 -1
    outer loop
      vertex -11.9102 1.60959 0.389999
      vertex -12.0388 1.9951 0.389999
      vertex -11.8715 2.00731 0.389999
    endloop
  endfacet
  facet normal 0 0 -1
    outer loop
      vertex -12.1935 1.97475 0.389999
      vertex -12.011 1.59561 0.389999
      vertex -12.1044 1.57603 0.389999
    endloop
  endfacet
  facet normal 0 0 -1
    outer loop
      vertex -12.1935 1.97475 0.389999
      vertex -12.1044 1.57603 0.389999
      vertex -12.1904 1.55087 0.389999
    endloop
  endfacet
  facet normal 0 0 -1
    outer loop
      vertex -12.011 1.59561 0.389999
      vertex -12.1935 1.97475 0.389999
      vertex -12.0388 1.9951 0.389999
    endloop
  endfacet
  facet normal 0 0 -1
    outer loop
      vertex -12.3357 1.94626 0.389999
      vertex -12.1904 1.55087 0.389999
      vertex -12.2689 1.52013 0.389999
    endloop
  endfacet
  facet normal 0 0 -1
    outer loop
      vertex -12.1904 1.55087 0.389999
      vertex -12.3357 1.94626 0.389999
      vertex -12.1935 1.97475 0.389999
    endloop
  endfacet
  facet normal 0 0 -1
    outer loop
      vertex -12.4654 1.90964 0.389999
      vertex -12.2689 1.52013 0.389999
      vertex -12.3401 1.48378 0.389999
    endloop
  endfacet
  facet normal 0 0 -1
    outer loop
      vertex -12.5826 1.86487 0.389999
      vertex -12.3401 1.48378 0.389999
      vertex -12.4044 1.44124 0.389999
    endloop
  endfacet
  facet normal 0 0 -1
    outer loop
      vertex -12.6873 1.81197 0.389999
      vertex -12.4044 1.44124 0.389999
      vertex -12.4625 1.39189 0.389999
    endloop
  endfacet
  facet normal 0 0 -1
    outer loop
      vertex -12.2689 1.52013 0.389999
      vertex -12.4654 1.90964 0.389999
      vertex -12.3357 1.94626 0.389999
    endloop
  endfacet
  facet normal 0 0 -1
    outer loop
      vertex -12.7815 1.74928 0.389999
      vertex -12.4625 1.39189 0.389999
      vertex -12.5145 1.33574 0.389999
    endloop
  endfacet
  facet normal 0 0 -1
    outer loop
      vertex -12.9447 1.58954 0.389999
      vertex -12.5145 1.33574 0.389999
      vertex -12.5602 1.27277 0.389999
    endloop
  endfacet
  facet normal 0 0 -1
    outer loop
      vertex -12.3401 1.48378 0.389999
      vertex -12.5826 1.86487 0.389999
      vertex -12.4654 1.90964 0.389999
    endloop
  endfacet
  facet normal 0 0 -1
    outer loop
      vertex -13.0137 1.49246 0.389999
      vertex -12.5602 1.27277 0.389999
      vertex -12.5997 1.20299 0.389999
    endloop
  endfacet
  facet normal 0 0 -1
    outer loop
      vertex -13.0742 1.38394 0.389999
      vertex -12.5997 1.20299 0.389999
      vertex -12.633 1.1264 0.389999
    endloop
  endfacet
  facet normal 0 0 -1
    outer loop
      vertex -13.1264 1.26396 0.389999
      vertex -12.633 1.1264 0.389999
      vertex -12.6602 1.04301 0.389999
    endloop
  endfacet
  facet normal 0 0 -1
    outer loop
      vertex -12.4044 1.44124 0.389999
      vertex -12.6873 1.81197 0.389999
      vertex -12.5826 1.86487 0.389999
    endloop
  endfacet
  facet normal 0 0 -1
    outer loop
      vertex -12.4625 1.39189 0.389999
      vertex -12.7815 1.74928 0.389999
      vertex -12.6873 1.81197 0.389999
    endloop
  endfacet
  facet normal 0 0 -1
    outer loop
      vertex -12.5145 1.33574 0.389999
      vertex -12.8673 1.67514 0.389999
      vertex -12.7815 1.74928 0.389999
    endloop
  endfacet
  facet normal 0 0 -1
    outer loop
      vertex -12.5145 1.33574 0.389999
      vertex -12.9447 1.58954 0.389999
      vertex -12.8673 1.67514 0.389999
    endloop
  endfacet
  facet normal 0 0 -1
    outer loop
      vertex -12.5602 1.27277 0.389999
      vertex -13.0137 1.49246 0.389999
      vertex -12.9447 1.58954 0.389999
    endloop
  endfacet
  facet normal 0 0 -1
    outer loop
      vertex -12.5997 1.20299 0.389999
      vertex -13.0742 1.38394 0.389999
      vertex -13.0137 1.49246 0.389999
    endloop
  endfacet
  facet normal 0 0 -1
    outer loop
      vertex -12.633 1.1264 0.389999
      vertex -13.1264 1.26396 0.389999
      vertex -13.0742 1.38394 0.389999
    endloop
  endfacet
  facet normal 0 -0 -1
    outer loop
      vertex -13.1264 1.26396 0.389999
      vertex -12.6602 1.04301 0.389999
      vertex -13.1701 1.13254 0.389999
    endloop
  endfacet
  facet normal 0 0 -1
    outer loop
      vertex -14.2476 -1.0322 0.389999
      vertex -13.7678 -1.20828 0.389999
      vertex -13.9032 -1.42628 0.389999
    endloop
  endfacet
  facet normal 0 0 -1
    outer loop
      vertex -14.345 -1.1842 0.389999
      vertex -13.9032 -1.42628 0.389999
      vertex -14.0866 -1.60464 0.389999
    endloop
  endfacet
  facet normal 0 -0 -1
    outer loop
      vertex -14.2108 -0.944977 0.389999
      vertex -13.7678 -1.20828 0.389999
      vertex -14.2476 -1.0322 0.389999
    endloop
  endfacet
  facet normal 0 0 -1
    outer loop
      vertex -13.6803 -0.950653 0.389999
      vertex -14.2108 -0.944977 0.389999
      vertex -14.1821 -0.850296 0.389999
    endloop
  endfacet
  facet normal 0 0 -1
    outer loop
      vertex -13.7678 -1.20828 0.389999
      vertex -14.2108 -0.944977 0.389999
      vertex -13.6803 -0.950653 0.389999
    endloop
  endfacet
  facet normal 0 0 -1
    outer loop
      vertex -13.9032 -1.42628 0.389999
      vertex -14.2923 -1.11194 0.389999
      vertex -14.2476 -1.0322 0.389999
    endloop
  endfacet
  facet normal 0 0 -1
    outer loop
      vertex -14.4743 -1.30632 0.389999
      vertex -14.0866 -1.60464 0.389999
      vertex -14.318 -1.74338 0.389999
    endloop
  endfacet
  facet normal 0 0 -1
    outer loop
      vertex -13.9032 -1.42628 0.389999
      vertex -14.345 -1.1842 0.389999
      vertex -14.2923 -1.11194 0.389999
    endloop
  endfacet
  facet normal 0 0 -1
    outer loop
      vertex -14.0866 -1.60464 0.389999
      vertex -14.4057 -1.24899 0.389999
      vertex -14.345 -1.1842 0.389999
    endloop
  endfacet
  facet normal 0 0 -1
    outer loop
      vertex -14.0866 -1.60464 0.389999
      vertex -14.4743 -1.30632 0.389999
      vertex -14.4057 -1.24899 0.389999
    endloop
  endfacet
  facet normal 0 0 -1
    outer loop
      vertex -14.318 -1.74338 0.389999
      vertex -14.5509 -1.35617 0.389999
      vertex -14.4743 -1.30632 0.389999
    endloop
  endfacet
  facet normal 0 0 -1
    outer loop
      vertex -14.6357 -1.39899 0.389999
      vertex -14.318 -1.74338 0.389999
      vertex -14.5972 -1.84245 0.389999
    endloop
  endfacet
  facet normal 0 0 -1
    outer loop
      vertex -14.318 -1.74338 0.389999
      vertex -14.6357 -1.39899 0.389999
      vertex -14.5509 -1.35617 0.389999
    endloop
  endfacet
  facet normal 0 0 -1
    outer loop
      vertex -14.5972 -1.84245 0.389999
      vertex -14.7288 -1.43523 0.389999
      vertex -14.6357 -1.39899 0.389999
    endloop
  endfacet
  facet normal 0 0 -1
    outer loop
      vertex -14.5972 -1.84245 0.389999
      vertex -14.8301 -1.46487 0.389999
      vertex -14.7288 -1.43523 0.389999
    endloop
  endfacet
  facet normal 0 0 -1
    outer loop
      vertex -14.9245 -1.90192 0.389999
      vertex -14.8301 -1.46487 0.389999
      vertex -14.5972 -1.84245 0.389999
    endloop
  endfacet
  facet normal 0 0 -1
    outer loop
      vertex -14.9245 -1.90192 0.389999
      vertex -14.9398 -1.48793 0.389999
      vertex -14.8301 -1.46487 0.389999
    endloop
  endfacet
  facet normal 0 0 -1
    outer loop
      vertex -14.9245 -1.90192 0.389999
      vertex -15.0577 -1.50439 0.389999
      vertex -14.9398 -1.48793 0.389999
    endloop
  endfacet
  facet normal 0 0 -1
    outer loop
      vertex -14.9245 -1.90192 0.389999
      vertex -15.184 -1.51428 0.389999
      vertex -15.0577 -1.50439 0.389999
    endloop
  endfacet
  facet normal 0 0 -1
    outer loop
      vertex -15.2996 -1.92174 0.389999
      vertex -15.184 -1.51428 0.389999
      vertex -14.9245 -1.90192 0.389999
    endloop
  endfacet
  facet normal 0 0 -1
    outer loop
      vertex -15.2996 -1.92174 0.389999
      vertex -15.3186 -1.51758 0.389999
      vertex -15.184 -1.51428 0.389999
    endloop
  endfacet
  facet normal 0 0 -1
    outer loop
      vertex -15.2996 -1.92174 0.389999
      vertex -15.4573 -1.51405 0.389999
      vertex -15.3186 -1.51758 0.389999
    endloop
  endfacet
  facet normal 0 0 -1
    outer loop
      vertex -15.5074 -1.9158 0.389999
      vertex -15.4573 -1.51405 0.389999
      vertex -15.2996 -1.92174 0.389999
    endloop
  endfacet
  facet normal 0 0 -1
    outer loop
      vertex -15.5074 -1.9158 0.389999
      vertex -15.5866 -1.50351 0.389999
      vertex -15.4573 -1.51405 0.389999
    endloop
  endfacet
  facet normal 0 0 -1
    outer loop
      vertex -15.7014 -1.89804 0.389999
      vertex -15.5866 -1.50351 0.389999
      vertex -15.5074 -1.9158 0.389999
    endloop
  endfacet
  facet normal 0 0 -1
    outer loop
      vertex -15.7014 -1.89804 0.389999
      vertex -15.7066 -1.48593 0.389999
      vertex -15.5866 -1.50351 0.389999
    endloop
  endfacet
  facet normal 0 0 -1
    outer loop
      vertex -15.8816 -1.86842 0.389999
      vertex -15.7066 -1.48593 0.389999
      vertex -15.7014 -1.89804 0.389999
    endloop
  endfacet
  facet normal -0 0 -1
    outer loop
      vertex -15.7066 -1.48593 0.389999
      vertex -15.8816 -1.86842 0.389999
      vertex -15.8173 -1.46133 0.389999
    endloop
  endfacet
  facet normal 0 0 -1
    outer loop
      vertex -16.048 -1.82697 0.389999
      vertex -15.8173 -1.46133 0.389999
      vertex -15.8816 -1.86842 0.389999
    endloop
  endfacet
  facet normal -0 0 -1
    outer loop
      vertex -15.8173 -1.46133 0.389999
      vertex -16.048 -1.82697 0.389999
      vertex -15.9185 -1.42969 0.389999
    endloop
  endfacet
  facet normal -0 0 -1
    outer loop
      vertex -15.9185 -1.42969 0.389999
      vertex -16.048 -1.82697 0.389999
      vertex -16.0105 -1.39102 0.389999
    endloop
  endfacet
  facet normal 0 0 -1
    outer loop
      vertex -16.2007 -1.77365 0.389999
      vertex -16.0105 -1.39102 0.389999
      vertex -16.048 -1.82697 0.389999
    endloop
  endfacet
  facet normal -0 0 -1
    outer loop
      vertex -16.0105 -1.39102 0.389999
      vertex -16.2007 -1.77365 0.389999
      vertex -16.093 -1.34534 0.389999
    endloop
  endfacet
  facet normal 0 0 -1
    outer loop
      vertex -16.3395 -1.7085 0.389999
      vertex -16.093 -1.34534 0.389999
      vertex -16.2007 -1.77365 0.389999
    endloop
  endfacet
  facet normal -0 0 -1
    outer loop
      vertex -16.093 -1.34534 0.389999
      vertex -16.3395 -1.7085 0.389999
      vertex -16.1653 -1.29283 0.389999
    endloop
  endfacet
  facet normal 0 0 -1
    outer loop
      vertex -16.4646 -1.63148 0.389999
      vertex -16.1653 -1.29283 0.389999
      vertex -16.3395 -1.7085 0.389999
    endloop
  endfacet
  facet normal -0 0 -1
    outer loop
      vertex -16.1653 -1.29283 0.389999
      vertex -16.4646 -1.63148 0.389999
      vertex -16.2265 -1.23373 0.389999
    endloop
  endfacet
  facet normal 0 0 -1
    outer loop
      vertex -16.5744 -1.5437 0.389999
      vertex -16.2265 -1.23373 0.389999
      vertex -16.4646 -1.63148 0.389999
    endloop
  endfacet
  facet normal -0 0 -1
    outer loop
      vertex -16.2265 -1.23373 0.389999
      vertex -16.5744 -1.5437 0.389999
      vertex -16.2766 -1.16806 0.389999
    endloop
  endfacet
  facet normal 0 0 -1
    outer loop
      vertex -16.6672 -1.44615 0.389999
      vertex -16.2766 -1.16806 0.389999
      vertex -16.5744 -1.5437 0.389999
    endloop
  endfacet
  facet normal 0 0 -1
    outer loop
      vertex -16.7432 -1.33888 0.389999
      vertex -16.2766 -1.16806 0.389999
      vertex -16.6672 -1.44615 0.389999
    endloop
  endfacet
  facet normal 0 0 -1
    outer loop
      vertex -16.1228 -0.389801 0.389999
      vertex -16.4158 0.0122528 0.389999
      vertex -16.3755 0.034317 0.389999
    endloop
  endfacet
  facet normal -0 0 -1
    outer loop
      vertex -16.2766 -1.16806 0.389999
      vertex -16.7432 -1.33888 0.389999
      vertex -16.3156 -1.09578 0.389999
    endloop
  endfacet
  facet normal 0 0 -1
    outer loop
      vertex -16.8023 -1.22185 0.389999
      vertex -16.3156 -1.09578 0.389999
      vertex -16.7432 -1.33888 0.389999
    endloop
  endfacet
  facet normal -0 0 -1
    outer loop
      vertex -16.3639 -0.787415 0.389999
      vertex -16.8783 -0.812332 0.389999
      vertex -16.8771 -0.753754 0.389999
    endloop
  endfacet
  facet normal 0 0 -1
    outer loop
      vertex -16.3639 -0.787415 0.389999
      vertex -16.8771 -0.753754 0.389999
      vertex -16.8735 -0.697403 0.389999
    endloop
  endfacet
  facet normal 0 0 -1
    outer loop
      vertex -16.3639 -0.787415 0.389999
      vertex -16.8735 -0.697403 0.389999
      vertex -16.8676 -0.643265 0.389999
    endloop
  endfacet
  facet normal 0 0 -1
    outer loop
      vertex -16.3639 -0.787415 0.389999
      vertex -16.455 -0.0109253 0.389999
      vertex -16.4158 0.0122528 0.389999
    endloop
  endfacet
  facet normal -0 0 -1
    outer loop
      vertex -16.3156 -1.09578 0.389999
      vertex -16.8023 -1.22185 0.389999
      vertex -16.3434 -1.01692 0.389999
    endloop
  endfacet
  facet normal 0 0 -1
    outer loop
      vertex -16.3639 -0.787415 0.389999
      vertex -16.4926 -0.035553 0.389999
      vertex -16.455 -0.0109253 0.389999
    endloop
  endfacet
  facet normal 0 0 -1
    outer loop
      vertex -16.3639 -0.787415 0.389999
      vertex -16.5288 -0.0616302 0.389999
      vertex -16.4926 -0.035553 0.389999
    endloop
  endfacet
  facet normal 0 0 -1
    outer loop
      vertex -16.3639 -0.787415 0.389999
      vertex -16.8676 -0.643265 0.389999
      vertex -16.8593 -0.591339 0.389999
    endloop
  endfacet
  facet normal 0 0 -1
    outer loop
      vertex -16.8445 -1.09509 0.389999
      vertex -16.3434 -1.01692 0.389999
      vertex -16.8023 -1.22185 0.389999
    endloop
  endfacet
  facet normal 0 0 -1
    outer loop
      vertex -16.3639 -0.787415 0.389999
      vertex -16.5635 -0.0891418 0.389999
      vertex -16.5288 -0.0616302 0.389999
    endloop
  endfacet
  facet normal 0 0 -1
    outer loop
      vertex -16.3639 -0.787415 0.389999
      vertex -16.5967 -0.118103 0.389999
      vertex -16.5635 -0.0891418 0.389999
    endloop
  endfacet
  facet normal 0 0 -1
    outer loop
      vertex -16.3639 -0.787415 0.389999
      vertex -16.6284 -0.148499 0.389999
      vertex -16.5967 -0.118103 0.389999
    endloop
  endfacet
  facet normal -0 0 -1
    outer loop
      vertex -16.3434 -1.01692 0.389999
      vertex -16.8445 -1.09509 0.389999
      vertex -16.3601 -0.931488 0.389999
    endloop
  endfacet
  facet normal 0 0 -1
    outer loop
      vertex -16.3639 -0.787415 0.389999
      vertex -16.6586 -0.180328 0.389999
      vertex -16.6284 -0.148499 0.389999
    endloop
  endfacet
  facet normal 0 0 -1
    outer loop
      vertex -16.3639 -0.787415 0.389999
      vertex -16.6871 -0.213715 0.389999
      vertex -16.6586 -0.180328 0.389999
    endloop
  endfacet
  facet normal 0 0 -1
    outer loop
      vertex -16.8699 -0.958588 0.389999
      vertex -16.3601 -0.931488 0.389999
      vertex -16.8445 -1.09509 0.389999
    endloop
  endfacet
  facet normal 0 0 -1
    outer loop
      vertex -16.3639 -0.787415 0.389999
      vertex -16.7138 -0.248749 0.389999
      vertex -16.6871 -0.213715 0.389999
    endloop
  endfacet
  facet normal 0 0 -1
    outer loop
      vertex -16.3639 -0.787415 0.389999
      vertex -16.7618 -0.323807 0.389999
      vertex -16.7387 -0.285446 0.389999
    endloop
  endfacet
  facet normal 0 0 -1
    outer loop
      vertex -16.3639 -0.787415 0.389999
      vertex -16.783 -0.363831 0.389999
      vertex -16.7618 -0.323807 0.389999
    endloop
  endfacet
  facet normal -0 0 -1
    outer loop
      vertex -16.3601 -0.931488 0.389999
      vertex -16.8699 -0.958588 0.389999
      vertex -16.3656 -0.839447 0.389999
    endloop
  endfacet
  facet normal 0 0 -1
    outer loop
      vertex -16.3639 -0.787415 0.389999
      vertex -16.8354 -0.494125 0.389999
      vertex -16.82 -0.448853 0.389999
    endloop
  endfacet
  facet normal 0 0 -1
    outer loop
      vertex -16.3639 -0.787415 0.389999
      vertex -16.8485 -0.541626 0.389999
      vertex -16.8354 -0.494125 0.389999
    endloop
  endfacet
  facet normal 0 0 -1
    outer loop
      vertex -16.3639 -0.787415 0.389999
      vertex -16.8593 -0.591339 0.389999
      vertex -16.8485 -0.541626 0.389999
    endloop
  endfacet
  facet normal -0 0 -1
    outer loop
      vertex -16.3656 -0.839447 0.389999
      vertex -16.8699 -0.958588 0.389999
      vertex -16.8783 -0.812332 0.389999
    endloop
  endfacet
  facet normal 0 0 -1
    outer loop
      vertex -16.3639 -0.787415 0.389999
      vertex -16.82 -0.448853 0.389999
      vertex -16.8024 -0.405518 0.389999
    endloop
  endfacet
  facet normal 0 0 -1
    outer loop
      vertex -16.3639 -0.787415 0.389999
      vertex -16.8024 -0.405518 0.389999
      vertex -16.783 -0.363831 0.389999
    endloop
  endfacet
  facet normal 0 0 -1
    outer loop
      vertex -16.3639 -0.787415 0.389999
      vertex -16.7387 -0.285446 0.389999
      vertex -16.7138 -0.248749 0.389999
    endloop
  endfacet
  facet normal 0 0 -1
    outer loop
      vertex -14.3657 0.966766 0.389999
      vertex -13.8607 0.928528 0.389999
      vertex -13.8651 0.870285 0.389999
    endloop
  endfacet
  facet normal 0 0 -1
    outer loop
      vertex -13.8607 0.928528 0.389999
      vertex -14.3657 0.966766 0.389999
      vertex -13.8593 0.98877 0.389999
    endloop
  endfacet
  facet normal 0 0 -1
    outer loop
      vertex -14.3714 0.92012 0.389999
      vertex -13.8651 0.870285 0.389999
      vertex -13.8725 0.814041 0.389999
    endloop
  endfacet
  facet normal 0 0 -1
    outer loop
      vertex -14.381 0.875977 0.389999
      vertex -13.8725 0.814041 0.389999
      vertex -13.8827 0.759781 0.389999
    endloop
  endfacet
  facet normal -0 0 -1
    outer loop
      vertex -13.8593 0.98877 0.389999
      vertex -14.3657 0.966766 0.389999
      vertex -14.3638 1.0159 0.389999
    endloop
  endfacet
  facet normal 0 0 -1
    outer loop
      vertex -14.381 0.875977 0.389999
      vertex -13.8827 0.759781 0.389999
      vertex -13.8959 0.70752 0.389999
    endloop
  endfacet
  facet normal 0 0 -1
    outer loop
      vertex -14.3943 0.83432 0.389999
      vertex -13.8959 0.70752 0.389999
      vertex -13.9121 0.657242 0.389999
    endloop
  endfacet
  facet normal 0 0 -1
    outer loop
      vertex -13.8593 0.98877 0.389999
      vertex -14.3638 1.0159 0.389999
      vertex -13.8669 1.12445 0.389999
    endloop
  endfacet
  facet normal 0 0 -1
    outer loop
      vertex -14.3943 0.83432 0.389999
      vertex -13.9121 0.657242 0.389999
      vertex -13.9311 0.608978 0.389999
    endloop
  endfacet
  facet normal 0 0 -1
    outer loop
      vertex -14.4115 0.795151 0.389999
      vertex -13.9311 0.608978 0.389999
      vertex -13.953 0.562561 0.389999
    endloop
  endfacet
  facet normal 0 0 -1
    outer loop
      vertex -14.4115 0.795151 0.389999
      vertex -13.953 0.562561 0.389999
      vertex -13.9774 0.517868 0.389999
    endloop
  endfacet
  facet normal 0 0 -1
    outer loop
      vertex -14.3687 1.09888 0.389999
      vertex -13.8669 1.12445 0.389999
      vertex -14.3638 1.0159 0.389999
    endloop
  endfacet
  facet normal 0 0 -1
    outer loop
      vertex -14.4325 0.758469 0.389999
      vertex -13.9774 0.517868 0.389999
      vertex -14.0045 0.474884 0.389999
    endloop
  endfacet
  facet normal 0 0 -1
    outer loop
      vertex -14.4325 0.758469 0.389999
      vertex -14.0045 0.474884 0.389999
      vertex -14.0341 0.433609 0.389999
    endloop
  endfacet
  facet normal -0 0 -1
    outer loop
      vertex -13.8669 1.12445 0.389999
      vertex -14.3687 1.09888 0.389999
      vertex -13.8899 1.25095 0.389999
    endloop
  endfacet
  facet normal 0 0 -1
    outer loop
      vertex -14.4573 0.724289 0.389999
      vertex -14.0341 0.433609 0.389999
      vertex -14.0664 0.394058 0.389999
    endloop
  endfacet
  facet normal 0 0 -1
    outer loop
      vertex -14.4573 0.724289 0.389999
      vertex -14.0664 0.394058 0.389999
      vertex -14.1012 0.356216 0.389999
    endloop
  endfacet
  facet normal 0 0 -1
    outer loop
      vertex -14.3835 1.17577 0.389999
      vertex -13.8899 1.25095 0.389999
      vertex -14.3687 1.09888 0.389999
    endloop
  endfacet
  facet normal 0 0 -1
    outer loop
      vertex -14.4858 0.692078 0.389999
      vertex -14.1012 0.356216 0.389999
      vertex -14.1387 0.320099 0.389999
    endloop
  endfacet
  facet normal 0 0 -1
    outer loop
      vertex -14.4858 0.692078 0.389999
      vertex -14.1387 0.320099 0.389999
      vertex -14.1794 0.285309 0.389999
    endloop
  endfacet
  facet normal 0 0 -1
    outer loop
      vertex -14.5176 0.661301 0.389999
      vertex -14.1794 0.285309 0.389999
      vertex -14.2242 0.251465 0.389999
    endloop
  endfacet
  facet normal -0 0 -1
    outer loop
      vertex -13.8899 1.25095 0.389999
      vertex -14.3835 1.17577 0.389999
      vertex -13.9283 1.36824 0.389999
    endloop
  endfacet
  facet normal 0 0 -1
    outer loop
      vertex -14.5528 0.631958 0.389999
      vertex -14.2242 0.251465 0.389999
      vertex -14.2731 0.218552 0.389999
    endloop
  endfacet
  facet normal 0 0 -1
    outer loop
      vertex -14.5528 0.631958 0.389999
      vertex -14.2731 0.218552 0.389999
      vertex -14.326 0.186584 0.389999
    endloop
  endfacet
  facet normal 0 0 -1
    outer loop
      vertex -14.4081 1.24655 0.389999
      vertex -13.9283 1.36824 0.389999
      vertex -14.3835 1.17577 0.389999
    endloop
  endfacet
  facet normal -0 0 -1
    outer loop
      vertex -13.9819 1.47635 0.389999
      vertex -14.4081 1.24655 0.389999
      vertex -14.0509 1.57527 0.389999
    endloop
  endfacet
  facet normal -0 0 -1
    outer loop
      vertex -13.9283 1.36824 0.389999
      vertex -14.4081 1.24655 0.389999
      vertex -13.9819 1.47635 0.389999
    endloop
  endfacet
  facet normal 0 0 -1
    outer loop
      vertex -13.8651 0.870285 0.389999
      vertex -14.3714 0.92012 0.389999
      vertex -14.3657 0.966766 0.389999
    endloop
  endfacet
  facet normal 0 0 -1
    outer loop
      vertex -13.8725 0.814041 0.389999
      vertex -14.381 0.875977 0.389999
      vertex -14.3714 0.92012 0.389999
    endloop
  endfacet
  facet normal 0 0 -1
    outer loop
      vertex -14.5913 0.60405 0.389999
      vertex -14.326 0.186584 0.389999
      vertex -14.3829 0.155563 0.389999
    endloop
  endfacet
  facet normal 0 0 -1
    outer loop
      vertex -13.8959 0.70752 0.389999
      vertex -14.3943 0.83432 0.389999
      vertex -14.381 0.875977 0.389999
    endloop
  endfacet
  facet normal 0 0 -1
    outer loop
      vertex -13.9311 0.608978 0.389999
      vertex -14.4115 0.795151 0.389999
      vertex -14.3943 0.83432 0.389999
    endloop
  endfacet
  facet normal 0 0 -1
    outer loop
      vertex -13.9774 0.517868 0.389999
      vertex -14.4325 0.758469 0.389999
      vertex -14.4115 0.795151 0.389999
    endloop
  endfacet
  facet normal 0 0 -1
    outer loop
      vertex -14.6333 0.577591 0.389999
      vertex -14.3829 0.155563 0.389999
      vertex -14.4439 0.125473 0.389999
    endloop
  endfacet
  facet normal 0 0 -1
    outer loop
      vertex -14.0341 0.433609 0.389999
      vertex -14.4573 0.724289 0.389999
      vertex -14.4325 0.758469 0.389999
    endloop
  endfacet
  facet normal 0 0 -1
    outer loop
      vertex -14.1012 0.356216 0.389999
      vertex -14.4858 0.692078 0.389999
      vertex -14.4573 0.724289 0.389999
    endloop
  endfacet
  facet normal 0 0 -1
    outer loop
      vertex -14.6786 0.552567 0.389999
      vertex -14.4439 0.125473 0.389999
      vertex -14.5089 0.0963287 0.389999
    endloop
  endfacet
  facet normal 0 0 -1
    outer loop
      vertex -14.1794 0.285309 0.389999
      vertex -14.5176 0.661301 0.389999
      vertex -14.4858 0.692078 0.389999
    endloop
  endfacet
  facet normal 0 0 -1
    outer loop
      vertex -14.2242 0.251465 0.389999
      vertex -14.5528 0.631958 0.389999
      vertex -14.5176 0.661301 0.389999
    endloop
  endfacet
  facet normal 0 0 -1
    outer loop
      vertex -14.7273 0.528976 0.389999
      vertex -14.5089 0.0963287 0.389999
      vertex -14.5804 0.0676575 0.389999
    endloop
  endfacet
  facet normal 0 0 -1
    outer loop
      vertex -14.326 0.186584 0.389999
      vertex -14.5913 0.60405 0.389999
      vertex -14.5528 0.631958 0.389999
    endloop
  endfacet
  facet normal 0 0 -1
    outer loop
      vertex -14.3829 0.155563 0.389999
      vertex -14.6333 0.577591 0.389999
      vertex -14.5913 0.60405 0.389999
    endloop
  endfacet
  facet normal 0 0 -1
    outer loop
      vertex -14.7848 0.505371 0.389999
      vertex -14.5804 0.0676575 0.389999
      vertex -14.6608 0.0389862 0.389999
    endloop
  endfacet
  facet normal 0 0 -1
    outer loop
      vertex -14.4439 0.125473 0.389999
      vertex -14.6786 0.552567 0.389999
      vertex -14.6333 0.577591 0.389999
    endloop
  endfacet
  facet normal 0 0 -1
    outer loop
      vertex -14.5089 0.0963287 0.389999
      vertex -14.7273 0.528976 0.389999
      vertex -14.6786 0.552567 0.389999
    endloop
  endfacet
  facet normal 0 0 -1
    outer loop
      vertex -14.8566 0.48027 0.389999
      vertex -14.6608 0.0389862 0.389999
      vertex -14.7501 0.0103149 0.389999
    endloop
  endfacet
  facet normal 0 0 -1
    outer loop
      vertex -14.5804 0.0676575 0.389999
      vertex -14.7848 0.505371 0.389999
      vertex -14.7273 0.528976 0.389999
    endloop
  endfacet
  facet normal 0 0 -1
    outer loop
      vertex -14.9427 0.453674 0.389999
      vertex -14.7501 0.0103149 0.389999
      vertex -14.8484 -0.0183563 0.389999
    endloop
  endfacet
  facet normal 0 0 -1
    outer loop
      vertex -14.6608 0.0389862 0.389999
      vertex -14.8566 0.48027 0.389999
      vertex -14.7848 0.505371 0.389999
    endloop
  endfacet
  facet normal 0 0 -1
    outer loop
      vertex -14.7501 0.0103149 0.389999
      vertex -14.9427 0.453674 0.389999
      vertex -14.8566 0.48027 0.389999
    endloop
  endfacet
  facet normal 0 0 -1
    outer loop
      vertex -15.043 0.425583 0.389999
      vertex -14.8484 -0.0183563 0.389999
      vertex -14.9555 -0.0470276 0.389999
    endloop
  endfacet
  facet normal 0 0 -1
    outer loop
      vertex -14.8484 -0.0183563 0.389999
      vertex -15.043 0.425583 0.389999
      vertex -14.9427 0.453674 0.389999
    endloop
  endfacet
  facet normal 0 0 -1
    outer loop
      vertex -15.1577 0.395996 0.389999
      vertex -14.9555 -0.0470276 0.389999
      vertex -15.0716 -0.0756989 0.389999
    endloop
  endfacet
  facet normal 0 0 -1
    outer loop
      vertex -14.9555 -0.0470276 0.389999
      vertex -15.1577 0.395996 0.389999
      vertex -15.043 0.425583 0.389999
    endloop
  endfacet
  facet normal 0 0 -1
    outer loop
      vertex -15.2866 0.364914 0.389999
      vertex -15.0716 -0.0756989 0.389999
      vertex -15.1965 -0.10437 0.389999
    endloop
  endfacet
  facet normal 0 0 -1
    outer loop
      vertex -15.2866 0.364914 0.389999
      vertex -15.1965 -0.10437 0.389999
      vertex -15.27 -0.121262 0.389999
    endloop
  endfacet
  facet normal 0 0 -1
    outer loop
      vertex -15.0716 -0.0756989 0.389999
      vertex -15.2866 0.364914 0.389999
      vertex -15.1577 0.395996 0.389999
    endloop
  endfacet
  facet normal 0 0 -1
    outer loop
      vertex -15.4298 0.332336 0.389999
      vertex -15.27 -0.121262 0.389999
      vertex -15.3416 -0.137817 0.389999
    endloop
  endfacet
  facet normal 0 0 -1
    outer loop
      vertex -15.4802 0.320679 0.389999
      vertex -15.3416 -0.137817 0.389999
      vertex -15.4113 -0.154037 0.389999
    endloop
  endfacet
  facet normal 0 0 -1
    outer loop
      vertex -15.27 -0.121262 0.389999
      vertex -15.4298 0.332336 0.389999
      vertex -15.2866 0.364914 0.389999
    endloop
  endfacet
  facet normal 0 0 -1
    outer loop
      vertex -15.5304 0.308975 0.389999
      vertex -15.4113 -0.154037 0.389999
      vertex -15.4791 -0.169922 0.389999
    endloop
  endfacet
  facet normal 0 0 -1
    outer loop
      vertex -15.3416 -0.137817 0.389999
      vertex -15.4802 0.320679 0.389999
      vertex -15.4298 0.332336 0.389999
    endloop
  endfacet
  facet normal 0 0 -1
    outer loop
      vertex -15.4113 -0.154037 0.389999
      vertex -15.5304 0.308975 0.389999
      vertex -15.4802 0.320679 0.389999
    endloop
  endfacet
  facet normal 0 0 -1
    outer loop
      vertex -15.6309 0.2854 0.389999
      vertex -15.4791 -0.169922 0.389999
      vertex -15.545 -0.185486 0.389999
    endloop
  endfacet
  facet normal 0 0 -1
    outer loop
      vertex -15.4791 -0.169922 0.389999
      vertex -15.5807 0.297211 0.389999
      vertex -15.5304 0.308975 0.389999
    endloop
  endfacet
  facet normal 0 0 -1
    outer loop
      vertex -15.681 0.273529 0.389999
      vertex -15.545 -0.185486 0.389999
      vertex -15.6091 -0.200714 0.389999
    endloop
  endfacet
  facet normal 0 0 -1
    outer loop
      vertex -15.4791 -0.169922 0.389999
      vertex -15.6309 0.2854 0.389999
      vertex -15.5807 0.297211 0.389999
    endloop
  endfacet
  facet normal 0 0 -1
    outer loop
      vertex -15.731 0.261597 0.389999
      vertex -15.6091 -0.200714 0.389999
      vertex -15.6712 -0.215607 0.389999
    endloop
  endfacet
  facet normal 0 0 -1
    outer loop
      vertex -15.545 -0.185486 0.389999
      vertex -15.681 0.273529 0.389999
      vertex -15.6309 0.2854 0.389999
    endloop
  endfacet
  facet normal 0 0 -1
    outer loop
      vertex -15.6091 -0.200714 0.389999
      vertex -15.731 0.261597 0.389999
      vertex -15.681 0.273529 0.389999
    endloop
  endfacet
  facet normal 0 0 -1
    outer loop
      vertex -15.8307 0.237274 0.389999
      vertex -15.6712 -0.215607 0.389999
      vertex -15.7312 -0.230835 0.389999
    endloop
  endfacet
  facet normal 0 0 -1
    outer loop
      vertex -15.6712 -0.215607 0.389999
      vertex -15.7811 0.249619 0.389999
      vertex -15.731 0.261597 0.389999
    endloop
  endfacet
  facet normal 0 0 -1
    outer loop
      vertex -15.8798 0.224258 0.389999
      vertex -15.7312 -0.230835 0.389999
      vertex -15.7888 -0.247055 0.389999
    endloop
  endfacet
  facet normal 0 0 -1
    outer loop
      vertex -15.6712 -0.215607 0.389999
      vertex -15.8307 0.237274 0.389999
      vertex -15.7811 0.249619 0.389999
    endloop
  endfacet
  facet normal 0 0 -1
    outer loop
      vertex -15.9762 0.196243 0.389999
      vertex -15.7888 -0.247055 0.389999
      vertex -15.8439 -0.264267 0.389999
    endloop
  endfacet
  facet normal 0 0 -1
    outer loop
      vertex -15.7312 -0.230835 0.389999
      vertex -15.8798 0.224258 0.389999
      vertex -15.8307 0.237274 0.389999
    endloop
  endfacet
  facet normal 0 0 -1
    outer loop
      vertex -16.0234 0.181244 0.389999
      vertex -15.8439 -0.264267 0.389999
      vertex -15.8966 -0.282471 0.389999
    endloop
  endfacet
  facet normal 0 0 -1
    outer loop
      vertex -15.7888 -0.247055 0.389999
      vertex -15.9283 0.210587 0.389999
      vertex -15.8798 0.224258 0.389999
    endloop
  endfacet
  facet normal 0 0 -1
    outer loop
      vertex -16.07 0.165588 0.389999
      vertex -15.8966 -0.282471 0.389999
      vertex -15.9469 -0.301682 0.389999
    endloop
  endfacet
  facet normal 0 0 -1
    outer loop
      vertex -15.7888 -0.247055 0.389999
      vertex -15.9762 0.196243 0.389999
      vertex -15.9283 0.210587 0.389999
    endloop
  endfacet
  facet normal 0 0 -1
    outer loop
      vertex -16.1614 0.132172 0.389999
      vertex -15.9469 -0.301682 0.389999
      vertex -15.9947 -0.321884 0.389999
    endloop
  endfacet
  facet normal 0 0 -1
    outer loop
      vertex -15.8439 -0.264267 0.389999
      vertex -16.0234 0.181244 0.389999
      vertex -15.9762 0.196243 0.389999
    endloop
  endfacet
  facet normal 0 0 -1
    outer loop
      vertex -16.2059 0.114258 0.389999
      vertex -15.9947 -0.321884 0.389999
      vertex -16.0401 -0.343094 0.389999
    endloop
  endfacet
  facet normal 0 0 -1
    outer loop
      vertex -15.8966 -0.282471 0.389999
      vertex -16.07 0.165588 0.389999
      vertex -16.0234 0.181244 0.389999
    endloop
  endfacet
  facet normal 0 0 -1
    outer loop
      vertex -16.2923 0.0759583 0.389999
      vertex -16.0401 -0.343094 0.389999
      vertex -16.0829 -0.365616 0.389999
    endloop
  endfacet
  facet normal 0 0 -1
    outer loop
      vertex -15.9469 -0.301682 0.389999
      vertex -16.1161 0.149246 0.389999
      vertex -16.07 0.165588 0.389999
    endloop
  endfacet
  facet normal 0 0 -1
    outer loop
      vertex -16.3343 0.0555573 0.389999
      vertex -16.0829 -0.365616 0.389999
      vertex -16.1228 -0.389801 0.389999
    endloop
  endfacet
  facet normal 0 0 -1
    outer loop
      vertex -16.4158 0.0122528 0.389999
      vertex -16.1228 -0.389801 0.389999
      vertex -16.1599 -0.415649 0.389999
    endloop
  endfacet
  facet normal 0 0 -1
    outer loop
      vertex -15.9469 -0.301682 0.389999
      vertex -16.1614 0.132172 0.389999
      vertex -16.1161 0.149246 0.389999
    endloop
  endfacet
  facet normal 0 0 -1
    outer loop
      vertex -16.4158 0.0122528 0.389999
      vertex -16.1599 -0.415649 0.389999
      vertex -16.1942 -0.443161 0.389999
    endloop
  endfacet
  facet normal 0 0 -1
    outer loop
      vertex -15.9947 -0.321884 0.389999
      vertex -16.2059 0.114258 0.389999
      vertex -16.1614 0.132172 0.389999
    endloop
  endfacet
  facet normal 0 0 -1
    outer loop
      vertex -16.4158 0.0122528 0.389999
      vertex -16.1942 -0.443161 0.389999
      vertex -16.2257 -0.472321 0.389999
    endloop
  endfacet
  facet normal 0 0 -1
    outer loop
      vertex -16.0401 -0.343094 0.389999
      vertex -16.2495 0.09552 0.389999
      vertex -16.2059 0.114258 0.389999
    endloop
  endfacet
  facet normal 0 0 -1
    outer loop
      vertex -16.4158 0.0122528 0.389999
      vertex -16.2257 -0.472321 0.389999
      vertex -16.2544 -0.503159 0.389999
    endloop
  endfacet
  facet normal 0 0 -1
    outer loop
      vertex -16.4158 0.0122528 0.389999
      vertex -16.2544 -0.503159 0.389999
      vertex -16.2802 -0.53566 0.389999
    endloop
  endfacet
  facet normal 0 0 -1
    outer loop
      vertex -16.0401 -0.343094 0.389999
      vertex -16.2923 0.0759583 0.389999
      vertex -16.2495 0.09552 0.389999
    endloop
  endfacet
  facet normal 0 0 -1
    outer loop
      vertex -16.4158 0.0122528 0.389999
      vertex -16.2802 -0.53566 0.389999
      vertex -16.3028 -0.570419 0.389999
    endloop
  endfacet
  facet normal 0 0 -1
    outer loop
      vertex -16.4158 0.0122528 0.389999
      vertex -16.3028 -0.570419 0.389999
      vertex -16.322 -0.608063 0.389999
    endloop
  endfacet
  facet normal 0 0 -1
    outer loop
      vertex -16.0829 -0.365616 0.389999
      vertex -16.3343 0.0555573 0.389999
      vertex -16.2923 0.0759583 0.389999
    endloop
  endfacet
  facet normal 0 0 -1
    outer loop
      vertex -16.4158 0.0122528 0.389999
      vertex -16.322 -0.608063 0.389999
      vertex -16.3377 -0.648575 0.389999
    endloop
  endfacet
  facet normal 0 0 -1
    outer loop
      vertex -16.4158 0.0122528 0.389999
      vertex -16.3377 -0.648575 0.389999
      vertex -16.3499 -0.691986 0.389999
    endloop
  endfacet
  facet normal 0 0 -1
    outer loop
      vertex -16.4158 0.0122528 0.389999
      vertex -16.3499 -0.691986 0.389999
      vertex -16.3586 -0.738266 0.389999
    endloop
  endfacet
  facet normal 0 0 -1
    outer loop
      vertex -16.4158 0.0122528 0.389999
      vertex -16.3586 -0.738266 0.389999
      vertex -16.3639 -0.787415 0.389999
    endloop
  endfacet
  facet normal 0 0 -1
    outer loop
      vertex -16.1228 -0.389801 0.389999
      vertex -16.3755 0.034317 0.389999
      vertex -16.3343 0.0555573 0.389999
    endloop
  endfacet
  facet normal 0 0 -1
    outer loop
      vertex -16.8783 -0.812332 0.389999
      vertex -16.3639 -0.787415 0.389999
      vertex -16.3656 -0.839447 0.389999
    endloop
  endfacet
  facet normal 0 0 -1
    outer loop
      vertex -14.4426 1.31126 0.389999
      vertex -14.0509 1.57527 0.389999
      vertex -14.4081 1.24655 0.389999
    endloop
  endfacet
  facet normal -0 0 -1
    outer loop
      vertex -14.0509 1.57527 0.389999
      vertex -14.4426 1.31126 0.389999
      vertex -14.1353 1.66499 0.389999
    endloop
  endfacet
  facet normal 0 0 -1
    outer loop
      vertex -14.4869 1.36989 0.389999
      vertex -14.1353 1.66499 0.389999
      vertex -14.4426 1.31126 0.389999
    endloop
  endfacet
  facet normal -0 0 -1
    outer loop
      vertex -14.1353 1.66499 0.389999
      vertex -14.4869 1.36989 0.389999
      vertex -14.2349 1.74553 0.389999
    endloop
  endfacet
  facet normal 0 0 -1
    outer loop
      vertex -14.5411 1.42241 0.389999
      vertex -14.2349 1.74553 0.389999
      vertex -14.4869 1.36989 0.389999
    endloop
  endfacet
  facet normal -0 0 -1
    outer loop
      vertex -14.2349 1.74553 0.389999
      vertex -14.5411 1.42241 0.389999
      vertex -14.3489 1.81606 0.389999
    endloop
  endfacet
  facet normal 0 0 -1
    outer loop
      vertex -14.6052 1.46886 0.389999
      vertex -14.3489 1.81606 0.389999
      vertex -14.5411 1.42241 0.389999
    endloop
  endfacet
  facet normal -0 0 -1
    outer loop
      vertex -14.3489 1.81606 0.389999
      vertex -14.6052 1.46886 0.389999
      vertex -14.4761 1.87573 0.389999
    endloop
  endfacet
  facet normal 0 0 -1
    outer loop
      vertex -14.6786 1.50916 0.389999
      vertex -14.4761 1.87573 0.389999
      vertex -14.6052 1.46886 0.389999
    endloop
  endfacet
  facet normal -0 0 -1
    outer loop
      vertex -14.4761 1.87573 0.389999
      vertex -14.6786 1.50916 0.389999
      vertex -14.6165 1.92456 0.389999
    endloop
  endfacet
  facet normal 0 0 -1
    outer loop
      vertex -14.7609 1.54326 0.389999
      vertex -14.6165 1.92456 0.389999
      vertex -14.6786 1.50916 0.389999
    endloop
  endfacet
  facet normal 0 0 -1
    outer loop
      vertex -14.7609 1.54326 0.389999
      vertex -14.7701 1.96254 0.389999
      vertex -14.6165 1.92456 0.389999
    endloop
  endfacet
  facet normal 0 0 -1
    outer loop
      vertex -14.852 1.57117 0.389999
      vertex -14.7701 1.96254 0.389999
      vertex -14.7609 1.54326 0.389999
    endloop
  endfacet
  facet normal 0 0 -1
    outer loop
      vertex -14.952 1.59286 0.389999
      vertex -14.7701 1.96254 0.389999
      vertex -14.852 1.57117 0.389999
    endloop
  endfacet
  facet normal -0 0 -1
    outer loop
      vertex -14.7701 1.96254 0.389999
      vertex -14.952 1.59286 0.389999
      vertex -14.937 1.98967 0.389999
    endloop
  endfacet
  facet normal 0 0 -1
    outer loop
      vertex -15.0608 1.60837 0.389999
      vertex -14.937 1.98967 0.389999
      vertex -14.952 1.59286 0.389999
    endloop
  endfacet
  facet normal 0 0 -1
    outer loop
      vertex -15.0608 1.60837 0.389999
      vertex -15.1171 2.00595 0.389999
      vertex -14.937 1.98967 0.389999
    endloop
  endfacet
  facet normal 0 0 -1
    outer loop
      vertex -15.1785 1.61768 0.389999
      vertex -15.1171 2.00595 0.389999
      vertex -15.0608 1.60837 0.389999
    endloop
  endfacet
  facet normal 0 0 -1
    outer loop
      vertex -15.3105 2.01137 0.389999
      vertex -15.1785 1.61768 0.389999
      vertex -15.305 1.62077 0.389999
    endloop
  endfacet
  facet normal 0 0 -1
    outer loop
      vertex -15.1785 1.61768 0.389999
      vertex -15.3105 2.01137 0.389999
      vertex -15.1171 2.00595 0.389999
    endloop
  endfacet
  facet normal 0 0 -1
    outer loop
      vertex -15.4207 1.61798 0.389999
      vertex -15.3105 2.01137 0.389999
      vertex -15.305 1.62077 0.389999
    endloop
  endfacet
  facet normal 0 0 -1
    outer loop
      vertex -15.4207 1.61798 0.389999
      vertex -15.4902 2.00731 0.389999
      vertex -15.3105 2.01137 0.389999
    endloop
  endfacet
  facet normal 0 0 -1
    outer loop
      vertex -15.5289 1.60959 0.389999
      vertex -15.4902 2.00731 0.389999
      vertex -15.4207 1.61798 0.389999
    endloop
  endfacet
  facet normal 0 0 -1
    outer loop
      vertex -15.6574 1.9951 0.389999
      vertex -15.5289 1.60959 0.389999
      vertex -15.6297 1.59561 0.389999
    endloop
  endfacet
  facet normal 0 0 -1
    outer loop
      vertex -15.5289 1.60959 0.389999
      vertex -15.6574 1.9951 0.389999
      vertex -15.4902 2.00731 0.389999
    endloop
  endfacet
  facet normal 0 0 -1
    outer loop
      vertex -15.8122 1.97475 0.389999
      vertex -15.6297 1.59561 0.389999
      vertex -15.7231 1.57603 0.389999
    endloop
  endfacet
  facet normal 0 0 -1
    outer loop
      vertex -15.8122 1.97475 0.389999
      vertex -15.7231 1.57603 0.389999
      vertex -15.8091 1.55087 0.389999
    endloop
  endfacet
  facet normal 0 0 -1
    outer loop
      vertex -15.6297 1.59561 0.389999
      vertex -15.8122 1.97475 0.389999
      vertex -15.6574 1.9951 0.389999
    endloop
  endfacet
  facet normal 0 0 -1
    outer loop
      vertex -15.9544 1.94626 0.389999
      vertex -15.8091 1.55087 0.389999
      vertex -15.8876 1.52013 0.389999
    endloop
  endfacet
  facet normal 0 0 -1
    outer loop
      vertex -15.8091 1.55087 0.389999
      vertex -15.9544 1.94626 0.389999
      vertex -15.8122 1.97475 0.389999
    endloop
  endfacet
  facet normal 0 0 -1
    outer loop
      vertex -16.0841 1.90964 0.389999
      vertex -15.8876 1.52013 0.389999
      vertex -15.9587 1.48378 0.389999
    endloop
  endfacet
  facet normal 0 0 -1
    outer loop
      vertex -16.2013 1.86487 0.389999
      vertex -15.9587 1.48378 0.389999
      vertex -16.0231 1.44124 0.389999
    endloop
  endfacet
  facet normal 0 0 -1
    outer loop
      vertex -16.3059 1.81197 0.389999
      vertex -16.0231 1.44124 0.389999
      vertex -16.0812 1.39189 0.389999
    endloop
  endfacet
  facet normal 0 0 -1
    outer loop
      vertex -15.8876 1.52013 0.389999
      vertex -16.0841 1.90964 0.389999
      vertex -15.9544 1.94626 0.389999
    endloop
  endfacet
  facet normal 0 0 -1
    outer loop
      vertex -16.4002 1.74928 0.389999
      vertex -16.0812 1.39189 0.389999
      vertex -16.1331 1.33574 0.389999
    endloop
  endfacet
  facet normal 0 0 -1
    outer loop
      vertex -16.5634 1.58954 0.389999
      vertex -16.1331 1.33574 0.389999
      vertex -16.1788 1.27277 0.389999
    endloop
  endfacet
  facet normal 0 0 -1
    outer loop
      vertex -15.9587 1.48378 0.389999
      vertex -16.2013 1.86487 0.389999
      vertex -16.0841 1.90964 0.389999
    endloop
  endfacet
  facet normal 0 0 -1
    outer loop
      vertex -16.6323 1.49246 0.389999
      vertex -16.1788 1.27277 0.389999
      vertex -16.2184 1.20299 0.389999
    endloop
  endfacet
  facet normal 0 0 -1
    outer loop
      vertex -16.6929 1.38394 0.389999
      vertex -16.2184 1.20299 0.389999
      vertex -16.2517 1.1264 0.389999
    endloop
  endfacet
  facet normal 0 0 -1
    outer loop
      vertex -16.745 1.26396 0.389999
      vertex -16.2517 1.1264 0.389999
      vertex -16.2788 1.04301 0.389999
    endloop
  endfacet
  facet normal 0 0 -1
    outer loop
      vertex -16.0231 1.44124 0.389999
      vertex -16.3059 1.81197 0.389999
      vertex -16.2013 1.86487 0.389999
    endloop
  endfacet
  facet normal 0 0 -1
    outer loop
      vertex -16.0812 1.39189 0.389999
      vertex -16.4002 1.74928 0.389999
      vertex -16.3059 1.81197 0.389999
    endloop
  endfacet
  facet normal 0 0 -1
    outer loop
      vertex -16.1331 1.33574 0.389999
      vertex -16.486 1.67514 0.389999
      vertex -16.4002 1.74928 0.389999
    endloop
  endfacet
  facet normal 0 0 -1
    outer loop
      vertex -16.1331 1.33574 0.389999
      vertex -16.5634 1.58954 0.389999
      vertex -16.486 1.67514 0.389999
    endloop
  endfacet
  facet normal 0 0 -1
    outer loop
      vertex -16.1788 1.27277 0.389999
      vertex -16.6323 1.49246 0.389999
      vertex -16.5634 1.58954 0.389999
    endloop
  endfacet
  facet normal 0 0 -1
    outer loop
      vertex -16.2184 1.20299 0.389999
      vertex -16.6929 1.38394 0.389999
      vertex -16.6323 1.49246 0.389999
    endloop
  endfacet
  facet normal 0 0 -1
    outer loop
      vertex -16.2517 1.1264 0.389999
      vertex -16.745 1.26396 0.389999
      vertex -16.6929 1.38394 0.389999
    endloop
  endfacet
  facet normal 0 -0 -1
    outer loop
      vertex -16.745 1.26396 0.389999
      vertex -16.2788 1.04301 0.389999
      vertex -16.7888 1.13254 0.389999
    endloop
  endfacet
  facet normal 0 0 -1
    outer loop
      vertex -3.62907 -1.86749 0.389999
      vertex -4.14714 -1.44434 0.389999
      vertex -3.62907 1.95441 0.389999
    endloop
  endfacet
  facet normal 0 0 -1
    outer loop
      vertex -6.07843 -1.86749 0.389999
      vertex -4.14714 -1.44434 0.389999
      vertex -3.62907 -1.86749 0.389999
    endloop
  endfacet
  facet normal -0 0 -1
    outer loop
      vertex -4.14714 -1.44434 0.389999
      vertex -6.07843 -1.86749 0.389999
      vertex -6.07843 -1.44434 0.389999
    endloop
  endfacet
  facet normal -0 0 -1
    outer loop
      vertex -3.62907 1.95441 0.389999
      vertex -4.14714 -1.44434 0.389999
      vertex -4.14714 1.95441 0.389999
    endloop
  endfacet
  facet normal 0 0 -1
    outer loop
      vertex -7.17801 -0.749939 0.389999
      vertex -8.7648 -0.345779 0.389999
      vertex -7.33533 -0.345779 0.389999
    endloop
  endfacet
  facet normal 0 -0 -1
    outer loop
      vertex -8.7648 -0.345779 0.389999
      vertex -7.17801 -0.749939 0.389999
      vertex -8.9194 -0.749939 0.389999
    endloop
  endfacet
  facet normal 0 0 -1
    outer loop
      vertex -7.17801 -0.749939 0.389999
      vertex -6.20149 -1.86749 0.389999
      vertex -6.73857 -1.86749 0.389999
    endloop
  endfacet
  facet normal 0 0 -1
    outer loop
      vertex -7.33533 -0.345779 0.389999
      vertex -6.20149 -1.86749 0.389999
      vertex -7.17801 -0.749939 0.389999
    endloop
  endfacet
  facet normal 0 0 -1
    outer loop
      vertex -7.33533 -0.345779 0.389999
      vertex -7.76117 1.95441 0.389999
      vertex -6.20149 -1.86749 0.389999
    endloop
  endfacet
  facet normal 0 0 -1
    outer loop
      vertex -7.82358 0.910095 0.389999
      vertex -7.76117 1.95441 0.389999
      vertex -7.33533 -0.345779 0.389999
    endloop
  endfacet
  facet normal 0 0 -1
    outer loop
      vertex -7.86021 1.00824 0.389999
      vertex -7.76117 1.95441 0.389999
      vertex -7.82358 0.910095 0.389999
    endloop
  endfacet
  facet normal 0 0 -1
    outer loop
      vertex -7.89421 1.1012 0.389999
      vertex -7.76117 1.95441 0.389999
      vertex -7.86021 1.00824 0.389999
    endloop
  endfacet
  facet normal 0 0 -1
    outer loop
      vertex -7.92554 1.18893 0.389999
      vertex -7.76117 1.95441 0.389999
      vertex -7.89421 1.1012 0.389999
    endloop
  endfacet
  facet normal 0 0 -1
    outer loop
      vertex -7.95422 1.27147 0.389999
      vertex -7.76117 1.95441 0.389999
      vertex -7.92554 1.18893 0.389999
    endloop
  endfacet
  facet normal 0 0 -1
    outer loop
      vertex -7.98024 1.3488 0.389999
      vertex -7.76117 1.95441 0.389999
      vertex -7.95422 1.27147 0.389999
    endloop
  endfacet
  facet normal 0 0 -1
    outer loop
      vertex -8.00357 1.42093 0.389999
      vertex -7.76117 1.95441 0.389999
      vertex -7.98024 1.3488 0.389999
    endloop
  endfacet
  facet normal 0 0 -1
    outer loop
      vertex -8.02428 1.48785 0.389999
      vertex -7.76117 1.95441 0.389999
      vertex -8.00357 1.42093 0.389999
    endloop
  endfacet
  facet normal 0 0 -1
    outer loop
      vertex -8.04872 1.56381 0.389999
      vertex -7.76117 1.95441 0.389999
      vertex -8.02428 1.48785 0.389999
    endloop
  endfacet
  facet normal 0 0 -1
    outer loop
      vertex -8.34979 1.95441 0.389999
      vertex -8.12196 1.33865 0.389999
      vertex -8.14365 1.27223 0.389999
    endloop
  endfacet
  facet normal 0 0 -1
    outer loop
      vertex -8.34979 1.95441 0.389999
      vertex -8.14365 1.27223 0.389999
      vertex -8.16534 1.20779 0.389999
    endloop
  endfacet
  facet normal 0 0 -1
    outer loop
      vertex -8.34979 1.95441 0.389999
      vertex -8.16534 1.20779 0.389999
      vertex -8.18704 1.14537 0.389999
    endloop
  endfacet
  facet normal 0 0 -1
    outer loop
      vertex -8.34979 1.95441 0.389999
      vertex -8.18704 1.14537 0.389999
      vertex -8.20874 1.08492 0.389999
    endloop
  endfacet
  facet normal 0 0 -1
    outer loop
      vertex -8.34979 1.95441 0.389999
      vertex -8.20874 1.08492 0.389999
      vertex -8.23044 1.02646 0.389999
    endloop
  endfacet
  facet normal 0 0 -1
    outer loop
      vertex -8.34979 1.95441 0.389999
      vertex -8.23044 1.02646 0.389999
      vertex -8.25214 0.970001 0.389999
    endloop
  endfacet
  facet normal 0 0 -1
    outer loop
      vertex -8.34979 1.95441 0.389999
      vertex -8.25214 0.970001 0.389999
      vertex -8.27383 0.915527 0.389999
    endloop
  endfacet
  facet normal 0 0 -1
    outer loop
      vertex -8.04872 1.56381 0.389999
      vertex -8.34979 1.95441 0.389999
      vertex -7.76117 1.95441 0.389999
    endloop
  endfacet
  facet normal 0 0 -1
    outer loop
      vertex -8.12196 1.33865 0.389999
      vertex -8.34979 1.95441 0.389999
      vertex -8.04872 1.56381 0.389999
    endloop
  endfacet
  facet normal 0 0 -1
    outer loop
      vertex -8.7648 -0.345779 0.389999
      vertex -8.34979 1.95441 0.389999
      vertex -8.27383 0.915527 0.389999
    endloop
  endfacet
  facet normal 0 0 -1
    outer loop
      vertex -9.88507 -1.86749 0.389999
      vertex -8.7648 -0.345779 0.389999
      vertex -8.9194 -0.749939 0.389999
    endloop
  endfacet
  facet normal 0 0 -1
    outer loop
      vertex -9.88507 -1.86749 0.389999
      vertex -8.9194 -0.749939 0.389999
      vertex -9.35611 -1.86749 0.389999
    endloop
  endfacet
  facet normal -0 0 -1
    outer loop
      vertex -8.7648 -0.345779 0.389999
      vertex -9.88507 -1.86749 0.389999
      vertex -8.34979 1.95441 0.389999
    endloop
  endfacet
  facet normal -0.0902304 0.995921 0
    outer loop
      vertex -0.829575 -1.90225 0
      vertex -0.990723 -1.91685 0.389999
      vertex -0.829575 -1.90225 0.389999
    endloop
  endfacet
  facet normal -0.0902304 0.995921 0
    outer loop
      vertex -0.990723 -1.91685 0.389999
      vertex -0.829575 -1.90225 0
      vertex -0.990723 -1.91685 0
    endloop
  endfacet
  facet normal -0.155793 0.98779 0
    outer loop
      vertex -0.675186 -1.8779 0
      vertex -0.829575 -1.90225 0.389999
      vertex -0.675186 -1.8779 0.389999
    endloop
  endfacet
  facet normal -0.155793 0.98779 0
    outer loop
      vertex -0.829575 -1.90225 0.389999
      vertex -0.675186 -1.8779 0
      vertex -0.829575 -1.90225 0
    endloop
  endfacet
  facet normal -0.225037 0.97435 0
    outer loop
      vertex -0.527542 -1.8438 0
      vertex -0.675186 -1.8779 0.389999
      vertex -0.527542 -1.8438 0.389999
    endloop
  endfacet
  facet normal -0.225037 0.97435 0
    outer loop
      vertex -0.675186 -1.8779 0.389999
      vertex -0.527542 -1.8438 0
      vertex -0.675186 -1.8779 0
    endloop
  endfacet
  facet normal -0.297125 0.954839 0
    outer loop
      vertex -0.386658 -1.79996 0
      vertex -0.527542 -1.8438 0.389999
      vertex -0.386658 -1.79996 0.389999
    endloop
  endfacet
  facet normal -0.297125 0.954839 0
    outer loop
      vertex -0.527542 -1.8438 0.389999
      vertex -0.386658 -1.79996 0
      vertex -0.527542 -1.8438 0
    endloop
  endfacet
  facet normal -0.370997 0.928634 0
    outer loop
      vertex -0.252518 -1.74637 0
      vertex -0.386658 -1.79996 0.389999
      vertex -0.252518 -1.74637 0.389999
    endloop
  endfacet
  facet normal -0.370997 0.928634 0
    outer loop
      vertex -0.386658 -1.79996 0.389999
      vertex -0.252518 -1.74637 0
      vertex -0.386658 -1.79996 0
    endloop
  endfacet
  facet normal -0.445117 0.895472 0
    outer loop
      vertex -0.125153 -1.68306 0
      vertex -0.252518 -1.74637 0.389999
      vertex -0.125153 -1.68306 0.389999
    endloop
  endfacet
  facet normal -0.445117 0.895472 0
    outer loop
      vertex -0.252518 -1.74637 0.389999
      vertex -0.125153 -1.68306 0
      vertex -0.252518 -1.74637 0
    endloop
  endfacet
  facet normal -0.517712 0.855555 0
    outer loop
      vertex -0.00532532 -1.61055 0
      vertex -0.125153 -1.68306 0.389999
      vertex -0.00532532 -1.61055 0.389999
    endloop
  endfacet
  facet normal -0.517712 0.855555 0
    outer loop
      vertex -0.125153 -1.68306 0.389999
      vertex -0.00532532 -1.61055 0
      vertex -0.125153 -1.68306 0
    endloop
  endfacet
  facet normal -0.588192 0.808721 0
    outer loop
      vertex 0.10614 -1.52948 0
      vertex -0.00532532 -1.61055 0.389999
      vertex 0.10614 -1.52948 0.389999
    endloop
  endfacet
  facet normal -0.588192 0.808721 0
    outer loop
      vertex -0.00532532 -1.61055 0.389999
      vertex 0.10614 -1.52948 0
      vertex -0.00532532 -1.61055 0
    endloop
  endfacet
  facet normal -0.656155 0.754626 0
    outer loop
      vertex 0.209244 -1.43983 0
      vertex 0.10614 -1.52948 0.389999
      vertex 0.209244 -1.43983 0.389999
    endloop
  endfacet
  facet normal -0.656155 0.754626 0
    outer loop
      vertex 0.10614 -1.52948 0.389999
      vertex 0.209244 -1.43983 0
      vertex 0.10614 -1.52948 0
    endloop
  endfacet
  facet normal -0.71977 0.694212 0
    outer loop
      vertex 0.209244 -1.43983 0
      vertex 0.303986 -1.3416 0.389999
      vertex 0.303986 -1.3416 0
    endloop
  endfacet
  facet normal -0.71977 0.694212 0
    outer loop
      vertex 0.303986 -1.3416 0.389999
      vertex 0.209244 -1.43983 0
      vertex 0.209244 -1.43983 0.389999
    endloop
  endfacet
  facet normal -0.777606 0.628752 0
    outer loop
      vertex 0.303986 -1.3416 0
      vertex 0.390366 -1.23477 0.389999
      vertex 0.390366 -1.23477 0
    endloop
  endfacet
  facet normal -0.777606 0.628752 0
    outer loop
      vertex 0.390366 -1.23477 0.389999
      vertex 0.303986 -1.3416 0
      vertex 0.303986 -1.3416 0.389999
    endloop
  endfacet
  facet normal -0.828416 0.560113 0
    outer loop
      vertex 0.390366 -1.23477 0
      vertex 0.468384 -1.11938 0.389999
      vertex 0.468384 -1.11938 0
    endloop
  endfacet
  facet normal -0.828416 0.560113 0
    outer loop
      vertex 0.468384 -1.11938 0.389999
      vertex 0.390366 -1.23477 0
      vertex 0.390366 -1.23477 0.389999
    endloop
  endfacet
  facet normal -0.871767 0.48992 0
    outer loop
      vertex 0.468384 -1.11938 0
      vertex 0.538055 -0.995407 0.389999
      vertex 0.538055 -0.995407 0
    endloop
  endfacet
  facet normal -0.871767 0.48992 0
    outer loop
      vertex 0.538055 -0.995407 0.389999
      vertex 0.468384 -1.11938 0
      vertex 0.468384 -1.11938 0.389999
    endloop
  endfacet
  facet normal -0.907658 0.419711 0
    outer loop
      vertex 0.538055 -0.995407 0
      vertex 0.598862 -0.863907 0.389999
      vertex 0.598862 -0.863907 0
    endloop
  endfacet
  facet normal -0.907658 0.419711 0
    outer loop
      vertex 0.598862 -0.863907 0.389999
      vertex 0.538055 -0.995407 0
      vertex 0.538055 -0.995407 0.389999
    endloop
  endfacet
  facet normal -0.936968 0.349416 0
    outer loop
      vertex 0.598862 -0.863907 0
      vertex 0.650314 -0.725937 0.389999
      vertex 0.650314 -0.725937 0
    endloop
  endfacet
  facet normal -0.936968 0.349416 0
    outer loop
      vertex 0.650314 -0.725937 0.389999
      vertex 0.598862 -0.863907 0
      vertex 0.598862 -0.863907 0.389999
    endloop
  endfacet
  facet normal -0.96006 0.279794 0
    outer loop
      vertex 0.650314 -0.725937 0
      vertex 0.692413 -0.581482 0.389999
      vertex 0.692413 -0.581482 0
    endloop
  endfacet
  facet normal -0.96006 0.279794 0
    outer loop
      vertex 0.692413 -0.581482 0.389999
      vertex 0.650314 -0.725937 0
      vertex 0.650314 -0.725937 0.389999
    endloop
  endfacet
  facet normal -0.977266 0.212015 0
    outer loop
      vertex 0.692413 -0.581482 0
      vertex 0.725159 -0.430542 0.389999
      vertex 0.725159 -0.430542 0
    endloop
  endfacet
  facet normal -0.977266 0.212015 0
    outer loop
      vertex 0.725159 -0.430542 0.389999
      vertex 0.692413 -0.581482 0
      vertex 0.692413 -0.581482 0.389999
    endloop
  endfacet
  facet normal -0.989152 0.146893 0
    outer loop
      vertex 0.725159 -0.430542 0
      vertex 0.748535 -0.273132 0.389999
      vertex 0.748535 -0.273132 0
    endloop
  endfacet
  facet normal -0.989152 0.146893 0
    outer loop
      vertex 0.748535 -0.273132 0.389999
      vertex 0.725159 -0.430542 0
      vertex 0.725159 -0.430542 0.389999
    endloop
  endfacet
  facet normal -0.996351 0.0853482 0
    outer loop
      vertex 0.748535 -0.273132 0
      vertex 0.762573 -0.109253 0.389999
      vertex 0.762573 -0.109253 0
    endloop
  endfacet
  facet normal -0.996351 0.0853482 0
    outer loop
      vertex 0.762573 -0.109253 0.389999
      vertex 0.748535 -0.273132 0
      vertex 0.748535 -0.273132 0.389999
    endloop
  endfacet
  facet normal -0.999622 0.0274919 0
    outer loop
      vertex 0.762573 -0.109253 0
      vertex 0.767258 0.0610962 0.389999
      vertex 0.767258 0.0610962 0
    endloop
  endfacet
  facet normal -0.999622 0.0274919 0
    outer loop
      vertex 0.767258 0.0610962 0.389999
      vertex 0.762573 -0.109253 0
      vertex 0.762573 -0.109253 0.389999
    endloop
  endfacet
  facet normal -0.999216 -0.0395945 0
    outer loop
      vertex 0.767258 0.0610962 0
      vertex 0.757065 0.318329 0.389999
      vertex 0.757065 0.318329 0
    endloop
  endfacet
  facet normal -0.999216 -0.0395945 0
    outer loop
      vertex 0.757065 0.318329 0.389999
      vertex 0.767258 0.0610962 0
      vertex 0.767258 0.0610962 0.389999
    endloop
  endfacet
  facet normal -0.992002 -0.126222 0
    outer loop
      vertex 0.757065 0.318329 0
      vertex 0.726517 0.558411 0.389999
      vertex 0.726517 0.558411 0
    endloop
  endfacet
  facet normal -0.992002 -0.126222 0
    outer loop
      vertex 0.726517 0.558411 0.389999
      vertex 0.757065 0.318329 0
      vertex 0.757065 0.318329 0.389999
    endloop
  endfacet
  facet normal -0.974876 -0.22275 0
    outer loop
      vertex 0.726517 0.558411 0
      vertex 0.675583 0.781326 0.389999
      vertex 0.675583 0.781326 0
    endloop
  endfacet
  facet normal -0.974876 -0.22275 0
    outer loop
      vertex 0.675583 0.781326 0.389999
      vertex 0.726517 0.558411 0
      vertex 0.726517 0.558411 0.389999
    endloop
  endfacet
  facet normal -0.944897 -0.327367 0
    outer loop
      vertex 0.675583 0.781326 0
      vertex 0.604294 0.987091 0.389999
      vertex 0.604294 0.987091 0
    endloop
  endfacet
  facet normal -0.944897 -0.327367 0
    outer loop
      vertex 0.604294 0.987091 0.389999
      vertex 0.675583 0.781326 0
      vertex 0.675583 0.781326 0.389999
    endloop
  endfacet
  facet normal -0.899377 -0.437173 0
    outer loop
      vertex 0.604294 0.987091 0
      vertex 0.512619 1.17569 0.389999
      vertex 0.512619 1.17569 0
    endloop
  endfacet
  facet normal -0.899377 -0.437173 0
    outer loop
      vertex 0.512619 1.17569 0.389999
      vertex 0.604294 0.987091 0
      vertex 0.604294 0.987091 0.389999
    endloop
  endfacet
  facet normal -0.83713 -0.547003 0
    outer loop
      vertex 0.512619 1.17569 0
      vertex 0.400589 1.34714 0.389999
      vertex 0.400589 1.34714 0
    endloop
  endfacet
  facet normal -0.83713 -0.547003 0
    outer loop
      vertex 0.400589 1.34714 0.389999
      vertex 0.512619 1.17569 0
      vertex 0.512619 1.17569 0.389999
    endloop
  endfacet
  facet normal -0.758829 -0.65129 0
    outer loop
      vertex 0.400589 1.34714 0
      vertex 0.268173 1.50142 0.389999
      vertex 0.268173 1.50142 0
    endloop
  endfacet
  facet normal -0.758829 -0.65129 0
    outer loop
      vertex 0.268173 1.50142 0.389999
      vertex 0.400589 1.34714 0
      vertex 0.400589 1.34714 0.389999
    endloop
  endfacet
  facet normal -0.667646 -0.744479 0
    outer loop
      vertex 0.117325 1.6367 0
      vertex 0.268173 1.50142 0.389999
      vertex 0.117325 1.6367 0.389999
    endloop
  endfacet
  facet normal -0.667646 -0.744479 -0
    outer loop
      vertex 0.268173 1.50142 0.389999
      vertex 0.117325 1.6367 0
      vertex 0.268173 1.50142 0
    endloop
  endfacet
  facet normal -0.564622 -0.82535 0
    outer loop
      vertex -0.0500336 1.75119 0
      vertex 0.117325 1.6367 0.389999
      vertex -0.0500336 1.75119 0.389999
    endloop
  endfacet
  facet normal -0.564622 -0.82535 -0
    outer loop
      vertex 0.117325 1.6367 0.389999
      vertex -0.0500336 1.75119 0
      vertex 0.117325 1.6367 0
    endloop
  endfacet
  facet normal -0.453953 -0.891026 0
    outer loop
      vertex -0.233871 1.84485 0
      vertex -0.0500336 1.75119 0.389999
      vertex -0.233871 1.84485 0.389999
    endloop
  endfacet
  facet normal -0.453953 -0.891026 -0
    outer loop
      vertex -0.0500336 1.75119 0.389999
      vertex -0.233871 1.84485 0
      vertex -0.0500336 1.75119 0
    endloop
  endfacet
  facet normal -0.341791 -0.939776 0
    outer loop
      vertex -0.434204 1.91771 0
      vertex -0.233871 1.84485 0.389999
      vertex -0.434204 1.91771 0.389999
    endloop
  endfacet
  facet normal -0.341791 -0.939776 -0
    outer loop
      vertex -0.233871 1.84485 0.389999
      vertex -0.434204 1.91771 0
      vertex -0.233871 1.84485 0
    endloop
  endfacet
  facet normal -0.233321 -0.9724 0
    outer loop
      vertex -0.651047 1.96974 0
      vertex -0.434204 1.91771 0.389999
      vertex -0.651047 1.96974 0.389999
    endloop
  endfacet
  facet normal -0.233321 -0.9724 -0
    outer loop
      vertex -0.434204 1.91771 0.389999
      vertex -0.651047 1.96974 0
      vertex -0.434204 1.91771 0
    endloop
  endfacet
  facet normal -0.132624 -0.991166 0
    outer loop
      vertex -0.884369 2.00096 0
      vertex -0.651047 1.96974 0.389999
      vertex -0.884369 2.00096 0.389999
    endloop
  endfacet
  facet normal -0.132624 -0.991166 -0
    outer loop
      vertex -0.651047 1.96974 0.389999
      vertex -0.884369 2.00096 0
      vertex -0.651047 1.96974 0
    endloop
  endfacet
  facet normal -0.0416337 -0.999133 0
    outer loop
      vertex -1.13419 2.01137 0
      vertex -0.884369 2.00096 0.389999
      vertex -1.13419 2.01137 0.389999
    endloop
  endfacet
  facet normal -0.0416337 -0.999133 -0
    outer loop
      vertex -0.884369 2.00096 0.389999
      vertex -1.13419 2.01137 0
      vertex -0.884369 2.00096 0
    endloop
  endfacet
  facet normal 0.0247544 -0.999694 0
    outer loop
      vertex -1.31067 2.007 0
      vertex -1.13419 2.01137 0.389999
      vertex -1.31067 2.007 0.389999
    endloop
  endfacet
  facet normal 0.0247544 -0.999694 0
    outer loop
      vertex -1.13419 2.01137 0.389999
      vertex -1.31067 2.007 0
      vertex -1.13419 2.01137 0
    endloop
  endfacet
  facet normal 0.0784476 -0.996918 0
    outer loop
      vertex -1.4774 1.99388 0
      vertex -1.31067 2.007 0.389999
      vertex -1.4774 1.99388 0.389999
    endloop
  endfacet
  facet normal 0.0784476 -0.996918 0
    outer loop
      vertex -1.31067 2.007 0.389999
      vertex -1.4774 1.99388 0
      vertex -1.31067 2.007 0
    endloop
  endfacet
  facet normal 0.137905 -0.990445 0
    outer loop
      vertex -1.6344 1.97202 0
      vertex -1.4774 1.99388 0.389999
      vertex -1.6344 1.97202 0.389999
    endloop
  endfacet
  facet normal 0.137905 -0.990445 0
    outer loop
      vertex -1.4774 1.99388 0.389999
      vertex -1.6344 1.97202 0
      vertex -1.4774 1.99388 0
    endloop
  endfacet
  facet normal 0.203527 -0.979069 0
    outer loop
      vertex -1.78165 1.94141 0
      vertex -1.6344 1.97202 0.389999
      vertex -1.78165 1.94141 0.389999
    endloop
  endfacet
  facet normal 0.203527 -0.979069 0
    outer loop
      vertex -1.6344 1.97202 0.389999
      vertex -1.78165 1.94141 0
      vertex -1.6344 1.97202 0
    endloop
  endfacet
  facet normal 0.275247 -0.961373 0
    outer loop
      vertex -1.91916 1.90204 0
      vertex -1.78165 1.94141 0.389999
      vertex -1.91916 1.90204 0.389999
    endloop
  endfacet
  facet normal 0.275247 -0.961373 0
    outer loop
      vertex -1.78165 1.94141 0.389999
      vertex -1.91916 1.90204 0
      vertex -1.78165 1.94141 0
    endloop
  endfacet
  facet normal 0.352343 -0.935871 0
    outer loop
      vertex -2.04692 1.85394 0
      vertex -1.91916 1.90204 0.389999
      vertex -2.04692 1.85394 0.389999
    endloop
  endfacet
  facet normal 0.352343 -0.935871 0
    outer loop
      vertex -1.91916 1.90204 0.389999
      vertex -2.04692 1.85394 0
      vertex -1.91916 1.90204 0
    endloop
  endfacet
  facet normal 0.433944 -0.90094 0
    outer loop
      vertex -2.16495 1.79709 0
      vertex -2.04692 1.85394 0.389999
      vertex -2.16495 1.79709 0.389999
    endloop
  endfacet
  facet normal 0.433944 -0.90094 0
    outer loop
      vertex -2.04692 1.85394 0.389999
      vertex -2.16495 1.79709 0
      vertex -2.04692 1.85394 0
    endloop
  endfacet
  facet normal 0.519139 -0.85469 0
    outer loop
      vertex -2.2744 1.73061 0
      vertex -2.16495 1.79709 0.389999
      vertex -2.2744 1.73061 0.389999
    endloop
  endfacet
  facet normal 0.519139 -0.85469 0
    outer loop
      vertex -2.16495 1.79709 0.389999
      vertex -2.2744 1.73061 0
      vertex -2.16495 1.79709 0
    endloop
  endfacet
  facet normal 0.602426 -0.798175 0
    outer loop
      vertex -2.37642 1.65361 0
      vertex -2.2744 1.73061 0.389999
      vertex -2.37642 1.65361 0.389999
    endloop
  endfacet
  facet normal 0.602426 -0.798175 0
    outer loop
      vertex -2.2744 1.73061 0.389999
      vertex -2.37642 1.65361 0
      vertex -2.2744 1.73061 0
    endloop
  endfacet
  facet normal 0.679105 -0.734041 0
    outer loop
      vertex -2.47102 1.56609 0
      vertex -2.37642 1.65361 0.389999
      vertex -2.47102 1.56609 0.389999
    endloop
  endfacet
  facet normal 0.679105 -0.734041 0
    outer loop
      vertex -2.37642 1.65361 0.389999
      vertex -2.47102 1.56609 0
      vertex -2.37642 1.65361 0
    endloop
  endfacet
  facet normal 0.747245 -0.664548 0
    outer loop
      vertex -2.55821 1.46805 0.389999
      vertex -2.47102 1.56609 0
      vertex -2.47102 1.56609 0.389999
    endloop
  endfacet
  facet normal 0.747245 -0.664548 0
    outer loop
      vertex -2.47102 1.56609 0
      vertex -2.55821 1.46805 0.389999
      vertex -2.55821 1.46805 0
    endloop
  endfacet
  facet normal 0.805831 -0.592145 0
    outer loop
      vertex -2.63799 1.35948 0.389999
      vertex -2.55821 1.46805 0
      vertex -2.55821 1.46805 0.389999
    endloop
  endfacet
  facet normal 0.805831 -0.592145 0
    outer loop
      vertex -2.55821 1.46805 0
      vertex -2.63799 1.35948 0.389999
      vertex -2.63799 1.35948 0
    endloop
  endfacet
  facet normal 0.854585 -0.519311 0
    outer loop
      vertex -2.71034 1.24042 0.389999
      vertex -2.63799 1.35948 0
      vertex -2.63799 1.35948 0.389999
    endloop
  endfacet
  facet normal 0.854585 -0.519311 0
    outer loop
      vertex -2.63799 1.35948 0
      vertex -2.71034 1.24042 0.389999
      vertex -2.71034 1.24042 0
    endloop
  endfacet
  facet normal 0.894082 -0.447903 0
    outer loop
      vertex -2.77527 1.11081 0.389999
      vertex -2.71034 1.24042 0
      vertex -2.71034 1.24042 0.389999
    endloop
  endfacet
  facet normal 0.894082 -0.447903 0
    outer loop
      vertex -2.71034 1.24042 0
      vertex -2.77527 1.11081 0.389999
      vertex -2.77527 1.11081 0
    endloop
  endfacet
  facet normal 0.284462 0.958687 -0
    outer loop
      vertex -2.28159 0.964325 0
      vertex -2.77527 1.11081 0.389999
      vertex -2.28159 0.964325 0.389999
    endloop
  endfacet
  facet normal 0.284462 0.958687 0
    outer loop
      vertex -2.77527 1.11081 0.389999
      vertex -2.28159 0.964325 0
      vertex -2.77527 1.11081 0
    endloop
  endfacet
  facet normal -0.876829 0.480802 0
    outer loop
      vertex -2.28159 0.964325 0
      vertex -2.23256 1.05374 0.389999
      vertex -2.23256 1.05374 0
    endloop
  endfacet
  facet normal -0.876829 0.480802 0
    outer loop
      vertex -2.23256 1.05374 0.389999
      vertex -2.28159 0.964325 0
      vertex -2.28159 0.964325 0.389999
    endloop
  endfacet
  facet normal -0.835552 0.549411 0
    outer loop
      vertex -2.23256 1.05374 0
      vertex -2.17851 1.13594 0.389999
      vertex -2.17851 1.13594 0
    endloop
  endfacet
  facet normal -0.835552 0.549411 0
    outer loop
      vertex -2.17851 1.13594 0.389999
      vertex -2.23256 1.05374 0
      vertex -2.23256 1.05374 0.389999
    endloop
  endfacet
  facet normal -0.785536 0.618815 0
    outer loop
      vertex -2.17851 1.13594 0
      vertex -2.11942 1.21095 0.389999
      vertex -2.11942 1.21095 0
    endloop
  endfacet
  facet normal -0.785536 0.618815 0
    outer loop
      vertex -2.11942 1.21095 0.389999
      vertex -2.17851 1.13594 0
      vertex -2.17851 1.13594 0.389999
    endloop
  endfacet
  facet normal -0.726493 0.687174 0
    outer loop
      vertex -2.11942 1.21095 0
      vertex -2.05528 1.27876 0.389999
      vertex -2.05528 1.27876 0
    endloop
  endfacet
  facet normal -0.726493 0.687174 0
    outer loop
      vertex -2.05528 1.27876 0.389999
      vertex -2.11942 1.21095 0
      vertex -2.11942 1.21095 0.389999
    endloop
  endfacet
  facet normal -0.659159 0.752004 0
    outer loop
      vertex -1.98611 1.33939 0
      vertex -2.05528 1.27876 0.389999
      vertex -1.98611 1.33939 0.389999
    endloop
  endfacet
  facet normal -0.659159 0.752004 0
    outer loop
      vertex -2.05528 1.27876 0.389999
      vertex -1.98611 1.33939 0
      vertex -2.05528 1.27876 0
    endloop
  endfacet
  facet normal -0.584132 0.811659 0
    outer loop
      vertex -1.91191 1.39279 0
      vertex -1.98611 1.33939 0.389999
      vertex -1.91191 1.39279 0.389999
    endloop
  endfacet
  facet normal -0.584132 0.811659 0
    outer loop
      vertex -1.98611 1.33939 0.389999
      vertex -1.91191 1.39279 0
      vertex -1.98611 1.33939 0
    endloop
  endfacet
  facet normal -0.503844 0.863795 0
    outer loop
      vertex -1.83267 1.43901 0
      vertex -1.91191 1.39279 0.389999
      vertex -1.83267 1.43901 0.389999
    endloop
  endfacet
  facet normal -0.503844 0.863795 0
    outer loop
      vertex -1.91191 1.39279 0.389999
      vertex -1.83267 1.43901 0
      vertex -1.91191 1.39279 0
    endloop
  endfacet
  facet normal -0.423723 0.905792 0
    outer loop
      vertex -1.74806 1.47859 0
      vertex -1.83267 1.43901 0.389999
      vertex -1.74806 1.47859 0.389999
    endloop
  endfacet
  facet normal -0.423723 0.905792 0
    outer loop
      vertex -1.83267 1.43901 0.389999
      vertex -1.74806 1.47859 0
      vertex -1.83267 1.43901 0
    endloop
  endfacet
  facet normal -0.347696 0.937607 0
    outer loop
      vertex -1.65775 1.51208 0
      vertex -1.74806 1.47859 0.389999
      vertex -1.65775 1.51208 0.389999
    endloop
  endfacet
  facet normal -0.347696 0.937607 0
    outer loop
      vertex -1.74806 1.47859 0.389999
      vertex -1.65775 1.51208 0
      vertex -1.74806 1.47859 0
    endloop
  endfacet
  facet normal -0.27447 0.961596 0
    outer loop
      vertex -1.56172 1.53949 0
      vertex -1.65775 1.51208 0.389999
      vertex -1.56172 1.53949 0.389999
    endloop
  endfacet
  facet normal -0.27447 0.961596 0
    outer loop
      vertex -1.65775 1.51208 0.389999
      vertex -1.56172 1.53949 0
      vertex -1.65775 1.51208 0
    endloop
  endfacet
  facet normal -0.205157 0.978729 0
    outer loop
      vertex -1.46001 1.56081 0
      vertex -1.56172 1.53949 0.389999
      vertex -1.46001 1.56081 0.389999
    endloop
  endfacet
  facet normal -0.205157 0.978729 0
    outer loop
      vertex -1.56172 1.53949 0.389999
      vertex -1.46001 1.56081 0
      vertex -1.56172 1.53949 0
    endloop
  endfacet
  facet normal -0.140273 0.990113 0
    outer loop
      vertex -1.35258 1.57603 0
      vertex -1.46001 1.56081 0.389999
      vertex -1.35258 1.57603 0.389999
    endloop
  endfacet
  facet normal -0.140273 0.990113 0
    outer loop
      vertex -1.46001 1.56081 0.389999
      vertex -1.35258 1.57603 0
      vertex -1.46001 1.56081 0
    endloop
  endfacet
  facet normal -0.0805367 0.996752 0
    outer loop
      vertex -1.23946 1.58517 0
      vertex -1.35258 1.57603 0.389999
      vertex -1.23946 1.58517 0.389999
    endloop
  endfacet
  facet normal -0.0805367 0.996752 0
    outer loop
      vertex -1.35258 1.57603 0.389999
      vertex -1.23946 1.58517 0
      vertex -1.35258 1.57603 0
    endloop
  endfacet
  facet normal -0.0255722 0.999673 0
    outer loop
      vertex -1.12062 1.58821 0
      vertex -1.23946 1.58517 0.389999
      vertex -1.12062 1.58821 0.389999
    endloop
  endfacet
  facet normal -0.0255722 0.999673 0
    outer loop
      vertex -1.23946 1.58517 0.389999
      vertex -1.12062 1.58821 0
      vertex -1.23946 1.58517 0
    endloop
  endfacet
  facet normal 0.0446133 0.999004 -0
    outer loop
      vertex -0.937897 1.58005 0
      vertex -1.12062 1.58821 0.389999
      vertex -0.937897 1.58005 0.389999
    endloop
  endfacet
  facet normal 0.0446133 0.999004 0
    outer loop
      vertex -1.12062 1.58821 0.389999
      vertex -0.937897 1.58005 0
      vertex -1.12062 1.58821 0
    endloop
  endfacet
  facet normal 0.142703 0.989766 -0
    outer loop
      vertex -0.767899 1.55554 0
      vertex -0.937897 1.58005 0.389999
      vertex -0.767899 1.55554 0.389999
    endloop
  endfacet
  facet normal 0.142703 0.989766 0
    outer loop
      vertex -0.937897 1.58005 0.389999
      vertex -0.767899 1.55554 0
      vertex -0.937897 1.58005 0
    endloop
  endfacet
  facet normal 0.251225 0.967929 -0
    outer loop
      vertex -0.610626 1.51472 0
      vertex -0.767899 1.55554 0.389999
      vertex -0.610626 1.51472 0.389999
    endloop
  endfacet
  facet normal 0.251225 0.967929 0
    outer loop
      vertex -0.767899 1.55554 0.389999
      vertex -0.610626 1.51472 0
      vertex -0.767899 1.55554 0
    endloop
  endfacet
  facet normal 0.367714 0.929939 -0
    outer loop
      vertex -0.466095 1.45757 0
      vertex -0.610626 1.51472 0.389999
      vertex -0.466095 1.45757 0.389999
    endloop
  endfacet
  facet normal 0.367714 0.929939 0
    outer loop
      vertex -0.610626 1.51472 0.389999
      vertex -0.466095 1.45757 0
      vertex -0.610626 1.51472 0
    endloop
  endfacet
  facet normal 0.487085 0.873354 -0
    outer loop
      vertex -0.33429 1.38406 0
      vertex -0.466095 1.45757 0.389999
      vertex -0.33429 1.38406 0.389999
    endloop
  endfacet
  facet normal 0.487085 0.873354 0
    outer loop
      vertex -0.466095 1.45757 0.389999
      vertex -0.33429 1.38406 0
      vertex -0.466095 1.45757 0
    endloop
  endfacet
  facet normal 0.602143 0.798388 -0
    outer loop
      vertex -0.21521 1.29425 0
      vertex -0.33429 1.38406 0.389999
      vertex -0.21521 1.29425 0.389999
    endloop
  endfacet
  facet normal 0.602143 0.798388 0
    outer loop
      vertex -0.33429 1.38406 0.389999
      vertex -0.21521 1.29425 0
      vertex -0.33429 1.38406 0
    endloop
  endfacet
  facet normal 0.706478 0.707735 -0
    outer loop
      vertex -0.108871 1.1881 0
      vertex -0.21521 1.29425 0.389999
      vertex -0.108871 1.1881 0.389999
    endloop
  endfacet
  facet normal 0.706478 0.707735 0
    outer loop
      vertex -0.21521 1.29425 0.389999
      vertex -0.108871 1.1881 0
      vertex -0.21521 1.29425 0
    endloop
  endfacet
  facet normal 0.793369 0.608741 0
    outer loop
      vertex -0.016037 1.06711 0.389999
      vertex -0.108871 1.1881 0
      vertex -0.108871 1.1881 0.389999
    endloop
  endfacet
  facet normal 0.793369 0.608741 0
    outer loop
      vertex -0.108871 1.1881 0
      vertex -0.016037 1.06711 0.389999
      vertex -0.016037 1.06711 0
    endloop
  endfacet
  facet normal 0.863205 0.504853 0
    outer loop
      vertex 0.0625153 0.9328 0.389999
      vertex -0.016037 1.06711 0
      vertex -0.016037 1.06711 0.389999
    endloop
  endfacet
  facet normal 0.863205 0.504853 0
    outer loop
      vertex -0.016037 1.06711 0
      vertex 0.0625153 0.9328 0.389999
      vertex 0.0625153 0.9328 0
    endloop
  endfacet
  facet normal 0.916874 0.399176 0
    outer loop
      vertex 0.126801 0.785141 0.389999
      vertex 0.0625153 0.9328 0
      vertex 0.0625153 0.9328 0.389999
    endloop
  endfacet
  facet normal 0.916874 0.399176 0
    outer loop
      vertex 0.0625153 0.9328 0
      vertex 0.126801 0.785141 0.389999
      vertex 0.126801 0.785141 0
    endloop
  endfacet
  facet normal 0.955034 0.296497 0
    outer loop
      vertex 0.176788 0.62413 0.389999
      vertex 0.126801 0.785141 0
      vertex 0.126801 0.785141 0.389999
    endloop
  endfacet
  facet normal 0.955034 0.296497 0
    outer loop
      vertex 0.126801 0.785141 0
      vertex 0.176788 0.62413 0.389999
      vertex 0.176788 0.62413 0
    endloop
  endfacet
  facet normal 0.979663 0.200652 0
    outer loop
      vertex 0.212494 0.449799 0.389999
      vertex 0.176788 0.62413 0
      vertex 0.176788 0.62413 0.389999
    endloop
  endfacet
  facet normal 0.979663 0.200652 0
    outer loop
      vertex 0.176788 0.62413 0
      vertex 0.212494 0.449799 0.389999
      vertex 0.212494 0.449799 0
    endloop
  endfacet
  facet normal 0.993549 0.113408 0
    outer loop
      vertex 0.233917 0.262115 0.389999
      vertex 0.212494 0.449799 0
      vertex 0.212494 0.449799 0.389999
    endloop
  endfacet
  facet normal 0.993549 0.113408 0
    outer loop
      vertex 0.212494 0.449799 0
      vertex 0.233917 0.262115 0.389999
      vertex 0.233917 0.262115 0
    endloop
  endfacet
  facet normal 0.99937 0.0355016 0
    outer loop
      vertex 0.241058 0.0610962 0.389999
      vertex 0.233917 0.262115 0
      vertex 0.233917 0.262115 0.389999
    endloop
  endfacet
  facet normal 0.99937 0.0355016 0
    outer loop
      vertex 0.233917 0.262115 0
      vertex 0.241058 0.0610962 0.389999
      vertex 0.241058 0.0610962 0
    endloop
  endfacet
  facet normal 0.999287 -0.037759 0
    outer loop
      vertex 0.233475 -0.139587 0.389999
      vertex 0.241058 0.0610962 0
      vertex 0.241058 0.0610962 0.389999
    endloop
  endfacet
  facet normal 0.999287 -0.037759 0
    outer loop
      vertex 0.241058 0.0610962 0
      vertex 0.233475 -0.139587 0.389999
      vertex 0.233475 -0.139587 0
    endloop
  endfacet
  facet normal 0.992776 -0.119983 0
    outer loop
      vertex 0.210724 -0.327835 0.389999
      vertex 0.233475 -0.139587 0
      vertex 0.233475 -0.139587 0.389999
    endloop
  endfacet
  facet normal 0.992776 -0.119983 0
    outer loop
      vertex 0.233475 -0.139587 0
      vertex 0.210724 -0.327835 0.389999
      vertex 0.210724 -0.327835 0
    endloop
  endfacet
  facet normal 0.977516 -0.210862 0
    outer loop
      vertex 0.172806 -0.503616 0.389999
      vertex 0.210724 -0.327835 0
      vertex 0.210724 -0.327835 0.389999
    endloop
  endfacet
  facet normal 0.977516 -0.210862 0
    outer loop
      vertex 0.210724 -0.327835 0
      vertex 0.172806 -0.503616 0.389999
      vertex 0.172806 -0.503616 0
    endloop
  endfacet
  facet normal 0.951028 -0.309106 0
    outer loop
      vertex 0.11972 -0.666946 0.389999
      vertex 0.172806 -0.503616 0
      vertex 0.172806 -0.503616 0.389999
    endloop
  endfacet
  facet normal 0.951028 -0.309106 0
    outer loop
      vertex 0.172806 -0.503616 0
      vertex 0.11972 -0.666946 0.389999
      vertex 0.11972 -0.666946 0
    endloop
  endfacet
  facet normal 0.911114 -0.412154 0
    outer loop
      vertex 0.0514679 -0.817825 0.389999
      vertex 0.11972 -0.666946 0
      vertex 0.11972 -0.666946 0.389999
    endloop
  endfacet
  facet normal 0.911114 -0.412154 0
    outer loop
      vertex 0.11972 -0.666946 0
      vertex 0.0514679 -0.817825 0.389999
      vertex 0.0514679 -0.817825 0
    endloop
  endfacet
  facet normal 0.856459 -0.516216 0
    outer loop
      vertex -0.0319672 -0.956253 0.389999
      vertex 0.0514679 -0.817825 0
      vertex 0.0514679 -0.817825 0.389999
    endloop
  endfacet
  facet normal 0.856459 -0.516216 0
    outer loop
      vertex 0.0514679 -0.817825 0
      vertex -0.0319672 -0.956253 0.389999
      vertex -0.0319672 -0.956253 0
    endloop
  endfacet
  facet normal 0.787469 -0.616354 0
    outer loop
      vertex -0.130554 -1.08221 0.389999
      vertex -0.0319672 -0.956253 0
      vertex -0.0319672 -0.956253 0.389999
    endloop
  endfacet
  facet normal 0.787469 -0.616354 0
    outer loop
      vertex -0.0319672 -0.956253 0
      vertex -0.130554 -1.08221 0.389999
      vertex -0.130554 -1.08221 0
    endloop
  endfacet
  facet normal 0.704555 -0.70965 0
    outer loop
      vertex -0.242538 -1.19339 0
      vertex -0.130554 -1.08221 0.389999
      vertex -0.242538 -1.19339 0.389999
    endloop
  endfacet
  facet normal 0.704555 -0.70965 0
    outer loop
      vertex -0.130554 -1.08221 0.389999
      vertex -0.242538 -1.19339 0
      vertex -0.130554 -1.08221 0
    endloop
  endfacet
  facet normal 0.605628 -0.795748 0
    outer loop
      vertex -0.366165 -1.28748 0
      vertex -0.242538 -1.19339 0.389999
      vertex -0.366165 -1.28748 0.389999
    endloop
  endfacet
  facet normal 0.605628 -0.795748 0
    outer loop
      vertex -0.242538 -1.19339 0.389999
      vertex -0.366165 -1.28748 0
      vertex -0.242538 -1.19339 0
    endloop
  endfacet
  facet normal 0.494688 -0.869071 0
    outer loop
      vertex -0.501404 -1.36446 0
      vertex -0.366165 -1.28748 0.389999
      vertex -0.501404 -1.36446 0.389999
    endloop
  endfacet
  facet normal 0.494688 -0.869071 0
    outer loop
      vertex -0.366165 -1.28748 0.389999
      vertex -0.501404 -1.36446 0
      vertex -0.366165 -1.28748 0
    endloop
  endfacet
  facet normal 0.377436 -0.926036 0
    outer loop
      vertex -0.64827 -1.42432 0
      vertex -0.501404 -1.36446 0.389999
      vertex -0.64827 -1.42432 0.389999
    endloop
  endfacet
  facet normal 0.377436 -0.926036 0
    outer loop
      vertex -0.501404 -1.36446 0.389999
      vertex -0.64827 -1.42432 0
      vertex -0.501404 -1.36446 0
    endloop
  endfacet
  facet normal 0.260535 -0.965465 0
    outer loop
      vertex -0.806763 -1.46709 0
      vertex -0.64827 -1.42432 0.389999
      vertex -0.806763 -1.46709 0.389999
    endloop
  endfacet
  facet normal 0.260535 -0.965465 0
    outer loop
      vertex -0.64827 -1.42432 0.389999
      vertex -0.806763 -1.46709 0
      vertex -0.64827 -1.42432 0
    endloop
  endfacet
  facet normal 0.149091 -0.988824 0
    outer loop
      vertex -0.976883 -1.49274 0
      vertex -0.806763 -1.46709 0.389999
      vertex -0.976883 -1.49274 0.389999
    endloop
  endfacet
  facet normal 0.149091 -0.988824 0
    outer loop
      vertex -0.806763 -1.46709 0.389999
      vertex -0.976883 -1.49274 0
      vertex -0.806763 -1.46709 0
    endloop
  endfacet
  facet normal 0.0470463 -0.998893 0
    outer loop
      vertex -1.15863 -1.5013 0
      vertex -0.976883 -1.49274 0.389999
      vertex -1.15863 -1.5013 0.389999
    endloop
  endfacet
  facet normal 0.0470463 -0.998893 0
    outer loop
      vertex -0.976883 -1.49274 0.389999
      vertex -1.15863 -1.5013 0
      vertex -0.976883 -1.49274 0
    endloop
  endfacet
  facet normal -0.0220847 -0.999756 0
    outer loop
      vertex -1.26456 -1.49896 0
      vertex -1.15863 -1.5013 0.389999
      vertex -1.26456 -1.49896 0.389999
    endloop
  endfacet
  facet normal -0.0220847 -0.999756 -0
    outer loop
      vertex -1.15863 -1.5013 0.389999
      vertex -1.26456 -1.49896 0
      vertex -1.15863 -1.5013 0
    endloop
  endfacet
  facet normal -0.066959 -0.997756 0
    outer loop
      vertex -1.36842 -1.49199 0
      vertex -1.26456 -1.49896 0.389999
      vertex -1.36842 -1.49199 0.389999
    endloop
  endfacet
  facet normal -0.066959 -0.997756 -0
    outer loop
      vertex -1.26456 -1.49896 0.389999
      vertex -1.36842 -1.49199 0
      vertex -1.26456 -1.49896 0
    endloop
  endfacet
  facet normal -0.113472 -0.993541 0
    outer loop
      vertex -1.47025 -1.48036 0
      vertex -1.36842 -1.49199 0.389999
      vertex -1.47025 -1.48036 0.389999
    endloop
  endfacet
  facet normal -0.113472 -0.993541 -0
    outer loop
      vertex -1.36842 -1.49199 0.389999
      vertex -1.47025 -1.48036 0
      vertex -1.36842 -1.49199 0
    endloop
  endfacet
  facet normal -0.160853 -0.986978 0
    outer loop
      vertex -1.57002 -1.4641 0
      vertex -1.47025 -1.48036 0.389999
      vertex -1.57002 -1.4641 0.389999
    endloop
  endfacet
  facet normal -0.160853 -0.986978 -0
    outer loop
      vertex -1.47025 -1.48036 0.389999
      vertex -1.57002 -1.4641 0
      vertex -1.47025 -1.48036 0
    endloop
  endfacet
  facet normal -0.209297 -0.977852 0
    outer loop
      vertex -1.66776 -1.44318 0
      vertex -1.57002 -1.4641 0.389999
      vertex -1.66776 -1.44318 0.389999
    endloop
  endfacet
  facet normal -0.209297 -0.977852 -0
    outer loop
      vertex -1.57002 -1.4641 0.389999
      vertex -1.66776 -1.44318 0
      vertex -1.57002 -1.4641 0
    endloop
  endfacet
  facet normal -0.258278 -0.966071 0
    outer loop
      vertex -1.76344 -1.4176 0
      vertex -1.66776 -1.44318 0.389999
      vertex -1.76344 -1.4176 0.389999
    endloop
  endfacet
  facet normal -0.258278 -0.966071 -0
    outer loop
      vertex -1.66776 -1.44318 0.389999
      vertex -1.76344 -1.4176 0
      vertex -1.66776 -1.44318 0
    endloop
  endfacet
  facet normal -0.307249 -0.951629 0
    outer loop
      vertex -1.85707 -1.38737 0
      vertex -1.76344 -1.4176 0.389999
      vertex -1.85707 -1.38737 0.389999
    endloop
  endfacet
  facet normal -0.307249 -0.951629 -0
    outer loop
      vertex -1.76344 -1.4176 0.389999
      vertex -1.85707 -1.38737 0
      vertex -1.76344 -1.4176 0
    endloop
  endfacet
  facet normal -0.354998 -0.934867 0
    outer loop
      vertex -1.94716 -1.35316 0
      vertex -1.85707 -1.38737 0.389999
      vertex -1.94716 -1.35316 0.389999
    endloop
  endfacet
  facet normal -0.354998 -0.934867 -0
    outer loop
      vertex -1.85707 -1.38737 0.389999
      vertex -1.94716 -1.35316 0
      vertex -1.85707 -1.38737 0
    endloop
  endfacet
  facet normal -0.403632 -0.914921 0
    outer loop
      vertex -2.03223 -1.31563 0
      vertex -1.94716 -1.35316 0.389999
      vertex -2.03223 -1.31563 0.389999
    endloop
  endfacet
  facet normal -0.403632 -0.914921 -0
    outer loop
      vertex -1.94716 -1.35316 0.389999
      vertex -2.03223 -1.31563 0
      vertex -1.94716 -1.35316 0
    endloop
  endfacet
  facet normal -0.454723 -0.890633 0
    outer loop
      vertex -2.11224 -1.27478 0
      vertex -2.03223 -1.31563 0.389999
      vertex -2.11224 -1.27478 0.389999
    endloop
  endfacet
  facet normal -0.454723 -0.890633 -0
    outer loop
      vertex -2.03223 -1.31563 0.389999
      vertex -2.11224 -1.27478 0
      vertex -2.03223 -1.31563 0
    endloop
  endfacet
  facet normal -0.507517 -0.861642 0
    outer loop
      vertex -2.18723 -1.23061 0
      vertex -2.11224 -1.27478 0.389999
      vertex -2.18723 -1.23061 0.389999
    endloop
  endfacet
  facet normal -0.507517 -0.861642 -0
    outer loop
      vertex -2.11224 -1.27478 0.389999
      vertex -2.18723 -1.23061 0
      vertex -2.11224 -1.27478 0
    endloop
  endfacet
  facet normal -0.56175 -0.827307 0
    outer loop
      vertex -2.25717 -1.18312 0
      vertex -2.18723 -1.23061 0.389999
      vertex -2.25717 -1.18312 0.389999
    endloop
  endfacet
  facet normal -0.56175 -0.827307 -0
    outer loop
      vertex -2.18723 -1.23061 0.389999
      vertex -2.25717 -1.18312 0
      vertex -2.18723 -1.23061 0
    endloop
  endfacet
  facet normal -0.61639 -0.787441 0
    outer loop
      vertex -2.32208 -1.13231 0
      vertex -2.25717 -1.18312 0.389999
      vertex -2.32208 -1.13231 0.389999
    endloop
  endfacet
  facet normal -0.61639 -0.787441 -0
    outer loop
      vertex -2.25717 -1.18312 0.389999
      vertex -2.32208 -1.13231 0
      vertex -2.25717 -1.18312 0
    endloop
  endfacet
  facet normal -0.670784 -0.741653 0
    outer loop
      vertex -2.38194 -1.07817 0
      vertex -2.32208 -1.13231 0.389999
      vertex -2.38194 -1.07817 0.389999
    endloop
  endfacet
  facet normal -0.670784 -0.741653 -0
    outer loop
      vertex -2.32208 -1.13231 0.389999
      vertex -2.38194 -1.07817 0
      vertex -2.32208 -1.13231 0
    endloop
  endfacet
  facet normal -1 0 0
    outer loop
      vertex -2.38194 -1.07817 0
      vertex -2.38194 -0.389175 0.389999
      vertex -2.38194 -0.389175 0
    endloop
  endfacet
  facet normal -1 -0 0
    outer loop
      vertex -2.38194 -0.389175 0.389999
      vertex -2.38194 -1.07817 0
      vertex -2.38194 -1.07817 0.389999
    endloop
  endfacet
  facet normal 0 1 -0
    outer loop
      vertex -1.23999 -0.389175 0
      vertex -2.38194 -0.389175 0.389999
      vertex -1.23999 -0.389175 0.389999
    endloop
  endfacet
  facet normal 0 1 0
    outer loop
      vertex -2.38194 -0.389175 0.389999
      vertex -1.23999 -0.389175 0
      vertex -2.38194 -0.389175 0
    endloop
  endfacet
  facet normal -1 0 0
    outer loop
      vertex -1.23999 -0.389175 0
      vertex -1.23999 0.0448151 0.389999
      vertex -1.23999 0.0448151 0
    endloop
  endfacet
  facet normal -1 -0 0
    outer loop
      vertex -1.23999 0.0448151 0.389999
      vertex -1.23999 -0.389175 0
      vertex -1.23999 -0.389175 0.389999
    endloop
  endfacet
  facet normal 0 -1 0
    outer loop
      vertex -2.85934 0.0448151 0
      vertex -1.23999 0.0448151 0.389999
      vertex -2.85934 0.0448151 0.389999
    endloop
  endfacet
  facet normal 0 -1 -0
    outer loop
      vertex -1.23999 0.0448151 0.389999
      vertex -2.85934 0.0448151 0
      vertex -1.23999 0.0448151 0
    endloop
  endfacet
  facet normal 1 -0 0
    outer loop
      vertex -2.85934 -1.27345 0.389999
      vertex -2.85934 0.0448151 0
      vertex -2.85934 0.0448151 0.389999
    endloop
  endfacet
  facet normal 1 0 0
    outer loop
      vertex -2.85934 0.0448151 0
      vertex -2.85934 -1.27345 0.389999
      vertex -2.85934 -1.27345 0
    endloop
  endfacet
  facet normal 0.690361 0.723466 -0
    outer loop
      vertex -2.76974 -1.35895 0
      vertex -2.85934 -1.27345 0.389999
      vertex -2.76974 -1.35895 0.389999
    endloop
  endfacet
  facet normal 0.690361 0.723466 0
    outer loop
      vertex -2.85934 -1.27345 0.389999
      vertex -2.76974 -1.35895 0
      vertex -2.85934 -1.27345 0
    endloop
  endfacet
  facet normal 0.642478 0.766304 -0
    outer loop
      vertex -2.67456 -1.43875 0
      vertex -2.76974 -1.35895 0.389999
      vertex -2.67456 -1.43875 0.389999
    endloop
  endfacet
  facet normal 0.642478 0.766304 0
    outer loop
      vertex -2.76974 -1.35895 0.389999
      vertex -2.67456 -1.43875 0
      vertex -2.76974 -1.35895 0
    endloop
  endfacet
  facet normal 0.592413 0.805634 -0
    outer loop
      vertex -2.57379 -1.51285 0
      vertex -2.67456 -1.43875 0.389999
      vertex -2.57379 -1.51285 0.389999
    endloop
  endfacet
  facet normal 0.592413 0.805634 0
    outer loop
      vertex -2.67456 -1.43875 0.389999
      vertex -2.57379 -1.51285 0
      vertex -2.67456 -1.43875 0
    endloop
  endfacet
  facet normal 0.54083 0.841132 -0
    outer loop
      vertex -2.46741 -1.58125 0
      vertex -2.57379 -1.51285 0.389999
      vertex -2.46741 -1.58125 0.389999
    endloop
  endfacet
  facet normal 0.54083 0.841132 0
    outer loop
      vertex -2.57379 -1.51285 0.389999
      vertex -2.46741 -1.58125 0
      vertex -2.57379 -1.51285 0
    endloop
  endfacet
  facet normal 0.488558 0.872531 -0
    outer loop
      vertex -2.35545 -1.64394 0
      vertex -2.46741 -1.58125 0.389999
      vertex -2.35545 -1.64394 0.389999
    endloop
  endfacet
  facet normal 0.488558 0.872531 0
    outer loop
      vertex -2.46741 -1.58125 0.389999
      vertex -2.35545 -1.64394 0
      vertex -2.46741 -1.58125 0
    endloop
  endfacet
  facet normal 0.436249 0.899826 -0
    outer loop
      vertex -2.2379 -1.70093 0
      vertex -2.35545 -1.64394 0.389999
      vertex -2.2379 -1.70093 0.389999
    endloop
  endfacet
  facet normal 0.436249 0.899826 0
    outer loop
      vertex -2.35545 -1.64394 0.389999
      vertex -2.2379 -1.70093 0
      vertex -2.35545 -1.64394 0
    endloop
  endfacet
  facet normal 0.384408 0.923163 -0
    outer loop
      vertex -2.11475 -1.75221 0
      vertex -2.2379 -1.70093 0.389999
      vertex -2.11475 -1.75221 0.389999
    endloop
  endfacet
  facet normal 0.384408 0.923163 0
    outer loop
      vertex -2.2379 -1.70093 0.389999
      vertex -2.11475 -1.75221 0
      vertex -2.2379 -1.70093 0
    endloop
  endfacet
  facet normal 0.332716 0.943027 -0
    outer loop
      vertex -1.98729 -1.79718 0
      vertex -2.11475 -1.75221 0.389999
      vertex -1.98729 -1.79718 0.389999
    endloop
  endfacet
  facet normal 0.332716 0.943027 0
    outer loop
      vertex -2.11475 -1.75221 0.389999
      vertex -1.98729 -1.79718 0
      vertex -2.11475 -1.75221 0
    endloop
  endfacet
  facet normal 0.280003 0.959999 -0
    outer loop
      vertex -1.8568 -1.83524 0
      vertex -1.98729 -1.79718 0.389999
      vertex -1.8568 -1.83524 0.389999
    endloop
  endfacet
  facet normal 0.280003 0.959999 0
    outer loop
      vertex -1.98729 -1.79718 0.389999
      vertex -1.8568 -1.83524 0
      vertex -1.98729 -1.79718 0
    endloop
  endfacet
  facet normal 0.22708 0.973876 -0
    outer loop
      vertex -1.72325 -1.86638 0
      vertex -1.8568 -1.83524 0.389999
      vertex -1.72325 -1.86638 0.389999
    endloop
  endfacet
  facet normal 0.22708 0.973876 0
    outer loop
      vertex -1.8568 -1.83524 0.389999
      vertex -1.72325 -1.86638 0
      vertex -1.8568 -1.83524 0
    endloop
  endfacet
  facet normal 0.174538 0.98465 -0
    outer loop
      vertex -1.58667 -1.89059 0
      vertex -1.72325 -1.86638 0.389999
      vertex -1.58667 -1.89059 0.389999
    endloop
  endfacet
  facet normal 0.174538 0.98465 0
    outer loop
      vertex -1.72325 -1.86638 0.389999
      vertex -1.58667 -1.89059 0
      vertex -1.72325 -1.86638 0
    endloop
  endfacet
  facet normal 0.123011 0.992405 -0
    outer loop
      vertex -1.44702 -1.9079 0
      vertex -1.58667 -1.89059 0.389999
      vertex -1.44702 -1.9079 0.389999
    endloop
  endfacet
  facet normal 0.123011 0.992405 0
    outer loop
      vertex -1.58667 -1.89059 0.389999
      vertex -1.44702 -1.9079 0
      vertex -1.58667 -1.89059 0
    endloop
  endfacet
  facet normal 0.072494 0.997369 -0
    outer loop
      vertex -1.30435 -1.91827 0
      vertex -1.44702 -1.9079 0.389999
      vertex -1.30435 -1.91827 0.389999
    endloop
  endfacet
  facet normal 0.072494 0.997369 0
    outer loop
      vertex -1.44702 -1.9079 0.389999
      vertex -1.30435 -1.91827 0
      vertex -1.44702 -1.9079 0
    endloop
  endfacet
  facet normal 0.023806 0.999717 -0
    outer loop
      vertex -1.15863 -1.92174 0
      vertex -1.30435 -1.91827 0.389999
      vertex -1.15863 -1.92174 0.389999
    endloop
  endfacet
  facet normal 0.023806 0.999717 0
    outer loop
      vertex -1.30435 -1.91827 0.389999
      vertex -1.15863 -1.92174 0
      vertex -1.30435 -1.91827 0
    endloop
  endfacet
  facet normal -0.0291109 0.999576 0
    outer loop
      vertex -0.990723 -1.91685 0
      vertex -1.15863 -1.92174 0.389999
      vertex -0.990723 -1.91685 0.389999
    endloop
  endfacet
  facet normal -0.0291109 0.999576 0
    outer loop
      vertex -1.15863 -1.92174 0.389999
      vertex -0.990723 -1.91685 0
      vertex -1.15863 -1.92174 0
    endloop
  endfacet
  facet normal -0.178825 0.983881 0
    outer loop
      vertex -10.9786 -1.84245 0
      vertex -11.3058 -1.90192 0.389999
      vertex -10.9786 -1.84245 0.389999
    endloop
  endfacet
  facet normal -0.178825 0.983881 0
    outer loop
      vertex -11.3058 -1.90192 0.389999
      vertex -10.9786 -1.84245 0
      vertex -11.3058 -1.90192 0
    endloop
  endfacet
  facet normal -0.334301 0.942467 0
    outer loop
      vertex -10.6993 -1.74338 0
      vertex -10.9786 -1.84245 0.389999
      vertex -10.6993 -1.74338 0.389999
    endloop
  endfacet
  facet normal -0.334301 0.942467 0
    outer loop
      vertex -10.9786 -1.84245 0.389999
      vertex -10.6993 -1.74338 0
      vertex -10.9786 -1.84245 0
    endloop
  endfacet
  facet normal -0.514387 0.857558 0
    outer loop
      vertex -10.468 -1.60464 0
      vertex -10.6993 -1.74338 0.389999
      vertex -10.468 -1.60464 0.389999
    endloop
  endfacet
  facet normal -0.514387 0.857558 0
    outer loop
      vertex -10.6993 -1.74338 0.389999
      vertex -10.468 -1.60464 0
      vertex -10.6993 -1.74338 0
    endloop
  endfacet
  facet normal -0.697188 0.716889 0
    outer loop
      vertex -10.2846 -1.42628 0
      vertex -10.468 -1.60464 0.389999
      vertex -10.2846 -1.42628 0.389999
    endloop
  endfacet
  facet normal -0.697188 0.716889 0
    outer loop
      vertex -10.468 -1.60464 0.389999
      vertex -10.2846 -1.42628 0
      vertex -10.468 -1.60464 0
    endloop
  endfacet
  facet normal -0.849309 0.527896 0
    outer loop
      vertex -10.2846 -1.42628 0
      vertex -10.1491 -1.20828 0.389999
      vertex -10.1491 -1.20828 0
    endloop
  endfacet
  facet normal -0.849309 0.527896 0
    outer loop
      vertex -10.1491 -1.20828 0.389999
      vertex -10.2846 -1.42628 0
      vertex -10.2846 -1.42628 0.389999
    endloop
  endfacet
  facet normal -0.946877 0.321596 0
    outer loop
      vertex -10.1491 -1.20828 0
      vertex -10.0616 -0.950653 0.389999
      vertex -10.0616 -0.950653 0
    endloop
  endfacet
  facet normal -0.946877 0.321596 0
    outer loop
      vertex -10.0616 -0.950653 0.389999
      vertex -10.1491 -1.20828 0
      vertex -10.1491 -1.20828 0.389999
    endloop
  endfacet
  facet normal -0.19611 -0.980582 0
    outer loop
      vertex -10.5634 -0.850296 0
      vertex -10.0616 -0.950653 0.389999
      vertex -10.5634 -0.850296 0.389999
    endloop
  endfacet
  facet normal -0.19611 -0.980582 -0
    outer loop
      vertex -10.0616 -0.950653 0.389999
      vertex -10.5634 -0.850296 0
      vertex -10.0616 -0.950653 0
    endloop
  endfacet
  facet normal 0.956719 -0.291014 0
    outer loop
      vertex -10.5922 -0.944977 0.389999
      vertex -10.5634 -0.850296 0
      vertex -10.5634 -0.850296 0.389999
    endloop
  endfacet
  facet normal 0.956719 -0.291014 0
    outer loop
      vertex -10.5634 -0.850296 0
      vertex -10.5922 -0.944977 0.389999
      vertex -10.5922 -0.944977 0
    endloop
  endfacet
  facet normal 0.921732 -0.387828 0
    outer loop
      vertex -10.6289 -1.0322 0.389999
      vertex -10.5922 -0.944977 0
      vertex -10.5922 -0.944977 0.389999
    endloop
  endfacet
  facet normal 0.921732 -0.387828 0
    outer loop
      vertex -10.5922 -0.944977 0
      vertex -10.6289 -1.0322 0.389999
      vertex -10.6289 -1.0322 0
    endloop
  endfacet
  facet normal 0.871827 -0.489815 0
    outer loop
      vertex -10.6737 -1.11194 0.389999
      vertex -10.6289 -1.0322 0
      vertex -10.6289 -1.0322 0.389999
    endloop
  endfacet
  facet normal 0.871827 -0.489815 0
    outer loop
      vertex -10.6289 -1.0322 0
      vertex -10.6737 -1.11194 0.389999
      vertex -10.6737 -1.11194 0
    endloop
  endfacet
  facet normal 0.808484 -0.588518 0
    outer loop
      vertex -10.7263 -1.1842 0.389999
      vertex -10.6737 -1.11194 0
      vertex -10.6737 -1.11194 0.389999
    endloop
  endfacet
  facet normal 0.808484 -0.588518 0
    outer loop
      vertex -10.6737 -1.11194 0
      vertex -10.7263 -1.1842 0.389999
      vertex -10.7263 -1.1842 0
    endloop
  endfacet
  facet normal 0.729765 -0.683698 0
    outer loop
      vertex -10.787 -1.24899 0.389999
      vertex -10.7263 -1.1842 0
      vertex -10.7263 -1.1842 0.389999
    endloop
  endfacet
  facet normal 0.729765 -0.683698 0
    outer loop
      vertex -10.7263 -1.1842 0
      vertex -10.787 -1.24899 0.389999
      vertex -10.787 -1.24899 0
    endloop
  endfacet
  facet normal 0.640712 -0.767781 0
    outer loop
      vertex -10.8557 -1.30632 0
      vertex -10.787 -1.24899 0.389999
      vertex -10.8557 -1.30632 0.389999
    endloop
  endfacet
  facet normal 0.640712 -0.767781 0
    outer loop
      vertex -10.787 -1.24899 0.389999
      vertex -10.8557 -1.30632 0
      vertex -10.787 -1.24899 0
    endloop
  endfacet
  facet normal 0.54545 -0.838144 0
    outer loop
      vertex -10.9323 -1.35617 0
      vertex -10.8557 -1.30632 0.389999
      vertex -10.9323 -1.35617 0.389999
    endloop
  endfacet
  facet normal 0.54545 -0.838144 0
    outer loop
      vertex -10.8557 -1.30632 0.389999
      vertex -10.9323 -1.35617 0
      vertex -10.8557 -1.30632 0
    endloop
  endfacet
  facet normal 0.451171 -0.892438 0
    outer loop
      vertex -11.017 -1.39899 0
      vertex -10.9323 -1.35617 0.389999
      vertex -11.017 -1.39899 0.389999
    endloop
  endfacet
  facet normal 0.451171 -0.892438 0
    outer loop
      vertex -10.9323 -1.35617 0.389999
      vertex -11.017 -1.39899 0
      vertex -10.9323 -1.35617 0
    endloop
  endfacet
  facet normal 0.362746 -0.931888 0
    outer loop
      vertex -11.1101 -1.43523 0
      vertex -11.017 -1.39899 0.389999
      vertex -11.1101 -1.43523 0.389999
    endloop
  endfacet
  facet normal 0.362746 -0.931888 0
    outer loop
      vertex -11.017 -1.39899 0.389999
      vertex -11.1101 -1.43523 0
      vertex -11.017 -1.39899 0
    endloop
  endfacet
  facet normal 0.280822 -0.95976 0
    outer loop
      vertex -11.2114 -1.46487 0
      vertex -11.1101 -1.43523 0.389999
      vertex -11.2114 -1.46487 0.389999
    endloop
  endfacet
  facet normal 0.280822 -0.95976 0
    outer loop
      vertex -11.1101 -1.43523 0.389999
      vertex -11.2114 -1.46487 0
      vertex -11.1101 -1.43523 0
    endloop
  endfacet
  facet normal 0.205714 -0.978612 0
    outer loop
      vertex -11.3211 -1.48793 0
      vertex -11.2114 -1.46487 0.389999
      vertex -11.3211 -1.48793 0.389999
    endloop
  endfacet
  facet normal 0.205714 -0.978612 0
    outer loop
      vertex -11.2114 -1.46487 0.389999
      vertex -11.3211 -1.48793 0
      vertex -11.2114 -1.46487 0
    endloop
  endfacet
  facet normal 0.138154 -0.990411 0
    outer loop
      vertex -11.4391 -1.50439 0
      vertex -11.3211 -1.48793 0.389999
      vertex -11.4391 -1.50439 0.389999
    endloop
  endfacet
  facet normal 0.138154 -0.990411 0
    outer loop
      vertex -11.3211 -1.48793 0.389999
      vertex -11.4391 -1.50439 0
      vertex -11.3211 -1.48793 0
    endloop
  endfacet
  facet normal 0.0781281 -0.996943 0
    outer loop
      vertex -11.5653 -1.51428 0
      vertex -11.4391 -1.50439 0.389999
      vertex -11.5653 -1.51428 0.389999
    endloop
  endfacet
  facet normal 0.0781281 -0.996943 0
    outer loop
      vertex -11.4391 -1.50439 0.389999
      vertex -11.5653 -1.51428 0
      vertex -11.4391 -1.50439 0
    endloop
  endfacet
  facet normal 0.0245097 -0.9997 0
    outer loop
      vertex -11.6999 -1.51758 0
      vertex -11.5653 -1.51428 0.389999
      vertex -11.6999 -1.51758 0.389999
    endloop
  endfacet
  facet normal 0.0245097 -0.9997 0
    outer loop
      vertex -11.5653 -1.51428 0.389999
      vertex -11.6999 -1.51758 0
      vertex -11.5653 -1.51428 0
    endloop
  endfacet
  facet normal -0.0254424 -0.999676 0
    outer loop
      vertex -11.8386 -1.51405 0
      vertex -11.6999 -1.51758 0.389999
      vertex -11.8386 -1.51405 0.389999
    endloop
  endfacet
  facet normal -0.0254424 -0.999676 -0
    outer loop
      vertex -11.6999 -1.51758 0.389999
      vertex -11.8386 -1.51405 0
      vertex -11.6999 -1.51758 0
    endloop
  endfacet
  facet normal -0.081184 -0.996699 0
    outer loop
      vertex -11.968 -1.50351 0
      vertex -11.8386 -1.51405 0.389999
      vertex -11.968 -1.50351 0.389999
    endloop
  endfacet
  facet normal -0.081184 -0.996699 -0
    outer loop
      vertex -11.8386 -1.51405 0.389999
      vertex -11.968 -1.50351 0
      vertex -11.8386 -1.51405 0
    endloop
  endfacet
  facet normal -0.144953 -0.989439 0
    outer loop
      vertex -12.088 -1.48593 0
      vertex -11.968 -1.50351 0.389999
      vertex -12.088 -1.48593 0.389999
    endloop
  endfacet
  facet normal -0.144953 -0.989439 -0
    outer loop
      vertex -11.968 -1.50351 0.389999
      vertex -12.088 -1.48593 0
      vertex -11.968 -1.50351 0
    endloop
  endfacet
  facet normal -0.217117 -0.976146 0
    outer loop
      vertex -12.1986 -1.46133 0
      vertex -12.088 -1.48593 0.389999
      vertex -12.1986 -1.46133 0.389999
    endloop
  endfacet
  facet normal -0.217117 -0.976146 -0
    outer loop
      vertex -12.088 -1.48593 0.389999
      vertex -12.1986 -1.46133 0
      vertex -12.088 -1.48593 0
    endloop
  endfacet
  facet normal -0.298135 -0.954524 0
    outer loop
      vertex -12.2999 -1.42969 0
      vertex -12.1986 -1.46133 0.389999
      vertex -12.2999 -1.42969 0.389999
    endloop
  endfacet
  facet normal -0.298135 -0.954524 -0
    outer loop
      vertex -12.1986 -1.46133 0.389999
      vertex -12.2999 -1.42969 0
      vertex -12.1986 -1.46133 0
    endloop
  endfacet
  facet normal -0.387846 -0.921724 0
    outer loop
      vertex -12.3918 -1.39102 0
      vertex -12.2999 -1.42969 0.389999
      vertex -12.3918 -1.39102 0.389999
    endloop
  endfacet
  facet normal -0.387846 -0.921724 -0
    outer loop
      vertex -12.2999 -1.42969 0.389999
      vertex -12.3918 -1.39102 0
      vertex -12.2999 -1.42969 0
    endloop
  endfacet
  facet normal -0.4844 -0.874847 0
    outer loop
      vertex -12.4743 -1.34534 0
      vertex -12.3918 -1.39102 0.389999
      vertex -12.4743 -1.34534 0.389999
    endloop
  endfacet
  facet normal -0.4844 -0.874847 -0
    outer loop
      vertex -12.3918 -1.39102 0.389999
      vertex -12.4743 -1.34534 0
      vertex -12.3918 -1.39102 0
    endloop
  endfacet
  facet normal -0.587114 -0.809504 0
    outer loop
      vertex -12.5467 -1.29283 0
      vertex -12.4743 -1.34534 0.389999
      vertex -12.5467 -1.29283 0.389999
    endloop
  endfacet
  facet normal -0.587114 -0.809504 -0
    outer loop
      vertex -12.4743 -1.34534 0.389999
      vertex -12.5467 -1.29283 0
      vertex -12.4743 -1.34534 0
    endloop
  endfacet
  facet normal -0.694657 -0.719341 0
    outer loop
      vertex -12.6079 -1.23373 0
      vertex -12.5467 -1.29283 0.389999
      vertex -12.6079 -1.23373 0.389999
    endloop
  endfacet
  facet normal -0.694657 -0.719341 -0
    outer loop
      vertex -12.5467 -1.29283 0.389999
      vertex -12.6079 -1.23373 0
      vertex -12.5467 -1.29283 0
    endloop
  endfacet
  facet normal -0.795632 -0.60578 0
    outer loop
      vertex -12.6079 -1.23373 0
      vertex -12.6579 -1.16806 0.389999
      vertex -12.6579 -1.16806 0
    endloop
  endfacet
  facet normal -0.795632 -0.60578 0
    outer loop
      vertex -12.6579 -1.16806 0.389999
      vertex -12.6079 -1.23373 0
      vertex -12.6079 -1.23373 0.389999
    endloop
  endfacet
  facet normal -0.880064 -0.474855 0
    outer loop
      vertex -12.6579 -1.16806 0
      vertex -12.6969 -1.09578 0.389999
      vertex -12.6969 -1.09578 0
    endloop
  endfacet
  facet normal -0.880064 -0.474855 0
    outer loop
      vertex -12.6969 -1.09578 0.389999
      vertex -12.6579 -1.16806 0
      vertex -12.6579 -1.16806 0.389999
    endloop
  endfacet
  facet normal -0.943114 -0.33247 0
    outer loop
      vertex -12.6969 -1.09578 0
      vertex -12.7247 -1.01692 0.389999
      vertex -12.7247 -1.01692 0
    endloop
  endfacet
  facet normal -0.943114 -0.33247 0
    outer loop
      vertex -12.7247 -1.01692 0.389999
      vertex -12.6969 -1.09578 0
      vertex -12.6969 -1.09578 0.389999
    endloop
  endfacet
  facet normal -0.981425 -0.191846 0
    outer loop
      vertex -12.7247 -1.01692 0
      vertex -12.7414 -0.931488 0.389999
      vertex -12.7414 -0.931488 0
    endloop
  endfacet
  facet normal -0.981425 -0.191846 0
    outer loop
      vertex -12.7414 -0.931488 0.389999
      vertex -12.7247 -1.01692 0
      vertex -12.7247 -1.01692 0.389999
    endloop
  endfacet
  facet normal -0.998219 -0.0596496 0
    outer loop
      vertex -12.7414 -0.931488 0
      vertex -12.7469 -0.839447 0.389999
      vertex -12.7469 -0.839447 0
    endloop
  endfacet
  facet normal -0.998219 -0.0596496 0
    outer loop
      vertex -12.7469 -0.839447 0.389999
      vertex -12.7414 -0.931488 0
      vertex -12.7414 -0.931488 0.389999
    endloop
  endfacet
  facet normal -0.999467 0.0326548 0
    outer loop
      vertex -12.7469 -0.839447 0
      vertex -12.7452 -0.787415 0.389999
      vertex -12.7452 -0.787415 0
    endloop
  endfacet
  facet normal -0.999467 0.0326548 0
    outer loop
      vertex -12.7452 -0.787415 0.389999
      vertex -12.7469 -0.839447 0
      vertex -12.7469 -0.839447 0.389999
    endloop
  endfacet
  facet normal -0.99445 0.105213 0
    outer loop
      vertex -12.7452 -0.787415 0
      vertex -12.74 -0.738266 0.389999
      vertex -12.74 -0.738266 0
    endloop
  endfacet
  facet normal -0.99445 0.105213 0
    outer loop
      vertex -12.74 -0.738266 0.389999
      vertex -12.7452 -0.787415 0
      vertex -12.7452 -0.787415 0.389999
    endloop
  endfacet
  facet normal -0.982786 0.18475 0
    outer loop
      vertex -12.74 -0.738266 0
      vertex -12.7313 -0.691986 0.389999
      vertex -12.7313 -0.691986 0
    endloop
  endfacet
  facet normal -0.982786 0.18475 0
    outer loop
      vertex -12.7313 -0.691986 0.389999
      vertex -12.74 -0.738266 0
      vertex -12.74 -0.738266 0.389999
    endloop
  endfacet
  facet normal -0.962705 0.270554 0
    outer loop
      vertex -12.7313 -0.691986 0
      vertex -12.7191 -0.648575 0.389999
      vertex -12.7191 -0.648575 0
    endloop
  endfacet
  facet normal -0.962705 0.270554 0
    outer loop
      vertex -12.7191 -0.648575 0.389999
      vertex -12.7313 -0.691986 0
      vertex -12.7313 -0.691986 0.389999
    endloop
  endfacet
  facet normal -0.932429 0.361353 0
    outer loop
      vertex -12.7191 -0.648575 0
      vertex -12.7034 -0.608063 0.389999
      vertex -12.7034 -0.608063 0
    endloop
  endfacet
  facet normal -0.932429 0.361353 0
    outer loop
      vertex -12.7034 -0.608063 0.389999
      vertex -12.7191 -0.648575 0
      vertex -12.7191 -0.648575 0.389999
    endloop
  endfacet
  facet normal -0.890821 0.454355 0
    outer loop
      vertex -12.7034 -0.608063 0
      vertex -12.6842 -0.570419 0.389999
      vertex -12.6842 -0.570419 0
    endloop
  endfacet
  facet normal -0.890821 0.454355 0
    outer loop
      vertex -12.6842 -0.570419 0.389999
      vertex -12.7034 -0.608063 0
      vertex -12.7034 -0.608063 0.389999
    endloop
  endfacet
  facet normal -0.837268 0.546793 0
    outer loop
      vertex -12.6842 -0.570419 0
      vertex -12.6615 -0.53566 0.389999
      vertex -12.6615 -0.53566 0
    endloop
  endfacet
  facet normal -0.837268 0.546793 0
    outer loop
      vertex -12.6615 -0.53566 0.389999
      vertex -12.6842 -0.570419 0
      vertex -12.6842 -0.570419 0.389999
    endloop
  endfacet
  facet normal -0.783224 0.62174 0
    outer loop
      vertex -12.6615 -0.53566 0
      vertex -12.6357 -0.503159 0.389999
      vertex -12.6357 -0.503159 0
    endloop
  endfacet
  facet normal -0.783224 0.62174 0
    outer loop
      vertex -12.6357 -0.503159 0.389999
      vertex -12.6615 -0.53566 0
      vertex -12.6615 -0.53566 0.389999
    endloop
  endfacet
  facet normal -0.732027 0.681276 0
    outer loop
      vertex -12.6357 -0.503159 0
      vertex -12.607 -0.472321 0.389999
      vertex -12.607 -0.472321 0
    endloop
  endfacet
  facet normal -0.732027 0.681276 0
    outer loop
      vertex -12.607 -0.472321 0.389999
      vertex -12.6357 -0.503159 0
      vertex -12.6357 -0.503159 0.389999
    endloop
  endfacet
  facet normal -0.680487 0.73276 0
    outer loop
      vertex -12.5756 -0.443161 0
      vertex -12.607 -0.472321 0.389999
      vertex -12.5756 -0.443161 0.389999
    endloop
  endfacet
  facet normal -0.680487 0.73276 0
    outer loop
      vertex -12.607 -0.472321 0.389999
      vertex -12.5756 -0.443161 0
      vertex -12.607 -0.472321 0
    endloop
  endfacet
  facet normal -0.625693 0.780069 0
    outer loop
      vertex -12.5413 -0.415649 0
      vertex -12.5756 -0.443161 0.389999
      vertex -12.5413 -0.415649 0.389999
    endloop
  endfacet
  facet normal -0.625693 0.780069 0
    outer loop
      vertex -12.5756 -0.443161 0.389999
      vertex -12.5413 -0.415649 0
      vertex -12.5756 -0.443161 0
    endloop
  endfacet
  facet normal -0.57165 0.820497 0
    outer loop
      vertex -12.5042 -0.389801 0
      vertex -12.5413 -0.415649 0.389999
      vertex -12.5042 -0.389801 0.389999
    endloop
  endfacet
  facet normal -0.57165 0.820497 0
    outer loop
      vertex -12.5413 -0.415649 0.389999
      vertex -12.5042 -0.389801 0
      vertex -12.5413 -0.415649 0
    endloop
  endfacet
  facet normal -0.517403 0.855742 0
    outer loop
      vertex -12.4642 -0.365616 0
      vertex -12.5042 -0.389801 0.389999
      vertex -12.4642 -0.365616 0.389999
    endloop
  endfacet
  facet normal -0.517403 0.855742 0
    outer loop
      vertex -12.5042 -0.389801 0.389999
      vertex -12.4642 -0.365616 0
      vertex -12.5042 -0.389801 0
    endloop
  endfacet
  facet normal -0.465677 0.884955 0
    outer loop
      vertex -12.4214 -0.343094 0
      vertex -12.4642 -0.365616 0.389999
      vertex -12.4214 -0.343094 0.389999
    endloop
  endfacet
  facet normal -0.465677 0.884955 0
    outer loop
      vertex -12.4642 -0.365616 0.389999
      vertex -12.4214 -0.343094 0
      vertex -12.4642 -0.365616 0
    endloop
  endfacet
  facet normal -0.423268 0.906005 0
    outer loop
      vertex -12.376 -0.321884 0
      vertex -12.4214 -0.343094 0.389999
      vertex -12.376 -0.321884 0.389999
    endloop
  endfacet
  facet normal -0.423268 0.906005 0
    outer loop
      vertex -12.4214 -0.343094 0.389999
      vertex -12.376 -0.321884 0
      vertex -12.4214 -0.343094 0
    endloop
  endfacet
  facet normal -0.389295 0.921113 0
    outer loop
      vertex -12.3282 -0.301682 0
      vertex -12.376 -0.321884 0.389999
      vertex -12.3282 -0.301682 0.389999
    endloop
  endfacet
  facet normal -0.389295 0.921113 0
    outer loop
      vertex -12.376 -0.321884 0.389999
      vertex -12.3282 -0.301682 0
      vertex -12.376 -0.321884 0
    endloop
  endfacet
  facet normal -0.357411 0.933947 0
    outer loop
      vertex -12.278 -0.282471 0
      vertex -12.3282 -0.301682 0.389999
      vertex -12.278 -0.282471 0.389999
    endloop
  endfacet
  facet normal -0.357411 0.933947 0
    outer loop
      vertex -12.3282 -0.301682 0.389999
      vertex -12.278 -0.282471 0
      vertex -12.3282 -0.301682 0
    endloop
  endfacet
  facet normal -0.326497 0.945198 0
    outer loop
      vertex -12.2253 -0.264267 0
      vertex -12.278 -0.282471 0.389999
      vertex -12.2253 -0.264267 0.389999
    endloop
  endfacet
  facet normal -0.326497 0.945198 0
    outer loop
      vertex -12.278 -0.282471 0.389999
      vertex -12.2253 -0.264267 0
      vertex -12.278 -0.282471 0
    endloop
  endfacet
  facet normal -0.297676 0.954667 0
    outer loop
      vertex -12.1701 -0.247055 0
      vertex -12.2253 -0.264267 0.389999
      vertex -12.1701 -0.247055 0.389999
    endloop
  endfacet
  facet normal -0.297676 0.954667 0
    outer loop
      vertex -12.2253 -0.264267 0.389999
      vertex -12.1701 -0.247055 0
      vertex -12.2253 -0.264267 0
    endloop
  endfacet
  facet normal -0.271055 0.962564 0
    outer loop
      vertex -12.1125 -0.230835 0
      vertex -12.1701 -0.247055 0.389999
      vertex -12.1125 -0.230835 0.389999
    endloop
  endfacet
  facet normal -0.271055 0.962564 0
    outer loop
      vertex -12.1701 -0.247055 0.389999
      vertex -12.1125 -0.230835 0
      vertex -12.1701 -0.247055 0
    endloop
  endfacet
  facet normal -0.246386 0.969172 0
    outer loop
      vertex -12.0526 -0.215607 0
      vertex -12.1125 -0.230835 0.389999
      vertex -12.0526 -0.215607 0.389999
    endloop
  endfacet
  facet normal -0.246386 0.969172 0
    outer loop
      vertex -12.1125 -0.230835 0.389999
      vertex -12.0526 -0.215607 0
      vertex -12.1125 -0.230835 0
    endloop
  endfacet
  facet normal -0.232855 0.972511 0
    outer loop
      vertex -11.9904 -0.200714 0
      vertex -12.0526 -0.215607 0.389999
      vertex -11.9904 -0.200714 0.389999
    endloop
  endfacet
  facet normal -0.232855 0.972511 0
    outer loop
      vertex -12.0526 -0.215607 0.389999
      vertex -11.9904 -0.200714 0
      vertex -12.0526 -0.215607 0
    endloop
  endfacet
  facet normal -0.231133 0.972922 0
    outer loop
      vertex -11.9263 -0.185486 0
      vertex -11.9904 -0.200714 0.389999
      vertex -11.9263 -0.185486 0.389999
    endloop
  endfacet
  facet normal -0.231133 0.972922 0
    outer loop
      vertex -11.9904 -0.200714 0.389999
      vertex -11.9263 -0.185486 0
      vertex -11.9904 -0.200714 0
    endloop
  endfacet
  facet normal -0.229853 0.973225 0
    outer loop
      vertex -11.8604 -0.169922 0
      vertex -11.9263 -0.185486 0.389999
      vertex -11.8604 -0.169922 0.389999
    endloop
  endfacet
  facet normal -0.229853 0.973225 0
    outer loop
      vertex -11.9263 -0.185486 0.389999
      vertex -11.8604 -0.169922 0
      vertex -11.9263 -0.185486 0
    endloop
  endfacet
  facet normal -0.228115 0.973634 0
    outer loop
      vertex -11.7926 -0.154037 0
      vertex -11.8604 -0.169922 0.389999
      vertex -11.7926 -0.154037 0.389999
    endloop
  endfacet
  facet normal -0.228115 0.973634 0
    outer loop
      vertex -11.8604 -0.169922 0.389999
      vertex -11.7926 -0.154037 0
      vertex -11.8604 -0.169922 0
    endloop
  endfacet
  facet normal -0.226655 0.973975 0
    outer loop
      vertex -11.7229 -0.137817 0
      vertex -11.7926 -0.154037 0.389999
      vertex -11.7229 -0.137817 0.389999
    endloop
  endfacet
  facet normal -0.226655 0.973975 0
    outer loop
      vertex -11.7926 -0.154037 0.389999
      vertex -11.7229 -0.137817 0
      vertex -11.7926 -0.154037 0
    endloop
  endfacet
  facet normal -0.225272 0.974296 0
    outer loop
      vertex -11.6513 -0.121262 0
      vertex -11.7229 -0.137817 0.389999
      vertex -11.6513 -0.121262 0.389999
    endloop
  endfacet
  facet normal -0.225272 0.974296 0
    outer loop
      vertex -11.7229 -0.137817 0.389999
      vertex -11.6513 -0.121262 0
      vertex -11.7229 -0.137817 0
    endloop
  endfacet
  facet normal -0.224274 0.974526 0
    outer loop
      vertex -11.5779 -0.10437 0
      vertex -11.6513 -0.121262 0.389999
      vertex -11.5779 -0.10437 0.389999
    endloop
  endfacet
  facet normal -0.224274 0.974526 0
    outer loop
      vertex -11.6513 -0.121262 0.389999
      vertex -11.5779 -0.10437 0
      vertex -11.6513 -0.121262 0
    endloop
  endfacet
  facet normal -0.223563 0.974689 0
    outer loop
      vertex -11.4529 -0.0756989 0
      vertex -11.5779 -0.10437 0.389999
      vertex -11.4529 -0.0756989 0.389999
    endloop
  endfacet
  facet normal -0.223563 0.974689 0
    outer loop
      vertex -11.5779 -0.10437 0.389999
      vertex -11.4529 -0.0756989 0
      vertex -11.5779 -0.10437 0
    endloop
  endfacet
  facet normal -0.239751 0.970834 0
    outer loop
      vertex -11.3368 -0.0470276 0
      vertex -11.4529 -0.0756989 0.389999
      vertex -11.3368 -0.0470276 0.389999
    endloop
  endfacet
  facet normal -0.239751 0.970834 0
    outer loop
      vertex -11.4529 -0.0756989 0.389999
      vertex -11.3368 -0.0470276 0
      vertex -11.4529 -0.0756989 0
    endloop
  endfacet
  facet normal -0.2586 0.965985 0
    outer loop
      vertex -11.2297 -0.0183563 0
      vertex -11.3368 -0.0470276 0.389999
      vertex -11.2297 -0.0183563 0.389999
    endloop
  endfacet
  facet normal -0.2586 0.965985 0
    outer loop
      vertex -11.3368 -0.0470276 0.389999
      vertex -11.2297 -0.0183563 0
      vertex -11.3368 -0.0470276 0
    endloop
  endfacet
  facet normal -0.280266 0.959922 0
    outer loop
      vertex -11.1315 0.0103149 0
      vertex -11.2297 -0.0183563 0.389999
      vertex -11.1315 0.0103149 0.389999
    endloop
  endfacet
  facet normal -0.280266 0.959922 0
    outer loop
      vertex -11.2297 -0.0183563 0.389999
      vertex -11.1315 0.0103149 0
      vertex -11.2297 -0.0183563 0
    endloop
  endfacet
  facet normal -0.305387 0.952228 0
    outer loop
      vertex -11.0421 0.0389862 0
      vertex -11.1315 0.0103149 0.389999
      vertex -11.0421 0.0389862 0.389999
    endloop
  endfacet
  facet normal -0.305387 0.952228 0
    outer loop
      vertex -11.1315 0.0103149 0.389999
      vertex -11.0421 0.0389862 0
      vertex -11.1315 0.0103149 0
    endloop
  endfacet
  facet normal -0.33589 0.941901 0
    outer loop
      vertex -10.9617 0.0676575 0
      vertex -11.0421 0.0389862 0.389999
      vertex -10.9617 0.0676575 0.389999
    endloop
  endfacet
  facet normal -0.33589 0.941901 0
    outer loop
      vertex -11.0421 0.0389862 0.389999
      vertex -10.9617 0.0676575 0
      vertex -11.0421 0.0389862 0
    endloop
  endfacet
  facet normal -0.372187 0.928158 0
    outer loop
      vertex -10.8902 0.0963287 0
      vertex -10.9617 0.0676575 0.389999
      vertex -10.8902 0.0963287 0.389999
    endloop
  endfacet
  facet normal -0.372187 0.928158 0
    outer loop
      vertex -10.9617 0.0676575 0.389999
      vertex -10.8902 0.0963287 0
      vertex -10.9617 0.0676575 0
    endloop
  endfacet
  facet normal -0.40913 0.912476 0
    outer loop
      vertex -10.8252 0.125473 0
      vertex -10.8902 0.0963287 0.389999
      vertex -10.8252 0.125473 0.389999
    endloop
  endfacet
  facet normal -0.40913 0.912476 0
    outer loop
      vertex -10.8902 0.0963287 0.389999
      vertex -10.8252 0.125473 0
      vertex -10.8902 0.0963287 0
    endloop
  endfacet
  facet normal -0.442969 0.896537 0
    outer loop
      vertex -10.7643 0.155563 0
      vertex -10.8252 0.125473 0.389999
      vertex -10.7643 0.155563 0.389999
    endloop
  endfacet
  facet normal -0.442969 0.896537 0
    outer loop
      vertex -10.8252 0.125473 0.389999
      vertex -10.7643 0.155563 0
      vertex -10.8252 0.125473 0
    endloop
  endfacet
  facet normal -0.478022 0.878348 0
    outer loop
      vertex -10.7073 0.186584 0
      vertex -10.7643 0.155563 0.389999
      vertex -10.7073 0.186584 0.389999
    endloop
  endfacet
  facet normal -0.478022 0.878348 0
    outer loop
      vertex -10.7643 0.155563 0.389999
      vertex -10.7073 0.186584 0
      vertex -10.7643 0.155563 0
    endloop
  endfacet
  facet normal -0.517206 0.855861 0
    outer loop
      vertex -10.6544 0.218552 0
      vertex -10.7073 0.186584 0.389999
      vertex -10.6544 0.218552 0.389999
    endloop
  endfacet
  facet normal -0.517206 0.855861 0
    outer loop
      vertex -10.7073 0.186584 0.389999
      vertex -10.6544 0.218552 0
      vertex -10.7073 0.186584 0
    endloop
  endfacet
  facet normal -0.559158 0.829061 0
    outer loop
      vertex -10.6056 0.251465 0
      vertex -10.6544 0.218552 0.389999
      vertex -10.6056 0.251465 0.389999
    endloop
  endfacet
  facet normal -0.559158 0.829061 0
    outer loop
      vertex -10.6544 0.218552 0.389999
      vertex -10.6056 0.251465 0
      vertex -10.6544 0.218552 0
    endloop
  endfacet
  facet normal -0.602778 0.797909 0
    outer loop
      vertex -10.5608 0.285309 0
      vertex -10.6056 0.251465 0.389999
      vertex -10.5608 0.285309 0.389999
    endloop
  endfacet
  facet normal -0.602778 0.797909 0
    outer loop
      vertex -10.6056 0.251465 0.389999
      vertex -10.5608 0.285309 0
      vertex -10.6056 0.251465 0
    endloop
  endfacet
  facet normal -0.648839 0.760926 0
    outer loop
      vertex -10.52 0.320099 0
      vertex -10.5608 0.285309 0.389999
      vertex -10.52 0.320099 0.389999
    endloop
  endfacet
  facet normal -0.648839 0.760926 0
    outer loop
      vertex -10.5608 0.285309 0.389999
      vertex -10.52 0.320099 0
      vertex -10.5608 0.285309 0
    endloop
  endfacet
  facet normal -0.6937 0.720264 0
    outer loop
      vertex -10.4825 0.356216 0
      vertex -10.52 0.320099 0.389999
      vertex -10.4825 0.356216 0.389999
    endloop
  endfacet
  facet normal -0.6937 0.720264 0
    outer loop
      vertex -10.52 0.320099 0.389999
      vertex -10.4825 0.356216 0
      vertex -10.52 0.320099 0
    endloop
  endfacet
  facet normal -0.736073 0.676902 0
    outer loop
      vertex -10.4825 0.356216 0
      vertex -10.4477 0.394058 0.389999
      vertex -10.4477 0.394058 0
    endloop
  endfacet
  facet normal -0.736073 0.676902 0
    outer loop
      vertex -10.4477 0.394058 0.389999
      vertex -10.4825 0.356216 0
      vertex -10.4825 0.356216 0.389999
    endloop
  endfacet
  facet normal -0.774532 0.632535 0
    outer loop
      vertex -10.4477 0.394058 0
      vertex -10.4154 0.433609 0.389999
      vertex -10.4154 0.433609 0
    endloop
  endfacet
  facet normal -0.774532 0.632535 0
    outer loop
      vertex -10.4154 0.433609 0.389999
      vertex -10.4477 0.394058 0
      vertex -10.4477 0.394058 0.389999
    endloop
  endfacet
  facet normal -0.812635 0.582774 0
    outer loop
      vertex -10.4154 0.433609 0
      vertex -10.3858 0.474884 0.389999
      vertex -10.3858 0.474884 0
    endloop
  endfacet
  facet normal -0.812635 0.582774 0
    outer loop
      vertex -10.3858 0.474884 0.389999
      vertex -10.4154 0.433609 0
      vertex -10.4154 0.433609 0.389999
    endloop
  endfacet
  facet normal -0.845913 0.533321 0
    outer loop
      vertex -10.3858 0.474884 0
      vertex -10.3587 0.517868 0.389999
      vertex -10.3587 0.517868 0
    endloop
  endfacet
  facet normal -0.845913 0.533321 0
    outer loop
      vertex -10.3587 0.517868 0.389999
      vertex -10.3858 0.474884 0
      vertex -10.3858 0.474884 0.389999
    endloop
  endfacet
  facet normal -0.877714 0.479185 0
    outer loop
      vertex -10.3587 0.517868 0
      vertex -10.3343 0.562561 0.389999
      vertex -10.3343 0.562561 0
    endloop
  endfacet
  facet normal -0.877714 0.479185 0
    outer loop
      vertex -10.3343 0.562561 0.389999
      vertex -10.3587 0.517868 0
      vertex -10.3587 0.517868 0.389999
    endloop
  endfacet
  facet normal -0.905144 0.425106 0
    outer loop
      vertex -10.3343 0.562561 0
      vertex -10.3125 0.608978 0.389999
      vertex -10.3125 0.608978 0
    endloop
  endfacet
  facet normal -0.905144 0.425106 0
    outer loop
      vertex -10.3125 0.608978 0.389999
      vertex -10.3343 0.562561 0
      vertex -10.3343 0.562561 0.389999
    endloop
  endfacet
  facet normal -0.929836 0.367973 0
    outer loop
      vertex -10.3125 0.608978 0
      vertex -10.2934 0.657242 0.389999
      vertex -10.2934 0.657242 0
    endloop
  endfacet
  facet normal -0.929836 0.367973 0
    outer loop
      vertex -10.2934 0.657242 0.389999
      vertex -10.3125 0.608978 0
      vertex -10.3125 0.608978 0.389999
    endloop
  endfacet
  facet normal -0.952363 0.304965 0
    outer loop
      vertex -10.2934 0.657242 0
      vertex -10.2773 0.70752 0.389999
      vertex -10.2773 0.70752 0
    endloop
  endfacet
  facet normal -0.952363 0.304965 0
    outer loop
      vertex -10.2773 0.70752 0.389999
      vertex -10.2934 0.657242 0
      vertex -10.2934 0.657242 0.389999
    endloop
  endfacet
  facet normal -0.969551 0.244888 0
    outer loop
      vertex -10.2773 0.70752 0
      vertex -10.2641 0.759781 0.389999
      vertex -10.2641 0.759781 0
    endloop
  endfacet
  facet normal -0.969551 0.244888 0
    outer loop
      vertex -10.2641 0.759781 0.389999
      vertex -10.2773 0.70752 0
      vertex -10.2773 0.70752 0.389999
    endloop
  endfacet
  facet normal -0.982456 0.186496 0
    outer loop
      vertex -10.2641 0.759781 0
      vertex -10.2538 0.814041 0.389999
      vertex -10.2538 0.814041 0
    endloop
  endfacet
  facet normal -0.982456 0.186496 0
    outer loop
      vertex -10.2538 0.814041 0.389999
      vertex -10.2641 0.759781 0
      vertex -10.2641 0.759781 0.389999
    endloop
  endfacet
  facet normal -0.991682 0.128712 0
    outer loop
      vertex -10.2538 0.814041 0
      vertex -10.2465 0.870285 0.389999
      vertex -10.2465 0.870285 0
    endloop
  endfacet
  facet normal -0.991682 0.128712 0
    outer loop
      vertex -10.2465 0.870285 0.389999
      vertex -10.2538 0.814041 0
      vertex -10.2538 0.814041 0.389999
    endloop
  endfacet
  facet normal -0.997159 0.0753309 0
    outer loop
      vertex -10.2465 0.870285 0
      vertex -10.2421 0.928528 0.389999
      vertex -10.2421 0.928528 0
    endloop
  endfacet
  facet normal -0.997159 0.0753309 0
    outer loop
      vertex -10.2421 0.928528 0.389999
      vertex -10.2465 0.870285 0
      vertex -10.2465 0.870285 0.389999
    endloop
  endfacet
  facet normal -0.99969 0.0248919 0
    outer loop
      vertex -10.2421 0.928528 0
      vertex -10.2406 0.98877 0.389999
      vertex -10.2406 0.98877 0
    endloop
  endfacet
  facet normal -0.99969 0.0248919 0
    outer loop
      vertex -10.2406 0.98877 0.389999
      vertex -10.2421 0.928528 0
      vertex -10.2421 0.928528 0.389999
    endloop
  endfacet
  facet normal -0.998394 -0.05666 0
    outer loop
      vertex -10.2406 0.98877 0
      vertex -10.2483 1.12445 0.389999
      vertex -10.2483 1.12445 0
    endloop
  endfacet
  facet normal -0.998394 -0.05666 0
    outer loop
      vertex -10.2483 1.12445 0.389999
      vertex -10.2406 0.98877 0
      vertex -10.2406 0.98877 0.389999
    endloop
  endfacet
  facet normal -0.98387 -0.178885 0
    outer loop
      vertex -10.2483 1.12445 0
      vertex -10.2713 1.25095 0.389999
      vertex -10.2713 1.25095 0
    endloop
  endfacet
  facet normal -0.98387 -0.178885 0
    outer loop
      vertex -10.2713 1.25095 0.389999
      vertex -10.2483 1.12445 0
      vertex -10.2483 1.12445 0.389999
    endloop
  endfacet
  facet normal -0.950603 -0.310411 0
    outer loop
      vertex -10.2713 1.25095 0
      vertex -10.3096 1.36824 0.389999
      vertex -10.3096 1.36824 0
    endloop
  endfacet
  facet normal -0.950603 -0.310411 0
    outer loop
      vertex -10.3096 1.36824 0.389999
      vertex -10.2713 1.25095 0
      vertex -10.2713 1.25095 0.389999
    endloop
  endfacet
  facet normal -0.8956 -0.444859 0
    outer loop
      vertex -10.3096 1.36824 0
      vertex -10.3633 1.47635 0.389999
      vertex -10.3633 1.47635 0
    endloop
  endfacet
  facet normal -0.8956 -0.444859 0
    outer loop
      vertex -10.3633 1.47635 0.389999
      vertex -10.3096 1.36824 0
      vertex -10.3096 1.36824 0.389999
    endloop
  endfacet
  facet normal -0.820181 -0.572104 0
    outer loop
      vertex -10.3633 1.47635 0
      vertex -10.4323 1.57527 0.389999
      vertex -10.4323 1.57527 0
    endloop
  endfacet
  facet normal -0.820181 -0.572104 0
    outer loop
      vertex -10.4323 1.57527 0.389999
      vertex -10.3633 1.47635 0
      vertex -10.3633 1.47635 0.389999
    endloop
  endfacet
  facet normal -0.728777 -0.684751 0
    outer loop
      vertex -10.4323 1.57527 0
      vertex -10.5166 1.66499 0.389999
      vertex -10.5166 1.66499 0
    endloop
  endfacet
  facet normal -0.728777 -0.684751 0
    outer loop
      vertex -10.5166 1.66499 0.389999
      vertex -10.4323 1.57527 0
      vertex -10.4323 1.57527 0.389999
    endloop
  endfacet
  facet normal -0.628399 -0.777891 0
    outer loop
      vertex -10.6163 1.74553 0
      vertex -10.5166 1.66499 0.389999
      vertex -10.6163 1.74553 0.389999
    endloop
  endfacet
  facet normal -0.628399 -0.777891 -0
    outer loop
      vertex -10.5166 1.66499 0.389999
      vertex -10.6163 1.74553 0
      vertex -10.5166 1.66499 0
    endloop
  endfacet
  facet normal -0.526465 -0.850197 0
    outer loop
      vertex -10.7302 1.81606 0
      vertex -10.6163 1.74553 0.389999
      vertex -10.7302 1.81606 0.389999
    endloop
  endfacet
  facet normal -0.526465 -0.850197 -0
    outer loop
      vertex -10.6163 1.74553 0.389999
      vertex -10.7302 1.81606 0
      vertex -10.6163 1.74553 0
    endloop
  endfacet
  facet normal -0.424696 -0.905336 0
    outer loop
      vertex -10.8574 1.87573 0
      vertex -10.7302 1.81606 0.389999
      vertex -10.8574 1.87573 0.389999
    endloop
  endfacet
  facet normal -0.424696 -0.905336 -0
    outer loop
      vertex -10.7302 1.81606 0.389999
      vertex -10.8574 1.87573 0
      vertex -10.7302 1.81606 0
    endloop
  endfacet
  facet normal -0.328492 -0.944507 0
    outer loop
      vertex -10.9978 1.92456 0
      vertex -10.8574 1.87573 0.389999
      vertex -10.9978 1.92456 0.389999
    endloop
  endfacet
  facet normal -0.328492 -0.944507 -0
    outer loop
      vertex -10.8574 1.87573 0.389999
      vertex -10.9978 1.92456 0
      vertex -10.8574 1.87573 0
    endloop
  endfacet
  facet normal -0.239889 -0.9708 0
    outer loop
      vertex -11.1515 1.96254 0
      vertex -10.9978 1.92456 0.389999
      vertex -11.1515 1.96254 0.389999
    endloop
  endfacet
  facet normal -0.239889 -0.9708 -0
    outer loop
      vertex -10.9978 1.92456 0.389999
      vertex -11.1515 1.96254 0
      vertex -10.9978 1.92456 0
    endloop
  endfacet
  facet normal -0.16054 -0.987029 0
    outer loop
      vertex -11.3183 1.98967 0
      vertex -11.1515 1.96254 0.389999
      vertex -11.3183 1.98967 0.389999
    endloop
  endfacet
  facet normal -0.16054 -0.987029 -0
    outer loop
      vertex -11.1515 1.96254 0.389999
      vertex -11.3183 1.98967 0
      vertex -11.1515 1.96254 0
    endloop
  endfacet
  facet normal -0.0900272 -0.995939 0
    outer loop
      vertex -11.4984 2.00595 0
      vertex -11.3183 1.98967 0.389999
      vertex -11.4984 2.00595 0.389999
    endloop
  endfacet
  facet normal -0.0900272 -0.995939 -0
    outer loop
      vertex -11.3183 1.98967 0.389999
      vertex -11.4984 2.00595 0
      vertex -11.3183 1.98967 0
    endloop
  endfacet
  facet normal -0.0280138 -0.999608 0
    outer loop
      vertex -11.6918 2.01137 0
      vertex -11.4984 2.00595 0.389999
      vertex -11.6918 2.01137 0.389999
    endloop
  endfacet
  facet normal -0.0280138 -0.999608 -0
    outer loop
      vertex -11.4984 2.00595 0.389999
      vertex -11.6918 2.01137 0
      vertex -11.4984 2.00595 0
    endloop
  endfacet
  facet normal 0.0225874 -0.999745 0
    outer loop
      vertex -11.8715 2.00731 0
      vertex -11.6918 2.01137 0.389999
      vertex -11.8715 2.00731 0.389999
    endloop
  endfacet
  facet normal 0.0225874 -0.999745 0
    outer loop
      vertex -11.6918 2.01137 0.389999
      vertex -11.8715 2.00731 0
      vertex -11.6918 2.01137 0
    endloop
  endfacet
  facet normal 0.0727891 -0.997347 0
    outer loop
      vertex -12.0388 1.9951 0
      vertex -11.8715 2.00731 0.389999
      vertex -12.0388 1.9951 0.389999
    endloop
  endfacet
  facet normal 0.0727891 -0.997347 0
    outer loop
      vertex -11.8715 2.00731 0.389999
      vertex -12.0388 1.9951 0
      vertex -11.8715 2.00731 0
    endloop
  endfacet
  facet normal 0.130421 -0.991459 0
    outer loop
      vertex -12.1935 1.97475 0
      vertex -12.0388 1.9951 0.389999
      vertex -12.1935 1.97475 0.389999
    endloop
  endfacet
  facet normal 0.130421 -0.991459 0
    outer loop
      vertex -12.0388 1.9951 0.389999
      vertex -12.1935 1.97475 0
      vertex -12.0388 1.9951 0
    endloop
  endfacet
  facet normal 0.196448 -0.980514 0
    outer loop
      vertex -12.3357 1.94626 0
      vertex -12.1935 1.97475 0.389999
      vertex -12.3357 1.94626 0.389999
    endloop
  endfacet
  facet normal 0.196448 -0.980514 0
    outer loop
      vertex -12.1935 1.97475 0.389999
      vertex -12.3357 1.94626 0
      vertex -12.1935 1.97475 0
    endloop
  endfacet
  facet normal 0.271721 -0.962376 0
    outer loop
      vertex -12.4654 1.90964 0
      vertex -12.3357 1.94626 0.389999
      vertex -12.4654 1.90964 0.389999
    endloop
  endfacet
  facet normal 0.271721 -0.962376 0
    outer loop
      vertex -12.3357 1.94626 0.389999
      vertex -12.4654 1.90964 0
      vertex -12.3357 1.94626 0
    endloop
  endfacet
  facet normal 0.356847 -0.934163 0
    outer loop
      vertex -12.5826 1.86487 0
      vertex -12.4654 1.90964 0.389999
      vertex -12.5826 1.86487 0.389999
    endloop
  endfacet
  facet normal 0.356847 -0.934163 0
    outer loop
      vertex -12.4654 1.90964 0.389999
      vertex -12.5826 1.86487 0
      vertex -12.4654 1.90964 0
    endloop
  endfacet
  facet normal 0.450961 -0.892544 0
    outer loop
      vertex -12.6873 1.81197 0
      vertex -12.5826 1.86487 0.389999
      vertex -12.6873 1.81197 0.389999
    endloop
  endfacet
  facet normal 0.450961 -0.892544 0
    outer loop
      vertex -12.5826 1.86487 0.389999
      vertex -12.6873 1.81197 0
      vertex -12.5826 1.86487 0
    endloop
  endfacet
  facet normal 0.554027 -0.832499 0
    outer loop
      vertex -12.7815 1.74928 0
      vertex -12.6873 1.81197 0.389999
      vertex -12.7815 1.74928 0.389999
    endloop
  endfacet
  facet normal 0.554027 -0.832499 0
    outer loop
      vertex -12.6873 1.81197 0.389999
      vertex -12.7815 1.74928 0
      vertex -12.6873 1.81197 0
    endloop
  endfacet
  facet normal 0.653822 -0.756648 0
    outer loop
      vertex -12.8673 1.67514 0
      vertex -12.7815 1.74928 0.389999
      vertex -12.8673 1.67514 0.389999
    endloop
  endfacet
  facet normal 0.653822 -0.756648 0
    outer loop
      vertex -12.7815 1.74928 0.389999
      vertex -12.8673 1.67514 0
      vertex -12.7815 1.74928 0
    endloop
  endfacet
  facet normal 0.741741 -0.670686 0
    outer loop
      vertex -12.9447 1.58954 0.389999
      vertex -12.8673 1.67514 0
      vertex -12.8673 1.67514 0.389999
    endloop
  endfacet
  facet normal 0.741741 -0.670686 0
    outer loop
      vertex -12.8673 1.67514 0
      vertex -12.9447 1.58954 0.389999
      vertex -12.9447 1.58954 0
    endloop
  endfacet
  facet normal 0.815093 -0.57933 0
    outer loop
      vertex -13.0137 1.49246 0.389999
      vertex -12.9447 1.58954 0
      vertex -12.9447 1.58954 0.389999
    endloop
  endfacet
  facet normal 0.815093 -0.57933 0
    outer loop
      vertex -12.9447 1.58954 0
      vertex -13.0137 1.49246 0.389999
      vertex -13.0137 1.49246 0
    endloop
  endfacet
  facet normal 0.873435 -0.486941 0
    outer loop
      vertex -13.0742 1.38394 0.389999
      vertex -13.0137 1.49246 0
      vertex -13.0137 1.49246 0.389999
    endloop
  endfacet
  facet normal 0.873435 -0.486941 0
    outer loop
      vertex -13.0137 1.49246 0
      vertex -13.0742 1.38394 0.389999
      vertex -13.0742 1.38394 0
    endloop
  endfacet
  facet normal 0.916973 -0.39895 0
    outer loop
      vertex -13.1264 1.26396 0.389999
      vertex -13.0742 1.38394 0
      vertex -13.0742 1.38394 0.389999
    endloop
  endfacet
  facet normal 0.916973 -0.39895 0
    outer loop
      vertex -13.0742 1.38394 0
      vertex -13.1264 1.26396 0.389999
      vertex -13.1264 1.26396 0
    endloop
  endfacet
  facet normal 0.948914 -0.315535 0
    outer loop
      vertex -13.1701 1.13254 0.389999
      vertex -13.1264 1.26396 0
      vertex -13.1264 1.26396 0.389999
    endloop
  endfacet
  facet normal 0.948914 -0.315535 0
    outer loop
      vertex -13.1264 1.26396 0
      vertex -13.1701 1.13254 0.389999
      vertex -13.1701 1.13254 0
    endloop
  endfacet
  facet normal 0.172938 0.984933 -0
    outer loop
      vertex -12.6602 1.04301 0
      vertex -13.1701 1.13254 0.389999
      vertex -12.6602 1.04301 0.389999
    endloop
  endfacet
  facet normal 0.172938 0.984933 0
    outer loop
      vertex -13.1701 1.13254 0.389999
      vertex -12.6602 1.04301 0
      vertex -13.1701 1.13254 0
    endloop
  endfacet
  facet normal -0.950704 0.310099 0
    outer loop
      vertex -12.6602 1.04301 0
      vertex -12.633 1.1264 0.389999
      vertex -12.633 1.1264 0
    endloop
  endfacet
  facet normal -0.950704 0.310099 0
    outer loop
      vertex -12.633 1.1264 0.389999
      vertex -12.6602 1.04301 0
      vertex -12.6602 1.04301 0.389999
    endloop
  endfacet
  facet normal -0.91707 0.398726 0
    outer loop
      vertex -12.633 1.1264 0
      vertex -12.5997 1.20299 0.389999
      vertex -12.5997 1.20299 0
    endloop
  endfacet
  facet normal -0.91707 0.398726 0
    outer loop
      vertex -12.5997 1.20299 0.389999
      vertex -12.633 1.1264 0
      vertex -12.633 1.1264 0.389999
    endloop
  endfacet
  facet normal -0.870247 0.492616 0
    outer loop
      vertex -12.5997 1.20299 0
      vertex -12.5602 1.27277 0.389999
      vertex -12.5602 1.27277 0
    endloop
  endfacet
  facet normal -0.870247 0.492616 0
    outer loop
      vertex -12.5602 1.27277 0.389999
      vertex -12.5997 1.20299 0
      vertex -12.5997 1.20299 0.389999
    endloop
  endfacet
  facet normal -0.809325 0.587361 0
    outer loop
      vertex -12.5602 1.27277 0
      vertex -12.5145 1.33574 0.389999
      vertex -12.5145 1.33574 0
    endloop
  endfacet
  facet normal -0.809325 0.587361 0
    outer loop
      vertex -12.5145 1.33574 0.389999
      vertex -12.5602 1.27277 0
      vertex -12.5602 1.27277 0.389999
    endloop
  endfacet
  facet normal -0.7337 0.679473 0
    outer loop
      vertex -12.5145 1.33574 0
      vertex -12.4625 1.39189 0.389999
      vertex -12.4625 1.39189 0
    endloop
  endfacet
  facet normal -0.7337 0.679473 0
    outer loop
      vertex -12.4625 1.39189 0.389999
      vertex -12.5145 1.33574 0
      vertex -12.5145 1.33574 0.389999
    endloop
  endfacet
  facet normal -0.647382 0.762166 0
    outer loop
      vertex -12.4044 1.44124 0
      vertex -12.4625 1.39189 0.389999
      vertex -12.4044 1.44124 0.389999
    endloop
  endfacet
  facet normal -0.647382 0.762166 0
    outer loop
      vertex -12.4625 1.39189 0.389999
      vertex -12.4044 1.44124 0
      vertex -12.4625 1.39189 0
    endloop
  endfacet
  facet normal -0.551763 0.834001 0
    outer loop
      vertex -12.3401 1.48378 0
      vertex -12.4044 1.44124 0.389999
      vertex -12.3401 1.48378 0.389999
    endloop
  endfacet
  facet normal -0.551763 0.834001 0
    outer loop
      vertex -12.4044 1.44124 0.389999
      vertex -12.3401 1.48378 0
      vertex -12.4044 1.44124 0
    endloop
  endfacet
  facet normal -0.454703 0.890643 0
    outer loop
      vertex -12.2689 1.52013 0
      vertex -12.3401 1.48378 0.389999
      vertex -12.2689 1.52013 0.389999
    endloop
  endfacet
  facet normal -0.454703 0.890643 0
    outer loop
      vertex -12.3401 1.48378 0.389999
      vertex -12.2689 1.52013 0
      vertex -12.3401 1.48378 0
    endloop
  endfacet
  facet normal -0.364632 0.931152 0
    outer loop
      vertex -12.1904 1.55087 0
      vertex -12.2689 1.52013 0.389999
      vertex -12.1904 1.55087 0.389999
    endloop
  endfacet
  facet normal -0.364632 0.931152 0
    outer loop
      vertex -12.2689 1.52013 0.389999
      vertex -12.1904 1.55087 0
      vertex -12.2689 1.52013 0
    endloop
  endfacet
  facet normal -0.280788 0.95977 0
    outer loop
      vertex -12.1044 1.57603 0
      vertex -12.1904 1.55087 0.389999
      vertex -12.1044 1.57603 0.389999
    endloop
  endfacet
  facet normal -0.280788 0.95977 0
    outer loop
      vertex -12.1904 1.55087 0.389999
      vertex -12.1044 1.57603 0
      vertex -12.1904 1.55087 0
    endloop
  endfacet
  facet normal -0.205176 0.978725 0
    outer loop
      vertex -12.011 1.59561 0
      vertex -12.1044 1.57603 0.389999
      vertex -12.011 1.59561 0.389999
    endloop
  endfacet
  facet normal -0.205176 0.978725 0
    outer loop
      vertex -12.1044 1.57603 0.389999
      vertex -12.011 1.59561 0
      vertex -12.1044 1.57603 0
    endloop
  endfacet
  facet normal -0.137376 0.990519 0
    outer loop
      vertex -11.9102 1.60959 0
      vertex -12.011 1.59561 0.389999
      vertex -11.9102 1.60959 0.389999
    endloop
  endfacet
  facet normal -0.137376 0.990519 0
    outer loop
      vertex -12.011 1.59561 0.389999
      vertex -11.9102 1.60959 0
      vertex -12.011 1.59561 0
    endloop
  endfacet
  facet normal -0.0773095 0.997007 0
    outer loop
      vertex -11.802 1.61798 0
      vertex -11.9102 1.60959 0.389999
      vertex -11.802 1.61798 0.389999
    endloop
  endfacet
  facet normal -0.0773095 0.997007 0
    outer loop
      vertex -11.9102 1.60959 0.389999
      vertex -11.802 1.61798 0
      vertex -11.9102 1.60959 0
    endloop
  endfacet
  facet normal -0.0241279 0.999709 0
    outer loop
      vertex -11.6864 1.62077 0
      vertex -11.802 1.61798 0.389999
      vertex -11.6864 1.62077 0.389999
    endloop
  endfacet
  facet normal -0.0241279 0.999709 0
    outer loop
      vertex -11.802 1.61798 0.389999
      vertex -11.6864 1.62077 0
      vertex -11.802 1.61798 0
    endloop
  endfacet
  facet normal 0.0244003 0.999702 -0
    outer loop
      vertex -11.5598 1.61768 0
      vertex -11.6864 1.62077 0.389999
      vertex -11.5598 1.61768 0.389999
    endloop
  endfacet
  facet normal 0.0244003 0.999702 0
    outer loop
      vertex -11.6864 1.62077 0.389999
      vertex -11.5598 1.61768 0
      vertex -11.6864 1.62077 0
    endloop
  endfacet
  facet normal 0.0788531 0.996886 -0
    outer loop
      vertex -11.4421 1.60837 0
      vertex -11.5598 1.61768 0.389999
      vertex -11.4421 1.60837 0.389999
    endloop
  endfacet
  facet normal 0.0788531 0.996886 0
    outer loop
      vertex -11.5598 1.61768 0.389999
      vertex -11.4421 1.60837 0
      vertex -11.5598 1.61768 0
    endloop
  endfacet
  facet normal 0.141128 0.989991 -0
    outer loop
      vertex -11.3333 1.59286 0
      vertex -11.4421 1.60837 0.389999
      vertex -11.3333 1.59286 0.389999
    endloop
  endfacet
  facet normal 0.141128 0.989991 0
    outer loop
      vertex -11.4421 1.60837 0.389999
      vertex -11.3333 1.59286 0
      vertex -11.4421 1.60837 0
    endloop
  endfacet
  facet normal 0.211971 0.977276 -0
    outer loop
      vertex -11.2333 1.57117 0
      vertex -11.3333 1.59286 0.389999
      vertex -11.2333 1.57117 0.389999
    endloop
  endfacet
  facet normal 0.211971 0.977276 0
    outer loop
      vertex -11.3333 1.59286 0.389999
      vertex -11.2333 1.57117 0
      vertex -11.3333 1.59286 0
    endloop
  endfacet
  facet normal 0.292928 0.956135 -0
    outer loop
      vertex -11.1422 1.54326 0
      vertex -11.2333 1.57117 0.389999
      vertex -11.1422 1.54326 0.389999
    endloop
  endfacet
  facet normal 0.292928 0.956135 0
    outer loop
      vertex -11.2333 1.57117 0.389999
      vertex -11.1422 1.54326 0
      vertex -11.2333 1.57117 0
    endloop
  endfacet
  facet normal 0.382781 0.923839 -0
    outer loop
      vertex -11.0599 1.50916 0
      vertex -11.1422 1.54326 0.389999
      vertex -11.0599 1.50916 0.389999
    endloop
  endfacet
  facet normal 0.382781 0.923839 0
    outer loop
      vertex -11.1422 1.54326 0.389999
      vertex -11.0599 1.50916 0
      vertex -11.1422 1.54326 0
    endloop
  endfacet
  facet normal 0.481277 0.876569 -0
    outer loop
      vertex -10.9865 1.46886 0
      vertex -11.0599 1.50916 0.389999
      vertex -10.9865 1.46886 0.389999
    endloop
  endfacet
  facet normal 0.481277 0.876569 0
    outer loop
      vertex -11.0599 1.50916 0.389999
      vertex -10.9865 1.46886 0
      vertex -11.0599 1.50916 0
    endloop
  endfacet
  facet normal 0.587382 0.80931 -0
    outer loop
      vertex -10.9225 1.42241 0
      vertex -10.9865 1.46886 0.389999
      vertex -10.9225 1.42241 0.389999
    endloop
  endfacet
  facet normal 0.587382 0.80931 0
    outer loop
      vertex -10.9865 1.46886 0.389999
      vertex -10.9225 1.42241 0
      vertex -10.9865 1.46886 0
    endloop
  endfacet
  facet normal 0.695889 0.718149 -0
    outer loop
      vertex -10.8683 1.36989 0
      vertex -10.9225 1.42241 0.389999
      vertex -10.8683 1.36989 0.389999
    endloop
  endfacet
  facet normal 0.695889 0.718149 0
    outer loop
      vertex -10.9225 1.42241 0.389999
      vertex -10.8683 1.36989 0
      vertex -10.9225 1.42241 0
    endloop
  endfacet
  facet normal 0.797201 0.603714 0
    outer loop
      vertex -10.8239 1.31126 0.389999
      vertex -10.8683 1.36989 0
      vertex -10.8683 1.36989 0.389999
    endloop
  endfacet
  facet normal 0.797201 0.603714 0
    outer loop
      vertex -10.8683 1.36989 0
      vertex -10.8239 1.31126 0.389999
      vertex -10.8239 1.31126 0
    endloop
  endfacet
  facet normal 0.882421 0.470461 0
    outer loop
      vertex -10.7894 1.24655 0.389999
      vertex -10.8239 1.31126 0
      vertex -10.8239 1.31126 0.389999
    endloop
  endfacet
  facet normal 0.882421 0.470461 0
    outer loop
      vertex -10.8239 1.31126 0
      vertex -10.7894 1.24655 0.389999
      vertex -10.7894 1.24655 0
    endloop
  endfacet
  facet normal 0.944576 0.328293 0
    outer loop
      vertex -10.7648 1.17577 0.389999
      vertex -10.7894 1.24655 0
      vertex -10.7894 1.24655 0.389999
    endloop
  endfacet
  facet normal 0.944576 0.328293 0
    outer loop
      vertex -10.7894 1.24655 0
      vertex -10.7648 1.17577 0.389999
      vertex -10.7648 1.17577 0
    endloop
  endfacet
  facet normal 0.981975 0.189013 0
    outer loop
      vertex -10.75 1.09888 0.389999
      vertex -10.7648 1.17577 0
      vertex -10.7648 1.17577 0.389999
    endloop
  endfacet
  facet normal 0.981975 0.189013 0
    outer loop
      vertex -10.7648 1.17577 0
      vertex -10.75 1.09888 0.389999
      vertex -10.75 1.09888 0
    endloop
  endfacet
  facet normal 0.998261 0.0589477 0
    outer loop
      vertex -10.7451 1.0159 0.389999
      vertex -10.75 1.09888 0
      vertex -10.75 1.09888 0.389999
    endloop
  endfacet
  facet normal 0.998261 0.0589477 0
    outer loop
      vertex -10.75 1.09888 0
      vertex -10.7451 1.0159 0.389999
      vertex -10.7451 1.0159 0
    endloop
  endfacet
  facet normal 0.999253 -0.0386409 0
    outer loop
      vertex -10.747 0.966766 0.389999
      vertex -10.7451 1.0159 0
      vertex -10.7451 1.0159 0.389999
    endloop
  endfacet
  facet normal 0.999253 -0.0386409 0
    outer loop
      vertex -10.7451 1.0159 0
      vertex -10.747 0.966766 0.389999
      vertex -10.747 0.966766 0
    endloop
  endfacet
  facet normal 0.992617 -0.121295 0
    outer loop
      vertex -10.7527 0.92012 0.389999
      vertex -10.747 0.966766 0
      vertex -10.747 0.966766 0.389999
    endloop
  endfacet
  facet normal 0.992617 -0.121295 0
    outer loop
      vertex -10.747 0.966766 0
      vertex -10.7527 0.92012 0.389999
      vertex -10.7527 0.92012 0
    endloop
  endfacet
  facet normal 0.977159 -0.212508 0
    outer loop
      vertex -10.7623 0.875977 0.389999
      vertex -10.7527 0.92012 0
      vertex -10.7527 0.92012 0.389999
    endloop
  endfacet
  facet normal 0.977159 -0.212508 0
    outer loop
      vertex -10.7527 0.92012 0
      vertex -10.7623 0.875977 0.389999
      vertex -10.7623 0.875977 0
    endloop
  endfacet
  facet normal 0.95196 -0.306221 0
    outer loop
      vertex -10.7757 0.83432 0.389999
      vertex -10.7623 0.875977 0
      vertex -10.7623 0.875977 0.389999
    endloop
  endfacet
  facet normal 0.95196 -0.306221 0
    outer loop
      vertex -10.7623 0.875977 0
      vertex -10.7757 0.83432 0.389999
      vertex -10.7757 0.83432 0
    endloop
  endfacet
  facet normal 0.91647 -0.400103 0
    outer loop
      vertex -10.7928 0.795151 0.389999
      vertex -10.7757 0.83432 0
      vertex -10.7757 0.83432 0.389999
    endloop
  endfacet
  facet normal 0.91647 -0.400103 0
    outer loop
      vertex -10.7757 0.83432 0
      vertex -10.7928 0.795151 0.389999
      vertex -10.7928 0.795151 0
    endloop
  endfacet
  facet normal 0.867847 -0.496832 0
    outer loop
      vertex -10.8138 0.758469 0.389999
      vertex -10.7928 0.795151 0
      vertex -10.7928 0.795151 0.389999
    endloop
  endfacet
  facet normal 0.867847 -0.496832 0
    outer loop
      vertex -10.7928 0.795151 0
      vertex -10.8138 0.758469 0.389999
      vertex -10.8138 0.758469 0
    endloop
  endfacet
  facet normal 0.808265 -0.588818 0
    outer loop
      vertex -10.8387 0.724289 0.389999
      vertex -10.8138 0.758469 0
      vertex -10.8138 0.758469 0.389999
    endloop
  endfacet
  facet normal 0.808265 -0.588818 0
    outer loop
      vertex -10.8138 0.758469 0
      vertex -10.8387 0.724289 0.389999
      vertex -10.8387 0.724289 0
    endloop
  endfacet
  facet normal 0.750086 -0.66134 0
    outer loop
      vertex -10.8671 0.692078 0.389999
      vertex -10.8387 0.724289 0
      vertex -10.8387 0.724289 0.389999
    endloop
  endfacet
  facet normal 0.750086 -0.66134 0
    outer loop
      vertex -10.8387 0.724289 0
      vertex -10.8671 0.692078 0.389999
      vertex -10.8671 0.692078 0
    endloop
  endfacet
  facet normal 0.695454 -0.71857 0
    outer loop
      vertex -10.8989 0.661301 0
      vertex -10.8671 0.692078 0.389999
      vertex -10.8989 0.661301 0.389999
    endloop
  endfacet
  facet normal 0.695454 -0.71857 0
    outer loop
      vertex -10.8671 0.692078 0.389999
      vertex -10.8989 0.661301 0
      vertex -10.8671 0.692078 0
    endloop
  endfacet
  facet normal 0.640309 -0.768118 0
    outer loop
      vertex -10.9341 0.631958 0
      vertex -10.8989 0.661301 0.389999
      vertex -10.9341 0.631958 0.389999
    endloop
  endfacet
  facet normal 0.640309 -0.768118 0
    outer loop
      vertex -10.8989 0.661301 0.389999
      vertex -10.9341 0.631958 0
      vertex -10.8989 0.661301 0
    endloop
  endfacet
  facet normal 0.585907 -0.810378 0
    outer loop
      vertex -10.9727 0.60405 0
      vertex -10.9341 0.631958 0.389999
      vertex -10.9727 0.60405 0.389999
    endloop
  endfacet
  facet normal 0.585907 -0.810378 0
    outer loop
      vertex -10.9341 0.631958 0.389999
      vertex -10.9727 0.60405 0
      vertex -10.9341 0.631958 0
    endloop
  endfacet
  facet normal 0.533933 -0.845527 0
    outer loop
      vertex -11.0146 0.577591 0
      vertex -10.9727 0.60405 0.389999
      vertex -11.0146 0.577591 0.389999
    endloop
  endfacet
  facet normal 0.533933 -0.845527 0
    outer loop
      vertex -10.9727 0.60405 0.389999
      vertex -11.0146 0.577591 0
      vertex -10.9727 0.60405 0
    endloop
  endfacet
  facet normal 0.483535 -0.875325 0
    outer loop
      vertex -11.0599 0.552567 0
      vertex -11.0146 0.577591 0.389999
      vertex -11.0599 0.552567 0.389999
    endloop
  endfacet
  facet normal 0.483535 -0.875325 0
    outer loop
      vertex -11.0146 0.577591 0.389999
      vertex -11.0599 0.552567 0
      vertex -11.0146 0.577591 0
    endloop
  endfacet
  facet normal 0.435957 -0.899967 0
    outer loop
      vertex -11.1086 0.528976 0
      vertex -11.0599 0.552567 0.389999
      vertex -11.1086 0.528976 0.389999
    endloop
  endfacet
  facet normal 0.435957 -0.899967 0
    outer loop
      vertex -11.0599 0.552567 0.389999
      vertex -11.1086 0.528976 0
      vertex -11.0599 0.552567 0
    endloop
  endfacet
  facet normal 0.379766 -0.925082 0
    outer loop
      vertex -11.1661 0.505371 0
      vertex -11.1086 0.528976 0.389999
      vertex -11.1661 0.505371 0.389999
    endloop
  endfacet
  facet normal 0.379766 -0.925082 0
    outer loop
      vertex -11.1086 0.528976 0.389999
      vertex -11.1661 0.505371 0
      vertex -11.1086 0.528976 0
    endloop
  endfacet
  facet normal 0.330011 -0.943977 0
    outer loop
      vertex -11.2379 0.48027 0
      vertex -11.1661 0.505371 0.389999
      vertex -11.2379 0.48027 0.389999
    endloop
  endfacet
  facet normal 0.330011 -0.943977 0
    outer loop
      vertex -11.1661 0.505371 0.389999
      vertex -11.2379 0.48027 0
      vertex -11.1661 0.505371 0
    endloop
  endfacet
  facet normal 0.295137 -0.955455 0
    outer loop
      vertex -11.324 0.453674 0
      vertex -11.2379 0.48027 0.389999
      vertex -11.324 0.453674 0.389999
    endloop
  endfacet
  facet normal 0.295137 -0.955455 0
    outer loop
      vertex -11.2379 0.48027 0.389999
      vertex -11.324 0.453674 0
      vertex -11.2379 0.48027 0
    endloop
  endfacet
  facet normal 0.269443 -0.963016 0
    outer loop
      vertex -11.4244 0.425583 0
      vertex -11.324 0.453674 0.389999
      vertex -11.4244 0.425583 0.389999
    endloop
  endfacet
  facet normal 0.269443 -0.963016 0
    outer loop
      vertex -11.324 0.453674 0.389999
      vertex -11.4244 0.425583 0
      vertex -11.324 0.453674 0
    endloop
  endfacet
  facet normal 0.249979 -0.968251 0
    outer loop
      vertex -11.539 0.395996 0
      vertex -11.4244 0.425583 0.389999
      vertex -11.539 0.395996 0.389999
    endloop
  endfacet
  facet normal 0.249979 -0.968251 0
    outer loop
      vertex -11.4244 0.425583 0.389999
      vertex -11.539 0.395996 0
      vertex -11.4244 0.425583 0
    endloop
  endfacet
  facet normal 0.234414 -0.972137 0
    outer loop
      vertex -11.6679 0.364914 0
      vertex -11.539 0.395996 0.389999
      vertex -11.6679 0.364914 0.389999
    endloop
  endfacet
  facet normal 0.234414 -0.972137 0
    outer loop
      vertex -11.539 0.395996 0.389999
      vertex -11.6679 0.364914 0
      vertex -11.539 0.395996 0
    endloop
  endfacet
  facet normal 0.221832 -0.975085 0
    outer loop
      vertex -11.8111 0.332336 0
      vertex -11.6679 0.364914 0.389999
      vertex -11.8111 0.332336 0.389999
    endloop
  endfacet
  facet normal 0.221832 -0.975085 0
    outer loop
      vertex -11.6679 0.364914 0.389999
      vertex -11.8111 0.332336 0
      vertex -11.6679 0.364914 0
    endloop
  endfacet
  facet normal 0.225341 -0.97428 0
    outer loop
      vertex -11.8615 0.320679 0
      vertex -11.8111 0.332336 0.389999
      vertex -11.8615 0.320679 0.389999
    endloop
  endfacet
  facet normal 0.225341 -0.97428 0
    outer loop
      vertex -11.8111 0.332336 0.389999
      vertex -11.8615 0.320679 0
      vertex -11.8111 0.332336 0
    endloop
  endfacet
  facet normal 0.22663 -0.973981 0
    outer loop
      vertex -11.9118 0.308975 0
      vertex -11.8615 0.320679 0.389999
      vertex -11.9118 0.308975 0.389999
    endloop
  endfacet
  facet normal 0.22663 -0.973981 0
    outer loop
      vertex -11.8615 0.320679 0.389999
      vertex -11.9118 0.308975 0
      vertex -11.8615 0.320679 0
    endloop
  endfacet
  facet normal 0.228161 -0.973623 0
    outer loop
      vertex -11.962 0.297211 0
      vertex -11.9118 0.308975 0.389999
      vertex -11.962 0.297211 0.389999
    endloop
  endfacet
  facet normal 0.228161 -0.973623 0
    outer loop
      vertex -11.9118 0.308975 0.389999
      vertex -11.962 0.297211 0
      vertex -11.9118 0.308975 0
    endloop
  endfacet
  facet normal 0.229025 -0.97342 0
    outer loop
      vertex -12.0122 0.2854 0
      vertex -11.962 0.297211 0.389999
      vertex -12.0122 0.2854 0.389999
    endloop
  endfacet
  facet normal 0.229025 -0.97342 0
    outer loop
      vertex -11.962 0.297211 0.389999
      vertex -12.0122 0.2854 0
      vertex -11.962 0.297211 0
    endloop
  endfacet
  facet normal 0.230562 -0.973058 0
    outer loop
      vertex -12.0623 0.273529 0
      vertex -12.0122 0.2854 0.389999
      vertex -12.0623 0.273529 0.389999
    endloop
  endfacet
  facet normal 0.230562 -0.973058 0
    outer loop
      vertex -12.0122 0.2854 0.389999
      vertex -12.0623 0.273529 0
      vertex -12.0122 0.2854 0
    endloop
  endfacet
  facet normal 0.231684 -0.972791 0
    outer loop
      vertex -12.1124 0.261597 0
      vertex -12.0623 0.273529 0.389999
      vertex -12.1124 0.261597 0.389999
    endloop
  endfacet
  facet normal 0.231684 -0.972791 0
    outer loop
      vertex -12.0623 0.273529 0.389999
      vertex -12.1124 0.261597 0
      vertex -12.0623 0.273529 0
    endloop
  endfacet
  facet normal 0.232968 -0.972484 0
    outer loop
      vertex -12.1624 0.249619 0
      vertex -12.1124 0.261597 0.389999
      vertex -12.1624 0.249619 0.389999
    endloop
  endfacet
  facet normal 0.232968 -0.972484 0
    outer loop
      vertex -12.1124 0.261597 0.389999
      vertex -12.1624 0.249619 0
      vertex -12.1124 0.261597 0
    endloop
  endfacet
  facet normal 0.241065 -0.970509 0
    outer loop
      vertex -12.2121 0.237274 0
      vertex -12.1624 0.249619 0.389999
      vertex -12.2121 0.237274 0.389999
    endloop
  endfacet
  facet normal 0.241065 -0.970509 0
    outer loop
      vertex -12.1624 0.249619 0.389999
      vertex -12.2121 0.237274 0
      vertex -12.1624 0.249619 0
    endloop
  endfacet
  facet normal 0.256241 -0.966613 0
    outer loop
      vertex -12.2612 0.224258 0
      vertex -12.2121 0.237274 0.389999
      vertex -12.2612 0.224258 0.389999
    endloop
  endfacet
  facet normal 0.256241 -0.966613 0
    outer loop
      vertex -12.2121 0.237274 0.389999
      vertex -12.2612 0.224258 0
      vertex -12.2121 0.237274 0
    endloop
  endfacet
  facet normal 0.271823 -0.962347 0
    outer loop
      vertex -12.3096 0.210587 0
      vertex -12.2612 0.224258 0.389999
      vertex -12.3096 0.210587 0.389999
    endloop
  endfacet
  facet normal 0.271823 -0.962347 0
    outer loop
      vertex -12.2612 0.224258 0.389999
      vertex -12.3096 0.210587 0
      vertex -12.2612 0.224258 0
    endloop
  endfacet
  facet normal 0.286871 -0.957969 0
    outer loop
      vertex -12.3575 0.196243 0
      vertex -12.3096 0.210587 0.389999
      vertex -12.3575 0.196243 0.389999
    endloop
  endfacet
  facet normal 0.286871 -0.957969 0
    outer loop
      vertex -12.3096 0.210587 0.389999
      vertex -12.3575 0.196243 0
      vertex -12.3096 0.210587 0
    endloop
  endfacet
  facet normal 0.302852 -0.953038 0
    outer loop
      vertex -12.4047 0.181244 0
      vertex -12.3575 0.196243 0.389999
      vertex -12.4047 0.181244 0.389999
    endloop
  endfacet
  facet normal 0.302852 -0.953038 0
    outer loop
      vertex -12.3575 0.196243 0.389999
      vertex -12.4047 0.181244 0
      vertex -12.3575 0.196243 0
    endloop
  endfacet
  facet normal 0.31786 -0.948138 0
    outer loop
      vertex -12.4514 0.165588 0
      vertex -12.4047 0.181244 0.389999
      vertex -12.4514 0.165588 0.389999
    endloop
  endfacet
  facet normal 0.31786 -0.948138 0
    outer loop
      vertex -12.4047 0.181244 0.389999
      vertex -12.4514 0.165588 0
      vertex -12.4047 0.181244 0
    endloop
  endfacet
  facet normal 0.334763 -0.942302 0
    outer loop
      vertex -12.4974 0.149246 0
      vertex -12.4514 0.165588 0.389999
      vertex -12.4974 0.149246 0.389999
    endloop
  endfacet
  facet normal 0.334763 -0.942302 0
    outer loop
      vertex -12.4514 0.165588 0.389999
      vertex -12.4974 0.149246 0
      vertex -12.4514 0.165588 0
    endloop
  endfacet
  facet normal 0.352689 -0.93574 0
    outer loop
      vertex -12.5427 0.132172 0
      vertex -12.4974 0.149246 0.389999
      vertex -12.5427 0.132172 0.389999
    endloop
  endfacet
  facet normal 0.352689 -0.93574 0
    outer loop
      vertex -12.4974 0.149246 0.389999
      vertex -12.5427 0.132172 0
      vertex -12.4974 0.149246 0
    endloop
  endfacet
  facet normal 0.373438 -0.927655 0
    outer loop
      vertex -12.5872 0.114258 0
      vertex -12.5427 0.132172 0.389999
      vertex -12.5872 0.114258 0.389999
    endloop
  endfacet
  facet normal 0.373438 -0.927655 0
    outer loop
      vertex -12.5427 0.132172 0.389999
      vertex -12.5872 0.114258 0
      vertex -12.5427 0.132172 0
    endloop
  endfacet
  facet normal 0.39485 -0.918746 0
    outer loop
      vertex -12.6308 0.09552 0
      vertex -12.5872 0.114258 0.389999
      vertex -12.6308 0.09552 0.389999
    endloop
  endfacet
  facet normal 0.39485 -0.918746 0
    outer loop
      vertex -12.5872 0.114258 0.389999
      vertex -12.6308 0.09552 0
      vertex -12.5872 0.114258 0
    endloop
  endfacet
  facet normal 0.415689 -0.909507 0
    outer loop
      vertex -12.6736 0.0759583 0
      vertex -12.6308 0.09552 0.389999
      vertex -12.6736 0.0759583 0.389999
    endloop
  endfacet
  facet normal 0.415689 -0.909507 0
    outer loop
      vertex -12.6308 0.09552 0.389999
      vertex -12.6736 0.0759583 0
      vertex -12.6308 0.09552 0
    endloop
  endfacet
  facet normal 0.436921 -0.8995 0
    outer loop
      vertex -12.7156 0.0555573 0
      vertex -12.6736 0.0759583 0.389999
      vertex -12.7156 0.0555573 0.389999
    endloop
  endfacet
  facet normal 0.436921 -0.8995 0
    outer loop
      vertex -12.6736 0.0759583 0.389999
      vertex -12.7156 0.0555573 0
      vertex -12.6736 0.0759583 0
    endloop
  endfacet
  facet normal 0.45823 -0.888833 0
    outer loop
      vertex -12.7568 0.034317 0
      vertex -12.7156 0.0555573 0.389999
      vertex -12.7568 0.034317 0.389999
    endloop
  endfacet
  facet normal 0.45823 -0.888833 0
    outer loop
      vertex -12.7156 0.0555573 0.389999
      vertex -12.7568 0.034317 0
      vertex -12.7156 0.0555573 0
    endloop
  endfacet
  facet normal 0.480233 -0.877141 0
    outer loop
      vertex -12.7971 0.0122528 0
      vertex -12.7568 0.034317 0.389999
      vertex -12.7971 0.0122528 0.389999
    endloop
  endfacet
  facet normal 0.480233 -0.877141 0
    outer loop
      vertex -12.7568 0.034317 0.389999
      vertex -12.7971 0.0122528 0
      vertex -12.7568 0.034317 0
    endloop
  endfacet
  facet normal 0.508965 -0.860787 0
    outer loop
      vertex -12.8363 -0.0109253 0
      vertex -12.7971 0.0122528 0.389999
      vertex -12.8363 -0.0109253 0.389999
    endloop
  endfacet
  facet normal 0.508965 -0.860787 0
    outer loop
      vertex -12.7971 0.0122528 0.389999
      vertex -12.8363 -0.0109253 0
      vertex -12.7971 0.0122528 0
    endloop
  endfacet
  facet normal 0.546902 -0.837196 0
    outer loop
      vertex -12.874 -0.035553 0
      vertex -12.8363 -0.0109253 0.389999
      vertex -12.874 -0.035553 0.389999
    endloop
  endfacet
  facet normal 0.546902 -0.837196 0
    outer loop
      vertex -12.8363 -0.0109253 0.389999
      vertex -12.874 -0.035553 0
      vertex -12.8363 -0.0109253 0
    endloop
  endfacet
  facet normal 0.585564 -0.810626 0
    outer loop
      vertex -12.9101 -0.0616302 0
      vertex -12.874 -0.035553 0.389999
      vertex -12.9101 -0.0616302 0.389999
    endloop
  endfacet
  facet normal 0.585564 -0.810626 0
    outer loop
      vertex -12.874 -0.035553 0.389999
      vertex -12.9101 -0.0616302 0
      vertex -12.874 -0.035553 0
    endloop
  endfacet
  facet normal 0.621269 -0.783598 0
    outer loop
      vertex -12.9448 -0.0891418 0
      vertex -12.9101 -0.0616302 0.389999
      vertex -12.9448 -0.0891418 0.389999
    endloop
  endfacet
  facet normal 0.621269 -0.783598 0
    outer loop
      vertex -12.9101 -0.0616302 0.389999
      vertex -12.9448 -0.0891418 0
      vertex -12.9101 -0.0616302 0
    endloop
  endfacet
  facet normal 0.657362 -0.753575 0
    outer loop
      vertex -12.978 -0.118103 0
      vertex -12.9448 -0.0891418 0.389999
      vertex -12.978 -0.118103 0.389999
    endloop
  endfacet
  facet normal 0.657362 -0.753575 0
    outer loop
      vertex -12.9448 -0.0891418 0.389999
      vertex -12.978 -0.118103 0
      vertex -12.9448 -0.0891418 0
    endloop
  endfacet
  facet normal 0.692105 -0.721797 0
    outer loop
      vertex -13.0097 -0.148499 0
      vertex -12.978 -0.118103 0.389999
      vertex -13.0097 -0.148499 0.389999
    endloop
  endfacet
  facet normal 0.692105 -0.721797 0
    outer loop
      vertex -12.978 -0.118103 0.389999
      vertex -13.0097 -0.148499 0
      vertex -12.978 -0.118103 0
    endloop
  endfacet
  facet normal 0.725427 -0.688299 0
    outer loop
      vertex -13.0399 -0.180328 0.389999
      vertex -13.0097 -0.148499 0
      vertex -13.0097 -0.148499 0.389999
    endloop
  endfacet
  facet normal 0.725427 -0.688299 0
    outer loop
      vertex -13.0097 -0.148499 0
      vertex -13.0399 -0.180328 0.389999
      vertex -13.0399 -0.180328 0
    endloop
  endfacet
  facet normal 0.759452 -0.650563 0
    outer loop
      vertex -13.0685 -0.213715 0.389999
      vertex -13.0399 -0.180328 0
      vertex -13.0399 -0.180328 0.389999
    endloop
  endfacet
  facet normal 0.759452 -0.650563 0
    outer loop
      vertex -13.0399 -0.180328 0
      vertex -13.0685 -0.213715 0.389999
      vertex -13.0685 -0.213715 0
    endloop
  endfacet
  facet normal 0.79535 -0.60615 0
    outer loop
      vertex -13.0952 -0.248749 0.389999
      vertex -13.0685 -0.213715 0
      vertex -13.0685 -0.213715 0.389999
    endloop
  endfacet
  facet normal 0.79535 -0.60615 0
    outer loop
      vertex -13.0685 -0.213715 0
      vertex -13.0952 -0.248749 0.389999
      vertex -13.0952 -0.248749 0
    endloop
  endfacet
  facet normal 0.828539 -0.559931 0
    outer loop
      vertex -13.12 -0.285446 0.389999
      vertex -13.0952 -0.248749 0
      vertex -13.0952 -0.248749 0.389999
    endloop
  endfacet
  facet normal 0.828539 -0.559931 0
    outer loop
      vertex -13.0952 -0.248749 0
      vertex -13.12 -0.285446 0.389999
      vertex -13.12 -0.285446 0
    endloop
  endfacet
  facet normal 0.85667 -0.515865 0
    outer loop
      vertex -13.1431 -0.323807 0.389999
      vertex -13.12 -0.285446 0
      vertex -13.12 -0.285446 0.389999
    endloop
  endfacet
  facet normal 0.85667 -0.515865 0
    outer loop
      vertex -13.12 -0.285446 0
      vertex -13.1431 -0.323807 0.389999
      vertex -13.1431 -0.323807 0
    endloop
  endfacet
  facet normal 0.883689 -0.468074 0
    outer loop
      vertex -13.1643 -0.363831 0.389999
      vertex -13.1431 -0.323807 0
      vertex -13.1431 -0.323807 0.389999
    endloop
  endfacet
  facet normal 0.883689 -0.468074 0
    outer loop
      vertex -13.1431 -0.323807 0
      vertex -13.1643 -0.363831 0.389999
      vertex -13.1643 -0.363831 0
    endloop
  endfacet
  facet normal 0.906632 -0.421922 0
    outer loop
      vertex -13.1837 -0.405518 0.389999
      vertex -13.1643 -0.363831 0
      vertex -13.1643 -0.363831 0.389999
    endloop
  endfacet
  facet normal 0.906632 -0.421922 0
    outer loop
      vertex -13.1643 -0.363831 0
      vertex -13.1837 -0.405518 0.389999
      vertex -13.1837 -0.405518 0
    endloop
  endfacet
  facet normal 0.926503 -0.376288 0
    outer loop
      vertex -13.2013 -0.448853 0.389999
      vertex -13.1837 -0.405518 0
      vertex -13.1837 -0.405518 0.389999
    endloop
  endfacet
  facet normal 0.926503 -0.376288 0
    outer loop
      vertex -13.1837 -0.405518 0
      vertex -13.2013 -0.448853 0.389999
      vertex -13.2013 -0.448853 0
    endloop
  endfacet
  facet normal 0.946086 -0.323916 0
    outer loop
      vertex -13.2168 -0.494125 0.389999
      vertex -13.2013 -0.448853 0
      vertex -13.2013 -0.448853 0.389999
    endloop
  endfacet
  facet normal 0.946086 -0.323916 0
    outer loop
      vertex -13.2013 -0.448853 0
      vertex -13.2168 -0.494125 0.389999
      vertex -13.2168 -0.494125 0
    endloop
  endfacet
  facet normal 0.964012 -0.265859 0
    outer loop
      vertex -13.2299 -0.541626 0.389999
      vertex -13.2168 -0.494125 0
      vertex -13.2168 -0.494125 0.389999
    endloop
  endfacet
  facet normal 0.964012 -0.265859 0
    outer loop
      vertex -13.2168 -0.494125 0
      vertex -13.2299 -0.541626 0.389999
      vertex -13.2299 -0.541626 0
    endloop
  endfacet
  facet normal 0.977612 -0.210417 0
    outer loop
      vertex -13.2406 -0.591339 0.389999
      vertex -13.2299 -0.541626 0
      vertex -13.2299 -0.541626 0.389999
    endloop
  endfacet
  facet normal 0.977612 -0.210417 0
    outer loop
      vertex -13.2299 -0.541626 0
      vertex -13.2406 -0.591339 0.389999
      vertex -13.2406 -0.591339 0
    endloop
  endfacet
  facet normal 0.987465 -0.157839 0
    outer loop
      vertex -13.2489 -0.643265 0.389999
      vertex -13.2406 -0.591339 0
      vertex -13.2406 -0.591339 0.389999
    endloop
  endfacet
  facet normal 0.987465 -0.157839 0
    outer loop
      vertex -13.2406 -0.591339 0
      vertex -13.2489 -0.643265 0.389999
      vertex -13.2489 -0.643265 0
    endloop
  endfacet
  facet normal 0.993915 -0.110153 0
    outer loop
      vertex -13.2549 -0.697403 0.389999
      vertex -13.2489 -0.643265 0
      vertex -13.2489 -0.643265 0.389999
    endloop
  endfacet
  facet normal 0.993915 -0.110153 0
    outer loop
      vertex -13.2489 -0.643265 0
      vertex -13.2549 -0.697403 0.389999
      vertex -13.2549 -0.697403 0
    endloop
  endfacet
  facet normal 0.998077 -0.0619912 0
    outer loop
      vertex -13.2584 -0.753754 0.389999
      vertex -13.2549 -0.697403 0
      vertex -13.2549 -0.697403 0.389999
    endloop
  endfacet
  facet normal 0.998077 -0.0619912 0
    outer loop
      vertex -13.2549 -0.697403 0
      vertex -13.2584 -0.753754 0.389999
      vertex -13.2584 -0.753754 0
    endloop
  endfacet
  facet normal 0.99979 -0.0204812 0
    outer loop
      vertex -13.2596 -0.812332 0.389999
      vertex -13.2584 -0.753754 0
      vertex -13.2584 -0.753754 0.389999
    endloop
  endfacet
  facet normal 0.99979 -0.0204812 0
    outer loop
      vertex -13.2584 -0.753754 0
      vertex -13.2596 -0.812332 0.389999
      vertex -13.2596 -0.812332 0
    endloop
  endfacet
  facet normal 0.998355 0.057339 0
    outer loop
      vertex -13.2512 -0.958588 0.389999
      vertex -13.2596 -0.812332 0
      vertex -13.2596 -0.812332 0.389999
    endloop
  endfacet
  facet normal 0.998355 0.057339 0
    outer loop
      vertex -13.2596 -0.812332 0
      vertex -13.2512 -0.958588 0.389999
      vertex -13.2512 -0.958588 0
    endloop
  endfacet
  facet normal 0.983254 0.182241 0
    outer loop
      vertex -13.2259 -1.09509 0.389999
      vertex -13.2512 -0.958588 0
      vertex -13.2512 -0.958588 0.389999
    endloop
  endfacet
  facet normal 0.983254 0.182241 0
    outer loop
      vertex -13.2512 -0.958588 0
      vertex -13.2259 -1.09509 0.389999
      vertex -13.2259 -1.09509 0
    endloop
  endfacet
  facet normal 0.948578 0.316542 0
    outer loop
      vertex -13.1836 -1.22185 0.389999
      vertex -13.2259 -1.09509 0
      vertex -13.2259 -1.09509 0.389999
    endloop
  endfacet
  facet normal 0.948578 0.316542 0
    outer loop
      vertex -13.2259 -1.09509 0
      vertex -13.1836 -1.22185 0.389999
      vertex -13.1836 -1.22185 0
    endloop
  endfacet
  facet normal 0.892635 0.45078 0
    outer loop
      vertex -13.1245 -1.33888 0.389999
      vertex -13.1836 -1.22185 0
      vertex -13.1836 -1.22185 0.389999
    endloop
  endfacet
  facet normal 0.892635 0.45078 0
    outer loop
      vertex -13.1836 -1.22185 0
      vertex -13.1245 -1.33888 0.389999
      vertex -13.1245 -1.33888 0
    endloop
  endfacet
  facet normal 0.816322 0.577597 0
    outer loop
      vertex -13.0486 -1.44615 0.389999
      vertex -13.1245 -1.33888 0
      vertex -13.1245 -1.33888 0.389999
    endloop
  endfacet
  facet normal 0.816322 0.577597 0
    outer loop
      vertex -13.1245 -1.33888 0
      vertex -13.0486 -1.44615 0.389999
      vertex -13.0486 -1.44615 0
    endloop
  endfacet
  facet normal 0.724156 0.689637 0
    outer loop
      vertex -12.9557 -1.5437 0.389999
      vertex -13.0486 -1.44615 0
      vertex -13.0486 -1.44615 0.389999
    endloop
  endfacet
  facet normal 0.724156 0.689637 0
    outer loop
      vertex -13.0486 -1.44615 0
      vertex -12.9557 -1.5437 0.389999
      vertex -12.9557 -1.5437 0
    endloop
  endfacet
  facet normal 0.624435 0.781077 -0
    outer loop
      vertex -12.8459 -1.63148 0
      vertex -12.9557 -1.5437 0.389999
      vertex -12.8459 -1.63148 0.389999
    endloop
  endfacet
  facet normal 0.624435 0.781077 0
    outer loop
      vertex -12.9557 -1.5437 0.389999
      vertex -12.8459 -1.63148 0
      vertex -12.9557 -1.5437 0
    endloop
  endfacet
  facet normal 0.524576 0.851364 -0
    outer loop
      vertex -12.7209 -1.7085 0
      vertex -12.8459 -1.63148 0.389999
      vertex -12.7209 -1.7085 0.389999
    endloop
  endfacet
  facet normal 0.524576 0.851364 0
    outer loop
      vertex -12.8459 -1.63148 0.389999
      vertex -12.7209 -1.7085 0
      vertex -12.8459 -1.63148 0
    endloop
  endfacet
  facet normal 0.424651 0.905357 -0
    outer loop
      vertex -12.582 -1.77365 0
      vertex -12.7209 -1.7085 0.389999
      vertex -12.582 -1.77365 0.389999
    endloop
  endfacet
  facet normal 0.424651 0.905357 0
    outer loop
      vertex -12.7209 -1.7085 0.389999
      vertex -12.582 -1.77365 0
      vertex -12.7209 -1.7085 0
    endloop
  endfacet
  facet normal 0.329854 0.944032 -0
    outer loop
      vertex -12.4294 -1.82697 0
      vertex -12.582 -1.77365 0.389999
      vertex -12.4294 -1.82697 0.389999
    endloop
  endfacet
  facet normal 0.329854 0.944032 0
    outer loop
      vertex -12.582 -1.77365 0.389999
      vertex -12.4294 -1.82697 0
      vertex -12.582 -1.77365 0
    endloop
  endfacet
  facet normal 0.241576 0.970382 -0
    outer loop
      vertex -12.2629 -1.86842 0
      vertex -12.4294 -1.82697 0.389999
      vertex -12.2629 -1.86842 0.389999
    endloop
  endfacet
  facet normal 0.241576 0.970382 0
    outer loop
      vertex -12.4294 -1.82697 0.389999
      vertex -12.2629 -1.86842 0
      vertex -12.4294 -1.82697 0
    endloop
  endfacet
  facet normal 0.162196 0.986758 -0
    outer loop
      vertex -12.0827 -1.89804 0
      vertex -12.2629 -1.86842 0.389999
      vertex -12.0827 -1.89804 0.389999
    endloop
  endfacet
  facet normal 0.162196 0.986758 0
    outer loop
      vertex -12.2629 -1.86842 0.389999
      vertex -12.0827 -1.89804 0
      vertex -12.2629 -1.86842 0
    endloop
  endfacet
  facet normal 0.0911652 0.995836 -0
    outer loop
      vertex -11.8887 -1.9158 0
      vertex -12.0827 -1.89804 0.389999
      vertex -11.8887 -1.9158 0.389999
    endloop
  endfacet
  facet normal 0.0911652 0.995836 0
    outer loop
      vertex -12.0827 -1.89804 0.389999
      vertex -11.8887 -1.9158 0
      vertex -12.0827 -1.89804 0
    endloop
  endfacet
  facet normal 0.0285873 0.999591 -0
    outer loop
      vertex -11.681 -1.92174 0
      vertex -11.8887 -1.9158 0.389999
      vertex -11.681 -1.92174 0.389999
    endloop
  endfacet
  facet normal 0.0285873 0.999591 0
    outer loop
      vertex -11.8887 -1.9158 0.389999
      vertex -11.681 -1.92174 0
      vertex -11.8887 -1.9158 0
    endloop
  endfacet
  facet normal -0.0527516 0.998608 0
    outer loop
      vertex -11.3058 -1.90192 0
      vertex -11.681 -1.92174 0.389999
      vertex -11.3058 -1.90192 0.389999
    endloop
  endfacet
  facet normal -0.0527516 0.998608 0
    outer loop
      vertex -11.681 -1.92174 0.389999
      vertex -11.3058 -1.90192 0
      vertex -11.681 -1.92174 0
    endloop
  endfacet
  facet normal -0.178772 0.983891 0
    outer loop
      vertex -14.5972 -1.84245 0
      vertex -14.9245 -1.90192 0.389999
      vertex -14.5972 -1.84245 0.389999
    endloop
  endfacet
  facet normal -0.178772 0.983891 0
    outer loop
      vertex -14.9245 -1.90192 0.389999
      vertex -14.5972 -1.84245 0
      vertex -14.9245 -1.90192 0
    endloop
  endfacet
  facet normal -0.334407 0.942429 0
    outer loop
      vertex -14.318 -1.74338 0
      vertex -14.5972 -1.84245 0.389999
      vertex -14.318 -1.74338 0.389999
    endloop
  endfacet
  facet normal -0.334407 0.942429 0
    outer loop
      vertex -14.5972 -1.84245 0.389999
      vertex -14.318 -1.74338 0
      vertex -14.5972 -1.84245 0
    endloop
  endfacet
  facet normal -0.514223 0.857656 0
    outer loop
      vertex -14.0866 -1.60464 0
      vertex -14.318 -1.74338 0.389999
      vertex -14.0866 -1.60464 0.389999
    endloop
  endfacet
  facet normal -0.514223 0.857656 0
    outer loop
      vertex -14.318 -1.74338 0.389999
      vertex -14.0866 -1.60464 0
      vertex -14.318 -1.74338 0
    endloop
  endfacet
  facet normal -0.697188 0.716889 0
    outer loop
      vertex -13.9032 -1.42628 0
      vertex -14.0866 -1.60464 0.389999
      vertex -13.9032 -1.42628 0.389999
    endloop
  endfacet
  facet normal -0.697188 0.716889 0
    outer loop
      vertex -14.0866 -1.60464 0.389999
      vertex -13.9032 -1.42628 0
      vertex -14.0866 -1.60464 0
    endloop
  endfacet
  facet normal -0.849484 0.527615 0
    outer loop
      vertex -13.9032 -1.42628 0
      vertex -13.7678 -1.20828 0.389999
      vertex -13.7678 -1.20828 0
    endloop
  endfacet
  facet normal -0.849484 0.527615 0
    outer loop
      vertex -13.7678 -1.20828 0.389999
      vertex -13.9032 -1.42628 0
      vertex -13.9032 -1.42628 0.389999
    endloop
  endfacet
  facet normal -0.946877 0.321596 0
    outer loop
      vertex -13.7678 -1.20828 0
      vertex -13.6803 -0.950653 0.389999
      vertex -13.6803 -0.950653 0
    endloop
  endfacet
  facet normal -0.946877 0.321596 0
    outer loop
      vertex -13.6803 -0.950653 0.389999
      vertex -13.7678 -1.20828 0
      vertex -13.7678 -1.20828 0.389999
    endloop
  endfacet
  facet normal -0.19611 -0.980582 0
    outer loop
      vertex -14.1821 -0.850296 0
      vertex -13.6803 -0.950653 0.389999
      vertex -14.1821 -0.850296 0.389999
    endloop
  endfacet
  facet normal -0.19611 -0.980582 -0
    outer loop
      vertex -13.6803 -0.950653 0.389999
      vertex -14.1821 -0.850296 0
      vertex -13.6803 -0.950653 0
    endloop
  endfacet
  facet normal 0.957 -0.290089 0
    outer loop
      vertex -14.2108 -0.944977 0.389999
      vertex -14.1821 -0.850296 0
      vertex -14.1821 -0.850296 0.389999
    endloop
  endfacet
  facet normal 0.957 -0.290089 0
    outer loop
      vertex -14.1821 -0.850296 0
      vertex -14.2108 -0.944977 0.389999
      vertex -14.2108 -0.944977 0
    endloop
  endfacet
  facet normal 0.921354 -0.388726 0
    outer loop
      vertex -14.2476 -1.0322 0.389999
      vertex -14.2108 -0.944977 0
      vertex -14.2108 -0.944977 0.389999
    endloop
  endfacet
  facet normal 0.921354 -0.388726 0
    outer loop
      vertex -14.2108 -0.944977 0
      vertex -14.2476 -1.0322 0.389999
      vertex -14.2476 -1.0322 0
    endloop
  endfacet
  facet normal 0.872293 -0.488983 0
    outer loop
      vertex -14.2923 -1.11194 0.389999
      vertex -14.2476 -1.0322 0
      vertex -14.2476 -1.0322 0.389999
    endloop
  endfacet
  facet normal 0.872293 -0.488983 0
    outer loop
      vertex -14.2476 -1.0322 0
      vertex -14.2923 -1.11194 0.389999
      vertex -14.2923 -1.11194 0
    endloop
  endfacet
  facet normal 0.807952 -0.589248 0
    outer loop
      vertex -14.345 -1.1842 0.389999
      vertex -14.2923 -1.11194 0
      vertex -14.2923 -1.11194 0.389999
    endloop
  endfacet
  facet normal 0.807952 -0.589248 0
    outer loop
      vertex -14.2923 -1.11194 0
      vertex -14.345 -1.1842 0.389999
      vertex -14.345 -1.1842 0
    endloop
  endfacet
  facet normal 0.729765 -0.683698 0
    outer loop
      vertex -14.4057 -1.24899 0.389999
      vertex -14.345 -1.1842 0
      vertex -14.345 -1.1842 0.389999
    endloop
  endfacet
  facet normal 0.729765 -0.683698 0
    outer loop
      vertex -14.345 -1.1842 0
      vertex -14.4057 -1.24899 0.389999
      vertex -14.4057 -1.24899 0
    endloop
  endfacet
  facet normal 0.641262 -0.767322 0
    outer loop
      vertex -14.4743 -1.30632 0
      vertex -14.4057 -1.24899 0.389999
      vertex -14.4743 -1.30632 0.389999
    endloop
  endfacet
  facet normal 0.641262 -0.767322 0
    outer loop
      vertex -14.4057 -1.24899 0.389999
      vertex -14.4743 -1.30632 0
      vertex -14.4057 -1.24899 0
    endloop
  endfacet
  facet normal 0.54545 -0.838144 0
    outer loop
      vertex -14.5509 -1.35617 0
      vertex -14.4743 -1.30632 0.389999
      vertex -14.5509 -1.35617 0.389999
    endloop
  endfacet
  facet normal 0.54545 -0.838144 0
    outer loop
      vertex -14.4743 -1.30632 0.389999
      vertex -14.5509 -1.35617 0
      vertex -14.4743 -1.30632 0
    endloop
  endfacet
  facet normal 0.450747 -0.892652 0
    outer loop
      vertex -14.6357 -1.39899 0
      vertex -14.5509 -1.35617 0.389999
      vertex -14.6357 -1.39899 0.389999
    endloop
  endfacet
  facet normal 0.450747 -0.892652 0
    outer loop
      vertex -14.5509 -1.35617 0.389999
      vertex -14.6357 -1.39899 0
      vertex -14.5509 -1.35617 0
    endloop
  endfacet
  facet normal 0.362746 -0.931888 0
    outer loop
      vertex -14.7288 -1.43523 0
      vertex -14.6357 -1.39899 0.389999
      vertex -14.7288 -1.43523 0.389999
    endloop
  endfacet
  facet normal 0.362746 -0.931888 0
    outer loop
      vertex -14.6357 -1.39899 0.389999
      vertex -14.7288 -1.43523 0
      vertex -14.6357 -1.39899 0
    endloop
  endfacet
  facet normal 0.280822 -0.95976 0
    outer loop
      vertex -14.8301 -1.46487 0
      vertex -14.7288 -1.43523 0.389999
      vertex -14.8301 -1.46487 0.389999
    endloop
  endfacet
  facet normal 0.280822 -0.95976 0
    outer loop
      vertex -14.7288 -1.43523 0.389999
      vertex -14.8301 -1.46487 0
      vertex -14.7288 -1.43523 0
    endloop
  endfacet
  facet normal 0.205714 -0.978612 0
    outer loop
      vertex -14.9398 -1.48793 0
      vertex -14.8301 -1.46487 0.389999
      vertex -14.9398 -1.48793 0.389999
    endloop
  endfacet
  facet normal 0.205714 -0.978612 0
    outer loop
      vertex -14.8301 -1.46487 0.389999
      vertex -14.9398 -1.48793 0
      vertex -14.8301 -1.46487 0
    endloop
  endfacet
  facet normal 0.138269 -0.990395 0
    outer loop
      vertex -15.0577 -1.50439 0
      vertex -14.9398 -1.48793 0.389999
      vertex -15.0577 -1.50439 0.389999
    endloop
  endfacet
  facet normal 0.138269 -0.990395 0
    outer loop
      vertex -14.9398 -1.48793 0.389999
      vertex -15.0577 -1.50439 0
      vertex -14.9398 -1.48793 0
    endloop
  endfacet
  facet normal 0.0780666 -0.996948 0
    outer loop
      vertex -15.184 -1.51428 0
      vertex -15.0577 -1.50439 0.389999
      vertex -15.184 -1.51428 0.389999
    endloop
  endfacet
  facet normal 0.0780666 -0.996948 0
    outer loop
      vertex -15.0577 -1.50439 0.389999
      vertex -15.184 -1.51428 0
      vertex -15.0577 -1.50439 0
    endloop
  endfacet
  facet normal 0.0245097 -0.9997 0
    outer loop
      vertex -15.3186 -1.51758 0
      vertex -15.184 -1.51428 0.389999
      vertex -15.3186 -1.51758 0.389999
    endloop
  endfacet
  facet normal 0.0245097 -0.9997 0
    outer loop
      vertex -15.184 -1.51428 0.389999
      vertex -15.3186 -1.51758 0
      vertex -15.184 -1.51428 0
    endloop
  endfacet
  facet normal -0.0254424 -0.999676 0
    outer loop
      vertex -15.4573 -1.51405 0
      vertex -15.3186 -1.51758 0.389999
      vertex -15.4573 -1.51405 0.389999
    endloop
  endfacet
  facet normal -0.0254424 -0.999676 -0
    outer loop
      vertex -15.3186 -1.51758 0.389999
      vertex -15.4573 -1.51405 0
      vertex -15.3186 -1.51758 0
    endloop
  endfacet
  facet normal -0.0812464 -0.996694 0
    outer loop
      vertex -15.5866 -1.50351 0
      vertex -15.4573 -1.51405 0.389999
      vertex -15.5866 -1.50351 0.389999
    endloop
  endfacet
  facet normal -0.0812464 -0.996694 -0
    outer loop
      vertex -15.4573 -1.51405 0.389999
      vertex -15.5866 -1.50351 0
      vertex -15.4573 -1.51405 0
    endloop
  endfacet
  facet normal -0.144953 -0.989439 0
    outer loop
      vertex -15.7066 -1.48593 0
      vertex -15.5866 -1.50351 0.389999
      vertex -15.7066 -1.48593 0.389999
    endloop
  endfacet
  facet normal -0.144953 -0.989439 -0
    outer loop
      vertex -15.5866 -1.50351 0.389999
      vertex -15.7066 -1.48593 0
      vertex -15.5866 -1.50351 0
    endloop
  endfacet
  facet normal -0.21693 -0.976187 0
    outer loop
      vertex -15.8173 -1.46133 0
      vertex -15.7066 -1.48593 0.389999
      vertex -15.8173 -1.46133 0.389999
    endloop
  endfacet
  facet normal -0.21693 -0.976187 -0
    outer loop
      vertex -15.7066 -1.48593 0.389999
      vertex -15.8173 -1.46133 0
      vertex -15.7066 -1.48593 0
    endloop
  endfacet
  facet normal -0.298404 -0.95444 0
    outer loop
      vertex -15.9185 -1.42969 0
      vertex -15.8173 -1.46133 0.389999
      vertex -15.9185 -1.42969 0.389999
    endloop
  endfacet
  facet normal -0.298404 -0.95444 -0
    outer loop
      vertex -15.8173 -1.46133 0.389999
      vertex -15.9185 -1.42969 0
      vertex -15.8173 -1.46133 0
    endloop
  endfacet
  facet normal -0.387488 -0.921875 0
    outer loop
      vertex -16.0105 -1.39102 0
      vertex -15.9185 -1.42969 0.389999
      vertex -16.0105 -1.39102 0.389999
    endloop
  endfacet
  facet normal -0.387488 -0.921875 -0
    outer loop
      vertex -15.9185 -1.42969 0.389999
      vertex -16.0105 -1.39102 0
      vertex -15.9185 -1.42969 0
    endloop
  endfacet
  facet normal -0.4844 -0.874847 0
    outer loop
      vertex -16.093 -1.34534 0
      vertex -16.0105 -1.39102 0.389999
      vertex -16.093 -1.34534 0.389999
    endloop
  endfacet
  facet normal -0.4844 -0.874847 -0
    outer loop
      vertex -16.0105 -1.39102 0.389999
      vertex -16.093 -1.34534 0
      vertex -16.0105 -1.39102 0
    endloop
  endfacet
  facet normal -0.587646 -0.809118 0
    outer loop
      vertex -16.1653 -1.29283 0
      vertex -16.093 -1.34534 0.389999
      vertex -16.1653 -1.29283 0.389999
    endloop
  endfacet
  facet normal -0.587646 -0.809118 -0
    outer loop
      vertex -16.093 -1.34534 0.389999
      vertex -16.1653 -1.29283 0
      vertex -16.093 -1.34534 0
    endloop
  endfacet
  facet normal -0.694657 -0.719341 0
    outer loop
      vertex -16.2265 -1.23373 0
      vertex -16.1653 -1.29283 0.389999
      vertex -16.2265 -1.23373 0.389999
    endloop
  endfacet
  facet normal -0.694657 -0.719341 -0
    outer loop
      vertex -16.1653 -1.29283 0.389999
      vertex -16.2265 -1.23373 0
      vertex -16.1653 -1.29283 0
    endloop
  endfacet
  facet normal -0.795048 -0.606546 0
    outer loop
      vertex -16.2265 -1.23373 0
      vertex -16.2766 -1.16806 0.389999
      vertex -16.2766 -1.16806 0
    endloop
  endfacet
  facet normal -0.795048 -0.606546 0
    outer loop
      vertex -16.2766 -1.16806 0.389999
      vertex -16.2265 -1.23373 0
      vertex -16.2265 -1.23373 0.389999
    endloop
  endfacet
  facet normal -0.880064 -0.474855 0
    outer loop
      vertex -16.2766 -1.16806 0
      vertex -16.3156 -1.09578 0.389999
      vertex -16.3156 -1.09578 0
    endloop
  endfacet
  facet normal -0.880064 -0.474855 0
    outer loop
      vertex -16.3156 -1.09578 0.389999
      vertex -16.2766 -1.16806 0
      vertex -16.2766 -1.16806 0.389999
    endloop
  endfacet
  facet normal -0.943114 -0.33247 0
    outer loop
      vertex -16.3156 -1.09578 0
      vertex -16.3434 -1.01692 0.389999
      vertex -16.3434 -1.01692 0
    endloop
  endfacet
  facet normal -0.943114 -0.33247 0
    outer loop
      vertex -16.3434 -1.01692 0.389999
      vertex -16.3156 -1.09578 0
      vertex -16.3156 -1.09578 0.389999
    endloop
  endfacet
  facet normal -0.981425 -0.191846 0
    outer loop
      vertex -16.3434 -1.01692 0
      vertex -16.3601 -0.931488 0.389999
      vertex -16.3601 -0.931488 0
    endloop
  endfacet
  facet normal -0.981425 -0.191846 0
    outer loop
      vertex -16.3601 -0.931488 0.389999
      vertex -16.3434 -1.01692 0
      vertex -16.3434 -1.01692 0.389999
    endloop
  endfacet
  facet normal -0.998219 -0.0596496 0
    outer loop
      vertex -16.3601 -0.931488 0
      vertex -16.3656 -0.839447 0.389999
      vertex -16.3656 -0.839447 0
    endloop
  endfacet
  facet normal -0.998219 -0.0596496 0
    outer loop
      vertex -16.3656 -0.839447 0.389999
      vertex -16.3601 -0.931488 0
      vertex -16.3601 -0.931488 0.389999
    endloop
  endfacet
  facet normal -0.999467 0.0326548 0
    outer loop
      vertex -16.3656 -0.839447 0
      vertex -16.3639 -0.787415 0.389999
      vertex -16.3639 -0.787415 0
    endloop
  endfacet
  facet normal -0.999467 0.0326548 0
    outer loop
      vertex -16.3639 -0.787415 0.389999
      vertex -16.3656 -0.839447 0
      vertex -16.3656 -0.839447 0.389999
    endloop
  endfacet
  facet normal -0.994236 0.107214 0
    outer loop
      vertex -16.3639 -0.787415 0
      vertex -16.3586 -0.738266 0.389999
      vertex -16.3586 -0.738266 0
    endloop
  endfacet
  facet normal -0.994236 0.107214 0
    outer loop
      vertex -16.3586 -0.738266 0.389999
      vertex -16.3639 -0.787415 0
      vertex -16.3639 -0.787415 0.389999
    endloop
  endfacet
  facet normal -0.982786 0.18475 0
    outer loop
      vertex -16.3586 -0.738266 0
      vertex -16.3499 -0.691986 0.389999
      vertex -16.3499 -0.691986 0
    endloop
  endfacet
  facet normal -0.982786 0.18475 0
    outer loop
      vertex -16.3499 -0.691986 0.389999
      vertex -16.3586 -0.738266 0
      vertex -16.3586 -0.738266 0.389999
    endloop
  endfacet
  facet normal -0.962705 0.270554 0
    outer loop
      vertex -16.3499 -0.691986 0
      vertex -16.3377 -0.648575 0.389999
      vertex -16.3377 -0.648575 0
    endloop
  endfacet
  facet normal -0.962705 0.270554 0
    outer loop
      vertex -16.3377 -0.648575 0.389999
      vertex -16.3499 -0.691986 0
      vertex -16.3499 -0.691986 0.389999
    endloop
  endfacet
  facet normal -0.932429 0.361353 0
    outer loop
      vertex -16.3377 -0.648575 0
      vertex -16.322 -0.608063 0.389999
      vertex -16.322 -0.608063 0
    endloop
  endfacet
  facet normal -0.932429 0.361353 0
    outer loop
      vertex -16.322 -0.608063 0.389999
      vertex -16.3377 -0.648575 0
      vertex -16.3377 -0.648575 0.389999
    endloop
  endfacet
  facet normal -0.890821 0.454355 0
    outer loop
      vertex -16.322 -0.608063 0
      vertex -16.3028 -0.570419 0.389999
      vertex -16.3028 -0.570419 0
    endloop
  endfacet
  facet normal -0.890821 0.454355 0
    outer loop
      vertex -16.3028 -0.570419 0.389999
      vertex -16.322 -0.608063 0
      vertex -16.322 -0.608063 0.389999
    endloop
  endfacet
  facet normal -0.83837 0.545101 0
    outer loop
      vertex -16.3028 -0.570419 0
      vertex -16.2802 -0.53566 0.389999
      vertex -16.2802 -0.53566 0
    endloop
  endfacet
  facet normal -0.83837 0.545101 0
    outer loop
      vertex -16.2802 -0.53566 0.389999
      vertex -16.3028 -0.570419 0
      vertex -16.3028 -0.570419 0.389999
    endloop
  endfacet
  facet normal -0.783224 0.62174 0
    outer loop
      vertex -16.2802 -0.53566 0
      vertex -16.2544 -0.503159 0.389999
      vertex -16.2544 -0.503159 0
    endloop
  endfacet
  facet normal -0.783224 0.62174 0
    outer loop
      vertex -16.2544 -0.503159 0.389999
      vertex -16.2802 -0.53566 0
      vertex -16.2802 -0.53566 0.389999
    endloop
  endfacet
  facet normal -0.732027 0.681276 0
    outer loop
      vertex -16.2544 -0.503159 0
      vertex -16.2257 -0.472321 0.389999
      vertex -16.2257 -0.472321 0
    endloop
  endfacet
  facet normal -0.732027 0.681276 0
    outer loop
      vertex -16.2257 -0.472321 0.389999
      vertex -16.2544 -0.503159 0
      vertex -16.2544 -0.503159 0.389999
    endloop
  endfacet
  facet normal -0.679324 0.733838 0
    outer loop
      vertex -16.1942 -0.443161 0
      vertex -16.2257 -0.472321 0.389999
      vertex -16.1942 -0.443161 0.389999
    endloop
  endfacet
  facet normal -0.679324 0.733838 0
    outer loop
      vertex -16.2257 -0.472321 0.389999
      vertex -16.1942 -0.443161 0
      vertex -16.2257 -0.472321 0
    endloop
  endfacet
  facet normal -0.625693 0.780069 0
    outer loop
      vertex -16.1599 -0.415649 0
      vertex -16.1942 -0.443161 0.389999
      vertex -16.1599 -0.415649 0.389999
    endloop
  endfacet
  facet normal -0.625693 0.780069 0
    outer loop
      vertex -16.1942 -0.443161 0.389999
      vertex -16.1599 -0.415649 0
      vertex -16.1942 -0.443161 0
    endloop
  endfacet
  facet normal -0.57165 0.820497 0
    outer loop
      vertex -16.1228 -0.389801 0
      vertex -16.1599 -0.415649 0.389999
      vertex -16.1228 -0.389801 0.389999
    endloop
  endfacet
  facet normal -0.57165 0.820497 0
    outer loop
      vertex -16.1599 -0.415649 0.389999
      vertex -16.1228 -0.389801 0
      vertex -16.1599 -0.415649 0
    endloop
  endfacet
  facet normal -0.518352 0.855168 0
    outer loop
      vertex -16.0829 -0.365616 0
      vertex -16.1228 -0.389801 0.389999
      vertex -16.0829 -0.365616 0.389999
    endloop
  endfacet
  facet normal -0.518352 0.855168 0
    outer loop
      vertex -16.1228 -0.389801 0.389999
      vertex -16.0829 -0.365616 0
      vertex -16.1228 -0.389801 0
    endloop
  endfacet
  facet normal -0.465677 0.884955 0
    outer loop
      vertex -16.0401 -0.343094 0
      vertex -16.0829 -0.365616 0.389999
      vertex -16.0401 -0.343094 0.389999
    endloop
  endfacet
  facet normal -0.465677 0.884955 0
    outer loop
      vertex -16.0829 -0.365616 0.389999
      vertex -16.0401 -0.343094 0
      vertex -16.0829 -0.365616 0
    endloop
  endfacet
  facet normal -0.423268 0.906005 0
    outer loop
      vertex -15.9947 -0.321884 0
      vertex -16.0401 -0.343094 0.389999
      vertex -15.9947 -0.321884 0.389999
    endloop
  endfacet
  facet normal -0.423268 0.906005 0
    outer loop
      vertex -16.0401 -0.343094 0.389999
      vertex -15.9947 -0.321884 0
      vertex -16.0401 -0.343094 0
    endloop
  endfacet
  facet normal -0.389295 0.921113 0
    outer loop
      vertex -15.9469 -0.301682 0
      vertex -15.9947 -0.321884 0.389999
      vertex -15.9469 -0.301682 0.389999
    endloop
  endfacet
  facet normal -0.389295 0.921113 0
    outer loop
      vertex -15.9947 -0.321884 0.389999
      vertex -15.9469 -0.301682 0
      vertex -15.9947 -0.321884 0
    endloop
  endfacet
  facet normal -0.356791 0.934184 0
    outer loop
      vertex -15.8966 -0.282471 0
      vertex -15.9469 -0.301682 0.389999
      vertex -15.8966 -0.282471 0.389999
    endloop
  endfacet
  facet normal -0.356791 0.934184 0
    outer loop
      vertex -15.9469 -0.301682 0.389999
      vertex -15.8966 -0.282471 0
      vertex -15.9469 -0.301682 0
    endloop
  endfacet
  facet normal -0.326497 0.945198 0
    outer loop
      vertex -15.8439 -0.264267 0
      vertex -15.8966 -0.282471 0.389999
      vertex -15.8439 -0.264267 0.389999
    endloop
  endfacet
  facet normal -0.326497 0.945198 0
    outer loop
      vertex -15.8966 -0.282471 0.389999
      vertex -15.8439 -0.264267 0
      vertex -15.8966 -0.282471 0
    endloop
  endfacet
  facet normal -0.298168 0.954513 0
    outer loop
      vertex -15.7888 -0.247055 0
      vertex -15.8439 -0.264267 0.389999
      vertex -15.7888 -0.247055 0.389999
    endloop
  endfacet
  facet normal -0.298168 0.954513 0
    outer loop
      vertex -15.8439 -0.264267 0.389999
      vertex -15.7888 -0.247055 0
      vertex -15.8439 -0.264267 0
    endloop
  endfacet
  facet normal -0.271055 0.962564 0
    outer loop
      vertex -15.7312 -0.230835 0
      vertex -15.7888 -0.247055 0.389999
      vertex -15.7312 -0.230835 0.389999
    endloop
  endfacet
  facet normal -0.271055 0.962564 0
    outer loop
      vertex -15.7888 -0.247055 0.389999
      vertex -15.7312 -0.230835 0
      vertex -15.7888 -0.247055 0
    endloop
  endfacet
  facet normal -0.246001 0.96927 0
    outer loop
      vertex -15.6712 -0.215607 0
      vertex -15.7312 -0.230835 0.389999
      vertex -15.6712 -0.215607 0.389999
    endloop
  endfacet
  facet normal -0.246001 0.96927 0
    outer loop
      vertex -15.7312 -0.230835 0.389999
      vertex -15.6712 -0.215607 0
      vertex -15.7312 -0.230835 0
    endloop
  endfacet
  facet normal -0.23321 0.972426 0
    outer loop
      vertex -15.6091 -0.200714 0
      vertex -15.6712 -0.215607 0.389999
      vertex -15.6091 -0.200714 0.389999
    endloop
  endfacet
  facet normal -0.23321 0.972426 0
    outer loop
      vertex -15.6712 -0.215607 0.389999
      vertex -15.6091 -0.200714 0
      vertex -15.6712 -0.215607 0
    endloop
  endfacet
  facet normal -0.231133 0.972922 0
    outer loop
      vertex -15.545 -0.185486 0
      vertex -15.6091 -0.200714 0.389999
      vertex -15.545 -0.185486 0.389999
    endloop
  endfacet
  facet normal -0.231133 0.972922 0
    outer loop
      vertex -15.6091 -0.200714 0.389999
      vertex -15.545 -0.185486 0
      vertex -15.6091 -0.200714 0
    endloop
  endfacet
  facet normal -0.229853 0.973225 0
    outer loop
      vertex -15.4791 -0.169922 0
      vertex -15.545 -0.185486 0.389999
      vertex -15.4791 -0.169922 0.389999
    endloop
  endfacet
  facet normal -0.229853 0.973225 0
    outer loop
      vertex -15.545 -0.185486 0.389999
      vertex -15.4791 -0.169922 0
      vertex -15.545 -0.185486 0
    endloop
  endfacet
  facet normal -0.228115 0.973634 0
    outer loop
      vertex -15.4113 -0.154037 0
      vertex -15.4791 -0.169922 0.389999
      vertex -15.4113 -0.154037 0.389999
    endloop
  endfacet
  facet normal -0.228115 0.973634 0
    outer loop
      vertex -15.4791 -0.169922 0.389999
      vertex -15.4113 -0.154037 0
      vertex -15.4791 -0.169922 0
    endloop
  endfacet
  facet normal -0.226655 0.973975 0
    outer loop
      vertex -15.3416 -0.137817 0
      vertex -15.4113 -0.154037 0.389999
      vertex -15.3416 -0.137817 0.389999
    endloop
  endfacet
  facet normal -0.226655 0.973975 0
    outer loop
      vertex -15.4113 -0.154037 0.389999
      vertex -15.3416 -0.137817 0
      vertex -15.4113 -0.154037 0
    endloop
  endfacet
  facet normal -0.225272 0.974296 0
    outer loop
      vertex -15.27 -0.121262 0
      vertex -15.3416 -0.137817 0.389999
      vertex -15.27 -0.121262 0.389999
    endloop
  endfacet
  facet normal -0.225272 0.974296 0
    outer loop
      vertex -15.3416 -0.137817 0.389999
      vertex -15.27 -0.121262 0
      vertex -15.3416 -0.137817 0
    endloop
  endfacet
  facet normal -0.223984 0.974593 0
    outer loop
      vertex -15.1965 -0.10437 0
      vertex -15.27 -0.121262 0.389999
      vertex -15.1965 -0.10437 0.389999
    endloop
  endfacet
  facet normal -0.223984 0.974593 0
    outer loop
      vertex -15.27 -0.121262 0.389999
      vertex -15.1965 -0.10437 0
      vertex -15.27 -0.121262 0
    endloop
  endfacet
  facet normal -0.223733 0.97465 0
    outer loop
      vertex -15.0716 -0.0756989 0
      vertex -15.1965 -0.10437 0.389999
      vertex -15.0716 -0.0756989 0.389999
    endloop
  endfacet
  facet normal -0.223733 0.97465 0
    outer loop
      vertex -15.1965 -0.10437 0.389999
      vertex -15.0716 -0.0756989 0
      vertex -15.1965 -0.10437 0
    endloop
  endfacet
  facet normal -0.239751 0.970834 0
    outer loop
      vertex -14.9555 -0.0470276 0
      vertex -15.0716 -0.0756989 0.389999
      vertex -14.9555 -0.0470276 0.389999
    endloop
  endfacet
  facet normal -0.239751 0.970834 0
    outer loop
      vertex -15.0716 -0.0756989 0.389999
      vertex -14.9555 -0.0470276 0
      vertex -15.0716 -0.0756989 0
    endloop
  endfacet
  facet normal -0.2586 0.965985 0
    outer loop
      vertex -14.8484 -0.0183563 0
      vertex -14.9555 -0.0470276 0.389999
      vertex -14.8484 -0.0183563 0.389999
    endloop
  endfacet
  facet normal -0.2586 0.965985 0
    outer loop
      vertex -14.9555 -0.0470276 0.389999
      vertex -14.8484 -0.0183563 0
      vertex -14.9555 -0.0470276 0
    endloop
  endfacet
  facet normal -0.280003 0.959999 0
    outer loop
      vertex -14.7501 0.0103149 0
      vertex -14.8484 -0.0183563 0.389999
      vertex -14.7501 0.0103149 0.389999
    endloop
  endfacet
  facet normal -0.280003 0.959999 0
    outer loop
      vertex -14.8484 -0.0183563 0.389999
      vertex -14.7501 0.0103149 0
      vertex -14.8484 -0.0183563 0
    endloop
  endfacet
  facet normal -0.305697 0.952129 0
    outer loop
      vertex -14.6608 0.0389862 0
      vertex -14.7501 0.0103149 0.389999
      vertex -14.6608 0.0389862 0.389999
    endloop
  endfacet
  facet normal -0.305697 0.952129 0
    outer loop
      vertex -14.7501 0.0103149 0.389999
      vertex -14.6608 0.0389862 0
      vertex -14.7501 0.0103149 0
    endloop
  endfacet
  facet normal -0.33589 0.941901 0
    outer loop
      vertex -14.5804 0.0676575 0
      vertex -14.6608 0.0389862 0.389999
      vertex -14.5804 0.0676575 0.389999
    endloop
  endfacet
  facet normal -0.33589 0.941901 0
    outer loop
      vertex -14.6608 0.0389862 0.389999
      vertex -14.5804 0.0676575 0
      vertex -14.6608 0.0389862 0
    endloop
  endfacet
  facet normal -0.372187 0.928158 0
    outer loop
      vertex -14.5089 0.0963287 0
      vertex -14.5804 0.0676575 0.389999
      vertex -14.5089 0.0963287 0.389999
    endloop
  endfacet
  facet normal -0.372187 0.928158 0
    outer loop
      vertex -14.5804 0.0676575 0.389999
      vertex -14.5089 0.0963287 0
      vertex -14.5804 0.0676575 0
    endloop
  endfacet
  facet normal -0.40913 0.912476 0
    outer loop
      vertex -14.4439 0.125473 0
      vertex -14.5089 0.0963287 0.389999
      vertex -14.4439 0.125473 0.389999
    endloop
  endfacet
  facet normal -0.40913 0.912476 0
    outer loop
      vertex -14.5089 0.0963287 0.389999
      vertex -14.4439 0.125473 0
      vertex -14.5089 0.0963287 0
    endloop
  endfacet
  facet normal -0.442385 0.896825 0
    outer loop
      vertex -14.3829 0.155563 0
      vertex -14.4439 0.125473 0.389999
      vertex -14.3829 0.155563 0.389999
    endloop
  endfacet
  facet normal -0.442385 0.896825 0
    outer loop
      vertex -14.4439 0.125473 0.389999
      vertex -14.3829 0.155563 0
      vertex -14.4439 0.125473 0
    endloop
  endfacet
  facet normal -0.478669 0.877995 0
    outer loop
      vertex -14.326 0.186584 0
      vertex -14.3829 0.155563 0.389999
      vertex -14.326 0.186584 0.389999
    endloop
  endfacet
  facet normal -0.478669 0.877995 0
    outer loop
      vertex -14.3829 0.155563 0.389999
      vertex -14.326 0.186584 0
      vertex -14.3829 0.155563 0
    endloop
  endfacet
  facet normal -0.517206 0.855861 0
    outer loop
      vertex -14.2731 0.218552 0
      vertex -14.326 0.186584 0.389999
      vertex -14.2731 0.218552 0.389999
    endloop
  endfacet
  facet normal -0.517206 0.855861 0
    outer loop
      vertex -14.326 0.186584 0.389999
      vertex -14.2731 0.218552 0
      vertex -14.326 0.186584 0
    endloop
  endfacet
  facet normal -0.558371 0.829591 0
    outer loop
      vertex -14.2242 0.251465 0
      vertex -14.2731 0.218552 0.389999
      vertex -14.2242 0.251465 0.389999
    endloop
  endfacet
  facet normal -0.558371 0.829591 0
    outer loop
      vertex -14.2731 0.218552 0.389999
      vertex -14.2242 0.251465 0
      vertex -14.2731 0.218552 0
    endloop
  endfacet
  facet normal -0.602778 0.797909 0
    outer loop
      vertex -14.1794 0.285309 0
      vertex -14.2242 0.251465 0.389999
      vertex -14.1794 0.285309 0.389999
    endloop
  endfacet
  facet normal -0.602778 0.797909 0
    outer loop
      vertex -14.2242 0.251465 0.389999
      vertex -14.1794 0.285309 0
      vertex -14.2242 0.251465 0
    endloop
  endfacet
  facet normal -0.64976 0.760139 0
    outer loop
      vertex -14.1387 0.320099 0
      vertex -14.1794 0.285309 0.389999
      vertex -14.1387 0.320099 0.389999
    endloop
  endfacet
  facet normal -0.64976 0.760139 0
    outer loop
      vertex -14.1794 0.285309 0.389999
      vertex -14.1387 0.320099 0
      vertex -14.1794 0.285309 0
    endloop
  endfacet
  facet normal -0.6937 0.720264 0
    outer loop
      vertex -14.1012 0.356216 0
      vertex -14.1387 0.320099 0.389999
      vertex -14.1012 0.356216 0.389999
    endloop
  endfacet
  facet normal -0.6937 0.720264 0
    outer loop
      vertex -14.1387 0.320099 0.389999
      vertex -14.1012 0.356216 0
      vertex -14.1387 0.320099 0
    endloop
  endfacet
  facet normal -0.736073 0.676902 0
    outer loop
      vertex -14.1012 0.356216 0
      vertex -14.0664 0.394058 0.389999
      vertex -14.0664 0.394058 0
    endloop
  endfacet
  facet normal -0.736073 0.676902 0
    outer loop
      vertex -14.0664 0.394058 0.389999
      vertex -14.1012 0.356216 0
      vertex -14.1012 0.356216 0.389999
    endloop
  endfacet
  facet normal -0.774532 0.632535 0
    outer loop
      vertex -14.0664 0.394058 0
      vertex -14.0341 0.433609 0.389999
      vertex -14.0341 0.433609 0
    endloop
  endfacet
  facet normal -0.774532 0.632535 0
    outer loop
      vertex -14.0341 0.433609 0.389999
      vertex -14.0664 0.394058 0
      vertex -14.0664 0.394058 0.389999
    endloop
  endfacet
  facet normal -0.812635 0.582774 0
    outer loop
      vertex -14.0341 0.433609 0
      vertex -14.0045 0.474884 0.389999
      vertex -14.0045 0.474884 0
    endloop
  endfacet
  facet normal -0.812635 0.582774 0
    outer loop
      vertex -14.0045 0.474884 0.389999
      vertex -14.0341 0.433609 0
      vertex -14.0341 0.433609 0.389999
    endloop
  endfacet
  facet normal -0.845913 0.533321 0
    outer loop
      vertex -14.0045 0.474884 0
      vertex -13.9774 0.517868 0.389999
      vertex -13.9774 0.517868 0
    endloop
  endfacet
  facet normal -0.845913 0.533321 0
    outer loop
      vertex -13.9774 0.517868 0.389999
      vertex -14.0045 0.474884 0
      vertex -14.0045 0.474884 0.389999
    endloop
  endfacet
  facet normal -0.877714 0.479185 0
    outer loop
      vertex -13.9774 0.517868 0
      vertex -13.953 0.562561 0.389999
      vertex -13.953 0.562561 0
    endloop
  endfacet
  facet normal -0.877714 0.479185 0
    outer loop
      vertex -13.953 0.562561 0.389999
      vertex -13.9774 0.517868 0
      vertex -13.9774 0.517868 0.389999
    endloop
  endfacet
  facet normal -0.904393 0.426701 0
    outer loop
      vertex -13.953 0.562561 0
      vertex -13.9311 0.608978 0.389999
      vertex -13.9311 0.608978 0
    endloop
  endfacet
  facet normal -0.904393 0.426701 0
    outer loop
      vertex -13.9311 0.608978 0.389999
      vertex -13.953 0.562561 0
      vertex -13.953 0.562561 0.389999
    endloop
  endfacet
  facet normal -0.930494 0.366306 0
    outer loop
      vertex -13.9311 0.608978 0
      vertex -13.9121 0.657242 0.389999
      vertex -13.9121 0.657242 0
    endloop
  endfacet
  facet normal -0.930494 0.366306 0
    outer loop
      vertex -13.9121 0.657242 0.389999
      vertex -13.9311 0.608978 0
      vertex -13.9311 0.608978 0.389999
    endloop
  endfacet
  facet normal -0.951812 0.306682 0
    outer loop
      vertex -13.9121 0.657242 0
      vertex -13.8959 0.70752 0.389999
      vertex -13.8959 0.70752 0
    endloop
  endfacet
  facet normal -0.951812 0.306682 0
    outer loop
      vertex -13.8959 0.70752 0.389999
      vertex -13.9121 0.657242 0
      vertex -13.9121 0.657242 0.389999
    endloop
  endfacet
  facet normal -0.969551 0.244888 0
    outer loop
      vertex -13.8959 0.70752 0
      vertex -13.8827 0.759781 0.389999
      vertex -13.8827 0.759781 0
    endloop
  endfacet
  facet normal -0.969551 0.244888 0
    outer loop
      vertex -13.8827 0.759781 0.389999
      vertex -13.8959 0.70752 0
      vertex -13.8959 0.70752 0.389999
    endloop
  endfacet
  facet normal -0.982786 0.184748 0
    outer loop
      vertex -13.8827 0.759781 0
      vertex -13.8725 0.814041 0.389999
      vertex -13.8725 0.814041 0
    endloop
  endfacet
  facet normal -0.982786 0.184748 0
    outer loop
      vertex -13.8725 0.814041 0.389999
      vertex -13.8827 0.759781 0
      vertex -13.8827 0.759781 0.389999
    endloop
  endfacet
  facet normal -0.991455 0.130445 0
    outer loop
      vertex -13.8725 0.814041 0
      vertex -13.8651 0.870285 0.389999
      vertex -13.8651 0.870285 0
    endloop
  endfacet
  facet normal -0.991455 0.130445 0
    outer loop
      vertex -13.8651 0.870285 0.389999
      vertex -13.8725 0.814041 0
      vertex -13.8725 0.814041 0.389999
    endloop
  endfacet
  facet normal -0.997159 0.0753309 0
    outer loop
      vertex -13.8651 0.870285 0
      vertex -13.8607 0.928528 0.389999
      vertex -13.8607 0.928528 0
    endloop
  endfacet
  facet normal -0.997159 0.0753309 0
    outer loop
      vertex -13.8607 0.928528 0.389999
      vertex -13.8651 0.870285 0
      vertex -13.8651 0.870285 0.389999
    endloop
  endfacet
  facet normal -0.99973 0.0232333 0
    outer loop
      vertex -13.8607 0.928528 0
      vertex -13.8593 0.98877 0.389999
      vertex -13.8593 0.98877 0
    endloop
  endfacet
  facet normal -0.99973 0.0232333 0
    outer loop
      vertex -13.8593 0.98877 0.389999
      vertex -13.8607 0.928528 0
      vertex -13.8607 0.928528 0.389999
    endloop
  endfacet
  facet normal -0.998435 -0.0559265 0
    outer loop
      vertex -13.8593 0.98877 0
      vertex -13.8669 1.12445 0.389999
      vertex -13.8669 1.12445 0
    endloop
  endfacet
  facet normal -0.998435 -0.0559265 0
    outer loop
      vertex -13.8669 1.12445 0.389999
      vertex -13.8593 0.98877 0
      vertex -13.8593 0.98877 0.389999
    endloop
  endfacet
  facet normal -0.98387 -0.178885 0
    outer loop
      vertex -13.8669 1.12445 0
      vertex -13.8899 1.25095 0.389999
      vertex -13.8899 1.25095 0
    endloop
  endfacet
  facet normal -0.98387 -0.178885 0
    outer loop
      vertex -13.8899 1.25095 0.389999
      vertex -13.8669 1.12445 0
      vertex -13.8669 1.12445 0.389999
    endloop
  endfacet
  facet normal -0.950363 -0.311143 0
    outer loop
      vertex -13.8899 1.25095 0
      vertex -13.9283 1.36824 0.389999
      vertex -13.9283 1.36824 0
    endloop
  endfacet
  facet normal -0.950363 -0.311143 0
    outer loop
      vertex -13.9283 1.36824 0.389999
      vertex -13.8899 1.25095 0
      vertex -13.8899 1.25095 0.389999
    endloop
  endfacet
  facet normal -0.89593 -0.444195 0
    outer loop
      vertex -13.9283 1.36824 0
      vertex -13.9819 1.47635 0.389999
      vertex -13.9819 1.47635 0
    endloop
  endfacet
  facet normal -0.89593 -0.444195 0
    outer loop
      vertex -13.9819 1.47635 0.389999
      vertex -13.9283 1.36824 0
      vertex -13.9283 1.36824 0.389999
    endloop
  endfacet
  facet normal -0.820181 -0.572104 0
    outer loop
      vertex -13.9819 1.47635 0
      vertex -14.0509 1.57527 0.389999
      vertex -14.0509 1.57527 0
    endloop
  endfacet
  facet normal -0.820181 -0.572104 0
    outer loop
      vertex -14.0509 1.57527 0.389999
      vertex -13.9819 1.47635 0
      vertex -13.9819 1.47635 0.389999
    endloop
  endfacet
  facet normal -0.728372 -0.685182 0
    outer loop
      vertex -14.0509 1.57527 0
      vertex -14.1353 1.66499 0.389999
      vertex -14.1353 1.66499 0
    endloop
  endfacet
  facet normal -0.728372 -0.685182 0
    outer loop
      vertex -14.1353 1.66499 0.389999
      vertex -14.0509 1.57527 0
      vertex -14.0509 1.57527 0.389999
    endloop
  endfacet
  facet normal -0.62878 -0.777583 0
    outer loop
      vertex -14.2349 1.74553 0
      vertex -14.1353 1.66499 0.389999
      vertex -14.2349 1.74553 0.389999
    endloop
  endfacet
  facet normal -0.62878 -0.777583 -0
    outer loop
      vertex -14.1353 1.66499 0.389999
      vertex -14.2349 1.74553 0
      vertex -14.1353 1.66499 0
    endloop
  endfacet
  facet normal -0.526131 -0.850403 0
    outer loop
      vertex -14.3489 1.81606 0
      vertex -14.2349 1.74553 0.389999
      vertex -14.3489 1.81606 0.389999
    endloop
  endfacet
  facet normal -0.526131 -0.850403 -0
    outer loop
      vertex -14.2349 1.74553 0.389999
      vertex -14.3489 1.81606 0
      vertex -14.2349 1.74553 0
    endloop
  endfacet
  facet normal -0.424696 -0.905336 0
    outer loop
      vertex -14.4761 1.87573 0
      vertex -14.3489 1.81606 0.389999
      vertex -14.4761 1.87573 0.389999
    endloop
  endfacet
  facet normal -0.424696 -0.905336 -0
    outer loop
      vertex -14.3489 1.81606 0.389999
      vertex -14.4761 1.87573 0
      vertex -14.3489 1.81606 0
    endloop
  endfacet
  facet normal -0.328492 -0.944507 0
    outer loop
      vertex -14.6165 1.92456 0
      vertex -14.4761 1.87573 0.389999
      vertex -14.6165 1.92456 0.389999
    endloop
  endfacet
  facet normal -0.328492 -0.944507 -0
    outer loop
      vertex -14.4761 1.87573 0.389999
      vertex -14.6165 1.92456 0
      vertex -14.4761 1.87573 0
    endloop
  endfacet
  facet normal -0.240037 -0.970764 0
    outer loop
      vertex -14.7701 1.96254 0
      vertex -14.6165 1.92456 0.389999
      vertex -14.7701 1.96254 0.389999
    endloop
  endfacet
  facet normal -0.240037 -0.970764 -0
    outer loop
      vertex -14.6165 1.92456 0.389999
      vertex -14.7701 1.96254 0
      vertex -14.6165 1.92456 0
    endloop
  endfacet
  facet normal -0.160446 -0.987045 0
    outer loop
      vertex -14.937 1.98967 0
      vertex -14.7701 1.96254 0.389999
      vertex -14.937 1.98967 0.389999
    endloop
  endfacet
  facet normal -0.160446 -0.987045 -0
    outer loop
      vertex -14.7701 1.96254 0.389999
      vertex -14.937 1.98967 0
      vertex -14.7701 1.96254 0
    endloop
  endfacet
  facet normal -0.0900272 -0.995939 0
    outer loop
      vertex -15.1171 2.00595 0
      vertex -14.937 1.98967 0.389999
      vertex -15.1171 2.00595 0.389999
    endloop
  endfacet
  facet normal -0.0900272 -0.995939 -0
    outer loop
      vertex -14.937 1.98967 0.389999
      vertex -15.1171 2.00595 0
      vertex -14.937 1.98967 0
    endloop
  endfacet
  facet normal -0.0280138 -0.999608 0
    outer loop
      vertex -15.3105 2.01137 0
      vertex -15.1171 2.00595 0.389999
      vertex -15.3105 2.01137 0.389999
    endloop
  endfacet
  facet normal -0.0280138 -0.999608 -0
    outer loop
      vertex -15.1171 2.00595 0.389999
      vertex -15.3105 2.01137 0
      vertex -15.1171 2.00595 0
    endloop
  endfacet
  facet normal 0.0225874 -0.999745 0
    outer loop
      vertex -15.4902 2.00731 0
      vertex -15.3105 2.01137 0.389999
      vertex -15.4902 2.00731 0.389999
    endloop
  endfacet
  facet normal 0.0225874 -0.999745 0
    outer loop
      vertex -15.3105 2.01137 0.389999
      vertex -15.4902 2.00731 0
      vertex -15.3105 2.01137 0
    endloop
  endfacet
  facet normal 0.0728324 -0.997344 0
    outer loop
      vertex -15.6574 1.9951 0
      vertex -15.4902 2.00731 0.389999
      vertex -15.6574 1.9951 0.389999
    endloop
  endfacet
  facet normal 0.0728324 -0.997344 0
    outer loop
      vertex -15.4902 2.00731 0.389999
      vertex -15.6574 1.9951 0
      vertex -15.4902 2.00731 0
    endloop
  endfacet
  facet normal 0.130339 -0.99147 0
    outer loop
      vertex -15.8122 1.97475 0
      vertex -15.6574 1.9951 0.389999
      vertex -15.8122 1.97475 0.389999
    endloop
  endfacet
  facet normal 0.130339 -0.99147 0
    outer loop
      vertex -15.6574 1.9951 0.389999
      vertex -15.8122 1.97475 0
      vertex -15.6574 1.9951 0
    endloop
  endfacet
  facet normal 0.196448 -0.980514 0
    outer loop
      vertex -15.9544 1.94626 0
      vertex -15.8122 1.97475 0.389999
      vertex -15.9544 1.94626 0.389999
    endloop
  endfacet
  facet normal 0.196448 -0.980514 0
    outer loop
      vertex -15.8122 1.97475 0.389999
      vertex -15.9544 1.94626 0
      vertex -15.8122 1.97475 0
    endloop
  endfacet
  facet normal 0.271721 -0.962376 0
    outer loop
      vertex -16.0841 1.90964 0
      vertex -15.9544 1.94626 0.389999
      vertex -16.0841 1.90964 0.389999
    endloop
  endfacet
  facet normal 0.271721 -0.962376 0
    outer loop
      vertex -15.9544 1.94626 0.389999
      vertex -16.0841 1.90964 0
      vertex -15.9544 1.94626 0
    endloop
  endfacet
  facet normal 0.356847 -0.934163 0
    outer loop
      vertex -16.2013 1.86487 0
      vertex -16.0841 1.90964 0.389999
      vertex -16.2013 1.86487 0.389999
    endloop
  endfacet
  facet normal 0.356847 -0.934163 0
    outer loop
      vertex -16.0841 1.90964 0.389999
      vertex -16.2013 1.86487 0
      vertex -16.0841 1.90964 0
    endloop
  endfacet
  facet normal 0.451304 -0.89237 0
    outer loop
      vertex -16.3059 1.81197 0
      vertex -16.2013 1.86487 0.389999
      vertex -16.3059 1.81197 0.389999
    endloop
  endfacet
  facet normal 0.451304 -0.89237 0
    outer loop
      vertex -16.2013 1.86487 0.389999
      vertex -16.3059 1.81197 0
      vertex -16.2013 1.86487 0
    endloop
  endfacet
  facet normal 0.55362 -0.83277 0
    outer loop
      vertex -16.4002 1.74928 0
      vertex -16.3059 1.81197 0.389999
      vertex -16.4002 1.74928 0.389999
    endloop
  endfacet
  facet normal 0.55362 -0.83277 0
    outer loop
      vertex -16.3059 1.81197 0.389999
      vertex -16.4002 1.74928 0
      vertex -16.3059 1.81197 0
    endloop
  endfacet
  facet normal 0.653822 -0.756648 0
    outer loop
      vertex -16.486 1.67514 0
      vertex -16.4002 1.74928 0.389999
      vertex -16.486 1.67514 0.389999
    endloop
  endfacet
  facet normal 0.653822 -0.756648 0
    outer loop
      vertex -16.4002 1.74928 0.389999
      vertex -16.486 1.67514 0
      vertex -16.4002 1.74928 0
    endloop
  endfacet
  facet normal 0.741741 -0.670686 0
    outer loop
      vertex -16.5634 1.58954 0.389999
      vertex -16.486 1.67514 0
      vertex -16.486 1.67514 0.389999
    endloop
  endfacet
  facet normal 0.741741 -0.670686 0
    outer loop
      vertex -16.486 1.67514 0
      vertex -16.5634 1.58954 0.389999
      vertex -16.5634 1.58954 0
    endloop
  endfacet
  facet normal 0.815489 -0.578772 0
    outer loop
      vertex -16.6323 1.49246 0.389999
      vertex -16.5634 1.58954 0
      vertex -16.5634 1.58954 0.389999
    endloop
  endfacet
  facet normal 0.815489 -0.578772 0
    outer loop
      vertex -16.5634 1.58954 0
      vertex -16.6323 1.49246 0.389999
      vertex -16.6323 1.49246 0
    endloop
  endfacet
  facet normal 0.873093 -0.487554 0
    outer loop
      vertex -16.6929 1.38394 0.389999
      vertex -16.6323 1.49246 0
      vertex -16.6323 1.49246 0.389999
    endloop
  endfacet
  facet normal 0.873093 -0.487554 0
    outer loop
      vertex -16.6323 1.49246 0
      vertex -16.6929 1.38394 0.389999
      vertex -16.6929 1.38394 0
    endloop
  endfacet
  facet normal 0.917252 -0.398307 0
    outer loop
      vertex -16.745 1.26396 0.389999
      vertex -16.6929 1.38394 0
      vertex -16.6929 1.38394 0.389999
    endloop
  endfacet
  facet normal 0.917252 -0.398307 0
    outer loop
      vertex -16.6929 1.38394 0
      vertex -16.745 1.26396 0.389999
      vertex -16.745 1.26396 0
    endloop
  endfacet
  facet normal 0.948698 -0.316184 0
    outer loop
      vertex -16.7888 1.13254 0.389999
      vertex -16.745 1.26396 0
      vertex -16.745 1.26396 0.389999
    endloop
  endfacet
  facet normal 0.948698 -0.316184 0
    outer loop
      vertex -16.745 1.26396 0
      vertex -16.7888 1.13254 0.389999
      vertex -16.7888 1.13254 0
    endloop
  endfacet
  facet normal 0.172905 0.984939 -0
    outer loop
      vertex -16.2788 1.04301 0
      vertex -16.7888 1.13254 0.389999
      vertex -16.2788 1.04301 0.389999
    endloop
  endfacet
  facet normal 0.172905 0.984939 0
    outer loop
      vertex -16.7888 1.13254 0.389999
      vertex -16.2788 1.04301 0
      vertex -16.7888 1.13254 0
    endloop
  endfacet
  facet normal -0.95104 0.309068 0
    outer loop
      vertex -16.2788 1.04301 0
      vertex -16.2517 1.1264 0.389999
      vertex -16.2517 1.1264 0
    endloop
  endfacet
  facet normal -0.95104 0.309068 0
    outer loop
      vertex -16.2517 1.1264 0.389999
      vertex -16.2788 1.04301 0
      vertex -16.2788 1.04301 0.389999
    endloop
  endfacet
  facet normal -0.91707 0.398726 0
    outer loop
      vertex -16.2517 1.1264 0
      vertex -16.2184 1.20299 0.389999
      vertex -16.2184 1.20299 0
    endloop
  endfacet
  facet normal -0.91707 0.398726 0
    outer loop
      vertex -16.2184 1.20299 0.389999
      vertex -16.2517 1.1264 0
      vertex -16.2517 1.1264 0.389999
    endloop
  endfacet
  facet normal -0.869712 0.49356 0
    outer loop
      vertex -16.2184 1.20299 0
      vertex -16.1788 1.27277 0.389999
      vertex -16.1788 1.27277 0
    endloop
  endfacet
  facet normal -0.869712 0.49356 0
    outer loop
      vertex -16.1788 1.27277 0.389999
      vertex -16.2184 1.20299 0
      vertex -16.2184 1.20299 0.389999
    endloop
  endfacet
  facet normal -0.809325 0.587361 0
    outer loop
      vertex -16.1788 1.27277 0
      vertex -16.1331 1.33574 0.389999
      vertex -16.1331 1.33574 0
    endloop
  endfacet
  facet normal -0.809325 0.587361 0
    outer loop
      vertex -16.1331 1.33574 0.389999
      vertex -16.1788 1.27277 0
      vertex -16.1788 1.27277 0.389999
    endloop
  endfacet
  facet normal -0.734352 0.678769 0
    outer loop
      vertex -16.1331 1.33574 0
      vertex -16.0812 1.39189 0.389999
      vertex -16.0812 1.39189 0
    endloop
  endfacet
  facet normal -0.734352 0.678769 0
    outer loop
      vertex -16.0812 1.39189 0.389999
      vertex -16.1331 1.33574 0
      vertex -16.1331 1.33574 0.389999
    endloop
  endfacet
  facet normal -0.647382 0.762166 0
    outer loop
      vertex -16.0231 1.44124 0
      vertex -16.0812 1.39189 0.389999
      vertex -16.0231 1.44124 0.389999
    endloop
  endfacet
  facet normal -0.647382 0.762166 0
    outer loop
      vertex -16.0812 1.39189 0.389999
      vertex -16.0231 1.44124 0
      vertex -16.0812 1.39189 0
    endloop
  endfacet
  facet normal -0.551167 0.834395 0
    outer loop
      vertex -15.9587 1.48378 0
      vertex -16.0231 1.44124 0.389999
      vertex -15.9587 1.48378 0.389999
    endloop
  endfacet
  facet normal -0.551167 0.834395 0
    outer loop
      vertex -16.0231 1.44124 0.389999
      vertex -15.9587 1.48378 0
      vertex -16.0231 1.44124 0
    endloop
  endfacet
  facet normal -0.45521 0.890384 0
    outer loop
      vertex -15.8876 1.52013 0
      vertex -15.9587 1.48378 0.389999
      vertex -15.8876 1.52013 0.389999
    endloop
  endfacet
  facet normal -0.45521 0.890384 0
    outer loop
      vertex -15.9587 1.48378 0.389999
      vertex -15.8876 1.52013 0
      vertex -15.9587 1.48378 0
    endloop
  endfacet
  facet normal -0.364632 0.931152 0
    outer loop
      vertex -15.8091 1.55087 0
      vertex -15.8876 1.52013 0.389999
      vertex -15.8091 1.55087 0.389999
    endloop
  endfacet
  facet normal -0.364632 0.931152 0
    outer loop
      vertex -15.8876 1.52013 0.389999
      vertex -15.8091 1.55087 0
      vertex -15.8876 1.52013 0
    endloop
  endfacet
  facet normal -0.280788 0.95977 0
    outer loop
      vertex -15.7231 1.57603 0
      vertex -15.8091 1.55087 0.389999
      vertex -15.7231 1.57603 0.389999
    endloop
  endfacet
  facet normal -0.280788 0.95977 0
    outer loop
      vertex -15.8091 1.55087 0.389999
      vertex -15.7231 1.57603 0
      vertex -15.8091 1.55087 0
    endloop
  endfacet
  facet normal -0.205176 0.978725 0
    outer loop
      vertex -15.6297 1.59561 0
      vertex -15.7231 1.57603 0.389999
      vertex -15.6297 1.59561 0.389999
    endloop
  endfacet
  facet normal -0.205176 0.978725 0
    outer loop
      vertex -15.7231 1.57603 0.389999
      vertex -15.6297 1.59561 0
      vertex -15.7231 1.57603 0
    endloop
  endfacet
  facet normal -0.137376 0.990519 0
    outer loop
      vertex -15.5289 1.60959 0
      vertex -15.6297 1.59561 0.389999
      vertex -15.5289 1.60959 0.389999
    endloop
  endfacet
  facet normal -0.137376 0.990519 0
    outer loop
      vertex -15.6297 1.59561 0.389999
      vertex -15.5289 1.60959 0
      vertex -15.6297 1.59561 0
    endloop
  endfacet
  facet normal -0.0773095 0.997007 0
    outer loop
      vertex -15.4207 1.61798 0
      vertex -15.5289 1.60959 0.389999
      vertex -15.4207 1.61798 0.389999
    endloop
  endfacet
  facet normal -0.0773095 0.997007 0
    outer loop
      vertex -15.5289 1.60959 0.389999
      vertex -15.4207 1.61798 0
      vertex -15.5289 1.60959 0
    endloop
  endfacet
  facet normal -0.0241071 0.999709 0
    outer loop
      vertex -15.305 1.62077 0
      vertex -15.4207 1.61798 0.389999
      vertex -15.305 1.62077 0.389999
    endloop
  endfacet
  facet normal -0.0241071 0.999709 0
    outer loop
      vertex -15.4207 1.61798 0.389999
      vertex -15.305 1.62077 0
      vertex -15.4207 1.61798 0
    endloop
  endfacet
  facet normal 0.0244196 0.999702 -0
    outer loop
      vertex -15.1785 1.61768 0
      vertex -15.305 1.62077 0.389999
      vertex -15.1785 1.61768 0.389999
    endloop
  endfacet
  facet normal 0.0244196 0.999702 0
    outer loop
      vertex -15.305 1.62077 0.389999
      vertex -15.1785 1.61768 0
      vertex -15.305 1.62077 0
    endloop
  endfacet
  facet normal 0.0788531 0.996886 -0
    outer loop
      vertex -15.0608 1.60837 0
      vertex -15.1785 1.61768 0.389999
      vertex -15.0608 1.60837 0.389999
    endloop
  endfacet
  facet normal 0.0788531 0.996886 0
    outer loop
      vertex -15.1785 1.61768 0.389999
      vertex -15.0608 1.60837 0
      vertex -15.1785 1.61768 0
    endloop
  endfacet
  facet normal 0.141128 0.989991 -0
    outer loop
      vertex -14.952 1.59286 0
      vertex -15.0608 1.60837 0.389999
      vertex -14.952 1.59286 0.389999
    endloop
  endfacet
  facet normal 0.141128 0.989991 0
    outer loop
      vertex -15.0608 1.60837 0.389999
      vertex -14.952 1.59286 0
      vertex -15.0608 1.60837 0
    endloop
  endfacet
  facet normal 0.211971 0.977276 -0
    outer loop
      vertex -14.852 1.57117 0
      vertex -14.952 1.59286 0.389999
      vertex -14.852 1.57117 0.389999
    endloop
  endfacet
  facet normal 0.211971 0.977276 0
    outer loop
      vertex -14.952 1.59286 0.389999
      vertex -14.852 1.57117 0
      vertex -14.952 1.59286 0
    endloop
  endfacet
  facet normal 0.292928 0.956135 -0
    outer loop
      vertex -14.7609 1.54326 0
      vertex -14.852 1.57117 0.389999
      vertex -14.7609 1.54326 0.389999
    endloop
  endfacet
  facet normal 0.292928 0.956135 0
    outer loop
      vertex -14.852 1.57117 0.389999
      vertex -14.7609 1.54326 0
      vertex -14.852 1.57117 0
    endloop
  endfacet
  facet normal 0.382781 0.923839 -0
    outer loop
      vertex -14.6786 1.50916 0
      vertex -14.7609 1.54326 0.389999
      vertex -14.6786 1.50916 0.389999
    endloop
  endfacet
  facet normal 0.382781 0.923839 0
    outer loop
      vertex -14.7609 1.54326 0.389999
      vertex -14.6786 1.50916 0
      vertex -14.7609 1.54326 0
    endloop
  endfacet
  facet normal 0.481277 0.876569 -0
    outer loop
      vertex -14.6052 1.46886 0
      vertex -14.6786 1.50916 0.389999
      vertex -14.6052 1.46886 0.389999
    endloop
  endfacet
  facet normal 0.481277 0.876569 0
    outer loop
      vertex -14.6786 1.50916 0.389999
      vertex -14.6052 1.46886 0
      vertex -14.6786 1.50916 0
    endloop
  endfacet
  facet normal 0.586781 0.809745 -0
    outer loop
      vertex -14.5411 1.42241 0
      vertex -14.6052 1.46886 0.389999
      vertex -14.5411 1.42241 0.389999
    endloop
  endfacet
  facet normal 0.586781 0.809745 0
    outer loop
      vertex -14.6052 1.46886 0.389999
      vertex -14.5411 1.42241 0
      vertex -14.6052 1.46886 0
    endloop
  endfacet
  facet normal 0.695889 0.718149 -0
    outer loop
      vertex -14.4869 1.36989 0
      vertex -14.5411 1.42241 0.389999
      vertex -14.4869 1.36989 0.389999
    endloop
  endfacet
  facet normal 0.695889 0.718149 0
    outer loop
      vertex -14.5411 1.42241 0.389999
      vertex -14.4869 1.36989 0
      vertex -14.5411 1.42241 0
    endloop
  endfacet
  facet normal 0.797856 0.602848 0
    outer loop
      vertex -14.4426 1.31126 0.389999
      vertex -14.4869 1.36989 0
      vertex -14.4869 1.36989 0.389999
    endloop
  endfacet
  facet normal 0.797856 0.602848 0
    outer loop
      vertex -14.4869 1.36989 0
      vertex -14.4426 1.31126 0.389999
      vertex -14.4426 1.31126 0
    endloop
  endfacet
  facet normal 0.882421 0.470461 0
    outer loop
      vertex -14.4081 1.24655 0.389999
      vertex -14.4426 1.31126 0
      vertex -14.4426 1.31126 0.389999
    endloop
  endfacet
  facet normal 0.882421 0.470461 0
    outer loop
      vertex -14.4426 1.31126 0
      vertex -14.4081 1.24655 0.389999
      vertex -14.4081 1.24655 0
    endloop
  endfacet
  facet normal 0.944576 0.328293 0
    outer loop
      vertex -14.3835 1.17577 0.389999
      vertex -14.4081 1.24655 0
      vertex -14.4081 1.24655 0.389999
    endloop
  endfacet
  facet normal 0.944576 0.328293 0
    outer loop
      vertex -14.4081 1.24655 0
      vertex -14.3835 1.17577 0.389999
      vertex -14.3835 1.17577 0
    endloop
  endfacet
  facet normal 0.981975 0.189013 0
    outer loop
      vertex -14.3687 1.09888 0.389999
      vertex -14.3835 1.17577 0
      vertex -14.3835 1.17577 0.389999
    endloop
  endfacet
  facet normal 0.981975 0.189013 0
    outer loop
      vertex -14.3835 1.17577 0
      vertex -14.3687 1.09888 0.389999
      vertex -14.3687 1.09888 0
    endloop
  endfacet
  facet normal 0.998261 0.0589477 0
    outer loop
      vertex -14.3638 1.0159 0.389999
      vertex -14.3687 1.09888 0
      vertex -14.3687 1.09888 0.389999
    endloop
  endfacet
  facet normal 0.998261 0.0589477 0
    outer loop
      vertex -14.3687 1.09888 0
      vertex -14.3638 1.0159 0.389999
      vertex -14.3638 1.0159 0
    endloop
  endfacet
  facet normal 0.999253 -0.0386409 0
    outer loop
      vertex -14.3657 0.966766 0.389999
      vertex -14.3638 1.0159 0
      vertex -14.3638 1.0159 0.389999
    endloop
  endfacet
  facet normal 0.999253 -0.0386409 0
    outer loop
      vertex -14.3638 1.0159 0
      vertex -14.3657 0.966766 0.389999
      vertex -14.3657 0.966766 0
    endloop
  endfacet
  facet normal 0.992617 -0.121295 0
    outer loop
      vertex -14.3714 0.92012 0.389999
      vertex -14.3657 0.966766 0
      vertex -14.3657 0.966766 0.389999
    endloop
  endfacet
  facet normal 0.992617 -0.121295 0
    outer loop
      vertex -14.3657 0.966766 0
      vertex -14.3714 0.92012 0.389999
      vertex -14.3714 0.92012 0
    endloop
  endfacet
  facet normal 0.977159 -0.212508 0
    outer loop
      vertex -14.381 0.875977 0.389999
      vertex -14.3714 0.92012 0
      vertex -14.3714 0.92012 0.389999
    endloop
  endfacet
  facet normal 0.977159 -0.212508 0
    outer loop
      vertex -14.3714 0.92012 0
      vertex -14.381 0.875977 0.389999
      vertex -14.381 0.875977 0
    endloop
  endfacet
  facet normal 0.952625 -0.304148 0
    outer loop
      vertex -14.3943 0.83432 0.389999
      vertex -14.381 0.875977 0
      vertex -14.381 0.875977 0.389999
    endloop
  endfacet
  facet normal 0.952625 -0.304148 0
    outer loop
      vertex -14.381 0.875977 0
      vertex -14.3943 0.83432 0.389999
      vertex -14.3943 0.83432 0
    endloop
  endfacet
  facet normal 0.915611 -0.402066 0
    outer loop
      vertex -14.4115 0.795151 0.389999
      vertex -14.3943 0.83432 0
      vertex -14.3943 0.83432 0.389999
    endloop
  endfacet
  facet normal 0.915611 -0.402066 0
    outer loop
      vertex -14.3943 0.83432 0
      vertex -14.4115 0.795151 0.389999
      vertex -14.4115 0.795151 0
    endloop
  endfacet
  facet normal 0.867847 -0.496832 0
    outer loop
      vertex -14.4325 0.758469 0.389999
      vertex -14.4115 0.795151 0
      vertex -14.4115 0.795151 0.389999
    endloop
  endfacet
  facet normal 0.867847 -0.496832 0
    outer loop
      vertex -14.4115 0.795151 0
      vertex -14.4325 0.758469 0.389999
      vertex -14.4325 0.758469 0
    endloop
  endfacet
  facet normal 0.809391 -0.58727 0
    outer loop
      vertex -14.4573 0.724289 0.389999
      vertex -14.4325 0.758469 0
      vertex -14.4325 0.758469 0.389999
    endloop
  endfacet
  facet normal 0.809391 -0.58727 0
    outer loop
      vertex -14.4325 0.758469 0
      vertex -14.4573 0.724289 0.389999
      vertex -14.4573 0.724289 0
    endloop
  endfacet
  facet normal 0.748931 -0.662648 0
    outer loop
      vertex -14.4858 0.692078 0.389999
      vertex -14.4573 0.724289 0
      vertex -14.4573 0.724289 0.389999
    endloop
  endfacet
  facet normal 0.748931 -0.662648 0
    outer loop
      vertex -14.4573 0.724289 0
      vertex -14.4858 0.692078 0.389999
      vertex -14.4858 0.692078 0
    endloop
  endfacet
  facet normal 0.695454 -0.71857 0
    outer loop
      vertex -14.5176 0.661301 0
      vertex -14.4858 0.692078 0.389999
      vertex -14.5176 0.661301 0.389999
    endloop
  endfacet
  facet normal 0.695454 -0.71857 0
    outer loop
      vertex -14.4858 0.692078 0.389999
      vertex -14.5176 0.661301 0
      vertex -14.4858 0.692078 0
    endloop
  endfacet
  facet normal 0.640309 -0.768118 0
    outer loop
      vertex -14.5528 0.631958 0
      vertex -14.5176 0.661301 0.389999
      vertex -14.5528 0.631958 0.389999
    endloop
  endfacet
  facet normal 0.640309 -0.768118 0
    outer loop
      vertex -14.5176 0.661301 0.389999
      vertex -14.5528 0.631958 0
      vertex -14.5176 0.661301 0
    endloop
  endfacet
  facet normal 0.586906 -0.809655 0
    outer loop
      vertex -14.5913 0.60405 0
      vertex -14.5528 0.631958 0.389999
      vertex -14.5913 0.60405 0.389999
    endloop
  endfacet
  facet normal 0.586906 -0.809655 0
    outer loop
      vertex -14.5528 0.631958 0.389999
      vertex -14.5913 0.60405 0
      vertex -14.5528 0.631958 0
    endloop
  endfacet
  facet normal 0.533023 -0.846101 0
    outer loop
      vertex -14.6333 0.577591 0
      vertex -14.5913 0.60405 0.389999
      vertex -14.6333 0.577591 0.389999
    endloop
  endfacet
  facet normal 0.533023 -0.846101 0
    outer loop
      vertex -14.5913 0.60405 0.389999
      vertex -14.6333 0.577591 0
      vertex -14.5913 0.60405 0
    endloop
  endfacet
  facet normal 0.483535 -0.875325 0
    outer loop
      vertex -14.6786 0.552567 0
      vertex -14.6333 0.577591 0.389999
      vertex -14.6786 0.552567 0.389999
    endloop
  endfacet
  facet normal 0.483535 -0.875325 0
    outer loop
      vertex -14.6333 0.577591 0.389999
      vertex -14.6786 0.552567 0
      vertex -14.6333 0.577591 0
    endloop
  endfacet
  facet normal 0.435957 -0.899967 0
    outer loop
      vertex -14.7273 0.528976 0
      vertex -14.6786 0.552567 0.389999
      vertex -14.7273 0.528976 0.389999
    endloop
  endfacet
  facet normal 0.435957 -0.899967 0
    outer loop
      vertex -14.6786 0.552567 0.389999
      vertex -14.7273 0.528976 0
      vertex -14.6786 0.552567 0
    endloop
  endfacet
  facet normal 0.379766 -0.925082 0
    outer loop
      vertex -14.7848 0.505371 0
      vertex -14.7273 0.528976 0.389999
      vertex -14.7848 0.505371 0.389999
    endloop
  endfacet
  facet normal 0.379766 -0.925082 0
    outer loop
      vertex -14.7273 0.528976 0.389999
      vertex -14.7848 0.505371 0
      vertex -14.7273 0.528976 0
    endloop
  endfacet
  facet normal 0.330011 -0.943977 0
    outer loop
      vertex -14.8566 0.48027 0
      vertex -14.7848 0.505371 0.389999
      vertex -14.8566 0.48027 0.389999
    endloop
  endfacet
  facet normal 0.330011 -0.943977 0
    outer loop
      vertex -14.7848 0.505371 0.389999
      vertex -14.8566 0.48027 0
      vertex -14.7848 0.505371 0
    endloop
  endfacet
  facet normal 0.295137 -0.955455 0
    outer loop
      vertex -14.9427 0.453674 0
      vertex -14.8566 0.48027 0.389999
      vertex -14.9427 0.453674 0.389999
    endloop
  endfacet
  facet normal 0.295137 -0.955455 0
    outer loop
      vertex -14.8566 0.48027 0.389999
      vertex -14.9427 0.453674 0
      vertex -14.8566 0.48027 0
    endloop
  endfacet
  facet normal 0.269692 -0.962947 0
    outer loop
      vertex -15.043 0.425583 0
      vertex -14.9427 0.453674 0.389999
      vertex -15.043 0.425583 0.389999
    endloop
  endfacet
  facet normal 0.269692 -0.962947 0
    outer loop
      vertex -14.9427 0.453674 0.389999
      vertex -15.043 0.425583 0
      vertex -14.9427 0.453674 0
    endloop
  endfacet
  facet normal 0.249775 -0.968304 0
    outer loop
      vertex -15.1577 0.395996 0
      vertex -15.043 0.425583 0.389999
      vertex -15.1577 0.395996 0.389999
    endloop
  endfacet
  facet normal 0.249775 -0.968304 0
    outer loop
      vertex -15.043 0.425583 0.389999
      vertex -15.1577 0.395996 0
      vertex -15.043 0.425583 0
    endloop
  endfacet
  facet normal 0.234414 -0.972137 0
    outer loop
      vertex -15.2866 0.364914 0
      vertex -15.1577 0.395996 0.389999
      vertex -15.2866 0.364914 0.389999
    endloop
  endfacet
  facet normal 0.234414 -0.972137 0
    outer loop
      vertex -15.1577 0.395996 0.389999
      vertex -15.2866 0.364914 0
      vertex -15.1577 0.395996 0
    endloop
  endfacet
  facet normal 0.221832 -0.975085 0
    outer loop
      vertex -15.4298 0.332336 0
      vertex -15.2866 0.364914 0.389999
      vertex -15.4298 0.332336 0.389999
    endloop
  endfacet
  facet normal 0.221832 -0.975085 0
    outer loop
      vertex -15.2866 0.364914 0.389999
      vertex -15.4298 0.332336 0
      vertex -15.2866 0.364914 0
    endloop
  endfacet
  facet normal 0.225341 -0.97428 0
    outer loop
      vertex -15.4802 0.320679 0
      vertex -15.4298 0.332336 0.389999
      vertex -15.4802 0.320679 0.389999
    endloop
  endfacet
  facet normal 0.225341 -0.97428 0
    outer loop
      vertex -15.4298 0.332336 0.389999
      vertex -15.4802 0.320679 0
      vertex -15.4298 0.332336 0
    endloop
  endfacet
  facet normal 0.227058 -0.973881 0
    outer loop
      vertex -15.5304 0.308975 0
      vertex -15.4802 0.320679 0.389999
      vertex -15.5304 0.308975 0.389999
    endloop
  endfacet
  facet normal 0.227058 -0.973881 0
    outer loop
      vertex -15.4802 0.320679 0.389999
      vertex -15.5304 0.308975 0
      vertex -15.4802 0.320679 0
    endloop
  endfacet
  facet normal 0.227731 -0.973724 0
    outer loop
      vertex -15.5807 0.297211 0
      vertex -15.5304 0.308975 0.389999
      vertex -15.5807 0.297211 0.389999
    endloop
  endfacet
  facet normal 0.227731 -0.973724 0
    outer loop
      vertex -15.5304 0.308975 0.389999
      vertex -15.5807 0.297211 0
      vertex -15.5304 0.308975 0
    endloop
  endfacet
  facet normal 0.229025 -0.97342 0
    outer loop
      vertex -15.6309 0.2854 0
      vertex -15.5807 0.297211 0.389999
      vertex -15.6309 0.2854 0.389999
    endloop
  endfacet
  facet normal 0.229025 -0.97342 0
    outer loop
      vertex -15.5807 0.297211 0.389999
      vertex -15.6309 0.2854 0
      vertex -15.5807 0.297211 0
    endloop
  endfacet
  facet normal 0.230562 -0.973058 0
    outer loop
      vertex -15.681 0.273529 0
      vertex -15.6309 0.2854 0.389999
      vertex -15.681 0.273529 0.389999
    endloop
  endfacet
  facet normal 0.230562 -0.973058 0
    outer loop
      vertex -15.6309 0.2854 0.389999
      vertex -15.681 0.273529 0
      vertex -15.6309 0.2854 0
    endloop
  endfacet
  facet normal 0.232122 -0.972687 0
    outer loop
      vertex -15.731 0.261597 0
      vertex -15.681 0.273529 0.389999
      vertex -15.731 0.261597 0.389999
    endloop
  endfacet
  facet normal 0.232122 -0.972687 0
    outer loop
      vertex -15.681 0.273529 0.389999
      vertex -15.731 0.261597 0
      vertex -15.681 0.273529 0
    endloop
  endfacet
  facet normal 0.232529 -0.97259 0
    outer loop
      vertex -15.7811 0.249619 0
      vertex -15.731 0.261597 0.389999
      vertex -15.7811 0.249619 0.389999
    endloop
  endfacet
  facet normal 0.232529 -0.97259 0
    outer loop
      vertex -15.731 0.261597 0.389999
      vertex -15.7811 0.249619 0
      vertex -15.731 0.261597 0
    endloop
  endfacet
  facet normal 0.241523 -0.970395 0
    outer loop
      vertex -15.8307 0.237274 0
      vertex -15.7811 0.249619 0.389999
      vertex -15.8307 0.237274 0.389999
    endloop
  endfacet
  facet normal 0.241523 -0.970395 0
    outer loop
      vertex -15.7811 0.249619 0.389999
      vertex -15.8307 0.237274 0
      vertex -15.7811 0.249619 0
    endloop
  endfacet
  facet normal 0.256241 -0.966613 0
    outer loop
      vertex -15.8798 0.224258 0
      vertex -15.8307 0.237274 0.389999
      vertex -15.8798 0.224258 0.389999
    endloop
  endfacet
  facet normal 0.256241 -0.966613 0
    outer loop
      vertex -15.8307 0.237274 0.389999
      vertex -15.8798 0.224258 0
      vertex -15.8307 0.237274 0
    endloop
  endfacet
  facet normal 0.271304 -0.962494 0
    outer loop
      vertex -15.9283 0.210587 0
      vertex -15.8798 0.224258 0.389999
      vertex -15.9283 0.210587 0.389999
    endloop
  endfacet
  facet normal 0.271304 -0.962494 0
    outer loop
      vertex -15.8798 0.224258 0.389999
      vertex -15.9283 0.210587 0
      vertex -15.8798 0.224258 0
    endloop
  endfacet
  facet normal 0.286871 -0.957969 0
    outer loop
      vertex -15.9762 0.196243 0
      vertex -15.9283 0.210587 0.389999
      vertex -15.9762 0.196243 0.389999
    endloop
  endfacet
  facet normal 0.286871 -0.957969 0
    outer loop
      vertex -15.9283 0.210587 0.389999
      vertex -15.9762 0.196243 0
      vertex -15.9283 0.210587 0
    endloop
  endfacet
  facet normal 0.302852 -0.953038 0
    outer loop
      vertex -16.0234 0.181244 0
      vertex -15.9762 0.196243 0.389999
      vertex -16.0234 0.181244 0.389999
    endloop
  endfacet
  facet normal 0.302852 -0.953038 0
    outer loop
      vertex -15.9762 0.196243 0.389999
      vertex -16.0234 0.181244 0
      vertex -15.9762 0.196243 0
    endloop
  endfacet
  facet normal 0.318473 -0.947932 0
    outer loop
      vertex -16.07 0.165588 0
      vertex -16.0234 0.181244 0.389999
      vertex -16.07 0.165588 0.389999
    endloop
  endfacet
  facet normal 0.318473 -0.947932 0
    outer loop
      vertex -16.0234 0.181244 0.389999
      vertex -16.07 0.165588 0
      vertex -16.0234 0.181244 0
    endloop
  endfacet
  facet normal 0.334118 -0.942531 0
    outer loop
      vertex -16.1161 0.149246 0
      vertex -16.07 0.165588 0.389999
      vertex -16.1161 0.149246 0.389999
    endloop
  endfacet
  facet normal 0.334118 -0.942531 0
    outer loop
      vertex -16.07 0.165588 0.389999
      vertex -16.1161 0.149246 0
      vertex -16.07 0.165588 0
    endloop
  endfacet
  facet normal 0.352689 -0.93574 0
    outer loop
      vertex -16.1614 0.132172 0
      vertex -16.1161 0.149246 0.389999
      vertex -16.1614 0.132172 0.389999
    endloop
  endfacet
  facet normal 0.352689 -0.93574 0
    outer loop
      vertex -16.1161 0.149246 0.389999
      vertex -16.1614 0.132172 0
      vertex -16.1161 0.149246 0
    endloop
  endfacet
  facet normal 0.373438 -0.927655 0
    outer loop
      vertex -16.2059 0.114258 0
      vertex -16.1614 0.132172 0.389999
      vertex -16.2059 0.114258 0.389999
    endloop
  endfacet
  facet normal 0.373438 -0.927655 0
    outer loop
      vertex -16.1614 0.132172 0.389999
      vertex -16.2059 0.114258 0
      vertex -16.1614 0.132172 0
    endloop
  endfacet
  facet normal 0.39485 -0.918746 0
    outer loop
      vertex -16.2495 0.09552 0
      vertex -16.2059 0.114258 0.389999
      vertex -16.2495 0.09552 0.389999
    endloop
  endfacet
  facet normal 0.39485 -0.918746 0
    outer loop
      vertex -16.2059 0.114258 0.389999
      vertex -16.2495 0.09552 0
      vertex -16.2059 0.114258 0
    endloop
  endfacet
  facet normal 0.415689 -0.909507 0
    outer loop
      vertex -16.2923 0.0759583 0
      vertex -16.2495 0.09552 0.389999
      vertex -16.2923 0.0759583 0.389999
    endloop
  endfacet
  facet normal 0.415689 -0.909507 0
    outer loop
      vertex -16.2495 0.09552 0.389999
      vertex -16.2923 0.0759583 0
      vertex -16.2495 0.09552 0
    endloop
  endfacet
  facet normal 0.436921 -0.8995 0
    outer loop
      vertex -16.3343 0.0555573 0
      vertex -16.2923 0.0759583 0.389999
      vertex -16.3343 0.0555573 0.389999
    endloop
  endfacet
  facet normal 0.436921 -0.8995 0
    outer loop
      vertex -16.2923 0.0759583 0.389999
      vertex -16.3343 0.0555573 0
      vertex -16.2923 0.0759583 0
    endloop
  endfacet
  facet normal 0.45823 -0.888833 0
    outer loop
      vertex -16.3755 0.034317 0
      vertex -16.3343 0.0555573 0.389999
      vertex -16.3755 0.034317 0.389999
    endloop
  endfacet
  facet normal 0.45823 -0.888833 0
    outer loop
      vertex -16.3343 0.0555573 0.389999
      vertex -16.3755 0.034317 0
      vertex -16.3343 0.0555573 0
    endloop
  endfacet
  facet normal 0.480233 -0.877141 0
    outer loop
      vertex -16.4158 0.0122528 0
      vertex -16.3755 0.034317 0.389999
      vertex -16.4158 0.0122528 0.389999
    endloop
  endfacet
  facet normal 0.480233 -0.877141 0
    outer loop
      vertex -16.3755 0.034317 0.389999
      vertex -16.4158 0.0122528 0
      vertex -16.3755 0.034317 0
    endloop
  endfacet
  facet normal 0.508965 -0.860787 0
    outer loop
      vertex -16.455 -0.0109253 0
      vertex -16.4158 0.0122528 0.389999
      vertex -16.455 -0.0109253 0.389999
    endloop
  endfacet
  facet normal 0.508965 -0.860787 0
    outer loop
      vertex -16.4158 0.0122528 0.389999
      vertex -16.455 -0.0109253 0
      vertex -16.4158 0.0122528 0
    endloop
  endfacet
  facet normal 0.547921 -0.83653 0
    outer loop
      vertex -16.4926 -0.035553 0
      vertex -16.455 -0.0109253 0.389999
      vertex -16.4926 -0.035553 0.389999
    endloop
  endfacet
  facet normal 0.547921 -0.83653 0
    outer loop
      vertex -16.455 -0.0109253 0.389999
      vertex -16.4926 -0.035553 0
      vertex -16.455 -0.0109253 0
    endloop
  endfacet
  facet normal 0.5845 -0.811394 0
    outer loop
      vertex -16.5288 -0.0616302 0
      vertex -16.4926 -0.035553 0.389999
      vertex -16.5288 -0.0616302 0.389999
    endloop
  endfacet
  facet normal 0.5845 -0.811394 0
    outer loop
      vertex -16.4926 -0.035553 0.389999
      vertex -16.5288 -0.0616302 0
      vertex -16.4926 -0.035553 0
    endloop
  endfacet
  facet normal 0.621269 -0.783598 0
    outer loop
      vertex -16.5635 -0.0891418 0
      vertex -16.5288 -0.0616302 0.389999
      vertex -16.5635 -0.0891418 0.389999
    endloop
  endfacet
  facet normal 0.621269 -0.783598 0
    outer loop
      vertex -16.5288 -0.0616302 0.389999
      vertex -16.5635 -0.0891418 0
      vertex -16.5288 -0.0616302 0
    endloop
  endfacet
  facet normal 0.657362 -0.753575 0
    outer loop
      vertex -16.5967 -0.118103 0
      vertex -16.5635 -0.0891418 0.389999
      vertex -16.5967 -0.118103 0.389999
    endloop
  endfacet
  facet normal 0.657362 -0.753575 0
    outer loop
      vertex -16.5635 -0.0891418 0.389999
      vertex -16.5967 -0.118103 0
      vertex -16.5635 -0.0891418 0
    endloop
  endfacet
  facet normal 0.692105 -0.721797 0
    outer loop
      vertex -16.6284 -0.148499 0
      vertex -16.5967 -0.118103 0.389999
      vertex -16.6284 -0.148499 0.389999
    endloop
  endfacet
  facet normal 0.692105 -0.721797 0
    outer loop
      vertex -16.5967 -0.118103 0.389999
      vertex -16.6284 -0.148499 0
      vertex -16.5967 -0.118103 0
    endloop
  endfacet
  facet normal 0.725427 -0.688299 0
    outer loop
      vertex -16.6586 -0.180328 0.389999
      vertex -16.6284 -0.148499 0
      vertex -16.6284 -0.148499 0.389999
    endloop
  endfacet
  facet normal 0.725427 -0.688299 0
    outer loop
      vertex -16.6284 -0.148499 0
      vertex -16.6586 -0.180328 0.389999
      vertex -16.6586 -0.180328 0
    endloop
  endfacet
  facet normal 0.760577 -0.649248 0
    outer loop
      vertex -16.6871 -0.213715 0.389999
      vertex -16.6586 -0.180328 0
      vertex -16.6586 -0.180328 0.389999
    endloop
  endfacet
  facet normal 0.760577 -0.649248 0
    outer loop
      vertex -16.6586 -0.180328 0
      vertex -16.6871 -0.213715 0.389999
      vertex -16.6871 -0.213715 0
    endloop
  endfacet
  facet normal 0.79535 -0.60615 0
    outer loop
      vertex -16.7138 -0.248749 0.389999
      vertex -16.6871 -0.213715 0
      vertex -16.6871 -0.213715 0.389999
    endloop
  endfacet
  facet normal 0.79535 -0.60615 0
    outer loop
      vertex -16.6871 -0.213715 0
      vertex -16.7138 -0.248749 0.389999
      vertex -16.7138 -0.248749 0
    endloop
  endfacet
  facet normal 0.827492 -0.561478 0
    outer loop
      vertex -16.7387 -0.285446 0.389999
      vertex -16.7138 -0.248749 0
      vertex -16.7138 -0.248749 0.389999
    endloop
  endfacet
  facet normal 0.827492 -0.561478 0
    outer loop
      vertex -16.7138 -0.248749 0
      vertex -16.7387 -0.285446 0.389999
      vertex -16.7387 -0.285446 0
    endloop
  endfacet
  facet normal 0.85667 -0.515865 0
    outer loop
      vertex -16.7618 -0.323807 0.389999
      vertex -16.7387 -0.285446 0
      vertex -16.7387 -0.285446 0.389999
    endloop
  endfacet
  facet normal 0.85667 -0.515865 0
    outer loop
      vertex -16.7387 -0.285446 0
      vertex -16.7618 -0.323807 0.389999
      vertex -16.7618 -0.323807 0
    endloop
  endfacet
  facet normal 0.883689 -0.468074 0
    outer loop
      vertex -16.783 -0.363831 0.389999
      vertex -16.7618 -0.323807 0
      vertex -16.7618 -0.323807 0.389999
    endloop
  endfacet
  facet normal 0.883689 -0.468074 0
    outer loop
      vertex -16.7618 -0.323807 0
      vertex -16.783 -0.363831 0.389999
      vertex -16.783 -0.363831 0
    endloop
  endfacet
  facet normal 0.906632 -0.421922 0
    outer loop
      vertex -16.8024 -0.405518 0.389999
      vertex -16.783 -0.363831 0
      vertex -16.783 -0.363831 0.389999
    endloop
  endfacet
  facet normal 0.906632 -0.421922 0
    outer loop
      vertex -16.783 -0.363831 0
      vertex -16.8024 -0.405518 0.389999
      vertex -16.8024 -0.405518 0
    endloop
  endfacet
  facet normal 0.926503 -0.376288 0
    outer loop
      vertex -16.82 -0.448853 0.389999
      vertex -16.8024 -0.405518 0
      vertex -16.8024 -0.405518 0.389999
    endloop
  endfacet
  facet normal 0.926503 -0.376288 0
    outer loop
      vertex -16.8024 -0.405518 0
      vertex -16.82 -0.448853 0.389999
      vertex -16.82 -0.448853 0
    endloop
  endfacet
  facet normal 0.946725 -0.322044 0
    outer loop
      vertex -16.8354 -0.494125 0.389999
      vertex -16.82 -0.448853 0
      vertex -16.82 -0.448853 0.389999
    endloop
  endfacet
  facet normal 0.946725 -0.322044 0
    outer loop
      vertex -16.82 -0.448853 0
      vertex -16.8354 -0.494125 0.389999
      vertex -16.8354 -0.494125 0
    endloop
  endfacet
  facet normal 0.964012 -0.265859 0
    outer loop
      vertex -16.8485 -0.541626 0.389999
      vertex -16.8354 -0.494125 0
      vertex -16.8354 -0.494125 0.389999
    endloop
  endfacet
  facet normal 0.964012 -0.265859 0
    outer loop
      vertex -16.8354 -0.494125 0
      vertex -16.8485 -0.541626 0.389999
      vertex -16.8485 -0.541626 0
    endloop
  endfacet
  facet normal 0.977206 -0.212295 0
    outer loop
      vertex -16.8593 -0.591339 0.389999
      vertex -16.8485 -0.541626 0
      vertex -16.8485 -0.541626 0.389999
    endloop
  endfacet
  facet normal 0.977206 -0.212295 0
    outer loop
      vertex -16.8485 -0.541626 0
      vertex -16.8593 -0.591339 0.389999
      vertex -16.8593 -0.591339 0
    endloop
  endfacet
  facet normal 0.987465 -0.157839 0
    outer loop
      vertex -16.8676 -0.643265 0.389999
      vertex -16.8593 -0.591339 0
      vertex -16.8593 -0.591339 0.389999
    endloop
  endfacet
  facet normal 0.987465 -0.157839 0
    outer loop
      vertex -16.8593 -0.591339 0
      vertex -16.8676 -0.643265 0.389999
      vertex -16.8676 -0.643265 0
    endloop
  endfacet
  facet normal 0.994114 -0.108339 0
    outer loop
      vertex -16.8735 -0.697403 0.389999
      vertex -16.8676 -0.643265 0
      vertex -16.8676 -0.643265 0.389999
    endloop
  endfacet
  facet normal 0.994114 -0.108339 0
    outer loop
      vertex -16.8676 -0.643265 0
      vertex -16.8735 -0.697403 0.389999
      vertex -16.8735 -0.697403 0
    endloop
  endfacet
  facet normal 0.997966 -0.0637553 0
    outer loop
      vertex -16.8771 -0.753754 0.389999
      vertex -16.8735 -0.697403 0
      vertex -16.8735 -0.697403 0.389999
    endloop
  endfacet
  facet normal 0.997966 -0.0637553 0
    outer loop
      vertex -16.8735 -0.697403 0
      vertex -16.8771 -0.753754 0.389999
      vertex -16.8771 -0.753754 0
    endloop
  endfacet
  facet normal 0.99979 -0.0204812 0
    outer loop
      vertex -16.8783 -0.812332 0.389999
      vertex -16.8771 -0.753754 0
      vertex -16.8771 -0.753754 0.389999
    endloop
  endfacet
  facet normal 0.99979 -0.0204812 0
    outer loop
      vertex -16.8771 -0.753754 0
      vertex -16.8783 -0.812332 0.389999
      vertex -16.8783 -0.812332 0
    endloop
  endfacet
  facet normal 0.998355 0.057339 0
    outer loop
      vertex -16.8699 -0.958588 0.389999
      vertex -16.8783 -0.812332 0
      vertex -16.8783 -0.812332 0.389999
    endloop
  endfacet
  facet normal 0.998355 0.057339 0
    outer loop
      vertex -16.8783 -0.812332 0
      vertex -16.8699 -0.958588 0.389999
      vertex -16.8699 -0.958588 0
    endloop
  endfacet
  facet normal 0.983125 0.182938 0
    outer loop
      vertex -16.8445 -1.09509 0.389999
      vertex -16.8699 -0.958588 0
      vertex -16.8699 -0.958588 0.389999
    endloop
  endfacet
  facet normal 0.983125 0.182938 0
    outer loop
      vertex -16.8699 -0.958588 0
      vertex -16.8445 -1.09509 0.389999
      vertex -16.8445 -1.09509 0
    endloop
  endfacet
  facet normal 0.948803 0.315868 0
    outer loop
      vertex -16.8023 -1.22185 0.389999
      vertex -16.8445 -1.09509 0
      vertex -16.8445 -1.09509 0.389999
    endloop
  endfacet
  facet normal 0.948803 0.315868 0
    outer loop
      vertex -16.8445 -1.09509 0
      vertex -16.8023 -1.22185 0.389999
      vertex -16.8023 -1.22185 0
    endloop
  endfacet
  facet normal 0.892635 0.45078 0
    outer loop
      vertex -16.7432 -1.33888 0.389999
      vertex -16.8023 -1.22185 0
      vertex -16.8023 -1.22185 0.389999
    endloop
  endfacet
  facet normal 0.892635 0.45078 0
    outer loop
      vertex -16.8023 -1.22185 0
      vertex -16.7432 -1.33888 0.389999
      vertex -16.7432 -1.33888 0
    endloop
  endfacet
  facet normal 0.815963 0.578104 0
    outer loop
      vertex -16.6672 -1.44615 0.389999
      vertex -16.7432 -1.33888 0
      vertex -16.7432 -1.33888 0.389999
    endloop
  endfacet
  facet normal 0.815963 0.578104 0
    outer loop
      vertex -16.7432 -1.33888 0
      vertex -16.6672 -1.44615 0.389999
      vertex -16.6672 -1.44615 0
    endloop
  endfacet
  facet normal 0.724526 0.689247 0
    outer loop
      vertex -16.5744 -1.5437 0.389999
      vertex -16.6672 -1.44615 0
      vertex -16.6672 -1.44615 0.389999
    endloop
  endfacet
  facet normal 0.724526 0.689247 0
    outer loop
      vertex -16.6672 -1.44615 0
      vertex -16.5744 -1.5437 0.389999
      vertex -16.5744 -1.5437 0
    endloop
  endfacet
  facet normal 0.624435 0.781077 -0
    outer loop
      vertex -16.4646 -1.63148 0
      vertex -16.5744 -1.5437 0.389999
      vertex -16.4646 -1.63148 0.389999
    endloop
  endfacet
  facet normal 0.624435 0.781077 0
    outer loop
      vertex -16.5744 -1.5437 0.389999
      vertex -16.4646 -1.63148 0
      vertex -16.5744 -1.5437 0
    endloop
  endfacet
  facet normal 0.524272 0.851551 -0
    outer loop
      vertex -16.3395 -1.7085 0
      vertex -16.4646 -1.63148 0.389999
      vertex -16.3395 -1.7085 0.389999
    endloop
  endfacet
  facet normal 0.524272 0.851551 0
    outer loop
      vertex -16.4646 -1.63148 0.389999
      vertex -16.3395 -1.7085 0
      vertex -16.4646 -1.63148 0
    endloop
  endfacet
  facet normal 0.424902 0.90524 -0
    outer loop
      vertex -16.2007 -1.77365 0
      vertex -16.3395 -1.7085 0.389999
      vertex -16.2007 -1.77365 0.389999
    endloop
  endfacet
  facet normal 0.424902 0.90524 0
    outer loop
      vertex -16.3395 -1.7085 0.389999
      vertex -16.2007 -1.77365 0
      vertex -16.3395 -1.7085 0
    endloop
  endfacet
  facet normal 0.329662 0.944099 -0
    outer loop
      vertex -16.048 -1.82697 0
      vertex -16.2007 -1.77365 0.389999
      vertex -16.048 -1.82697 0.389999
    endloop
  endfacet
  facet normal 0.329662 0.944099 0
    outer loop
      vertex -16.2007 -1.77365 0.389999
      vertex -16.048 -1.82697 0
      vertex -16.2007 -1.77365 0
    endloop
  endfacet
  facet normal 0.241712 0.970348 -0
    outer loop
      vertex -15.8816 -1.86842 0
      vertex -16.048 -1.82697 0.389999
      vertex -15.8816 -1.86842 0.389999
    endloop
  endfacet
  facet normal 0.241712 0.970348 0
    outer loop
      vertex -16.048 -1.82697 0.389999
      vertex -15.8816 -1.86842 0
      vertex -16.048 -1.82697 0
    endloop
  endfacet
  facet normal 0.162196 0.986758 -0
    outer loop
      vertex -15.7014 -1.89804 0
      vertex -15.8816 -1.86842 0.389999
      vertex -15.7014 -1.89804 0.389999
    endloop
  endfacet
  facet normal 0.162196 0.986758 0
    outer loop
      vertex -15.8816 -1.86842 0.389999
      vertex -15.7014 -1.89804 0
      vertex -15.8816 -1.86842 0
    endloop
  endfacet
  facet normal 0.0911652 0.995836 -0
    outer loop
      vertex -15.5074 -1.9158 0
      vertex -15.7014 -1.89804 0.389999
      vertex -15.5074 -1.9158 0.389999
    endloop
  endfacet
  facet normal 0.0911652 0.995836 0
    outer loop
      vertex -15.7014 -1.89804 0.389999
      vertex -15.5074 -1.9158 0
      vertex -15.7014 -1.89804 0
    endloop
  endfacet
  facet normal 0.0285735 0.999592 -0
    outer loop
      vertex -15.2996 -1.92174 0
      vertex -15.5074 -1.9158 0.389999
      vertex -15.2996 -1.92174 0.389999
    endloop
  endfacet
  facet normal 0.0285735 0.999592 0
    outer loop
      vertex -15.5074 -1.9158 0.389999
      vertex -15.2996 -1.92174 0
      vertex -15.5074 -1.9158 0
    endloop
  endfacet
  facet normal -0.0527656 0.998607 0
    outer loop
      vertex -14.9245 -1.90192 0
      vertex -15.2996 -1.92174 0.389999
      vertex -14.9245 -1.90192 0.389999
    endloop
  endfacet
  facet normal -0.0527656 0.998607 0
    outer loop
      vertex -15.2996 -1.92174 0.389999
      vertex -14.9245 -1.90192 0
      vertex -15.2996 -1.92174 0
    endloop
  endfacet
  facet normal 0 -1 0
    outer loop
      vertex -4.14714 1.95441 0
      vertex -3.62907 1.95441 0.389999
      vertex -4.14714 1.95441 0.389999
    endloop
  endfacet
  facet normal 0 -1 -0
    outer loop
      vertex -3.62907 1.95441 0.389999
      vertex -4.14714 1.95441 0
      vertex -3.62907 1.95441 0
    endloop
  endfacet
  facet normal 1 -0 0
    outer loop
      vertex -4.14714 -1.44434 0.389999
      vertex -4.14714 1.95441 0
      vertex -4.14714 1.95441 0.389999
    endloop
  endfacet
  facet normal 1 0 0
    outer loop
      vertex -4.14714 1.95441 0
      vertex -4.14714 -1.44434 0.389999
      vertex -4.14714 -1.44434 0
    endloop
  endfacet
  facet normal 0 -1 0
    outer loop
      vertex -6.07843 -1.44434 0
      vertex -4.14714 -1.44434 0.389999
      vertex -6.07843 -1.44434 0.389999
    endloop
  endfacet
  facet normal 0 -1 -0
    outer loop
      vertex -4.14714 -1.44434 0.389999
      vertex -6.07843 -1.44434 0
      vertex -4.14714 -1.44434 0
    endloop
  endfacet
  facet normal 1 -0 0
    outer loop
      vertex -6.07843 -1.86749 0.389999
      vertex -6.07843 -1.44434 0
      vertex -6.07843 -1.44434 0.389999
    endloop
  endfacet
  facet normal 1 0 0
    outer loop
      vertex -6.07843 -1.44434 0
      vertex -6.07843 -1.86749 0.389999
      vertex -6.07843 -1.86749 0
    endloop
  endfacet
  facet normal 0 1 -0
    outer loop
      vertex -3.62907 -1.86749 0
      vertex -6.07843 -1.86749 0.389999
      vertex -3.62907 -1.86749 0.389999
    endloop
  endfacet
  facet normal 0 1 0
    outer loop
      vertex -6.07843 -1.86749 0.389999
      vertex -3.62907 -1.86749 0
      vertex -6.07843 -1.86749 0
    endloop
  endfacet
  facet normal -1 0 0
    outer loop
      vertex -3.62907 -1.86749 0
      vertex -3.62907 1.95441 0.389999
      vertex -3.62907 1.95441 0
    endloop
  endfacet
  facet normal -1 -0 0
    outer loop
      vertex -3.62907 1.95441 0.389999
      vertex -3.62907 -1.86749 0
      vertex -3.62907 -1.86749 0.389999
    endloop
  endfacet
  facet normal 0 1 -0
    outer loop
      vertex -7.17801 -0.749939 0
      vertex -8.9194 -0.749939 0.389999
      vertex -7.17801 -0.749939 0.389999
    endloop
  endfacet
  facet normal 0 1 0
    outer loop
      vertex -8.9194 -0.749939 0.389999
      vertex -7.17801 -0.749939 0
      vertex -8.9194 -0.749939 0
    endloop
  endfacet
  facet normal 0.930637 0.365942 0
    outer loop
      vertex -6.73857 -1.86749 0.389999
      vertex -7.17801 -0.749939 0
      vertex -7.17801 -0.749939 0.389999
    endloop
  endfacet
  facet normal 0.930637 0.365942 0
    outer loop
      vertex -7.17801 -0.749939 0
      vertex -6.73857 -1.86749 0.389999
      vertex -6.73857 -1.86749 0
    endloop
  endfacet
  facet normal 0 1 -0
    outer loop
      vertex -6.20149 -1.86749 0
      vertex -6.73857 -1.86749 0.389999
      vertex -6.20149 -1.86749 0.389999
    endloop
  endfacet
  facet normal 0 1 0
    outer loop
      vertex -6.73857 -1.86749 0.389999
      vertex -6.20149 -1.86749 0
      vertex -6.73857 -1.86749 0
    endloop
  endfacet
  facet normal -0.925871 -0.377839 0
    outer loop
      vertex -6.20149 -1.86749 0
      vertex -7.76117 1.95441 0.389999
      vertex -7.76117 1.95441 0
    endloop
  endfacet
  facet normal -0.925871 -0.377839 0
    outer loop
      vertex -7.76117 1.95441 0.389999
      vertex -6.20149 -1.86749 0
      vertex -6.20149 -1.86749 0.389999
    endloop
  endfacet
  facet normal 0 -1 0
    outer loop
      vertex -8.34979 1.95441 0
      vertex -7.76117 1.95441 0.389999
      vertex -8.34979 1.95441 0.389999
    endloop
  endfacet
  facet normal 0 -1 -0
    outer loop
      vertex -7.76117 1.95441 0.389999
      vertex -8.34979 1.95441 0
      vertex -7.76117 1.95441 0
    endloop
  endfacet
  facet normal 0.92793 -0.372755 0
    outer loop
      vertex -9.88507 -1.86749 0.389999
      vertex -8.34979 1.95441 0
      vertex -8.34979 1.95441 0.389999
    endloop
  endfacet
  facet normal 0.92793 -0.372755 0
    outer loop
      vertex -8.34979 1.95441 0
      vertex -9.88507 -1.86749 0.389999
      vertex -9.88507 -1.86749 0
    endloop
  endfacet
  facet normal 0 1 -0
    outer loop
      vertex -9.35611 -1.86749 0
      vertex -9.88507 -1.86749 0.389999
      vertex -9.35611 -1.86749 0.389999
    endloop
  endfacet
  facet normal 0 1 0
    outer loop
      vertex -9.88507 -1.86749 0.389999
      vertex -9.35611 -1.86749 0
      vertex -9.88507 -1.86749 0
    endloop
  endfacet
  facet normal -0.93141 0.363971 0
    outer loop
      vertex -9.35611 -1.86749 0
      vertex -8.9194 -0.749939 0.389999
      vertex -8.9194 -0.749939 0
    endloop
  endfacet
  facet normal -0.93141 0.363971 0
    outer loop
      vertex -8.9194 -0.749939 0.389999
      vertex -9.35611 -1.86749 0
      vertex -9.35611 -1.86749 0.389999
    endloop
  endfacet
  facet normal -0.931889 0.362743 0
    outer loop
      vertex -8.7648 -0.345779 0
      vertex -8.27383 0.915527 0.389999
      vertex -8.27383 0.915527 0
    endloop
  endfacet
  facet normal -0.931889 0.362743 0
    outer loop
      vertex -8.27383 0.915527 0.389999
      vertex -8.7648 -0.345779 0
      vertex -8.7648 -0.345779 0.389999
    endloop
  endfacet
  facet normal -0.929061 0.369926 0
    outer loop
      vertex -8.27383 0.915527 0
      vertex -8.25214 0.970001 0.389999
      vertex -8.25214 0.970001 0
    endloop
  endfacet
  facet normal -0.929061 0.369926 0
    outer loop
      vertex -8.25214 0.970001 0.389999
      vertex -8.27383 0.915527 0
      vertex -8.27383 0.915527 0.389999
    endloop
  endfacet
  facet normal -0.933429 0.358763 0
    outer loop
      vertex -8.25214 0.970001 0
      vertex -8.23044 1.02646 0.389999
      vertex -8.23044 1.02646 0
    endloop
  endfacet
  facet normal -0.933429 0.358763 0
    outer loop
      vertex -8.23044 1.02646 0.389999
      vertex -8.25214 0.970001 0
      vertex -8.25214 0.970001 0.389999
    endloop
  endfacet
  facet normal -0.937497 0.347993 0
    outer loop
      vertex -8.23044 1.02646 0
      vertex -8.20874 1.08492 0.389999
      vertex -8.20874 1.08492 0
    endloop
  endfacet
  facet normal -0.937497 0.347993 0
    outer loop
      vertex -8.20874 1.08492 0.389999
      vertex -8.23044 1.02646 0
      vertex -8.23044 1.02646 0.389999
    endloop
  endfacet
  facet normal -0.941195 0.337865 0
    outer loop
      vertex -8.20874 1.08492 0
      vertex -8.18704 1.14537 0.389999
      vertex -8.18704 1.14537 0
    endloop
  endfacet
  facet normal -0.941195 0.337865 0
    outer loop
      vertex -8.18704 1.14537 0.389999
      vertex -8.20874 1.08492 0
      vertex -8.20874 1.08492 0.389999
    endloop
  endfacet
  facet normal -0.94455 0.328368 0
    outer loop
      vertex -8.18704 1.14537 0
      vertex -8.16534 1.20779 0.389999
      vertex -8.16534 1.20779 0
    endloop
  endfacet
  facet normal -0.94455 0.328368 0
    outer loop
      vertex -8.16534 1.20779 0.389999
      vertex -8.18704 1.14537 0
      vertex -8.18704 1.14537 0.389999
    endloop
  endfacet
  facet normal -0.947753 0.319006 0
    outer loop
      vertex -8.16534 1.20779 0
      vertex -8.14365 1.27223 0.389999
      vertex -8.14365 1.27223 0
    endloop
  endfacet
  facet normal -0.947753 0.319006 0
    outer loop
      vertex -8.14365 1.27223 0.389999
      vertex -8.16534 1.20779 0
      vertex -8.16534 1.20779 0.389999
    endloop
  endfacet
  facet normal -0.950598 0.310426 0
    outer loop
      vertex -8.14365 1.27223 0
      vertex -8.12196 1.33865 0.389999
      vertex -8.12196 1.33865 0
    endloop
  endfacet
  facet normal -0.950598 0.310426 0
    outer loop
      vertex -8.12196 1.33865 0.389999
      vertex -8.14365 1.27223 0
      vertex -8.14365 1.27223 0.389999
    endloop
  endfacet
  facet normal -0.950956 0.309327 0
    outer loop
      vertex -8.12196 1.33865 0
      vertex -8.04872 1.56381 0.389999
      vertex -8.04872 1.56381 0
    endloop
  endfacet
  facet normal -0.950956 0.309327 0
    outer loop
      vertex -8.04872 1.56381 0.389999
      vertex -8.12196 1.33865 0
      vertex -8.12196 1.33865 0.389999
    endloop
  endfacet
  facet normal 0.95194 0.306285 0
    outer loop
      vertex -8.02428 1.48785 0.389999
      vertex -8.04872 1.56381 0
      vertex -8.04872 1.56381 0.389999
    endloop
  endfacet
  facet normal 0.95194 0.306285 0
    outer loop
      vertex -8.04872 1.56381 0
      vertex -8.02428 1.48785 0.389999
      vertex -8.02428 1.48785 0
    endloop
  endfacet
  facet normal 0.955299 0.29564 0
    outer loop
      vertex -8.00357 1.42093 0.389999
      vertex -8.02428 1.48785 0
      vertex -8.02428 1.48785 0.389999
    endloop
  endfacet
  facet normal 0.955299 0.29564 0
    outer loop
      vertex -8.02428 1.48785 0
      vertex -8.00357 1.42093 0.389999
      vertex -8.00357 1.42093 0
    endloop
  endfacet
  facet normal 0.951468 0.307747 0
    outer loop
      vertex -7.98024 1.3488 0.389999
      vertex -8.00357 1.42093 0
      vertex -8.00357 1.42093 0.389999
    endloop
  endfacet
  facet normal 0.951468 0.307747 0
    outer loop
      vertex -8.00357 1.42093 0
      vertex -7.98024 1.3488 0.389999
      vertex -7.98024 1.3488 0
    endloop
  endfacet
  facet normal 0.947785 0.318911 0
    outer loop
      vertex -7.95422 1.27147 0.389999
      vertex -7.98024 1.3488 0
      vertex -7.98024 1.3488 0.389999
    endloop
  endfacet
  facet normal 0.947785 0.318911 0
    outer loop
      vertex -7.98024 1.3488 0
      vertex -7.95422 1.27147 0.389999
      vertex -7.95422 1.27147 0
    endloop
  endfacet
  facet normal 0.944602 0.328219 0
    outer loop
      vertex -7.92554 1.18893 0.389999
      vertex -7.95422 1.27147 0
      vertex -7.95422 1.27147 0.389999
    endloop
  endfacet
  facet normal 0.944602 0.328219 0
    outer loop
      vertex -7.95422 1.27147 0
      vertex -7.92554 1.18893 0.389999
      vertex -7.92554 1.18893 0
    endloop
  endfacet
  facet normal 0.941749 0.336316 0
    outer loop
      vertex -7.89421 1.1012 0.389999
      vertex -7.92554 1.18893 0
      vertex -7.92554 1.18893 0.389999
    endloop
  endfacet
  facet normal 0.941749 0.336316 0
    outer loop
      vertex -7.92554 1.18893 0
      vertex -7.89421 1.1012 0.389999
      vertex -7.89421 1.1012 0
    endloop
  endfacet
  facet normal 0.939155 0.343495 0
    outer loop
      vertex -7.86021 1.00824 0.389999
      vertex -7.89421 1.1012 0
      vertex -7.89421 1.1012 0.389999
    endloop
  endfacet
  facet normal 0.939155 0.343495 0
    outer loop
      vertex -7.89421 1.1012 0
      vertex -7.86021 1.00824 0.389999
      vertex -7.86021 1.00824 0
    endloop
  endfacet
  facet normal 0.936875 0.349664 0
    outer loop
      vertex -7.82358 0.910095 0.389999
      vertex -7.86021 1.00824 0
      vertex -7.86021 1.00824 0.389999
    endloop
  endfacet
  facet normal 0.936875 0.349664 0
    outer loop
      vertex -7.86021 1.00824 0
      vertex -7.82358 0.910095 0.389999
      vertex -7.82358 0.910095 0
    endloop
  endfacet
  facet normal 0.932041 0.362352 0
    outer loop
      vertex -7.33533 -0.345779 0.389999
      vertex -7.82358 0.910095 0
      vertex -7.82358 0.910095 0.389999
    endloop
  endfacet
  facet normal 0.932041 0.362352 0
    outer loop
      vertex -7.82358 0.910095 0
      vertex -7.33533 -0.345779 0.389999
      vertex -7.33533 -0.345779 0
    endloop
  endfacet
  facet normal 0 -1 0
    outer loop
      vertex -8.7648 -0.345779 0
      vertex -7.33533 -0.345779 0.389999
      vertex -8.7648 -0.345779 0.389999
    endloop
  endfacet
  facet normal 0 -1 -0
    outer loop
      vertex -7.33533 -0.345779 0.389999
      vertex -8.7648 -0.345779 0
      vertex -7.33533 -0.345779 0
    endloop
  endfacet
  facet normal -0.0479223 -0.699007 0.713507
    outer loop
      vertex 2.11364 3.13705 16.2762
      vertex 8.52643 3.56126 17.1225
      vertex 2.11337 3.13911 16.2782
    endloop
  endfacet
  facet normal -0.0464927 -0.706336 0.706348
    outer loop
      vertex 2.11364 3.13705 16.2762
      vertex 8.52643 2.43874 16
      vertex 8.52643 3.56126 17.1225
    endloop
  endfacet
  facet normal -0.0467934 -0.708307 0.704352
    outer loop
      vertex 8.52643 2.43874 16
      vertex 2.11364 3.13705 16.2762
      vertex 2.08203 3.13705 16.2741
    endloop
  endfacet
  facet normal -0.0464958 -0.706342 0.706342
    outer loop
      vertex 2.08203 3.13705 16.2741
      vertex 2.08203 2.86295 16
      vertex 8.52643 2.43874 16
    endloop
  endfacet
  facet normal -0.0464958 -0.706342 -0.706342
    outer loop
      vertex 8.52643 2.43874 16
      vertex 2.08203 2.86295 16
      vertex 2.08203 3.13705 15.7259
    endloop
  endfacet
  facet normal -1 0 0
    outer loop
      vertex 2.08203 3.13705 15.7259
      vertex 2.08203 2.86295 16
      vertex 2.08203 3.13705 16.2741
    endloop
  endfacet
  facet normal 1 0 0
    outer loop
      vertex 8.52643 3.56126 17.1225
      vertex 8.52643 2.43874 16
      vertex 8.52643 3.56126 14.8775
    endloop
  endfacet
  facet normal -0.0467934 -0.708307 -0.704352
    outer loop
      vertex 2.11364 3.13705 15.7238
      vertex 8.52643 2.43874 16
      vertex 2.08203 3.13705 15.7259
    endloop
  endfacet
  facet normal -0.0479223 -0.699007 -0.713507
    outer loop
      vertex 8.52643 3.56126 14.8775
      vertex 2.11364 3.13705 15.7238
      vertex 2.11337 3.13911 15.7218
    endloop
  endfacet
  facet normal -0.0464927 -0.706336 -0.706348
    outer loop
      vertex 2.11364 3.13705 15.7238
      vertex 8.52643 3.56126 14.8775
      vertex 8.52643 2.43874 16
    endloop
  endfacet
  facet normal -0.965925 -4.72128e-05 -0.258821
    outer loop
      vertex 2.01109 2.86295 16.5389
      vertex 1.94015 3.13705 16.8036
      vertex 2.08203 3.13705 16.2741
    endloop
  endfacet
  facet normal -0.227915 -0.705929 0.670611
    outer loop
      vertex 1.97014 3.13705 16.8138
      vertex 7.94536 3.56126 19.2911
      vertex 1.96935 3.13911 16.8157
    endloop
  endfacet
  facet normal -0.227727 -0.706351 0.670231
    outer loop
      vertex 7.94536 3.56126 19.2911
      vertex 1.97014 3.13705 16.8138
      vertex 8.23589 2.43874 18.2068
    endloop
  endfacet
  facet normal -0.227615 -0.707332 0.669233
    outer loop
      vertex 8.23589 2.43874 18.2068
      vertex 1.97014 3.13705 16.8138
      vertex 1.94015 3.13705 16.8036
    endloop
  endfacet
  facet normal -0.227738 -0.706268 0.670314
    outer loop
      vertex 8.23589 2.43874 18.2068
      vertex 1.94015 3.13705 16.8036
      vertex 2.01109 2.86295 16.5389
    endloop
  endfacet
  facet normal 0.137884 -0.706392 -0.694261
    outer loop
      vertex 8.23589 2.43874 18.2068
      vertex 2.01109 2.86295 16.5389
      vertex 2.08203 3.13705 16.2741
    endloop
  endfacet
  facet normal 0.965926 -4.30249e-06 0.258817
    outer loop
      vertex 8.52643 3.56126 17.1225
      vertex 7.94536 3.56126 19.2911
      vertex 8.23589 2.43874 18.2068
    endloop
  endfacet
  facet normal 0.137897 -0.706352 -0.6943
    outer loop
      vertex 8.23589 2.43874 18.2068
      vertex 2.1131 3.13705 16.2803
      vertex 8.52643 3.56126 17.1225
    endloop
  endfacet
  facet normal 0.139093 -0.703416 -0.697036
    outer loop
      vertex 2.1131 3.13705 16.2803
      vertex 8.23589 2.43874 18.2068
      vertex 2.08203 3.13705 16.2741
    endloop
  endfacet
  facet normal 0.137254 -0.715881 -0.684599
    outer loop
      vertex 8.52643 3.56126 17.1225
      vertex 2.1131 3.13705 16.2803
      vertex 2.11337 3.13911 16.2782
    endloop
  endfacet
  facet normal 0.312887 -0.706374 -0.634931
    outer loop
      vertex 7.3841 2.43874 20.2632
      vertex 1.80309 2.86295 17.041
      vertex 1.94015 3.13705 16.8036
    endloop
  endfacet
  facet normal -0.393427 -0.706366 0.58844
    outer loop
      vertex 7.3841 2.43874 20.2632
      vertex 1.66604 3.13705 17.2784
      vertex 1.80309 2.86295 17.041
    endloop
  endfacet
  facet normal -0.866038 1.57978e-05 -0.499978
    outer loop
      vertex 1.80309 2.86295 17.041
      vertex 1.66604 3.13705 17.2784
      vertex 1.94015 3.13705 16.8036
    endloop
  endfacet
  facet normal -0.39694 -0.701023 0.592458
    outer loop
      vertex 1.69237 3.13705 17.296
      vertex 6.82284 3.56126 21.2353
      vertex 1.69112 3.13911 17.2976
    endloop
  endfacet
  facet normal -0.393439 -0.706334 0.588471
    outer loop
      vertex 6.82284 3.56126 21.2353
      vertex 1.69237 3.13705 17.296
      vertex 7.3841 2.43874 20.2632
    endloop
  endfacet
  facet normal -0.393557 -0.70602 0.588769
    outer loop
      vertex 7.3841 2.43874 20.2632
      vertex 1.69237 3.13705 17.296
      vertex 1.66604 3.13705 17.2784
    endloop
  endfacet
  facet normal 0.86602 2.04729e-06 0.50001
    outer loop
      vertex 6.9412 3.56126 21.0303
      vertex 6.82284 3.56126 21.2353
      vertex 7.3841 2.43874 20.2632
    endloop
  endfacet
  facet normal 0.866018 7.81608e-16 0.500012
    outer loop
      vertex 7.827 3.56126 19.4961
      vertex 6.9412 3.56126 21.0303
      vertex 7.3841 2.43874 20.2632
    endloop
  endfacet
  facet normal 0.86602 -2.04729e-06 0.50001
    outer loop
      vertex 7.827 3.56126 19.4961
      vertex 7.3841 2.43874 20.2632
      vertex 7.94536 3.56126 19.2911
    endloop
  endfacet
  facet normal 0.312913 -0.706333 -0.634964
    outer loop
      vertex 7.3841 2.43874 20.2632
      vertex 1.96856 3.13705 16.8176
      vertex 7.94536 3.56126 19.2911
    endloop
  endfacet
  facet normal 0.31288 -0.706385 -0.634922
    outer loop
      vertex 1.96856 3.13705 16.8176
      vertex 7.3841 2.43874 20.2632
      vertex 1.94015 3.13705 16.8036
    endloop
  endfacet
  facet normal 0.313024 -0.70599 -0.63529
    outer loop
      vertex 7.94536 3.56126 19.2911
      vertex 1.96856 3.13705 16.8176
      vertex 1.96935 3.13911 16.8157
    endloop
  endfacet
  facet normal -0.70707 -2.77084e-16 -0.707143
    outer loop
      vertex 1.47222 2.86295 17.4722
      vertex 1.2784 3.13705 17.666
      vertex 1.66604 3.13705 17.2784
    endloop
  endfacet
  facet normal -0.536832 -0.700927 0.469588
    outer loop
      vertex 1.29928 3.13705 17.6899
      vertex 5.23535 3.56126 22.8228
      vertex 1.29764 3.13911 17.6911
    endloop
  endfacet
  facet normal -0.532341 -0.706333 0.466591
    outer loop
      vertex 5.23535 3.56126 22.8228
      vertex 1.29928 3.13705 17.6899
      vertex 6.02909 2.43874 22.0291
    endloop
  endfacet
  facet normal -0.529178 -0.711505 0.462311
    outer loop
      vertex 6.02909 2.43874 22.0291
      vertex 1.29928 3.13705 17.6899
      vertex 1.2784 3.13705 17.666
    endloop
  endfacet
  facet normal -0.532347 -0.706329 0.46659
    outer loop
      vertex 6.02909 2.43874 22.0291
      vertex 1.2784 3.13705 17.666
      vertex 1.47222 2.86295 17.4722
    endloop
  endfacet
  facet normal 0.466595 -0.706326 -0.532346
    outer loop
      vertex 6.02909 2.43874 22.0291
      vertex 1.47222 2.86295 17.4722
      vertex 1.66604 3.13705 17.2784
    endloop
  endfacet
  facet normal 0.707109 2.83467e-05 0.707105
    outer loop
      vertex 6.82284 3.56126 21.2353
      vertex 5.23535 3.56126 22.8228
      vertex 6.02909 2.43874 22.0291
    endloop
  endfacet
  facet normal 0.466568 -0.706358 -0.532328
    outer loop
      vertex 6.02909 2.43874 22.0291
      vertex 1.68986 3.13705 17.2993
      vertex 6.82284 3.56126 21.2353
    endloop
  endfacet
  facet normal 0.467995 -0.704619 -0.53338
    outer loop
      vertex 1.68986 3.13705 17.2993
      vertex 6.02909 2.43874 22.0291
      vertex 1.66604 3.13705 17.2784
    endloop
  endfacet
  facet normal 0.461492 -0.715312 -0.524742
    outer loop
      vertex 6.82284 3.56126 21.2353
      vertex 1.68986 3.13705 17.2993
      vertex 1.69112 3.13911 17.2976
    endloop
  endfacet
  facet normal 0.588428 -0.70638 -0.39342
    outer loop
      vertex 4.26321 2.43874 23.3841
      vertex 1.04102 2.86295 17.8031
      vertex 1.2784 3.13705 17.666
    endloop
  endfacet
  facet normal -0.634975 -0.706322 0.312915
    outer loop
      vertex 4.26321 2.43874 23.3841
      vertex 0.803635 3.13705 17.9401
      vertex 1.04102 2.86295 17.8031
    endloop
  endfacet
  facet normal -0.499992 -0.000162537 -0.86603
    outer loop
      vertex 1.04102 2.86295 17.8031
      vertex 0.803635 3.13705 17.9401
      vertex 1.2784 3.13705 17.666
    endloop
  endfacet
  facet normal -0.640926 -0.700026 0.314926
    outer loop
      vertex 0.817636 3.13705 17.9686
      vertex 3.29108 3.56126 23.9454
      vertex 0.81573 3.13911 17.9693
    endloop
  endfacet
  facet normal -0.634953 -0.706347 0.312903
    outer loop
      vertex 3.29108 3.56126 23.9454
      vertex 0.817636 3.13705 17.9686
      vertex 4.26321 2.43874 23.3841
    endloop
  endfacet
  facet normal -0.631763 -0.710317 0.310362
    outer loop
      vertex 4.26321 2.43874 23.3841
      vertex 0.817636 3.13705 17.9686
      vertex 0.803635 3.13705 17.9401
    endloop
  endfacet
  facet normal 0.500003 -1.11656e-16 0.866024
    outer loop
      vertex 5.03033 3.56126 22.9412
      vertex 3.49609 3.56126 23.827
      vertex 4.26321 2.43874 23.3841
    endloop
  endfacet
  facet normal 0.5001 -8.89903e-05 0.865968
    outer loop
      vertex 5.03033 3.56126 22.9412
      vertex 4.26321 2.43874 23.3841
      vertex 5.23535 3.56126 22.8228
    endloop
  endfacet
  facet normal 0.588453 -0.706351 -0.393435
    outer loop
      vertex 4.26321 2.43874 23.3841
      vertex 1.296 3.13705 17.6924
      vertex 5.23535 3.56126 22.8228
    endloop
  endfacet
  facet normal 0.592572 -0.701994 -0.395048
    outer loop
      vertex 1.296 3.13705 17.6924
      vertex 4.26321 2.43874 23.3841
      vertex 1.2784 3.13705 17.666
    endloop
  endfacet
  facet normal 0.58454 -0.711483 -0.390007
    outer loop
      vertex 5.23535 3.56126 22.8228
      vertex 1.296 3.13705 17.6924
      vertex 1.29764 3.13911 17.6911
    endloop
  endfacet
  facet normal 0.500119 0.00010566 0.865957
    outer loop
      vertex 3.49609 3.56126 23.827
      vertex 3.29108 3.56126 23.9454
      vertex 4.26321 2.43874 23.3841
    endloop
  endfacet
  facet normal -0.258987 -2.5052e-05 -0.965881
    outer loop
      vertex 0.339697 3.06915 18.0645
      vertex 0.803635 3.13705 17.9401
      vertex 0.53887 2.86295 18.0111
    endloop
  endfacet
  facet normal -0.25899 0 -0.96588
    outer loop
      vertex 0.803635 3.13705 17.9401
      vertex 0.339697 3.06915 18.0645
      vertex 0.339697 3.13705 18.0645
    endloop
  endfacet
  facet normal -0.69431 -0.70634 0.137906
    outer loop
      vertex 0.27969 3.13984 18.1245
      vertex 2.2068 2.43874 24.2359
      vertex 1.12253 3.56126 24.5264
    endloop
  endfacet
  facet normal -0.693794 -0.706891 0.13768
    outer loop
      vertex 2.2068 2.43874 24.2359
      vertex 0.27969 3.13984 18.1245
      vertex 0.28558 3.13291 18.1186
    endloop
  endfacet
  facet normal -0.694281 -0.706354 0.13798
    outer loop
      vertex 0.53887 2.86295 18.0111
      vertex 0.28558 3.13291 18.1186
      vertex 0.339697 3.06915 18.0645
    endloop
  endfacet
  facet normal -0.694305 -0.706345 0.137902
    outer loop
      vertex 0.28558 3.13291 18.1186
      vertex 0.53887 2.86295 18.0111
      vertex 2.2068 2.43874 24.2359
    endloop
  endfacet
  facet normal 0.670211 -0.706372 -0.22772
    outer loop
      vertex 2.2068 2.43874 24.2359
      vertex 0.53887 2.86295 18.0111
      vertex 0.803635 3.13705 17.9401
    endloop
  endfacet
  facet normal 0.258794 -1.15273e-06 0.965933
    outer loop
      vertex 3.29108 3.56126 23.9454
      vertex 1.12253 3.56126 24.5264
      vertex 2.2068 2.43874 24.2359
    endloop
  endfacet
  facet normal 0.670241 -0.706342 -0.227724
    outer loop
      vertex 2.2068 2.43874 24.2359
      vertex 0.813824 3.13705 17.9701
      vertex 3.29108 3.56126 23.9454
    endloop
  endfacet
  facet normal 0.670629 -0.705959 -0.227768
    outer loop
      vertex 0.813824 3.13705 17.9701
      vertex 2.2068 2.43874 24.2359
      vertex 0.803635 3.13705 17.9401
    endloop
  endfacet
  facet normal 0.669238 -0.707452 -0.22723
    outer loop
      vertex 3.29108 3.56126 23.9454
      vertex 0.813824 3.13705 17.9701
      vertex 0.81573 3.13911 17.9693
    endloop
  endfacet
  facet normal -0.706339 -0.706345 -0.0464966
    outer loop
      vertex -1.12253 3.56126 24.5264
      vertex -0.271971 3.13162 18.1322
      vertex 0 2.43874 24.5264
    endloop
  endfacet
  facet normal -0.706106 -0.706581 -0.0464498
    outer loop
      vertex -0.271971 3.13162 18.1322
      vertex -1.12253 3.56126 24.5264
      vertex -0.27969 3.13984 18.1245
    endloop
  endfacet
  facet normal -0.706348 -0.706336 -0.0464953
    outer loop
      vertex 0 2.43874 24.5264
      vertex -0.271971 3.13162 18.1322
      vertex 0 2.84174 18.4042
    endloop
  endfacet
  facet normal 0.706348 -0.706336 -0.0464953
    outer loop
      vertex 0.271971 3.13162 18.1322
      vertex 0 2.43874 24.5264
      vertex 0 2.84174 18.4042
    endloop
  endfacet
  facet normal 0 0 1
    outer loop
      vertex 1.12253 3.56126 24.5264
      vertex -1.12253 3.56126 24.5264
      vertex 0 2.43874 24.5264
    endloop
  endfacet
  facet normal 0.706339 -0.706345 -0.0464966
    outer loop
      vertex 0.271971 3.13162 18.1322
      vertex 1.12253 3.56126 24.5264
      vertex 0 2.43874 24.5264
    endloop
  endfacet
  facet normal 0.706106 -0.706581 -0.0464498
    outer loop
      vertex 1.12253 3.56126 24.5264
      vertex 0.271971 3.13162 18.1322
      vertex 0.27969 3.13984 18.1245
    endloop
  endfacet
  facet normal 0.258987 -2.5052e-05 -0.965881
    outer loop
      vertex -0.803635 3.13705 17.9401
      vertex -0.339697 3.06915 18.0645
      vertex -0.53887 2.86295 18.0111
    endloop
  endfacet
  facet normal 0.25899 0 -0.96588
    outer loop
      vertex -0.339697 3.06915 18.0645
      vertex -0.803635 3.13705 17.9401
      vertex -0.339697 3.13705 18.0645
    endloop
  endfacet
  facet normal -0.669238 -0.707452 -0.22723
    outer loop
      vertex -3.29108 3.56126 23.9454
      vertex -0.81573 3.13911 17.9693
      vertex -0.813824 3.13705 17.9701
    endloop
  endfacet
  facet normal -0.670241 -0.706342 -0.227724
    outer loop
      vertex -0.813824 3.13705 17.9701
      vertex -2.2068 2.43874 24.2359
      vertex -3.29108 3.56126 23.9454
    endloop
  endfacet
  facet normal -0.670629 -0.705959 -0.227768
    outer loop
      vertex -2.2068 2.43874 24.2359
      vertex -0.813824 3.13705 17.9701
      vertex -0.803635 3.13705 17.9401
    endloop
  endfacet
  facet normal -0.670211 -0.706372 -0.22772
    outer loop
      vertex -0.53887 2.86295 18.0111
      vertex -2.2068 2.43874 24.2359
      vertex -0.803635 3.13705 17.9401
    endloop
  endfacet
  facet normal 0.694305 -0.706345 0.137902
    outer loop
      vertex -0.53887 2.86295 18.0111
      vertex -0.28558 3.13291 18.1186
      vertex -2.2068 2.43874 24.2359
    endloop
  endfacet
  facet normal 0.694281 -0.706354 0.13798
    outer loop
      vertex -0.28558 3.13291 18.1186
      vertex -0.53887 2.86295 18.0111
      vertex -0.339697 3.06915 18.0645
    endloop
  endfacet
  facet normal -0.258794 -1.15273e-06 0.965933
    outer loop
      vertex -1.12253 3.56126 24.5264
      vertex -3.29108 3.56126 23.9454
      vertex -2.2068 2.43874 24.2359
    endloop
  endfacet
  facet normal 0.69431 -0.70634 0.137906
    outer loop
      vertex -2.2068 2.43874 24.2359
      vertex -0.27969 3.13984 18.1245
      vertex -1.12253 3.56126 24.5264
    endloop
  endfacet
  facet normal 0.693794 -0.706891 0.13768
    outer loop
      vertex -0.27969 3.13984 18.1245
      vertex -2.2068 2.43874 24.2359
      vertex -0.28558 3.13291 18.1186
    endloop
  endfacet
  facet normal 0.634975 -0.706322 0.312915
    outer loop
      vertex -0.803635 3.13705 17.9401
      vertex -4.26321 2.43874 23.3841
      vertex -1.04102 2.86295 17.8031
    endloop
  endfacet
  facet normal -0.588428 -0.70638 -0.39342
    outer loop
      vertex -1.04102 2.86295 17.8031
      vertex -4.26321 2.43874 23.3841
      vertex -1.2784 3.13705 17.666
    endloop
  endfacet
  facet normal 0.499992 -0.000162537 -0.86603
    outer loop
      vertex -1.04102 2.86295 17.8031
      vertex -1.2784 3.13705 17.666
      vertex -0.803635 3.13705 17.9401
    endloop
  endfacet
  facet normal -0.58454 -0.711483 -0.390007
    outer loop
      vertex -5.23535 3.56126 22.8228
      vertex -1.29764 3.13911 17.6911
      vertex -1.296 3.13705 17.6924
    endloop
  endfacet
  facet normal -0.588453 -0.706351 -0.393435
    outer loop
      vertex -1.296 3.13705 17.6924
      vertex -4.26321 2.43874 23.3841
      vertex -5.23535 3.56126 22.8228
    endloop
  endfacet
  facet normal -0.592572 -0.701994 -0.395048
    outer loop
      vertex -4.26321 2.43874 23.3841
      vertex -1.296 3.13705 17.6924
      vertex -1.2784 3.13705 17.666
    endloop
  endfacet
  facet normal -0.5001 -8.89903e-05 0.865968
    outer loop
      vertex -5.03033 3.56126 22.9412
      vertex -5.23535 3.56126 22.8228
      vertex -4.26321 2.43874 23.3841
    endloop
  endfacet
  facet normal -0.500003 -5.58281e-17 0.866024
    outer loop
      vertex -3.49609 3.56126 23.827
      vertex -5.03033 3.56126 22.9412
      vertex -4.26321 2.43874 23.3841
    endloop
  endfacet
  facet normal -0.500119 0.00010566 0.865957
    outer loop
      vertex -3.49609 3.56126 23.827
      vertex -4.26321 2.43874 23.3841
      vertex -3.29108 3.56126 23.9454
    endloop
  endfacet
  facet normal 0.634953 -0.706347 0.312903
    outer loop
      vertex -0.817636 3.13705 17.9686
      vertex -3.29108 3.56126 23.9454
      vertex -4.26321 2.43874 23.3841
    endloop
  endfacet
  facet normal 0.640926 -0.700026 0.314926
    outer loop
      vertex -3.29108 3.56126 23.9454
      vertex -0.817636 3.13705 17.9686
      vertex -0.81573 3.13911 17.9693
    endloop
  endfacet
  facet normal 0.631763 -0.710317 0.310362
    outer loop
      vertex -0.817636 3.13705 17.9686
      vertex -4.26321 2.43874 23.3841
      vertex -0.803635 3.13705 17.9401
    endloop
  endfacet
  facet normal 0.70707 -2.77084e-16 -0.707143
    outer loop
      vertex -1.47222 2.86295 17.4722
      vertex -1.66604 3.13705 17.2784
      vertex -1.2784 3.13705 17.666
    endloop
  endfacet
  facet normal -0.461492 -0.715312 -0.524742
    outer loop
      vertex -6.82284 3.56126 21.2353
      vertex -1.69112 3.13911 17.2976
      vertex -1.68986 3.13705 17.2993
    endloop
  endfacet
  facet normal -0.466568 -0.706358 -0.532328
    outer loop
      vertex -1.68986 3.13705 17.2993
      vertex -6.02909 2.43874 22.0291
      vertex -6.82284 3.56126 21.2353
    endloop
  endfacet
  facet normal -0.467995 -0.704619 -0.53338
    outer loop
      vertex -6.02909 2.43874 22.0291
      vertex -1.68986 3.13705 17.2993
      vertex -1.66604 3.13705 17.2784
    endloop
  endfacet
  facet normal -0.466595 -0.706326 -0.532346
    outer loop
      vertex -1.47222 2.86295 17.4722
      vertex -6.02909 2.43874 22.0291
      vertex -1.66604 3.13705 17.2784
    endloop
  endfacet
  facet normal 0.532347 -0.706329 0.46659
    outer loop
      vertex -1.2784 3.13705 17.666
      vertex -6.02909 2.43874 22.0291
      vertex -1.47222 2.86295 17.4722
    endloop
  endfacet
  facet normal -0.707109 2.83467e-05 0.707105
    outer loop
      vertex -5.23535 3.56126 22.8228
      vertex -6.82284 3.56126 21.2353
      vertex -6.02909 2.43874 22.0291
    endloop
  endfacet
  facet normal 0.532341 -0.706333 0.466591
    outer loop
      vertex -1.29928 3.13705 17.6899
      vertex -5.23535 3.56126 22.8228
      vertex -6.02909 2.43874 22.0291
    endloop
  endfacet
  facet normal 0.536832 -0.700927 0.469588
    outer loop
      vertex -5.23535 3.56126 22.8228
      vertex -1.29928 3.13705 17.6899
      vertex -1.29764 3.13911 17.6911
    endloop
  endfacet
  facet normal 0.529178 -0.711505 0.462311
    outer loop
      vertex -1.29928 3.13705 17.6899
      vertex -6.02909 2.43874 22.0291
      vertex -1.2784 3.13705 17.666
    endloop
  endfacet
  facet normal 0.393427 -0.706366 0.58844
    outer loop
      vertex -1.66604 3.13705 17.2784
      vertex -7.3841 2.43874 20.2632
      vertex -1.80309 2.86295 17.041
    endloop
  endfacet
  facet normal -0.312887 -0.706374 -0.634931
    outer loop
      vertex -1.80309 2.86295 17.041
      vertex -7.3841 2.43874 20.2632
      vertex -1.94015 3.13705 16.8036
    endloop
  endfacet
  facet normal 0.866038 1.57978e-05 -0.499978
    outer loop
      vertex -1.80309 2.86295 17.041
      vertex -1.94015 3.13705 16.8036
      vertex -1.66604 3.13705 17.2784
    endloop
  endfacet
  facet normal -0.313024 -0.70599 -0.63529
    outer loop
      vertex -7.94536 3.56126 19.2911
      vertex -1.96935 3.13911 16.8157
      vertex -1.96856 3.13705 16.8176
    endloop
  endfacet
  facet normal -0.312913 -0.706333 -0.634964
    outer loop
      vertex -1.96856 3.13705 16.8176
      vertex -7.3841 2.43874 20.2632
      vertex -7.94536 3.56126 19.2911
    endloop
  endfacet
  facet normal -0.31288 -0.706385 -0.634922
    outer loop
      vertex -7.3841 2.43874 20.2632
      vertex -1.96856 3.13705 16.8176
      vertex -1.94015 3.13705 16.8036
    endloop
  endfacet
  facet normal -0.866018 8.37438e-16 0.500012
    outer loop
      vertex -6.9412 3.56126 21.0303
      vertex -7.827 3.56126 19.4961
      vertex -7.3841 2.43874 20.2632
    endloop
  endfacet
  facet normal -0.86602 2.04729e-06 0.50001
    outer loop
      vertex -6.9412 3.56126 21.0303
      vertex -7.3841 2.43874 20.2632
      vertex -6.82284 3.56126 21.2353
    endloop
  endfacet
  facet normal 0.393439 -0.706334 0.588471
    outer loop
      vertex -1.69237 3.13705 17.296
      vertex -6.82284 3.56126 21.2353
      vertex -7.3841 2.43874 20.2632
    endloop
  endfacet
  facet normal 0.39694 -0.701023 0.592458
    outer loop
      vertex -6.82284 3.56126 21.2353
      vertex -1.69237 3.13705 17.296
      vertex -1.69112 3.13911 17.2976
    endloop
  endfacet
  facet normal 0.393557 -0.70602 0.588769
    outer loop
      vertex -1.69237 3.13705 17.296
      vertex -7.3841 2.43874 20.2632
      vertex -1.66604 3.13705 17.2784
    endloop
  endfacet
  facet normal -0.86602 -2.04729e-06 0.50001
    outer loop
      vertex -7.827 3.56126 19.4961
      vertex -7.94536 3.56126 19.2911
      vertex -7.3841 2.43874 20.2632
    endloop
  endfacet
  facet normal 0.965925 -4.72128e-05 -0.258821
    outer loop
      vertex -2.01109 2.86295 16.5389
      vertex -2.08203 3.13705 16.2741
      vertex -1.94015 3.13705 16.8036
    endloop
  endfacet
  facet normal -0.137254 -0.715881 -0.684599
    outer loop
      vertex -8.52643 3.56126 17.1225
      vertex -2.11337 3.13911 16.2782
      vertex -2.1131 3.13705 16.2803
    endloop
  endfacet
  facet normal -0.137897 -0.706352 -0.6943
    outer loop
      vertex -2.1131 3.13705 16.2803
      vertex -8.23589 2.43874 18.2068
      vertex -8.52643 3.56126 17.1225
    endloop
  endfacet
  facet normal -0.139093 -0.703416 -0.697036
    outer loop
      vertex -8.23589 2.43874 18.2068
      vertex -2.1131 3.13705 16.2803
      vertex -2.08203 3.13705 16.2741
    endloop
  endfacet
  facet normal -0.137884 -0.706392 -0.694261
    outer loop
      vertex -2.01109 2.86295 16.5389
      vertex -8.23589 2.43874 18.2068
      vertex -2.08203 3.13705 16.2741
    endloop
  endfacet
  facet normal 0.227738 -0.706268 0.670314
    outer loop
      vertex -1.94015 3.13705 16.8036
      vertex -8.23589 2.43874 18.2068
      vertex -2.01109 2.86295 16.5389
    endloop
  endfacet
  facet normal -0.965926 -4.30249e-06 0.258817
    outer loop
      vertex -7.94536 3.56126 19.2911
      vertex -8.52643 3.56126 17.1225
      vertex -8.23589 2.43874 18.2068
    endloop
  endfacet
  facet normal 0.227727 -0.706351 0.670231
    outer loop
      vertex -1.97014 3.13705 16.8138
      vertex -7.94536 3.56126 19.2911
      vertex -8.23589 2.43874 18.2068
    endloop
  endfacet
  facet normal 0.227915 -0.705929 0.670611
    outer loop
      vertex -7.94536 3.56126 19.2911
      vertex -1.97014 3.13705 16.8138
      vertex -1.96935 3.13911 16.8157
    endloop
  endfacet
  facet normal 0.227615 -0.707332 0.669233
    outer loop
      vertex -1.97014 3.13705 16.8138
      vertex -8.23589 2.43874 18.2068
      vertex -1.94015 3.13705 16.8036
    endloop
  endfacet
  facet normal 0.0467934 -0.708307 -0.704352
    outer loop
      vertex -8.52643 2.43874 16
      vertex -2.11364 3.13705 15.7238
      vertex -2.08203 3.13705 15.7259
    endloop
  endfacet
  facet normal 0.0464927 -0.706336 -0.706348
    outer loop
      vertex -8.52643 3.56126 14.8775
      vertex -2.11364 3.13705 15.7238
      vertex -8.52643 2.43874 16
    endloop
  endfacet
  facet normal 0.0479223 -0.699007 -0.713507
    outer loop
      vertex -2.11364 3.13705 15.7238
      vertex -8.52643 3.56126 14.8775
      vertex -2.11337 3.13911 15.7218
    endloop
  endfacet
  facet normal 1 0 0
    outer loop
      vertex -2.08203 3.13705 16.2741
      vertex -2.08203 2.86295 16
      vertex -2.08203 3.13705 15.7259
    endloop
  endfacet
  facet normal 0.0464958 -0.706342 -0.706342
    outer loop
      vertex -2.08203 2.86295 16
      vertex -8.52643 2.43874 16
      vertex -2.08203 3.13705 15.7259
    endloop
  endfacet
  facet normal 0.0464958 -0.706342 0.706342
    outer loop
      vertex -2.08203 3.13705 16.2741
      vertex -8.52643 2.43874 16
      vertex -2.08203 2.86295 16
    endloop
  endfacet
  facet normal -1 0 0
    outer loop
      vertex -8.52643 3.56126 14.8775
      vertex -8.52643 2.43874 16
      vertex -8.52643 3.56126 17.1225
    endloop
  endfacet
  facet normal 0.0479223 -0.699007 0.713507
    outer loop
      vertex -2.11337 3.13911 16.2782
      vertex -8.52643 3.56126 17.1225
      vertex -2.11364 3.13705 16.2762
    endloop
  endfacet
  facet normal 0.0467934 -0.708307 0.704352
    outer loop
      vertex -2.11364 3.13705 16.2762
      vertex -8.52643 2.43874 16
      vertex -2.08203 3.13705 16.2741
    endloop
  endfacet
  facet normal 0.0464927 -0.706336 0.706348
    outer loop
      vertex -8.52643 2.43874 16
      vertex -2.11364 3.13705 16.2762
      vertex -8.52643 3.56126 17.1225
    endloop
  endfacet
  facet normal 0.965925 -4.72128e-05 0.258821
    outer loop
      vertex -1.94015 3.13705 15.1964
      vertex -2.08203 3.13705 15.7259
      vertex -2.01109 2.86295 15.4611
    endloop
  endfacet
  facet normal 0.227615 -0.707332 -0.669233
    outer loop
      vertex -8.23589 2.43874 13.7932
      vertex -1.97014 3.13705 15.1862
      vertex -1.94015 3.13705 15.1964
    endloop
  endfacet
  facet normal 0.227727 -0.706351 -0.670231
    outer loop
      vertex -7.94536 3.56126 12.7089
      vertex -1.97014 3.13705 15.1862
      vertex -8.23589 2.43874 13.7932
    endloop
  endfacet
  facet normal 0.227915 -0.705929 -0.670611
    outer loop
      vertex -1.97014 3.13705 15.1862
      vertex -7.94536 3.56126 12.7089
      vertex -1.96935 3.13911 15.1843
    endloop
  endfacet
  facet normal 0.227738 -0.706268 -0.670314
    outer loop
      vertex -2.01109 2.86295 15.4611
      vertex -8.23589 2.43874 13.7932
      vertex -1.94015 3.13705 15.1964
    endloop
  endfacet
  facet normal -0.137884 -0.706392 0.694261
    outer loop
      vertex -2.08203 3.13705 15.7259
      vertex -8.23589 2.43874 13.7932
      vertex -2.01109 2.86295 15.4611
    endloop
  endfacet
  facet normal -0.965926 -4.30249e-06 -0.258817
    outer loop
      vertex -8.23589 2.43874 13.7932
      vertex -8.52643 3.56126 14.8775
      vertex -7.94536 3.56126 12.7089
    endloop
  endfacet
  facet normal -0.137254 -0.715881 0.684599
    outer loop
      vertex -2.11337 3.13911 15.7218
      vertex -8.52643 3.56126 14.8775
      vertex -2.1131 3.13705 15.7197
    endloop
  endfacet
  facet normal -0.139093 -0.703416 0.697036
    outer loop
      vertex -2.1131 3.13705 15.7197
      vertex -8.23589 2.43874 13.7932
      vertex -2.08203 3.13705 15.7259
    endloop
  endfacet
  facet normal -0.137897 -0.706352 0.6943
    outer loop
      vertex -8.23589 2.43874 13.7932
      vertex -2.1131 3.13705 15.7197
      vertex -8.52643 3.56126 14.8775
    endloop
  endfacet
  facet normal -0.312887 -0.706374 0.634931
    outer loop
      vertex -1.94015 3.13705 15.1964
      vertex -7.3841 2.43874 11.7368
      vertex -1.80309 2.86295 14.959
    endloop
  endfacet
  facet normal 0.393427 -0.706366 -0.58844
    outer loop
      vertex -1.80309 2.86295 14.959
      vertex -7.3841 2.43874 11.7368
      vertex -1.66604 3.13705 14.7216
    endloop
  endfacet
  facet normal 0.393557 -0.70602 -0.588769
    outer loop
      vertex -7.3841 2.43874 11.7368
      vertex -1.69237 3.13705 14.704
      vertex -1.66604 3.13705 14.7216
    endloop
  endfacet
  facet normal 0.393439 -0.706334 -0.588471
    outer loop
      vertex -6.82284 3.56126 10.7647
      vertex -1.69237 3.13705 14.704
      vertex -7.3841 2.43874 11.7368
    endloop
  endfacet
  facet normal 0.39694 -0.701023 -0.592458
    outer loop
      vertex -1.69237 3.13705 14.704
      vertex -6.82284 3.56126 10.7647
      vertex -1.69112 3.13911 14.7024
    endloop
  endfacet
  facet normal 0.866038 1.57978e-05 0.499978
    outer loop
      vertex -1.66604 3.13705 14.7216
      vertex -1.94015 3.13705 15.1964
      vertex -1.80309 2.86295 14.959
    endloop
  endfacet
  facet normal -0.86602 2.04729e-06 -0.50001
    outer loop
      vertex -6.82284 3.56126 10.7647
      vertex -7.3841 2.43874 11.7368
      vertex -6.9412 3.56126 10.9697
    endloop
  endfacet
  facet normal -0.866018 -4.18719e-16 -0.500012
    outer loop
      vertex -7.3841 2.43874 11.7368
      vertex -7.827 3.56126 12.5039
      vertex -6.9412 3.56126 10.9697
    endloop
  endfacet
  facet normal -0.86602 -2.04729e-06 -0.50001
    outer loop
      vertex -7.3841 2.43874 11.7368
      vertex -7.94536 3.56126 12.7089
      vertex -7.827 3.56126 12.5039
    endloop
  endfacet
  facet normal -0.313024 -0.70599 0.63529
    outer loop
      vertex -1.96935 3.13911 15.1843
      vertex -7.94536 3.56126 12.7089
      vertex -1.96856 3.13705 15.1824
    endloop
  endfacet
  facet normal -0.31288 -0.706385 0.634922
    outer loop
      vertex -1.96856 3.13705 15.1824
      vertex -7.3841 2.43874 11.7368
      vertex -1.94015 3.13705 15.1964
    endloop
  endfacet
  facet normal -0.312913 -0.706333 0.634964
    outer loop
      vertex -7.3841 2.43874 11.7368
      vertex -1.96856 3.13705 15.1824
      vertex -7.94536 3.56126 12.7089
    endloop
  endfacet
  facet normal 0.70707 -2.58612e-15 0.707143
    outer loop
      vertex -1.2784 3.13705 14.334
      vertex -1.66604 3.13705 14.7216
      vertex -1.47222 2.86295 14.5278
    endloop
  endfacet
  facet normal 0.529176 -0.711508 -0.462309
    outer loop
      vertex -6.02909 2.43874 9.97091
      vertex -1.29928 3.13705 14.3101
      vertex -1.2784 3.13705 14.334
    endloop
  endfacet
  facet normal 0.532334 -0.706344 -0.466583
    outer loop
      vertex -5.23535 3.56126 9.17716
      vertex -1.29928 3.13705 14.3101
      vertex -6.02909 2.43874 9.97091
    endloop
  endfacet
  facet normal 0.536834 -0.700927 -0.469586
    outer loop
      vertex -1.29928 3.13705 14.3101
      vertex -5.23535 3.56126 9.17716
      vertex -1.29764 3.13911 14.3089
    endloop
  endfacet
  facet normal 0.532347 -0.706329 -0.466591
    outer loop
      vertex -1.47222 2.86295 14.5278
      vertex -6.02909 2.43874 9.97091
      vertex -1.2784 3.13705 14.334
    endloop
  endfacet
  facet normal -0.466595 -0.706326 0.532346
    outer loop
      vertex -1.66604 3.13705 14.7216
      vertex -6.02909 2.43874 9.97091
      vertex -1.47222 2.86295 14.5278
    endloop
  endfacet
  facet normal -0.707118 9.44867e-06 -0.707096
    outer loop
      vertex -6.02909 2.43874 9.97091
      vertex -6.82284 3.56126 10.7647
      vertex -5.23535 3.56126 9.17716
    endloop
  endfacet
  facet normal -0.461492 -0.715312 0.524742
    outer loop
      vertex -1.69112 3.13911 14.7024
      vertex -6.82284 3.56126 10.7647
      vertex -1.68986 3.13705 14.7007
    endloop
  endfacet
  facet normal -0.467997 -0.704615 0.533382
    outer loop
      vertex -1.68986 3.13705 14.7007
      vertex -6.02909 2.43874 9.97091
      vertex -1.66604 3.13705 14.7216
    endloop
  endfacet
  facet normal -0.46657 -0.706355 0.53233
    outer loop
      vertex -6.02909 2.43874 9.97091
      vertex -1.68986 3.13705 14.7007
      vertex -6.82284 3.56126 10.7647
    endloop
  endfacet
  facet normal -0.588428 -0.70638 0.39342
    outer loop
      vertex -1.2784 3.13705 14.334
      vertex -4.26321 2.43874 8.6159
      vertex -1.04102 2.86295 14.1969
    endloop
  endfacet
  facet normal 0.634975 -0.706322 -0.312915
    outer loop
      vertex -1.04102 2.86295 14.1969
      vertex -4.26321 2.43874 8.6159
      vertex -0.803635 3.13705 14.0599
    endloop
  endfacet
  facet normal 0.631763 -0.710317 -0.310362
    outer loop
      vertex -4.26321 2.43874 8.6159
      vertex -0.817636 3.13705 14.0314
      vertex -0.803635 3.13705 14.0599
    endloop
  endfacet
  facet normal 0.634957 -0.706342 -0.312907
    outer loop
      vertex -3.29108 3.56126 8.05464
      vertex -0.817636 3.13705 14.0314
      vertex -4.26321 2.43874 8.6159
    endloop
  endfacet
  facet normal 0.640925 -0.700025 -0.314928
    outer loop
      vertex -0.817636 3.13705 14.0314
      vertex -3.29108 3.56126 8.05464
      vertex -0.81573 3.13911 14.0307
    endloop
  endfacet
  facet normal -0.500003 -1.11656e-16 -0.866024
    outer loop
      vertex -4.26321 2.43874 8.6159
      vertex -5.03033 3.56126 9.0588
      vertex -3.49609 3.56126 8.173
    endloop
  endfacet
  facet normal 0.499992 -0.000162537 0.86603
    outer loop
      vertex -0.803635 3.13705 14.0599
      vertex -1.2784 3.13705 14.334
      vertex -1.04102 2.86295 14.1969
    endloop
  endfacet
  facet normal -0.499974 2.64728e-05 -0.866041
    outer loop
      vertex -4.26321 2.43874 8.6159
      vertex -5.23535 3.56126 9.17716
      vertex -5.03033 3.56126 9.0588
    endloop
  endfacet
  facet normal -0.584542 -0.711483 0.390005
    outer loop
      vertex -1.29764 3.13911 14.3089
      vertex -5.23535 3.56126 9.17716
      vertex -1.296 3.13705 14.3076
    endloop
  endfacet
  facet normal -0.592572 -0.701994 0.395048
    outer loop
      vertex -1.296 3.13705 14.3076
      vertex -4.26321 2.43874 8.6159
      vertex -1.2784 3.13705 14.334
    endloop
  endfacet
  facet normal -0.588459 -0.706344 0.393438
    outer loop
      vertex -4.26321 2.43874 8.6159
      vertex -1.296 3.13705 14.3076
      vertex -5.23535 3.56126 9.17716
    endloop
  endfacet
  facet normal -0.499992 -9.80629e-06 -0.86603
    outer loop
      vertex -3.29108 3.56126 8.05464
      vertex -4.26321 2.43874 8.6159
      vertex -3.49609 3.56126 8.173
    endloop
  endfacet
  facet normal 0.25884 -0.000176671 0.96592
    outer loop
      vertex -0.274104 3.13705 13.918
      vertex -0.803635 3.13705 14.0599
      vertex -0.53887 2.86295 13.9889
    endloop
  endfacet
  facet normal 0.693736 -0.706953 -0.137654
    outer loop
      vertex -2.2068 2.43874 7.76411
      vertex -0.280275 3.13705 13.8869
      vertex -0.274104 3.13705 13.918
    endloop
  endfacet
  facet normal 0.694308 -0.706342 -0.137904
    outer loop
      vertex -1.12253 3.56126 7.47357
      vertex -0.280275 3.13705 13.8869
      vertex -2.2068 2.43874 7.76411
    endloop
  endfacet
  facet normal 0.692808 -0.707832 -0.137805
    outer loop
      vertex -0.280275 3.13705 13.8869
      vertex -1.12253 3.56126 7.47357
      vertex -0.27823 3.13911 13.8866
    endloop
  endfacet
  facet normal 0.694311 -0.706339 -0.137905
    outer loop
      vertex -0.53887 2.86295 13.9889
      vertex -2.2068 2.43874 7.76411
      vertex -0.274104 3.13705 13.918
    endloop
  endfacet
  facet normal -0.670211 -0.706372 0.227721
    outer loop
      vertex -0.803635 3.13705 14.0599
      vertex -2.2068 2.43874 7.76411
      vertex -0.53887 2.86295 13.9889
    endloop
  endfacet
  facet normal -0.258823 -5.45535e-06 -0.965925
    outer loop
      vertex -2.2068 2.43874 7.76411
      vertex -3.29108 3.56126 8.05464
      vertex -1.12253 3.56126 7.47357
    endloop
  endfacet
  facet normal -0.669237 -0.707452 0.227231
    outer loop
      vertex -0.81573 3.13911 14.0307
      vertex -3.29108 3.56126 8.05464
      vertex -0.813824 3.13705 14.0299
    endloop
  endfacet
  facet normal -0.670631 -0.705958 0.227768
    outer loop
      vertex -0.813824 3.13705 14.0299
      vertex -2.2068 2.43874 7.76411
      vertex -0.803635 3.13705 14.0599
    endloop
  endfacet
  facet normal -0.670238 -0.706345 0.227724
    outer loop
      vertex -2.2068 2.43874 7.76411
      vertex -0.813824 3.13705 14.0299
      vertex -3.29108 3.56126 8.05464
    endloop
  endfacet
  facet normal 0.706246 -0.706437 0.0465095
    outer loop
      vertex 0.274104 3.13705 13.918
      vertex 0 2.43874 7.47357
      vertex 0.276185 3.13705 13.8864
    endloop
  endfacet
  facet normal 0.706339 -0.706345 0.0464955
    outer loop
      vertex 1.12253 3.56126 7.47357
      vertex 0.276185 3.13705 13.8864
      vertex 0 2.43874 7.47357
    endloop
  endfacet
  facet normal 0.706653 -0.706027 0.0465579
    outer loop
      vertex 0.276185 3.13705 13.8864
      vertex 1.12253 3.56126 7.47357
      vertex 0.27823 3.13911 13.8866
    endloop
  endfacet
  facet normal 0.706337 -0.706347 0.0464959
    outer loop
      vertex 0 2.86295 13.918
      vertex 0 2.43874 7.47357
      vertex 0.274104 3.13705 13.918
    endloop
  endfacet
  facet normal -0.706337 -0.706347 0.0464959
    outer loop
      vertex 0 2.86295 13.918
      vertex -0.274104 3.13705 13.918
      vertex 0 2.43874 7.47357
    endloop
  endfacet
  facet normal 0 0 1
    outer loop
      vertex 0.274104 3.13705 13.918
      vertex -0.274104 3.13705 13.918
      vertex 0 2.86295 13.918
    endloop
  endfacet
  facet normal 0 0 -1
    outer loop
      vertex 0 2.43874 7.47357
      vertex -1.12253 3.56126 7.47357
      vertex 1.12253 3.56126 7.47357
    endloop
  endfacet
  facet normal -0.706653 -0.706027 0.0465579
    outer loop
      vertex -0.27823 3.13911 13.8866
      vertex -1.12253 3.56126 7.47357
      vertex -0.276185 3.13705 13.8864
    endloop
  endfacet
  facet normal -0.706246 -0.706437 0.0465095
    outer loop
      vertex -0.276185 3.13705 13.8864
      vertex 0 2.43874 7.47357
      vertex -0.274104 3.13705 13.918
    endloop
  endfacet
  facet normal -0.706339 -0.706345 0.0464955
    outer loop
      vertex 0 2.43874 7.47357
      vertex -0.276185 3.13705 13.8864
      vertex -1.12253 3.56126 7.47357
    endloop
  endfacet
  facet normal -0.25884 -0.000176671 0.96592
    outer loop
      vertex 0.803635 3.13705 14.0599
      vertex 0.274104 3.13705 13.918
      vertex 0.53887 2.86295 13.9889
    endloop
  endfacet
  facet normal 0.670238 -0.706345 0.227724
    outer loop
      vertex 0.813824 3.13705 14.0299
      vertex 2.2068 2.43874 7.76411
      vertex 3.29108 3.56126 8.05464
    endloop
  endfacet
  facet normal 0.670631 -0.705958 0.227768
    outer loop
      vertex 2.2068 2.43874 7.76411
      vertex 0.813824 3.13705 14.0299
      vertex 0.803635 3.13705 14.0599
    endloop
  endfacet
  facet normal 0.669237 -0.707452 0.227231
    outer loop
      vertex 0.81573 3.13911 14.0307
      vertex 0.813824 3.13705 14.0299
      vertex 3.29108 3.56126 8.05464
    endloop
  endfacet
  facet normal 0.670211 -0.706372 0.227721
    outer loop
      vertex 0.803635 3.13705 14.0599
      vertex 0.53887 2.86295 13.9889
      vertex 2.2068 2.43874 7.76411
    endloop
  endfacet
  facet normal -0.694311 -0.706339 -0.137905
    outer loop
      vertex 0.53887 2.86295 13.9889
      vertex 0.274104 3.13705 13.918
      vertex 2.2068 2.43874 7.76411
    endloop
  endfacet
  facet normal 0.258823 -5.45535e-06 -0.965925
    outer loop
      vertex 2.2068 2.43874 7.76411
      vertex 1.12253 3.56126 7.47357
      vertex 3.29108 3.56126 8.05464
    endloop
  endfacet
  facet normal -0.693736 -0.706953 -0.137654
    outer loop
      vertex 0.280275 3.13705 13.8869
      vertex 2.2068 2.43874 7.76411
      vertex 0.274104 3.13705 13.918
    endloop
  endfacet
  facet normal -0.692808 -0.707832 -0.137805
    outer loop
      vertex 1.12253 3.56126 7.47357
      vertex 0.280275 3.13705 13.8869
      vertex 0.27823 3.13911 13.8866
    endloop
  endfacet
  facet normal -0.694308 -0.706342 -0.137904
    outer loop
      vertex 0.280275 3.13705 13.8869
      vertex 1.12253 3.56126 7.47357
      vertex 2.2068 2.43874 7.76411
    endloop
  endfacet
  facet normal -0.634975 -0.706322 -0.312915
    outer loop
      vertex 1.04102 2.86295 14.1969
      vertex 0.803635 3.13705 14.0599
      vertex 4.26321 2.43874 8.6159
    endloop
  endfacet
  facet normal 0.588428 -0.70638 0.39342
    outer loop
      vertex 1.2784 3.13705 14.334
      vertex 1.04102 2.86295 14.1969
      vertex 4.26321 2.43874 8.6159
    endloop
  endfacet
  facet normal 0.588459 -0.706344 0.393438
    outer loop
      vertex 1.296 3.13705 14.3076
      vertex 4.26321 2.43874 8.6159
      vertex 5.23535 3.56126 9.17716
    endloop
  endfacet
  facet normal 0.592572 -0.701994 0.395048
    outer loop
      vertex 4.26321 2.43874 8.6159
      vertex 1.296 3.13705 14.3076
      vertex 1.2784 3.13705 14.334
    endloop
  endfacet
  facet normal 0.584542 -0.711483 0.390005
    outer loop
      vertex 1.29764 3.13911 14.3089
      vertex 1.296 3.13705 14.3076
      vertex 5.23535 3.56126 9.17716
    endloop
  endfacet
  facet normal -0.499992 -0.000162537 0.86603
    outer loop
      vertex 1.2784 3.13705 14.334
      vertex 0.803635 3.13705 14.0599
      vertex 1.04102 2.86295 14.1969
    endloop
  endfacet
  facet normal 0.499974 2.64728e-05 -0.866041
    outer loop
      vertex 5.23535 3.56126 9.17716
      vertex 4.26321 2.43874 8.6159
      vertex 5.03033 3.56126 9.0588
    endloop
  endfacet
  facet normal 0.500003 -1.11656e-16 -0.866024
    outer loop
      vertex 4.26321 2.43874 8.6159
      vertex 3.49609 3.56126 8.173
      vertex 5.03033 3.56126 9.0588
    endloop
  endfacet
  facet normal 0.499992 -9.80629e-06 -0.86603
    outer loop
      vertex 4.26321 2.43874 8.6159
      vertex 3.29108 3.56126 8.05464
      vertex 3.49609 3.56126 8.173
    endloop
  endfacet
  facet normal -0.631763 -0.710317 -0.310362
    outer loop
      vertex 0.817636 3.13705 14.0314
      vertex 4.26321 2.43874 8.6159
      vertex 0.803635 3.13705 14.0599
    endloop
  endfacet
  facet normal -0.640925 -0.700025 -0.314928
    outer loop
      vertex 3.29108 3.56126 8.05464
      vertex 0.817636 3.13705 14.0314
      vertex 0.81573 3.13911 14.0307
    endloop
  endfacet
  facet normal -0.634957 -0.706342 -0.312907
    outer loop
      vertex 0.817636 3.13705 14.0314
      vertex 3.29108 3.56126 8.05464
      vertex 4.26321 2.43874 8.6159
    endloop
  endfacet
  facet normal -0.70707 -2.49376e-15 0.707143
    outer loop
      vertex 1.66604 3.13705 14.7216
      vertex 1.2784 3.13705 14.334
      vertex 1.47222 2.86295 14.5278
    endloop
  endfacet
  facet normal 0.46657 -0.706355 0.53233
    outer loop
      vertex 1.68986 3.13705 14.7007
      vertex 6.02909 2.43874 9.97091
      vertex 6.82284 3.56126 10.7647
    endloop
  endfacet
  facet normal 0.467997 -0.704615 0.533382
    outer loop
      vertex 6.02909 2.43874 9.97091
      vertex 1.68986 3.13705 14.7007
      vertex 1.66604 3.13705 14.7216
    endloop
  endfacet
  facet normal 0.461492 -0.715312 0.524742
    outer loop
      vertex 1.69112 3.13911 14.7024
      vertex 1.68986 3.13705 14.7007
      vertex 6.82284 3.56126 10.7647
    endloop
  endfacet
  facet normal 0.466595 -0.706326 0.532346
    outer loop
      vertex 1.66604 3.13705 14.7216
      vertex 1.47222 2.86295 14.5278
      vertex 6.02909 2.43874 9.97091
    endloop
  endfacet
  facet normal -0.532347 -0.706329 -0.466591
    outer loop
      vertex 1.47222 2.86295 14.5278
      vertex 1.2784 3.13705 14.334
      vertex 6.02909 2.43874 9.97091
    endloop
  endfacet
  facet normal 0.707118 9.44867e-06 -0.707096
    outer loop
      vertex 6.02909 2.43874 9.97091
      vertex 5.23535 3.56126 9.17716
      vertex 6.82284 3.56126 10.7647
    endloop
  endfacet
  facet normal -0.529176 -0.711508 -0.462309
    outer loop
      vertex 1.29928 3.13705 14.3101
      vertex 6.02909 2.43874 9.97091
      vertex 1.2784 3.13705 14.334
    endloop
  endfacet
  facet normal -0.536834 -0.700927 -0.469586
    outer loop
      vertex 5.23535 3.56126 9.17716
      vertex 1.29928 3.13705 14.3101
      vertex 1.29764 3.13911 14.3089
    endloop
  endfacet
  facet normal -0.532334 -0.706344 -0.466583
    outer loop
      vertex 1.29928 3.13705 14.3101
      vertex 5.23535 3.56126 9.17716
      vertex 6.02909 2.43874 9.97091
    endloop
  endfacet
  facet normal -0.393427 -0.706366 -0.58844
    outer loop
      vertex 1.80309 2.86295 14.959
      vertex 1.66604 3.13705 14.7216
      vertex 7.3841 2.43874 11.7368
    endloop
  endfacet
  facet normal 0.312887 -0.706374 0.634931
    outer loop
      vertex 1.94015 3.13705 15.1964
      vertex 1.80309 2.86295 14.959
      vertex 7.3841 2.43874 11.7368
    endloop
  endfacet
  facet normal 0.312913 -0.706333 0.634964
    outer loop
      vertex 1.96856 3.13705 15.1824
      vertex 7.3841 2.43874 11.7368
      vertex 7.94536 3.56126 12.7089
    endloop
  endfacet
  facet normal 0.31288 -0.706385 0.634922
    outer loop
      vertex 7.3841 2.43874 11.7368
      vertex 1.96856 3.13705 15.1824
      vertex 1.94015 3.13705 15.1964
    endloop
  endfacet
  facet normal 0.313024 -0.70599 0.63529
    outer loop
      vertex 1.96935 3.13911 15.1843
      vertex 1.96856 3.13705 15.1824
      vertex 7.94536 3.56126 12.7089
    endloop
  endfacet
  facet normal 0.866018 -4.18719e-16 -0.500012
    outer loop
      vertex 7.3841 2.43874 11.7368
      vertex 6.9412 3.56126 10.9697
      vertex 7.827 3.56126 12.5039
    endloop
  endfacet
  facet normal -0.866038 1.57978e-05 0.499978
    outer loop
      vertex 1.94015 3.13705 15.1964
      vertex 1.66604 3.13705 14.7216
      vertex 1.80309 2.86295 14.959
    endloop
  endfacet
  facet normal 0.86602 2.04729e-06 -0.50001
    outer loop
      vertex 7.3841 2.43874 11.7368
      vertex 6.82284 3.56126 10.7647
      vertex 6.9412 3.56126 10.9697
    endloop
  endfacet
  facet normal -0.393557 -0.70602 -0.588769
    outer loop
      vertex 1.69237 3.13705 14.704
      vertex 7.3841 2.43874 11.7368
      vertex 1.66604 3.13705 14.7216
    endloop
  endfacet
  facet normal -0.39694 -0.701023 -0.592458
    outer loop
      vertex 6.82284 3.56126 10.7647
      vertex 1.69237 3.13705 14.704
      vertex 1.69112 3.13911 14.7024
    endloop
  endfacet
  facet normal -0.393439 -0.706334 -0.588471
    outer loop
      vertex 1.69237 3.13705 14.704
      vertex 6.82284 3.56126 10.7647
      vertex 7.3841 2.43874 11.7368
    endloop
  endfacet
  facet normal 0.86602 -2.04729e-06 -0.50001
    outer loop
      vertex 7.94536 3.56126 12.7089
      vertex 7.3841 2.43874 11.7368
      vertex 7.827 3.56126 12.5039
    endloop
  endfacet
  facet normal -0.965925 -4.72128e-05 0.258821
    outer loop
      vertex 2.08203 3.13705 15.7259
      vertex 1.94015 3.13705 15.1964
      vertex 2.01109 2.86295 15.4611
    endloop
  endfacet
  facet normal 0.137897 -0.706352 0.6943
    outer loop
      vertex 2.1131 3.13705 15.7197
      vertex 8.23589 2.43874 13.7932
      vertex 8.52643 3.56126 14.8775
    endloop
  endfacet
  facet normal 0.139093 -0.703416 0.697036
    outer loop
      vertex 8.23589 2.43874 13.7932
      vertex 2.1131 3.13705 15.7197
      vertex 2.08203 3.13705 15.7259
    endloop
  endfacet
  facet normal 0.137254 -0.715881 0.684599
    outer loop
      vertex 2.11337 3.13911 15.7218
      vertex 2.1131 3.13705 15.7197
      vertex 8.52643 3.56126 14.8775
    endloop
  endfacet
  facet normal 0.137884 -0.706392 0.694261
    outer loop
      vertex 2.08203 3.13705 15.7259
      vertex 2.01109 2.86295 15.4611
      vertex 8.23589 2.43874 13.7932
    endloop
  endfacet
  facet normal -0.227738 -0.706268 -0.670314
    outer loop
      vertex 2.01109 2.86295 15.4611
      vertex 1.94015 3.13705 15.1964
      vertex 8.23589 2.43874 13.7932
    endloop
  endfacet
  facet normal 0.965926 -4.30249e-06 -0.258817
    outer loop
      vertex 8.23589 2.43874 13.7932
      vertex 7.94536 3.56126 12.7089
      vertex 8.52643 3.56126 14.8775
    endloop
  endfacet
  facet normal -0.227615 -0.707332 -0.669233
    outer loop
      vertex 1.97014 3.13705 15.1862
      vertex 8.23589 2.43874 13.7932
      vertex 1.94015 3.13705 15.1964
    endloop
  endfacet
  facet normal -0.227915 -0.705929 -0.670611
    outer loop
      vertex 7.94536 3.56126 12.7089
      vertex 1.97014 3.13705 15.1862
      vertex 1.96935 3.13911 15.1843
    endloop
  endfacet
  facet normal -0.227727 -0.706351 -0.670231
    outer loop
      vertex 1.97014 3.13705 15.1862
      vertex 7.94536 3.56126 12.7089
      vertex 8.23589 2.43874 13.7932
    endloop
  endfacet
  facet normal 0.991433 0.00316939 0.130579
    outer loop
      vertex 2.11337 3.13911 16.2782
      vertex 2.1131 3.13705 16.2803
      vertex 2.11364 3.13705 16.2762
    endloop
  endfacet
  facet normal -0.991433 0.00316939 0.130579
    outer loop
      vertex -2.11337 3.13911 16.2782
      vertex -2.11364 3.13705 16.2762
      vertex -2.1131 3.13705 16.2803
    endloop
  endfacet
  facet normal 0.606076 0.0193003 0.795172
    outer loop
      vertex 1.29764 3.13911 17.6911
      vertex 1.296 3.13705 17.6924
      vertex 1.29928 3.13705 17.6899
    endloop
  endfacet
  facet normal 0.923364 4.97817e-14 0.383925
    outer loop
      vertex 1.96935 3.13911 16.8157
      vertex 1.96856 3.13705 16.8176
      vertex 1.97014 3.13705 16.8138
    endloop
  endfacet
  facet normal 0.366073 0.0225804 0.930312
    outer loop
      vertex 0.81573 3.13911 17.9693
      vertex 0.813824 3.13705 17.9701
      vertex 0.817636 3.13705 17.9686
    endloop
  endfacet
  facet normal -0.606076 0.0193003 0.795172
    outer loop
      vertex -1.29764 3.13911 17.6911
      vertex -1.29928 3.13705 17.6899
      vertex -1.296 3.13705 17.6924
    endloop
  endfacet
  facet normal 0 -1 0
    outer loop
      vertex -0.803635 3.13705 14.0599
      vertex -0.817636 3.13705 14.0314
      vertex -0.813824 3.13705 14.0299
    endloop
  endfacet
  facet normal 0 -1 0
    outer loop
      vertex -1.20207 3.13705 17.2021
      vertex -0.803635 3.13705 17.9401
      vertex -1.2784 3.13705 17.666
    endloop
  endfacet
  facet normal 0 -1 0
    outer loop
      vertex -1.20207 3.13705 17.2021
      vertex -1.2784 3.13705 17.666
      vertex -1.66604 3.13705 17.2784
    endloop
  endfacet
  facet normal 0 -1 -0
    outer loop
      vertex -0.803635 3.13705 17.9401
      vertex -1.20207 3.13705 17.2021
      vertex -0.339697 3.13705 18.0645
    endloop
  endfacet
  facet normal 0 -1 0
    outer loop
      vertex -1.66604 3.13705 17.2784
      vertex -1.47223 3.13705 16.85
      vertex -1.20207 3.13705 17.2021
    endloop
  endfacet
  facet normal 0 -1 0
    outer loop
      vertex -1.94015 3.13705 16.8036
      vertex -1.47223 3.13705 16.85
      vertex -1.66604 3.13705 17.2784
    endloop
  endfacet
  facet normal 0 -1 0
    outer loop
      vertex -1.94015 3.13705 16.8036
      vertex -1.64206 3.13705 16.44
      vertex -1.47223 3.13705 16.85
    endloop
  endfacet
  facet normal 0 -1 0
    outer loop
      vertex -2.08203 3.13705 16.2741
      vertex -1.64206 3.13705 16.44
      vertex -1.94015 3.13705 16.8036
    endloop
  endfacet
  facet normal 0 -1 0
    outer loop
      vertex -2.08203 3.13705 16.2741
      vertex -1.7 3.13705 16
      vertex -1.64206 3.13705 16.44
    endloop
  endfacet
  facet normal 0 -1 0
    outer loop
      vertex -2.08203 3.13705 15.7259
      vertex -1.7 3.13705 16
      vertex -2.08203 3.13705 16.2741
    endloop
  endfacet
  facet normal 0 -1 0
    outer loop
      vertex -2.08203 3.13705 15.7259
      vertex -1.64206 3.13705 15.56
      vertex -1.7 3.13705 16
    endloop
  endfacet
  facet normal 0 -1 0
    outer loop
      vertex -1.94015 3.13705 15.1964
      vertex -1.64206 3.13705 15.56
      vertex -2.08203 3.13705 15.7259
    endloop
  endfacet
  facet normal 0 -1 0
    outer loop
      vertex -1.94015 3.13705 15.1964
      vertex -1.47223 3.13705 15.15
      vertex -1.64206 3.13705 15.56
    endloop
  endfacet
  facet normal 0 -1 0
    outer loop
      vertex -1.66604 3.13705 14.7216
      vertex -1.47223 3.13705 15.15
      vertex -1.94015 3.13705 15.1964
    endloop
  endfacet
  facet normal 0 -1 -0
    outer loop
      vertex -1.47223 3.13705 15.15
      vertex -1.66604 3.13705 14.7216
      vertex -1.20207 3.13705 14.7979
    endloop
  endfacet
  facet normal 0 -1 0
    outer loop
      vertex -1.2784 3.13705 14.334
      vertex -1.20207 3.13705 14.7979
      vertex -1.66604 3.13705 14.7216
    endloop
  endfacet
  facet normal 0 -1 -0
    outer loop
      vertex -1.20207 3.13705 14.7979
      vertex -1.2784 3.13705 14.334
      vertex -0.849991 3.13705 14.5278
    endloop
  endfacet
  facet normal 0 -1 0
    outer loop
      vertex -0.803635 3.13705 14.0599
      vertex -0.849991 3.13705 14.5278
      vertex -1.2784 3.13705 14.334
    endloop
  endfacet
  facet normal 0 -1 0
    outer loop
      vertex -0.849991 3.13705 14.5278
      vertex -0.803635 3.13705 14.0599
      vertex -0.439987 3.13705 14.3579
    endloop
  endfacet
  facet normal 0 -1 0
    outer loop
      vertex -0.274104 3.13705 13.918
      vertex -0.439987 3.13705 14.3579
      vertex -0.803635 3.13705 14.0599
    endloop
  endfacet
  facet normal 0 -1 0
    outer loop
      vertex 1.20207 3.13705 17.2021
      vertex 0.803635 3.13705 17.9401
      vertex 0.339697 3.13705 18.0645
    endloop
  endfacet
  facet normal 0 -1 0
    outer loop
      vertex 0.803635 3.13705 17.9401
      vertex 1.20207 3.13705 17.2021
      vertex 1.2784 3.13705 17.666
    endloop
  endfacet
  facet normal 0 -1 -0
    outer loop
      vertex 1.2784 3.13705 17.666
      vertex 1.20207 3.13705 17.2021
      vertex 1.66604 3.13705 17.2784
    endloop
  endfacet
  facet normal 0 -1 0
    outer loop
      vertex 1.47223 3.13705 16.85
      vertex 1.66604 3.13705 17.2784
      vertex 1.20207 3.13705 17.2021
    endloop
  endfacet
  facet normal 0 -1 0
    outer loop
      vertex 1.47223 3.13705 16.85
      vertex 1.94015 3.13705 16.8036
      vertex 1.66604 3.13705 17.2784
    endloop
  endfacet
  facet normal 0 -1 0
    outer loop
      vertex 1.64206 3.13705 16.44
      vertex 1.94015 3.13705 16.8036
      vertex 1.47223 3.13705 16.85
    endloop
  endfacet
  facet normal 0 -1 0
    outer loop
      vertex 1.64206 3.13705 16.44
      vertex 2.08203 3.13705 16.2741
      vertex 1.94015 3.13705 16.8036
    endloop
  endfacet
  facet normal 0 -1 0
    outer loop
      vertex 1.7 3.13705 16
      vertex 2.08203 3.13705 16.2741
      vertex 1.64206 3.13705 16.44
    endloop
  endfacet
  facet normal 0 -1 0
    outer loop
      vertex 1.7 3.13705 16
      vertex 2.08203 3.13705 15.7259
      vertex 2.08203 3.13705 16.2741
    endloop
  endfacet
  facet normal 0 -1 0
    outer loop
      vertex 1.64206 3.13705 15.56
      vertex 2.08203 3.13705 15.7259
      vertex 1.7 3.13705 16
    endloop
  endfacet
  facet normal 0 -1 0
    outer loop
      vertex 1.64206 3.13705 15.56
      vertex 1.94015 3.13705 15.1964
      vertex 2.08203 3.13705 15.7259
    endloop
  endfacet
  facet normal 0 -1 0
    outer loop
      vertex 1.47223 3.13705 15.15
      vertex 1.94015 3.13705 15.1964
      vertex 1.64206 3.13705 15.56
    endloop
  endfacet
  facet normal 0 -1 0
    outer loop
      vertex 1.66604 3.13705 14.7216
      vertex 1.47223 3.13705 15.15
      vertex 1.20207 3.13705 14.7979
    endloop
  endfacet
  facet normal 0 -1 0
    outer loop
      vertex 1.47223 3.13705 15.15
      vertex 1.66604 3.13705 14.7216
      vertex 1.94015 3.13705 15.1964
    endloop
  endfacet
  facet normal 0 -1 0
    outer loop
      vertex 1.2784 3.13705 14.334
      vertex 1.20207 3.13705 14.7979
      vertex 0.849991 3.13705 14.5278
    endloop
  endfacet
  facet normal 0 -1 0
    outer loop
      vertex 0.803635 3.13705 14.0599
      vertex 0.849991 3.13705 14.5278
      vertex 0.439987 3.13705 14.3579
    endloop
  endfacet
  facet normal 0 -1 0
    outer loop
      vertex 1.20207 3.13705 14.7979
      vertex 1.2784 3.13705 14.334
      vertex 1.66604 3.13705 14.7216
    endloop
  endfacet
  facet normal 0 -1 0
    outer loop
      vertex 0.274104 3.13705 13.918
      vertex 0.439987 3.13705 14.3579
      vertex 0 3.13705 14.3
    endloop
  endfacet
  facet normal 0 -1 0
    outer loop
      vertex -0.439987 3.13705 14.3579
      vertex -0.274104 3.13705 13.918
      vertex 0 3.13705 14.3
    endloop
  endfacet
  facet normal 0 -1 -0
    outer loop
      vertex 0.849991 3.13705 14.5278
      vertex 0.803635 3.13705 14.0599
      vertex 1.2784 3.13705 14.334
    endloop
  endfacet
  facet normal 0 -1 0
    outer loop
      vertex 0.274104 3.13705 13.918
      vertex 0 3.13705 14.3
      vertex -0.274104 3.13705 13.918
    endloop
  endfacet
  facet normal 0 -1 -0
    outer loop
      vertex 0.439987 3.13705 14.3579
      vertex 0.274104 3.13705 13.918
      vertex 0.803635 3.13705 14.0599
    endloop
  endfacet
  facet normal 0 -1 0
    outer loop
      vertex -1.2784 3.13705 14.334
      vertex -1.29928 3.13705 14.3101
      vertex -1.296 3.13705 14.3076
    endloop
  endfacet
  facet normal 0 -1 -0
    outer loop
      vertex -0.813824 3.13705 17.9701
      vertex -0.817636 3.13705 17.9686
      vertex -0.803635 3.13705 17.9401
    endloop
  endfacet
  facet normal 0 -1 -0
    outer loop
      vertex -2.1131 3.13705 16.2803
      vertex -2.11364 3.13705 16.2762
      vertex -2.08203 3.13705 16.2741
    endloop
  endfacet
  facet normal 0 -1 -0
    outer loop
      vertex -1.96856 3.13705 16.8176
      vertex -1.97014 3.13705 16.8138
      vertex -1.94015 3.13705 16.8036
    endloop
  endfacet
  facet normal -0 -1 0
    outer loop
      vertex 1.29928 3.13705 14.3101
      vertex 1.2784 3.13705 14.334
      vertex 1.296 3.13705 14.3076
    endloop
  endfacet
  facet normal -0 -1 0
    outer loop
      vertex 0.817636 3.13705 14.0314
      vertex 0.803635 3.13705 14.0599
      vertex 0.813824 3.13705 14.0299
    endloop
  endfacet
  facet normal -0 -1 0
    outer loop
      vertex 1.97014 3.13705 15.1862
      vertex 1.94015 3.13705 15.1964
      vertex 1.96856 3.13705 15.1824
    endloop
  endfacet
  facet normal -0 -1 0
    outer loop
      vertex 1.69237 3.13705 14.704
      vertex 1.66604 3.13705 14.7216
      vertex 1.68986 3.13705 14.7007
    endloop
  endfacet
  facet normal 0 -1 0
    outer loop
      vertex -1.94015 3.13705 15.1964
      vertex -1.97014 3.13705 15.1862
      vertex -1.96856 3.13705 15.1824
    endloop
  endfacet
  facet normal 0 -1 0
    outer loop
      vertex -2.08203 3.13705 15.7259
      vertex -2.11364 3.13705 15.7238
      vertex -2.1131 3.13705 15.7197
    endloop
  endfacet
  facet normal -0 -1 0
    outer loop
      vertex 0.280275 3.13705 13.8869
      vertex 0.274104 3.13705 13.918
      vertex 0.276185 3.13705 13.8864
    endloop
  endfacet
  facet normal 0 -1 -0
    outer loop
      vertex -1.296 3.13705 17.6924
      vertex -1.29928 3.13705 17.6899
      vertex -1.2784 3.13705 17.666
    endloop
  endfacet
  facet normal 0 -1 0
    outer loop
      vertex -0.274104 3.13705 13.918
      vertex -0.280275 3.13705 13.8869
      vertex -0.276185 3.13705 13.8864
    endloop
  endfacet
  facet normal 0 -1 -0
    outer loop
      vertex 2.1131 3.13705 16.2803
      vertex 2.08203 3.13705 16.2741
      vertex 2.11364 3.13705 16.2762
    endloop
  endfacet
  facet normal -0 -1 0
    outer loop
      vertex 2.11364 3.13705 15.7238
      vertex 2.08203 3.13705 15.7259
      vertex 2.1131 3.13705 15.7197
    endloop
  endfacet
  facet normal 0 -1 -0
    outer loop
      vertex -1.68986 3.13705 17.2993
      vertex -1.69237 3.13705 17.296
      vertex -1.66604 3.13705 17.2784
    endloop
  endfacet
  facet normal 0 -1 -0
    outer loop
      vertex 1.296 3.13705 17.6924
      vertex 1.2784 3.13705 17.666
      vertex 1.29928 3.13705 17.6899
    endloop
  endfacet
  facet normal 0 -1 -0
    outer loop
      vertex 1.68986 3.13705 17.2993
      vertex 1.66604 3.13705 17.2784
      vertex 1.69237 3.13705 17.296
    endloop
  endfacet
  facet normal 0 -1 0
    outer loop
      vertex -1.66604 3.13705 14.7216
      vertex -1.69237 3.13705 14.704
      vertex -1.68986 3.13705 14.7007
    endloop
  endfacet
  facet normal 0 -1 -0
    outer loop
      vertex 0.813824 3.13705 17.9701
      vertex 0.803635 3.13705 17.9401
      vertex 0.817636 3.13705 17.9686
    endloop
  endfacet
  facet normal 0 -1 -0
    outer loop
      vertex 1.96856 3.13705 16.8176
      vertex 1.94015 3.13705 16.8036
      vertex 1.97014 3.13705 16.8138
    endloop
  endfacet
  facet normal 0.795865 0.012761 -0.60534
    outer loop
      vertex 1.69237 3.13705 14.704
      vertex 1.68986 3.13705 14.7007
      vertex 1.69112 3.13911 14.7024
    endloop
  endfacet
  facet normal 0.923364 2.15313e-13 -0.383925
    outer loop
      vertex 1.97014 3.13705 15.1862
      vertex 1.96856 3.13705 15.1824
      vertex 1.96935 3.13911 15.1843
    endloop
  endfacet
  facet normal -0.991433 0.00316939 -0.130579
    outer loop
      vertex -2.1131 3.13705 15.7197
      vertex -2.11364 3.13705 15.7238
      vertex -2.11337 3.13911 15.7218
    endloop
  endfacet
  facet normal 0.795865 0.012761 0.60534
    outer loop
      vertex 1.69112 3.13911 17.2976
      vertex 1.68986 3.13705 17.2993
      vertex 1.69237 3.13705 17.296
    endloop
  endfacet
  facet normal -0.795865 0.012761 0.60534
    outer loop
      vertex -1.69112 3.13911 17.2976
      vertex -1.69237 3.13705 17.296
      vertex -1.68986 3.13705 17.2993
    endloop
  endfacet
  facet normal -0.923364 4.97817e-14 0.383925
    outer loop
      vertex -1.96935 3.13911 16.8157
      vertex -1.97014 3.13705 16.8138
      vertex -1.96856 3.13705 16.8176
    endloop
  endfacet
  facet normal -0.366073 0.0225804 0.930312
    outer loop
      vertex -0.81573 3.13911 17.9693
      vertex -0.817636 3.13705 17.9686
      vertex -0.813824 3.13705 17.9701
    endloop
  endfacet
  facet normal 0.991433 0.00316939 -0.130579
    outer loop
      vertex 2.11364 3.13705 15.7238
      vertex 2.1131 3.13705 15.7197
      vertex 2.11337 3.13911 15.7218
    endloop
  endfacet
  facet normal 0.121311 -0.0240855 -0.992322
    outer loop
      vertex 0.280275 3.13705 13.8869
      vertex 0.276185 3.13705 13.8864
      vertex 0.27823 3.13911 13.8866
    endloop
  endfacet
  facet normal 0.606076 0.0193003 -0.795172
    outer loop
      vertex 1.29928 3.13705 14.3101
      vertex 1.296 3.13705 14.3076
      vertex 1.29764 3.13911 14.3089
    endloop
  endfacet
  facet normal -0.606076 0.0193003 -0.795172
    outer loop
      vertex -1.296 3.13705 14.3076
      vertex -1.29928 3.13705 14.3101
      vertex -1.29764 3.13911 14.3089
    endloop
  endfacet
  facet normal -0.121311 -0.0240855 -0.992322
    outer loop
      vertex -0.276185 3.13705 13.8864
      vertex -0.280275 3.13705 13.8869
      vertex -0.27823 3.13911 13.8866
    endloop
  endfacet
  facet normal -0.923364 2.15263e-13 -0.383925
    outer loop
      vertex -1.96856 3.13705 15.1824
      vertex -1.97014 3.13705 15.1862
      vertex -1.96935 3.13911 15.1843
    endloop
  endfacet
  facet normal 0.366073 0.0225804 -0.930312
    outer loop
      vertex 0.817636 3.13705 14.0314
      vertex 0.813824 3.13705 14.0299
      vertex 0.81573 3.13911 14.0307
    endloop
  endfacet
  facet normal -0.366073 0.0225804 -0.930312
    outer loop
      vertex -0.813824 3.13705 14.0299
      vertex -0.817636 3.13705 14.0314
      vertex -0.81573 3.13911 14.0307
    endloop
  endfacet
  facet normal -0.795865 0.012761 -0.60534
    outer loop
      vertex -1.68986 3.13705 14.7007
      vertex -1.69237 3.13705 14.704
      vertex -1.69112 3.13911 14.7024
    endloop
  endfacet
  facet normal 0.989176 0 -0.146735
    outer loop
      vertex 8.95666 3.56126 15.1178
      vertex 8.82707 8 14.2442
      vertex 8.95666 8 15.1178
    endloop
  endfacet
  facet normal 0.989176 0 -0.146735
    outer loop
      vertex 8.82707 8 14.2442
      vertex 8.95666 3.56126 15.1178
      vertex 8.82707 3.56126 14.2442
    endloop
  endfacet
  facet normal -0.850424 0 0.526098
    outer loop
      vertex -18 3.56126 4
      vertex -7.48323 8 21.0001
      vertex -18 8 4
    endloop
  endfacet
  facet normal -0.850424 0 0.526098
    outer loop
      vertex -7.48323 8 21.0001
      vertex -18 3.56126 4
      vertex -7.48323 3.56126 21.0001
    endloop
  endfacet
  facet normal 0.970033 0 -0.242972
    outer loop
      vertex 8.82707 3.56126 14.2442
      vertex 8.61246 8 13.3874
      vertex 8.82707 8 14.2442
    endloop
  endfacet
  facet normal 0.970033 0 -0.242972
    outer loop
      vertex 8.61246 8 13.3874
      vertex 8.82707 3.56126 14.2442
      vertex 8.61246 3.56126 13.3874
    endloop
  endfacet
  facet normal 0 0 -1
    outer loop
      vertex 4.21 3.56126 2.99
      vertex 6 8 2.99
      vertex 6 3.56126 2.99
    endloop
  endfacet
  facet normal -0 0 -1
    outer loop
      vertex 6 8 2.99
      vertex 4.21 3.56126 2.99
      vertex 4.21 8 2.99
    endloop
  endfacet
  facet normal 0 -1 0
    outer loop
      vertex -1.12253 3.56126 24.5264
      vertex 0 3.56126 25
      vertex -0.882154 3.56126 24.9567
    endloop
  endfacet
  facet normal 0 -1 0
    outer loop
      vertex -1.12253 3.56126 24.5264
      vertex -0.882154 3.56126 24.9567
      vertex -1.75581 3.56126 24.8271
    endloop
  endfacet
  facet normal 0 -1 0
    outer loop
      vertex 1.12253 3.56126 24.5264
      vertex 0 3.56126 25
      vertex -1.12253 3.56126 24.5264
    endloop
  endfacet
  facet normal 0 -1 0
    outer loop
      vertex -1.12253 3.56126 24.5264
      vertex -1.75581 3.56126 24.8271
      vertex -2.61256 3.56126 24.6125
    endloop
  endfacet
  facet normal 0 -1 0
    outer loop
      vertex 0 3.56126 25
      vertex 1.12253 3.56126 24.5264
      vertex 0.882154 3.56126 24.9567
    endloop
  endfacet
  facet normal 0 -1 0
    outer loop
      vertex 0.882154 3.56126 24.9567
      vertex 1.12253 3.56126 24.5264
      vertex 1.75581 3.56126 24.8271
    endloop
  endfacet
  facet normal 0 -1 0
    outer loop
      vertex -3.29108 3.56126 23.9454
      vertex -2.61256 3.56126 24.6125
      vertex -3.44415 3.56126 24.3149
    endloop
  endfacet
  facet normal 0 -1 -0
    outer loop
      vertex -2.61256 3.56126 24.6125
      vertex -3.29108 3.56126 23.9454
      vertex -1.12253 3.56126 24.5264
    endloop
  endfacet
  facet normal 0 -1 0
    outer loop
      vertex -3.49609 3.56126 23.827
      vertex -3.44415 3.56126 24.3149
      vertex -4.24257 3.56126 23.9373
    endloop
  endfacet
  facet normal 0 -1 -0
    outer loop
      vertex -3.44415 3.56126 24.3149
      vertex -3.49609 3.56126 23.827
      vertex -3.29108 3.56126 23.9454
    endloop
  endfacet
  facet normal 0 -1 0
    outer loop
      vertex -5.03033 3.56126 22.9412
      vertex -4.24257 3.56126 23.9373
      vertex -5.00013 3.56126 23.4832
    endloop
  endfacet
  facet normal 0 -1 0
    outer loop
      vertex -5.23535 3.56126 22.8228
      vertex -5.00013 3.56126 23.4832
      vertex -5.70954 3.56126 22.9571
    endloop
  endfacet
  facet normal 0 -1 -0
    outer loop
      vertex -4.24257 3.56126 23.9373
      vertex -5.03033 3.56126 22.9412
      vertex -3.49609 3.56126 23.827
    endloop
  endfacet
  facet normal 0 -1 0
    outer loop
      vertex -5.00013 3.56126 23.4832
      vertex -5.23535 3.56126 22.8228
      vertex -5.03033 3.56126 22.9412
    endloop
  endfacet
  facet normal 0 -1 0
    outer loop
      vertex -6.36396 3.56126 22.364
      vertex -5.23535 3.56126 22.8228
      vertex -5.70954 3.56126 22.9571
    endloop
  endfacet
  facet normal 0 -1 0
    outer loop
      vertex -6.82284 3.56126 21.2353
      vertex -6.36396 3.56126 22.364
      vertex -6.95709 3.56126 21.7095
    endloop
  endfacet
  facet normal 0 -1 -0
    outer loop
      vertex -6.36396 3.56126 22.364
      vertex -6.82284 3.56126 21.2353
      vertex -5.23535 3.56126 22.8228
    endloop
  endfacet
  facet normal 0 -1 0
    outer loop
      vertex -7.48323 3.56126 21.0001
      vertex -6.82284 3.56126 21.2353
      vertex -6.95709 3.56126 21.7095
    endloop
  endfacet
  facet normal 0 -1 0
    outer loop
      vertex -6.82284 3.56126 21.2353
      vertex -7.48323 3.56126 21.0001
      vertex -6.9412 3.56126 21.0303
    endloop
  endfacet
  facet normal 0 -1 -0
    outer loop
      vertex -7.48323 3.56126 21.0001
      vertex -7.827 3.56126 19.4961
      vertex -6.9412 3.56126 21.0303
    endloop
  endfacet
  facet normal 0 -1 0
    outer loop
      vertex -7.48323 3.56126 21.0001
      vertex -7.94536 3.56126 19.2911
      vertex -7.827 3.56126 19.4961
    endloop
  endfacet
  facet normal 0 -1 0
    outer loop
      vertex -18 3.56126 4
      vertex -7.827 3.56126 12.5039
      vertex -7.94536 3.56126 12.7089
    endloop
  endfacet
  facet normal 0 -1 0
    outer loop
      vertex -18 3.56126 3
      vertex -5.03033 3.56126 9.0588
      vertex -5.23535 3.56126 9.17716
    endloop
  endfacet
  facet normal 0 -1 -0
    outer loop
      vertex -5.03033 3.56126 9.0588
      vertex -18 3.56126 3
      vertex -3.49609 3.56126 8.173
    endloop
  endfacet
  facet normal 0 -1 0
    outer loop
      vertex 4.2 3.56126 3
      vertex -3.29108 3.56126 8.05464
      vertex -18 3.56126 3
    endloop
  endfacet
  facet normal 0 -1 -0
    outer loop
      vertex -3.49609 3.56126 8.173
      vertex -18 3.56126 3
      vertex -3.29108 3.56126 8.05464
    endloop
  endfacet
  facet normal 0 -1 0
    outer loop
      vertex -18 3.56126 3
      vertex -5.23535 3.56126 9.17716
      vertex -18 3.56126 4
    endloop
  endfacet
  facet normal 0 -1 -0
    outer loop
      vertex -6.82284 3.56126 10.7647
      vertex -18 3.56126 4
      vertex -5.23535 3.56126 9.17716
    endloop
  endfacet
  facet normal 0 -1 -0
    outer loop
      vertex -6.9412 3.56126 10.9697
      vertex -18 3.56126 4
      vertex -6.82284 3.56126 10.7647
    endloop
  endfacet
  facet normal 0 -1 -0
    outer loop
      vertex -7.827 3.56126 12.5039
      vertex -18 3.56126 4
      vertex -6.9412 3.56126 10.9697
    endloop
  endfacet
  facet normal 0 -1 -0
    outer loop
      vertex -8.52643 3.56126 14.8775
      vertex -18 3.56126 4
      vertex -7.94536 3.56126 12.7089
    endloop
  endfacet
  facet normal 0 -1 -0
    outer loop
      vertex -8.52643 3.56126 17.1225
      vertex -18 3.56126 4
      vertex -8.52643 3.56126 14.8775
    endloop
  endfacet
  facet normal 0 -1 0
    outer loop
      vertex -7.94536 3.56126 19.2911
      vertex -18 3.56126 4
      vertex -8.52643 3.56126 17.1225
    endloop
  endfacet
  facet normal 0 -1 0
    outer loop
      vertex -18 3.56126 4
      vertex -7.94536 3.56126 19.2911
      vertex -7.48323 3.56126 21.0001
    endloop
  endfacet
  facet normal 0 -1 -0
    outer loop
      vertex 1.75581 3.56126 24.8271
      vertex 1.12253 3.56126 24.5264
      vertex 2.61256 3.56126 24.6125
    endloop
  endfacet
  facet normal 0 -1 0
    outer loop
      vertex 3.29108 3.56126 23.9454
      vertex 2.61256 3.56126 24.6125
      vertex 1.12253 3.56126 24.5264
    endloop
  endfacet
  facet normal 0 -1 0
    outer loop
      vertex 2.61256 3.56126 24.6125
      vertex 3.29108 3.56126 23.9454
      vertex 3.44415 3.56126 24.3149
    endloop
  endfacet
  facet normal 0 -1 0
    outer loop
      vertex 3.49609 3.56126 23.827
      vertex 3.44415 3.56126 24.3149
      vertex 3.29108 3.56126 23.9454
    endloop
  endfacet
  facet normal 0 -1 0
    outer loop
      vertex 3.44415 3.56126 24.3149
      vertex 3.49609 3.56126 23.827
      vertex 4.24257 3.56126 23.9373
    endloop
  endfacet
  facet normal 0 -1 0
    outer loop
      vertex 5.03033 3.56126 22.9412
      vertex 4.24257 3.56126 23.9373
      vertex 3.49609 3.56126 23.827
    endloop
  endfacet
  facet normal 0 -1 0
    outer loop
      vertex 4.24257 3.56126 23.9373
      vertex 5.03033 3.56126 22.9412
      vertex 5.00013 3.56126 23.4832
    endloop
  endfacet
  facet normal 0 -1 0
    outer loop
      vertex 5.23535 3.56126 22.8228
      vertex 5.00013 3.56126 23.4832
      vertex 5.03033 3.56126 22.9412
    endloop
  endfacet
  facet normal 0 -1 0
    outer loop
      vertex 5.00013 3.56126 23.4832
      vertex 5.23535 3.56126 22.8228
      vertex 5.70954 3.56126 22.9571
    endloop
  endfacet
  facet normal 0 -1 0
    outer loop
      vertex 5.23535 3.56126 22.8228
      vertex 6.36396 3.56126 22.364
      vertex 5.70954 3.56126 22.9571
    endloop
  endfacet
  facet normal 0 -1 0
    outer loop
      vertex 6.82284 3.56126 21.2353
      vertex 6.36396 3.56126 22.364
      vertex 5.23535 3.56126 22.8228
    endloop
  endfacet
  facet normal 0 -1 0
    outer loop
      vertex 6.36396 3.56126 22.364
      vertex 6.82284 3.56126 21.2353
      vertex 6.95709 3.56126 21.7095
    endloop
  endfacet
  facet normal 0 -1 0
    outer loop
      vertex 7.48323 3.56126 21.0001
      vertex 6.82284 3.56126 21.2353
      vertex 6.9412 3.56126 21.0303
    endloop
  endfacet
  facet normal 0 -1 0
    outer loop
      vertex 6.82284 3.56126 21.2353
      vertex 7.48323 3.56126 21.0001
      vertex 6.95709 3.56126 21.7095
    endloop
  endfacet
  facet normal 0 -1 0
    outer loop
      vertex 6.9412 3.56126 21.0303
      vertex 7.93729 3.56126 20.2426
      vertex 7.48323 3.56126 21.0001
    endloop
  endfacet
  facet normal 0 -1 0
    outer loop
      vertex 7.827 3.56126 19.4961
      vertex 7.93729 3.56126 20.2426
      vertex 6.9412 3.56126 21.0303
    endloop
  endfacet
  facet normal 0 -1 0
    outer loop
      vertex 7.827 3.56126 19.4961
      vertex 8.31492 3.56126 19.4441
      vertex 7.93729 3.56126 20.2426
    endloop
  endfacet
  facet normal 0 -1 0
    outer loop
      vertex 7.94536 3.56126 19.2911
      vertex 8.31492 3.56126 19.4441
      vertex 7.827 3.56126 19.4961
    endloop
  endfacet
  facet normal 0 -1 0
    outer loop
      vertex 7.94536 3.56126 19.2911
      vertex 8.61246 3.56126 18.6126
      vertex 8.31492 3.56126 19.4441
    endloop
  endfacet
  facet normal 0 -1 0
    outer loop
      vertex 8.52643 3.56126 17.1225
      vertex 8.61246 3.56126 18.6126
      vertex 7.94536 3.56126 19.2911
    endloop
  endfacet
  facet normal 0 -1 -0
    outer loop
      vertex 8.61246 3.56126 18.6126
      vertex 8.52643 3.56126 17.1225
      vertex 8.82707 3.56126 17.7558
    endloop
  endfacet
  facet normal 0 -1 0
    outer loop
      vertex 8.52643 3.56126 17.1225
      vertex 8.95666 3.56126 16.8822
      vertex 8.82707 3.56126 17.7558
    endloop
  endfacet
  facet normal 0 -1 0
    outer loop
      vertex 8.52643 3.56126 17.1225
      vertex 9 3.56126 16
      vertex 8.95666 3.56126 16.8822
    endloop
  endfacet
  facet normal 0 -1 0
    outer loop
      vertex 8.52643 3.56126 14.8775
      vertex 9 3.56126 16
      vertex 8.52643 3.56126 17.1225
    endloop
  endfacet
  facet normal 0 -1 0
    outer loop
      vertex 9 3.56126 16
      vertex 8.52643 3.56126 14.8775
      vertex 8.95666 3.56126 15.1178
    endloop
  endfacet
  facet normal 0 -1 0
    outer loop
      vertex 8.52643 3.56126 14.8775
      vertex 8.82707 3.56126 14.2442
      vertex 8.95666 3.56126 15.1178
    endloop
  endfacet
  facet normal 0 -1 0
    outer loop
      vertex 8.52643 3.56126 14.8775
      vertex 8.61246 3.56126 13.3874
      vertex 8.82707 3.56126 14.2442
    endloop
  endfacet
  facet normal 0 -1 0
    outer loop
      vertex 7.94536 3.56126 12.7089
      vertex 8.61246 3.56126 13.3874
      vertex 8.52643 3.56126 14.8775
    endloop
  endfacet
  facet normal 0 -1 0
    outer loop
      vertex 7.827 3.56126 12.5039
      vertex 8.61246 3.56126 13.3874
      vertex 7.94536 3.56126 12.7089
    endloop
  endfacet
  facet normal 0 -1 0
    outer loop
      vertex 6.9412 3.56126 10.9697
      vertex 8.61246 3.56126 13.3874
      vertex 7.827 3.56126 12.5039
    endloop
  endfacet
  facet normal 0 -1 0
    outer loop
      vertex 6 3.56126 2.99
      vertex 6.9412 3.56126 10.9697
      vertex 6.82284 3.56126 10.7647
    endloop
  endfacet
  facet normal 0 -1 0
    outer loop
      vertex 6 3.56126 2.99
      vertex 5.03033 3.56126 9.0588
      vertex 3.49609 3.56126 8.173
    endloop
  endfacet
  facet normal 0 -1 0
    outer loop
      vertex 4.2 3.56126 3
      vertex 3.49609 3.56126 8.173
      vertex 3.29108 3.56126 8.05464
    endloop
  endfacet
  facet normal 0 -1 0
    outer loop
      vertex -3.29108 3.56126 8.05464
      vertex 4.2 3.56126 3
      vertex -1.12253 3.56126 7.47357
    endloop
  endfacet
  facet normal 0 -1 0
    outer loop
      vertex -1.12253 3.56126 7.47357
      vertex 4.2 3.56126 3
      vertex 1.12253 3.56126 7.47357
    endloop
  endfacet
  facet normal 0 -1 0
    outer loop
      vertex 4.2 3.56126 3
      vertex 3.29108 3.56126 8.05464
      vertex 1.12253 3.56126 7.47357
    endloop
  endfacet
  facet normal 0 -1 0
    outer loop
      vertex 3.49609 3.56126 8.173
      vertex 4.2 3.56126 3
      vertex 6 3.56126 2.99
    endloop
  endfacet
  facet normal 0 -1 0
    outer loop
      vertex 5.03033 3.56126 9.0588
      vertex 6 3.56126 2.99
      vertex 5.23535 3.56126 9.17716
    endloop
  endfacet
  facet normal 0 -1 0
    outer loop
      vertex 5.23535 3.56126 9.17716
      vertex 6 3.56126 2.99
      vertex 6.82284 3.56126 10.7647
    endloop
  endfacet
  facet normal 0 -1 0
    outer loop
      vertex 6 3.56126 2.99
      vertex 4.2 3.56126 3
      vertex 4.21 3.56126 2.99
    endloop
  endfacet
  facet normal 0 -1 -0
    outer loop
      vertex 6.9412 3.56126 10.9697
      vertex 6 3.56126 2.99
      vertex 8.61246 3.56126 13.3874
    endloop
  endfacet
  facet normal 0 1 0
    outer loop
      vertex -18 8 4
      vertex 4.2 8 3
      vertex -18 8 3
    endloop
  endfacet
  facet normal 0 1 0
    outer loop
      vertex 1.64206 8 16.44
      vertex 8.61246 8 18.6126
      vertex 8.82707 8 17.7558
    endloop
  endfacet
  facet normal 0 1 0
    outer loop
      vertex 8.61246 8 18.6126
      vertex 1.20207 8 17.2021
      vertex 0 8 18.4042
    endloop
  endfacet
  facet normal 0 1 0
    outer loop
      vertex 1.64206 8 16.44
      vertex 8.82707 8 17.7558
      vertex 8.95666 8 16.8822
    endloop
  endfacet
  facet normal 0 1 0
    outer loop
      vertex 8.61246 8 18.6126
      vertex 1.47223 8 16.85
      vertex 1.20207 8 17.2021
    endloop
  endfacet
  facet normal 0 1 0
    outer loop
      vertex 8.61246 8 18.6126
      vertex 1.64206 8 16.44
      vertex 1.47223 8 16.85
    endloop
  endfacet
  facet normal 0 1 0
    outer loop
      vertex 1.7 8 16
      vertex 8.95666 8 16.8822
      vertex 9 8 16
    endloop
  endfacet
  facet normal 0 1 0
    outer loop
      vertex 8.95666 8 16.8822
      vertex 1.7 8 16
      vertex 1.64206 8 16.44
    endloop
  endfacet
  facet normal 0 1 -0
    outer loop
      vertex 8.95666 8 15.1178
      vertex 1.7 8 16
      vertex 9 8 16
    endloop
  endfacet
  facet normal 0 1 0
    outer loop
      vertex 1.7 8 16
      vertex 8.95666 8 15.1178
      vertex 1.64206 8 15.56
    endloop
  endfacet
  facet normal 0 1 -0
    outer loop
      vertex 8.82707 8 14.2442
      vertex 1.64206 8 15.56
      vertex 8.95666 8 15.1178
    endloop
  endfacet
  facet normal 0 1 -0
    outer loop
      vertex 8.61246 8 13.3874
      vertex 1.64206 8 15.56
      vertex 8.82707 8 14.2442
    endloop
  endfacet
  facet normal 0 1 0
    outer loop
      vertex 1.64206 8 15.56
      vertex 8.61246 8 13.3874
      vertex 1.47223 8 15.15
    endloop
  endfacet
  facet normal 0 1 0
    outer loop
      vertex 1.47223 8 15.15
      vertex 8.61246 8 13.3874
      vertex 1.20207 8 14.7979
    endloop
  endfacet
  facet normal 0 1 0
    outer loop
      vertex 1.20207 8 14.7979
      vertex 8.61246 8 13.3874
      vertex 0.849991 8 14.5278
    endloop
  endfacet
  facet normal 0 1 -0
    outer loop
      vertex 4.2 8 3
      vertex 0.849991 8 14.5278
      vertex 8.61246 8 13.3874
    endloop
  endfacet
  facet normal 0 1 0
    outer loop
      vertex 0 8 18.4042
      vertex 0 8 25
      vertex 0.882154 8 24.9567
    endloop
  endfacet
  facet normal 0 1 0
    outer loop
      vertex 0 8 18.4042
      vertex 0.882154 8 24.9567
      vertex 1.75581 8 24.8271
    endloop
  endfacet
  facet normal 0 1 0
    outer loop
      vertex 0 8 25
      vertex 0 8 18.4042
      vertex -0.882154 8 24.9567
    endloop
  endfacet
  facet normal 0 1 0
    outer loop
      vertex 0 8 18.4042
      vertex 1.75581 8 24.8271
      vertex 2.61256 8 24.6125
    endloop
  endfacet
  facet normal 0 1 0
    outer loop
      vertex -0.882154 8 24.9567
      vertex 0 8 18.4042
      vertex -1.75581 8 24.8271
    endloop
  endfacet
  facet normal 0 1 0
    outer loop
      vertex 0 8 18.4042
      vertex 2.61256 8 24.6125
      vertex 3.44415 8 24.3149
    endloop
  endfacet
  facet normal 0 1 0
    outer loop
      vertex -1.75581 8 24.8271
      vertex 0 8 18.4042
      vertex -2.61256 8 24.6125
    endloop
  endfacet
  facet normal 0 1 0
    outer loop
      vertex 0 8 18.4042
      vertex 3.44415 8 24.3149
      vertex 4.24257 8 23.9373
    endloop
  endfacet
  facet normal 0 1 0
    outer loop
      vertex -2.61256 8 24.6125
      vertex 0 8 18.4042
      vertex -3.44415 8 24.3149
    endloop
  endfacet
  facet normal 0 1 0
    outer loop
      vertex 0 8 18.4042
      vertex 4.24257 8 23.9373
      vertex 5.00013 8 23.4832
    endloop
  endfacet
  facet normal 0 1 0
    outer loop
      vertex -3.44415 8 24.3149
      vertex 0 8 18.4042
      vertex -4.24257 8 23.9373
    endloop
  endfacet
  facet normal 0 1 0
    outer loop
      vertex 0 8 18.4042
      vertex 5.00013 8 23.4832
      vertex 5.70954 8 22.9571
    endloop
  endfacet
  facet normal 0 1 0
    outer loop
      vertex -4.24257 8 23.9373
      vertex 0 8 18.4042
      vertex -5.00013 8 23.4832
    endloop
  endfacet
  facet normal 0 1 0
    outer loop
      vertex 0 8 18.4042
      vertex 5.70954 8 22.9571
      vertex 6.36396 8 22.364
    endloop
  endfacet
  facet normal 0 1 -0
    outer loop
      vertex -1.20207 8 17.2021
      vertex -5.00013 8 23.4832
      vertex 0 8 18.4042
    endloop
  endfacet
  facet normal 0 1 0
    outer loop
      vertex 0 8 18.4042
      vertex 6.36396 8 22.364
      vertex 6.95709 8 21.7095
    endloop
  endfacet
  facet normal 0 1 0
    outer loop
      vertex -5.00013 8 23.4832
      vertex -1.20207 8 17.2021
      vertex -5.70954 8 22.9571
    endloop
  endfacet
  facet normal 0 1 0
    outer loop
      vertex 0 8 18.4042
      vertex 6.95709 8 21.7095
      vertex 7.48323 8 21.0001
    endloop
  endfacet
  facet normal 0 1 0
    outer loop
      vertex -5.70954 8 22.9571
      vertex -1.20207 8 17.2021
      vertex -6.36396 8 22.364
    endloop
  endfacet
  facet normal 0 1 0
    outer loop
      vertex 0 8 18.4042
      vertex 7.48323 8 21.0001
      vertex 7.93729 8 20.2426
    endloop
  endfacet
  facet normal 0 1 0
    outer loop
      vertex 0 8 18.4042
      vertex 7.93729 8 20.2426
      vertex 8.31492 8 19.4441
    endloop
  endfacet
  facet normal 0 1 0
    outer loop
      vertex 0 8 18.4042
      vertex 8.31492 8 19.4441
      vertex 8.61246 8 18.6126
    endloop
  endfacet
  facet normal 0 1 0
    outer loop
      vertex -6.36396 8 22.364
      vertex -1.20207 8 17.2021
      vertex -6.95709 8 21.7095
    endloop
  endfacet
  facet normal 0 1 -0
    outer loop
      vertex -1.47223 8 16.85
      vertex -6.95709 8 21.7095
      vertex -1.20207 8 17.2021
    endloop
  endfacet
  facet normal 0 1 0
    outer loop
      vertex -6.95709 8 21.7095
      vertex -1.47223 8 16.85
      vertex -7.48323 8 21.0001
    endloop
  endfacet
  facet normal 0 1 -0
    outer loop
      vertex -1.64206 8 16.44
      vertex -7.48323 8 21.0001
      vertex -1.47223 8 16.85
    endloop
  endfacet
  facet normal 0 1 -0
    outer loop
      vertex -1.7 8 16
      vertex -7.48323 8 21.0001
      vertex -1.64206 8 16.44
    endloop
  endfacet
  facet normal 0 1 0
    outer loop
      vertex -1.64206 8 15.56
      vertex -7.48323 8 21.0001
      vertex -1.7 8 16
    endloop
  endfacet
  facet normal 0 1 0
    outer loop
      vertex -1.47223 8 15.15
      vertex -7.48323 8 21.0001
      vertex -1.64206 8 15.56
    endloop
  endfacet
  facet normal 0 1 0
    outer loop
      vertex -18 8 4
      vertex -1.47223 8 15.15
      vertex -1.20207 8 14.7979
    endloop
  endfacet
  facet normal 0 1 0
    outer loop
      vertex 0.849991 8 14.5278
      vertex 4.2 8 3
      vertex 0.439987 8 14.3579
    endloop
  endfacet
  facet normal 0 1 0
    outer loop
      vertex -1.47223 8 15.15
      vertex -18 8 4
      vertex -7.48323 8 21.0001
    endloop
  endfacet
  facet normal 0 1 0
    outer loop
      vertex -0.849991 8 14.5278
      vertex -18 8 4
      vertex -1.20207 8 14.7979
    endloop
  endfacet
  facet normal 0 1 0
    outer loop
      vertex 4.2 8 3
      vertex -0.849991 8 14.5278
      vertex -0.439987 8 14.3579
    endloop
  endfacet
  facet normal 0 1 0
    outer loop
      vertex 4.2 8 3
      vertex -0.439987 8 14.3579
      vertex 0 8 14.3
    endloop
  endfacet
  facet normal 0 1 0
    outer loop
      vertex 0.439987 8 14.3579
      vertex 4.2 8 3
      vertex 0 8 14.3
    endloop
  endfacet
  facet normal 0 1 0
    outer loop
      vertex -0.849991 8 14.5278
      vertex 4.2 8 3
      vertex -18 8 4
    endloop
  endfacet
  facet normal 0 1 -0
    outer loop
      vertex 6 8 2.99
      vertex 4.2 8 3
      vertex 8.61246 8 13.3874
    endloop
  endfacet
  facet normal 0 1 0
    outer loop
      vertex 4.2 8 3
      vertex 6 8 2.99
      vertex 4.21 8 2.99
    endloop
  endfacet
  facet normal -0.8032 0 0.595709
    outer loop
      vertex -7.48323 3.56126 21.0001
      vertex -6.95709 8 21.7095
      vertex -7.48323 8 21.0001
    endloop
  endfacet
  facet normal -0.8032 0 0.595709
    outer loop
      vertex -6.95709 8 21.7095
      vertex -7.48323 3.56126 21.0001
      vertex -6.95709 3.56126 21.7095
    endloop
  endfacet
  facet normal 0.969854 0 -0.243686
    outer loop
      vertex 8.61246 3.56126 13.3874
      vertex 6 8 2.99
      vertex 8.61246 8 13.3874
    endloop
  endfacet
  facet normal 0.969854 0 -0.243686
    outer loop
      vertex 6 8 2.99
      vertex 8.61246 3.56126 13.3874
      vertex 6 3.56126 2.99
    endloop
  endfacet
  facet normal -1 0 0
    outer loop
      vertex -18 3.56126 3
      vertex -18 8 4
      vertex -18 8 3
    endloop
  endfacet
  facet normal -1 -0 0
    outer loop
      vertex -18 8 4
      vertex -18 3.56126 3
      vertex -18 3.56126 4
    endloop
  endfacet
  facet normal -0.427532 0 0.904
    outer loop
      vertex -4.24257 8 23.9373
      vertex -3.44415 3.56126 24.3149
      vertex -3.44415 8 24.3149
    endloop
  endfacet
  facet normal -0.427532 0 0.904
    outer loop
      vertex -3.44415 3.56126 24.3149
      vertex -4.24257 8 23.9373
      vertex -4.24257 3.56126 23.9373
    endloop
  endfacet
  facet normal -0.740993 0 0.671513
    outer loop
      vertex -6.95709 3.56126 21.7095
      vertex -6.36396 8 22.364
      vertex -6.95709 8 21.7095
    endloop
  endfacet
  facet normal -0.740993 0 0.671513
    outer loop
      vertex -6.36396 8 22.364
      vertex -6.95709 3.56126 21.7095
      vertex -6.36396 3.56126 22.364
    endloop
  endfacet
  facet normal -0.595674 0 0.803226
    outer loop
      vertex -5.70954 8 22.9571
      vertex -5.00013 3.56126 23.4832
      vertex -5.00013 8 23.4832
    endloop
  endfacet
  facet normal -0.595674 0 0.803226
    outer loop
      vertex -5.00013 3.56126 23.4832
      vertex -5.70954 8 22.9571
      vertex -5.70954 3.56126 22.9571
    endloop
  endfacet
  facet normal 0.671539 0 0.740969
    outer loop
      vertex 5.70954 8 22.9571
      vertex 6.36396 3.56126 22.364
      vertex 6.36396 8 22.364
    endloop
  endfacet
  facet normal 0.671539 0 0.740969
    outer loop
      vertex 6.36396 3.56126 22.364
      vertex 5.70954 8 22.9571
      vertex 5.70954 3.56126 22.9571
    endloop
  endfacet
  facet normal 0.8032 -0 0.595709
    outer loop
      vertex 6.95709 3.56126 21.7095
      vertex 7.48323 8 21.0001
      vertex 6.95709 8 21.7095
    endloop
  endfacet
  facet normal 0.8032 0 0.595709
    outer loop
      vertex 7.48323 8 21.0001
      vertex 6.95709 3.56126 21.7095
      vertex 7.48323 3.56126 21.0001
    endloop
  endfacet
  facet normal 0.998795 0 -0.049068
    outer loop
      vertex 9 3.56126 16
      vertex 8.95666 8 15.1178
      vertex 9 8 16
    endloop
  endfacet
  facet normal 0.998795 0 -0.049068
    outer loop
      vertex 8.95666 8 15.1178
      vertex 9 3.56126 16
      vertex 8.95666 3.56126 15.1178
    endloop
  endfacet
  facet normal -0.671539 0 0.740969
    outer loop
      vertex -6.36396 8 22.364
      vertex -5.70954 3.56126 22.9571
      vertex -5.70954 8 22.9571
    endloop
  endfacet
  facet normal -0.671539 0 0.740969
    outer loop
      vertex -5.70954 3.56126 22.9571
      vertex -6.36396 8 22.364
      vertex -6.36396 3.56126 22.364
    endloop
  endfacet
  facet normal -0.514133 0 0.857711
    outer loop
      vertex -5.00013 8 23.4832
      vertex -4.24257 3.56126 23.9373
      vertex -4.24257 8 23.9373
    endloop
  endfacet
  facet normal -0.514133 0 0.857711
    outer loop
      vertex -4.24257 3.56126 23.9373
      vertex -5.00013 8 23.4832
      vertex -5.00013 3.56126 23.4832
    endloop
  endfacet
  facet normal -0.336942 0 0.941525
    outer loop
      vertex -3.44415 8 24.3149
      vertex -2.61256 3.56126 24.6125
      vertex -2.61256 8 24.6125
    endloop
  endfacet
  facet normal -0.336942 0 0.941525
    outer loop
      vertex -2.61256 3.56126 24.6125
      vertex -3.44415 8 24.3149
      vertex -3.44415 3.56126 24.3149
    endloop
  endfacet
  facet normal 0.514133 0 0.857711
    outer loop
      vertex 4.24257 8 23.9373
      vertex 5.00013 3.56126 23.4832
      vertex 5.00013 8 23.4832
    endloop
  endfacet
  facet normal 0.514133 0 0.857711
    outer loop
      vertex 5.00013 3.56126 23.4832
      vertex 4.24257 8 23.9373
      vertex 4.24257 3.56126 23.9373
    endloop
  endfacet
  facet normal 0.740993 -0 0.671513
    outer loop
      vertex 6.36396 3.56126 22.364
      vertex 6.95709 8 21.7095
      vertex 6.36396 8 22.364
    endloop
  endfacet
  facet normal 0.740993 0 0.671513
    outer loop
      vertex 6.95709 8 21.7095
      vertex 6.36396 3.56126 22.364
      vertex 6.95709 3.56126 21.7095
    endloop
  endfacet
  facet normal 0.941535 -0 0.336914
    outer loop
      vertex 8.31492 3.56126 19.4441
      vertex 8.61246 8 18.6126
      vertex 8.31492 8 19.4441
    endloop
  endfacet
  facet normal 0.941535 0 0.336914
    outer loop
      vertex 8.61246 8 18.6126
      vertex 8.31492 3.56126 19.4441
      vertex 8.61246 3.56126 18.6126
    endloop
  endfacet
  facet normal 0.989176 -0 0.146735
    outer loop
      vertex 8.82707 3.56126 17.7558
      vertex 8.95666 8 16.8822
      vertex 8.82707 8 17.7558
    endloop
  endfacet
  facet normal 0.989176 0 0.146735
    outer loop
      vertex 8.95666 8 16.8822
      vertex 8.82707 3.56126 17.7558
      vertex 8.95666 3.56126 16.8822
    endloop
  endfacet
  facet normal 0.242975 0 0.970033
    outer loop
      vertex 1.75581 8 24.8271
      vertex 2.61256 3.56126 24.6125
      vertex 2.61256 8 24.6125
    endloop
  endfacet
  facet normal 0.242975 0 0.970033
    outer loop
      vertex 2.61256 3.56126 24.6125
      vertex 1.75581 8 24.8271
      vertex 1.75581 3.56126 24.8271
    endloop
  endfacet
  facet normal 0.0490254 0 0.998798
    outer loop
      vertex 0 8 25
      vertex 0.882154 3.56126 24.9567
      vertex 0.882154 8 24.9567
    endloop
  endfacet
  facet normal 0.0490254 0 0.998798
    outer loop
      vertex 0.882154 3.56126 24.9567
      vertex 0 8 25
      vertex 0 3.56126 25
    endloop
  endfacet
  facet normal 0.146736 0 0.989176
    outer loop
      vertex 0.882154 8 24.9567
      vertex 1.75581 3.56126 24.8271
      vertex 1.75581 8 24.8271
    endloop
  endfacet
  facet normal 0.146736 0 0.989176
    outer loop
      vertex 1.75581 3.56126 24.8271
      vertex 0.882154 8 24.9567
      vertex 0.882154 3.56126 24.9567
    endloop
  endfacet
  facet normal 0.904003 -0 0.427525
    outer loop
      vertex 7.93729 3.56126 20.2426
      vertex 8.31492 8 19.4441
      vertex 7.93729 8 20.2426
    endloop
  endfacet
  facet normal 0.904003 0 0.427525
    outer loop
      vertex 8.31492 8 19.4441
      vertex 7.93729 3.56126 20.2426
      vertex 8.31492 3.56126 19.4441
    endloop
  endfacet
  facet normal 0.857713 -0 0.514129
    outer loop
      vertex 7.48323 3.56126 21.0001
      vertex 7.93729 8 20.2426
      vertex 7.48323 8 21.0001
    endloop
  endfacet
  facet normal 0.857713 0 0.514129
    outer loop
      vertex 7.93729 8 20.2426
      vertex 7.48323 3.56126 21.0001
      vertex 7.93729 3.56126 20.2426
    endloop
  endfacet
  facet normal 0.970033 -0 0.242972
    outer loop
      vertex 8.61246 3.56126 18.6126
      vertex 8.82707 8 17.7558
      vertex 8.61246 8 18.6126
    endloop
  endfacet
  facet normal 0.970033 0 0.242972
    outer loop
      vertex 8.82707 8 17.7558
      vertex 8.61246 3.56126 18.6126
      vertex 8.82707 3.56126 17.7558
    endloop
  endfacet
  facet normal 0.998795 -0 0.049068
    outer loop
      vertex 8.95666 3.56126 16.8822
      vertex 9 8 16
      vertex 8.95666 8 16.8822
    endloop
  endfacet
  facet normal 0.998795 0 0.049068
    outer loop
      vertex 9 8 16
      vertex 8.95666 3.56126 16.8822
      vertex 9 3.56126 16
    endloop
  endfacet
  facet normal -0.146736 0 0.989176
    outer loop
      vertex -1.75581 8 24.8271
      vertex -0.882154 3.56126 24.9567
      vertex -0.882154 8 24.9567
    endloop
  endfacet
  facet normal -0.146736 0 0.989176
    outer loop
      vertex -0.882154 3.56126 24.9567
      vertex -1.75581 8 24.8271
      vertex -1.75581 3.56126 24.8271
    endloop
  endfacet
  facet normal -0.242975 0 0.970033
    outer loop
      vertex -2.61256 8 24.6125
      vertex -1.75581 3.56126 24.8271
      vertex -1.75581 8 24.8271
    endloop
  endfacet
  facet normal -0.242975 0 0.970033
    outer loop
      vertex -1.75581 3.56126 24.8271
      vertex -2.61256 8 24.6125
      vertex -2.61256 3.56126 24.6125
    endloop
  endfacet
  facet normal 0.595674 0 0.803226
    outer loop
      vertex 5.00013 8 23.4832
      vertex 5.70954 3.56126 22.9571
      vertex 5.70954 8 22.9571
    endloop
  endfacet
  facet normal 0.595674 0 0.803226
    outer loop
      vertex 5.70954 3.56126 22.9571
      vertex 5.00013 8 23.4832
      vertex 5.00013 3.56126 23.4832
    endloop
  endfacet
  facet normal 0.336942 0 0.941525
    outer loop
      vertex 2.61256 8 24.6125
      vertex 3.44415 3.56126 24.3149
      vertex 3.44415 8 24.3149
    endloop
  endfacet
  facet normal 0.336942 0 0.941525
    outer loop
      vertex 3.44415 3.56126 24.3149
      vertex 2.61256 8 24.6125
      vertex 2.61256 3.56126 24.6125
    endloop
  endfacet
  facet normal 0.427532 0 0.904
    outer loop
      vertex 3.44415 8 24.3149
      vertex 4.24257 3.56126 23.9373
      vertex 4.24257 8 23.9373
    endloop
  endfacet
  facet normal 0.427532 0 0.904
    outer loop
      vertex 4.24257 3.56126 23.9373
      vertex 3.44415 8 24.3149
      vertex 3.44415 3.56126 24.3149
    endloop
  endfacet
  facet normal -0.0490254 0 0.998798
    outer loop
      vertex -0.882154 8 24.9567
      vertex 0 3.56126 25
      vertex 0 8 25
    endloop
  endfacet
  facet normal -0.0490254 0 0.998798
    outer loop
      vertex 0 3.56126 25
      vertex -0.882154 8 24.9567
      vertex -0.882154 3.56126 24.9567
    endloop
  endfacet
  facet normal -0.608677 0 0.793418
    outer loop
      vertex 0.849991 8 14.5278
      vertex 1.20207 3.13705 14.7979
      vertex 1.20207 8 14.7979
    endloop
  endfacet
  facet normal -0.608677 0 0.793418
    outer loop
      vertex 1.20207 3.13705 14.7979
      vertex 0.849991 8 14.5278
      vertex 0.849991 3.13705 14.5278
    endloop
  endfacet
  facet normal -0.991441 0 0.130555
    outer loop
      vertex 1.64206 3.13705 15.56
      vertex 1.7 8 16
      vertex 1.64206 8 15.56
    endloop
  endfacet
  facet normal -0.991441 0 0.130555
    outer loop
      vertex 1.7 8 16
      vertex 1.64206 3.13705 15.56
      vertex 1.7 3.13705 16
    endloop
  endfacet
  facet normal 0.38282 0 0.923823
    outer loop
      vertex -0.849991 8 14.5278
      vertex -0.439987 3.13705 14.3579
      vertex -0.439987 8 14.3579
    endloop
  endfacet
  facet normal 0.38282 0 0.923823
    outer loop
      vertex -0.439987 3.13705 14.3579
      vertex -0.849991 8 14.5278
      vertex -0.849991 3.13705 14.5278
    endloop
  endfacet
  facet normal -0.923878 0 0.382688
    outer loop
      vertex 1.47223 3.13705 15.15
      vertex 1.64206 8 15.56
      vertex 1.47223 8 15.15
    endloop
  endfacet
  facet normal -0.923878 0 0.382688
    outer loop
      vertex 1.64206 8 15.56
      vertex 1.47223 3.13705 15.15
      vertex 1.64206 3.13705 15.56
    endloop
  endfacet
  facet normal 0.707039 0.00113544 -0.707174
    outer loop
      vertex -0.28558 3.13291 18.1186
      vertex -0.339697 3.13705 18.0645
      vertex -0.27969 3.13984 18.1245
    endloop
  endfacet
  facet normal 0.706996 0 -0.707218
    outer loop
      vertex -0.339697 3.13705 18.0645
      vertex -0.28558 3.13291 18.1186
      vertex -0.339697 3.06915 18.0645
    endloop
  endfacet
  facet normal 0.707065 6.21878e-06 -0.707148
    outer loop
      vertex -0.339697 3.13705 18.0645
      vertex 0 8 18.4042
      vertex -0.27969 3.13984 18.1245
    endloop
  endfacet
  facet normal 0.706286 9.58604e-05 -0.707927
    outer loop
      vertex 0 8 18.4042
      vertex -0.271971 3.13162 18.1322
      vertex -0.27969 3.13984 18.1245
    endloop
  endfacet
  facet normal 0.707144 0 -0.707069
    outer loop
      vertex -0.271971 3.13162 18.1322
      vertex 0 8 18.4042
      vertex 0 2.84174 18.4042
    endloop
  endfacet
  facet normal 0.707116 -7.965e-07 -0.707098
    outer loop
      vertex 0 8 18.4042
      vertex -0.339697 3.13705 18.0645
      vertex -1.20207 8 17.2021
    endloop
  endfacet
  facet normal 0.707118 0 -0.707096
    outer loop
      vertex -1.20207 8 17.2021
      vertex -0.339697 3.13705 18.0645
      vertex -1.20207 3.13705 17.2021
    endloop
  endfacet
  facet normal -0.793371 0 0.608739
    outer loop
      vertex 1.20207 3.13705 14.7979
      vertex 1.47223 8 15.15
      vertex 1.20207 8 14.7979
    endloop
  endfacet
  facet normal -0.793371 0 0.608739
    outer loop
      vertex 1.47223 8 15.15
      vertex 1.20207 3.13705 14.7979
      vertex 1.47223 3.13705 15.15
    endloop
  endfacet
  facet normal 0.991441 -0 0.130555
    outer loop
      vertex -1.7 3.13705 16
      vertex -1.64206 8 15.56
      vertex -1.7 8 16
    endloop
  endfacet
  facet normal 0.991441 0 0.130555
    outer loop
      vertex -1.64206 8 15.56
      vertex -1.7 3.13705 16
      vertex -1.64206 3.13705 15.56
    endloop
  endfacet
  facet normal 0.793371 0 -0.608739
    outer loop
      vertex -1.20207 3.13705 17.2021
      vertex -1.47223 8 16.85
      vertex -1.20207 8 17.2021
    endloop
  endfacet
  facet normal 0.793371 0 -0.608739
    outer loop
      vertex -1.47223 8 16.85
      vertex -1.20207 3.13705 17.2021
      vertex -1.47223 3.13705 16.85
    endloop
  endfacet
  facet normal -0.707116 -7.965e-07 -0.707098
    outer loop
      vertex 0.339697 3.13705 18.0645
      vertex 0 8 18.4042
      vertex 1.20207 8 17.2021
    endloop
  endfacet
  facet normal -0.707118 0 -0.707096
    outer loop
      vertex 0.339697 3.13705 18.0645
      vertex 1.20207 8 17.2021
      vertex 1.20207 3.13705 17.2021
    endloop
  endfacet
  facet normal -0.707065 6.21878e-06 -0.707148
    outer loop
      vertex 0 8 18.4042
      vertex 0.339697 3.13705 18.0645
      vertex 0.27969 3.13984 18.1245
    endloop
  endfacet
  facet normal -0.707039 0.00113544 -0.707174
    outer loop
      vertex 0.339697 3.13705 18.0645
      vertex 0.28558 3.13291 18.1186
      vertex 0.27969 3.13984 18.1245
    endloop
  endfacet
  facet normal -0.706996 0 -0.707218
    outer loop
      vertex 0.28558 3.13291 18.1186
      vertex 0.339697 3.13705 18.0645
      vertex 0.339697 3.06915 18.0645
    endloop
  endfacet
  facet normal -0.706286 9.58604e-05 -0.707927
    outer loop
      vertex 0.271971 3.13162 18.1322
      vertex 0 8 18.4042
      vertex 0.27969 3.13984 18.1245
    endloop
  endfacet
  facet normal -0.707144 -0 -0.707069
    outer loop
      vertex 0 8 18.4042
      vertex 0.271971 3.13162 18.1322
      vertex 0 2.84174 18.4042
    endloop
  endfacet
  facet normal -0.38282 0 0.923823
    outer loop
      vertex 0.439987 8 14.3579
      vertex 0.849991 3.13705 14.5278
      vertex 0.849991 8 14.5278
    endloop
  endfacet
  facet normal -0.38282 0 0.923823
    outer loop
      vertex 0.849991 3.13705 14.5278
      vertex 0.439987 8 14.3579
      vertex 0.439987 3.13705 14.3579
    endloop
  endfacet
  facet normal -0.13047 0 0.991452
    outer loop
      vertex 0 8 14.3
      vertex 0.439987 3.13705 14.3579
      vertex 0.439987 8 14.3579
    endloop
  endfacet
  facet normal -0.13047 0 0.991452
    outer loop
      vertex 0.439987 3.13705 14.3579
      vertex 0 8 14.3
      vertex 0 3.13705 14.3
    endloop
  endfacet
  facet normal 0.13047 0 0.991452
    outer loop
      vertex -0.439987 8 14.3579
      vertex 0 3.13705 14.3
      vertex 0 8 14.3
    endloop
  endfacet
  facet normal 0.13047 0 0.991452
    outer loop
      vertex 0 3.13705 14.3
      vertex -0.439987 8 14.3579
      vertex -0.439987 3.13705 14.3579
    endloop
  endfacet
  facet normal 0.608677 0 0.793418
    outer loop
      vertex -1.20207 8 14.7979
      vertex -0.849991 3.13705 14.5278
      vertex -0.849991 8 14.5278
    endloop
  endfacet
  facet normal 0.608677 0 0.793418
    outer loop
      vertex -0.849991 3.13705 14.5278
      vertex -1.20207 8 14.7979
      vertex -1.20207 3.13705 14.7979
    endloop
  endfacet
  facet normal 0.923878 -0 0.382688
    outer loop
      vertex -1.64206 3.13705 15.56
      vertex -1.47223 8 15.15
      vertex -1.64206 8 15.56
    endloop
  endfacet
  facet normal 0.923878 0 0.382688
    outer loop
      vertex -1.47223 8 15.15
      vertex -1.64206 3.13705 15.56
      vertex -1.47223 3.13705 15.15
    endloop
  endfacet
  facet normal 0.793371 -0 0.608739
    outer loop
      vertex -1.47223 3.13705 15.15
      vertex -1.20207 8 14.7979
      vertex -1.47223 8 15.15
    endloop
  endfacet
  facet normal 0.793371 0 0.608739
    outer loop
      vertex -1.20207 8 14.7979
      vertex -1.47223 3.13705 15.15
      vertex -1.20207 3.13705 14.7979
    endloop
  endfacet
  facet normal 0.991441 0 -0.130555
    outer loop
      vertex -1.64206 3.13705 16.44
      vertex -1.7 8 16
      vertex -1.64206 8 16.44
    endloop
  endfacet
  facet normal 0.991441 0 -0.130555
    outer loop
      vertex -1.7 8 16
      vertex -1.64206 3.13705 16.44
      vertex -1.7 3.13705 16
    endloop
  endfacet
  facet normal 0.923878 0 -0.382688
    outer loop
      vertex -1.47223 3.13705 16.85
      vertex -1.64206 8 16.44
      vertex -1.47223 8 16.85
    endloop
  endfacet
  facet normal 0.923878 0 -0.382688
    outer loop
      vertex -1.64206 8 16.44
      vertex -1.47223 3.13705 16.85
      vertex -1.64206 3.13705 16.44
    endloop
  endfacet
  facet normal -0.793371 0 -0.608739
    outer loop
      vertex 1.47223 3.13705 16.85
      vertex 1.20207 8 17.2021
      vertex 1.47223 8 16.85
    endloop
  endfacet
  facet normal -0.793371 -0 -0.608739
    outer loop
      vertex 1.20207 8 17.2021
      vertex 1.47223 3.13705 16.85
      vertex 1.20207 3.13705 17.2021
    endloop
  endfacet
  facet normal -0.923878 0 -0.382688
    outer loop
      vertex 1.64206 3.13705 16.44
      vertex 1.47223 8 16.85
      vertex 1.64206 8 16.44
    endloop
  endfacet
  facet normal -0.923878 -0 -0.382688
    outer loop
      vertex 1.47223 8 16.85
      vertex 1.64206 3.13705 16.44
      vertex 1.47223 3.13705 16.85
    endloop
  endfacet
  facet normal -0.991441 0 -0.130555
    outer loop
      vertex 1.7 3.13705 16
      vertex 1.64206 8 16.44
      vertex 1.7 8 16
    endloop
  endfacet
  facet normal -0.991441 -0 -0.130555
    outer loop
      vertex 1.64206 8 16.44
      vertex 1.7 3.13705 16
      vertex 1.64206 3.13705 16.44
    endloop
  endfacet
  facet normal -0.0467934 0.708307 -0.704352
    outer loop
      vertex 8.52643 -2.43874 16
      vertex 2.11364 -3.13705 15.7238
      vertex 2.08203 -3.13705 15.7259
    endloop
  endfacet
  facet normal -0.0464927 0.706336 -0.706348
    outer loop
      vertex 8.52643 -3.56126 14.8775
      vertex 2.11364 -3.13705 15.7238
      vertex 8.52643 -2.43874 16
    endloop
  endfacet
  facet normal -0.0479223 0.699007 -0.713507
    outer loop
      vertex 2.11364 -3.13705 15.7238
      vertex 8.52643 -3.56126 14.8775
      vertex 2.11337 -3.13911 15.7218
    endloop
  endfacet
  facet normal -0.0464958 0.706342 -0.706342
    outer loop
      vertex 8.52643 -2.43874 16
      vertex 2.08203 -3.13705 15.7259
      vertex 2.08203 -2.86295 16
    endloop
  endfacet
  facet normal -0.0464958 0.706342 0.706342
    outer loop
      vertex 2.08203 -2.86295 16
      vertex 2.08203 -3.13705 16.2741
      vertex 8.52643 -2.43874 16
    endloop
  endfacet
  facet normal -1 -0 0
    outer loop
      vertex 2.08203 -2.86295 16
      vertex 2.08203 -3.13705 15.7259
      vertex 2.08203 -3.13705 16.2741
    endloop
  endfacet
  facet normal 1 0 0
    outer loop
      vertex 8.52643 -3.56126 17.1225
      vertex 8.52643 -3.56126 14.8775
      vertex 8.52643 -2.43874 16
    endloop
  endfacet
  facet normal -0.0479223 0.699007 0.713507
    outer loop
      vertex 8.52643 -3.56126 17.1225
      vertex 2.11364 -3.13705 16.2762
      vertex 2.11337 -3.13911 16.2782
    endloop
  endfacet
  facet normal -0.0467934 0.708307 0.704352
    outer loop
      vertex 2.11364 -3.13705 16.2762
      vertex 8.52643 -2.43874 16
      vertex 2.08203 -3.13705 16.2741
    endloop
  endfacet
  facet normal -0.0464927 0.706336 0.706348
    outer loop
      vertex 8.52643 -2.43874 16
      vertex 2.11364 -3.13705 16.2762
      vertex 8.52643 -3.56126 17.1225
    endloop
  endfacet
  facet normal -0.965925 4.72128e-05 0.258821
    outer loop
      vertex 2.01109 -2.86295 15.4611
      vertex 1.94015 -3.13705 15.1964
      vertex 2.08203 -3.13705 15.7259
    endloop
  endfacet
  facet normal -0.227615 0.707332 -0.669233
    outer loop
      vertex 8.23589 -2.43874 13.7932
      vertex 1.97014 -3.13705 15.1862
      vertex 1.94015 -3.13705 15.1964
    endloop
  endfacet
  facet normal -0.227727 0.706351 -0.670231
    outer loop
      vertex 7.94536 -3.56126 12.7089
      vertex 1.97014 -3.13705 15.1862
      vertex 8.23589 -2.43874 13.7932
    endloop
  endfacet
  facet normal -0.227915 0.705929 -0.670611
    outer loop
      vertex 1.97014 -3.13705 15.1862
      vertex 7.94536 -3.56126 12.7089
      vertex 1.96935 -3.13911 15.1843
    endloop
  endfacet
  facet normal -0.227738 0.706268 -0.670314
    outer loop
      vertex 8.23589 -2.43874 13.7932
      vertex 1.94015 -3.13705 15.1964
      vertex 2.01109 -2.86295 15.4611
    endloop
  endfacet
  facet normal 0.137884 0.706392 0.694261
    outer loop
      vertex 8.23589 -2.43874 13.7932
      vertex 2.01109 -2.86295 15.4611
      vertex 2.08203 -3.13705 15.7259
    endloop
  endfacet
  facet normal 0.965926 4.30249e-06 -0.258817
    outer loop
      vertex 8.52643 -3.56126 14.8775
      vertex 7.94536 -3.56126 12.7089
      vertex 8.23589 -2.43874 13.7932
    endloop
  endfacet
  facet normal 0.137254 0.715881 0.684599
    outer loop
      vertex 2.11337 -3.13911 15.7218
      vertex 8.52643 -3.56126 14.8775
      vertex 2.1131 -3.13705 15.7197
    endloop
  endfacet
  facet normal 0.139093 0.703416 0.697036
    outer loop
      vertex 2.1131 -3.13705 15.7197
      vertex 8.23589 -2.43874 13.7932
      vertex 2.08203 -3.13705 15.7259
    endloop
  endfacet
  facet normal 0.137897 0.706352 0.6943
    outer loop
      vertex 8.23589 -2.43874 13.7932
      vertex 2.1131 -3.13705 15.7197
      vertex 8.52643 -3.56126 14.8775
    endloop
  endfacet
  facet normal 0.312887 0.706374 0.634931
    outer loop
      vertex 7.3841 -2.43874 11.7368
      vertex 1.80309 -2.86295 14.959
      vertex 1.94015 -3.13705 15.1964
    endloop
  endfacet
  facet normal -0.393427 0.706366 -0.58844
    outer loop
      vertex 7.3841 -2.43874 11.7368
      vertex 1.66604 -3.13705 14.7216
      vertex 1.80309 -2.86295 14.959
    endloop
  endfacet
  facet normal -0.866038 -1.57978e-05 0.499978
    outer loop
      vertex 1.80309 -2.86295 14.959
      vertex 1.66604 -3.13705 14.7216
      vertex 1.94015 -3.13705 15.1964
    endloop
  endfacet
  facet normal -0.393557 0.70602 -0.588769
    outer loop
      vertex 7.3841 -2.43874 11.7368
      vertex 1.69237 -3.13705 14.704
      vertex 1.66604 -3.13705 14.7216
    endloop
  endfacet
  facet normal -0.393439 0.706334 -0.588471
    outer loop
      vertex 6.82284 -3.56126 10.7647
      vertex 1.69237 -3.13705 14.704
      vertex 7.3841 -2.43874 11.7368
    endloop
  endfacet
  facet normal -0.39694 0.701023 -0.592458
    outer loop
      vertex 1.69237 -3.13705 14.704
      vertex 6.82284 -3.56126 10.7647
      vertex 1.69112 -3.13911 14.7024
    endloop
  endfacet
  facet normal 0.86602 -2.04729e-06 -0.50001
    outer loop
      vertex 6.9412 -3.56126 10.9697
      vertex 6.82284 -3.56126 10.7647
      vertex 7.3841 -2.43874 11.7368
    endloop
  endfacet
  facet normal 0.866018 4.46633e-16 -0.500012
    outer loop
      vertex 7.827 -3.56126 12.5039
      vertex 6.9412 -3.56126 10.9697
      vertex 7.3841 -2.43874 11.7368
    endloop
  endfacet
  facet normal 0.86602 2.04729e-06 -0.50001
    outer loop
      vertex 7.827 -3.56126 12.5039
      vertex 7.3841 -2.43874 11.7368
      vertex 7.94536 -3.56126 12.7089
    endloop
  endfacet
  facet normal 0.313024 0.70599 0.63529
    outer loop
      vertex 1.96935 -3.13911 15.1843
      vertex 7.94536 -3.56126 12.7089
      vertex 1.96856 -3.13705 15.1824
    endloop
  endfacet
  facet normal 0.31288 0.706385 0.634922
    outer loop
      vertex 1.96856 -3.13705 15.1824
      vertex 7.3841 -2.43874 11.7368
      vertex 1.94015 -3.13705 15.1964
    endloop
  endfacet
  facet normal 0.312913 0.706333 0.634964
    outer loop
      vertex 7.3841 -2.43874 11.7368
      vertex 1.96856 -3.13705 15.1824
      vertex 7.94536 -3.56126 12.7089
    endloop
  endfacet
  facet normal -0.70707 2.58612e-15 0.707143
    outer loop
      vertex 1.47222 -2.86295 14.5278
      vertex 1.2784 -3.13705 14.334
      vertex 1.66604 -3.13705 14.7216
    endloop
  endfacet
  facet normal -0.529176 0.711508 -0.462309
    outer loop
      vertex 6.02909 -2.43874 9.97091
      vertex 1.29928 -3.13705 14.3101
      vertex 1.2784 -3.13705 14.334
    endloop
  endfacet
  facet normal -0.532334 0.706344 -0.466583
    outer loop
      vertex 5.23535 -3.56126 9.17716
      vertex 1.29928 -3.13705 14.3101
      vertex 6.02909 -2.43874 9.97091
    endloop
  endfacet
  facet normal -0.536834 0.700927 -0.469586
    outer loop
      vertex 1.29928 -3.13705 14.3101
      vertex 5.23535 -3.56126 9.17716
      vertex 1.29764 -3.13911 14.3089
    endloop
  endfacet
  facet normal -0.532347 0.706329 -0.466591
    outer loop
      vertex 6.02909 -2.43874 9.97091
      vertex 1.2784 -3.13705 14.334
      vertex 1.47222 -2.86295 14.5278
    endloop
  endfacet
  facet normal 0.466595 0.706326 0.532346
    outer loop
      vertex 6.02909 -2.43874 9.97091
      vertex 1.47222 -2.86295 14.5278
      vertex 1.66604 -3.13705 14.7216
    endloop
  endfacet
  facet normal 0.707118 -9.44867e-06 -0.707096
    outer loop
      vertex 6.82284 -3.56126 10.7647
      vertex 5.23535 -3.56126 9.17716
      vertex 6.02909 -2.43874 9.97091
    endloop
  endfacet
  facet normal 0.461492 0.715312 0.524742
    outer loop
      vertex 1.69112 -3.13911 14.7024
      vertex 6.82284 -3.56126 10.7647
      vertex 1.68986 -3.13705 14.7007
    endloop
  endfacet
  facet normal 0.467997 0.704615 0.533382
    outer loop
      vertex 1.68986 -3.13705 14.7007
      vertex 6.02909 -2.43874 9.97091
      vertex 1.66604 -3.13705 14.7216
    endloop
  endfacet
  facet normal 0.46657 0.706355 0.53233
    outer loop
      vertex 6.02909 -2.43874 9.97091
      vertex 1.68986 -3.13705 14.7007
      vertex 6.82284 -3.56126 10.7647
    endloop
  endfacet
  facet normal 0.588428 0.70638 0.39342
    outer loop
      vertex 4.26321 -2.43874 8.6159
      vertex 1.04102 -2.86295 14.1969
      vertex 1.2784 -3.13705 14.334
    endloop
  endfacet
  facet normal -0.634975 0.706322 -0.312915
    outer loop
      vertex 4.26321 -2.43874 8.6159
      vertex 0.803635 -3.13705 14.0599
      vertex 1.04102 -2.86295 14.1969
    endloop
  endfacet
  facet normal -0.499992 0.000162537 0.86603
    outer loop
      vertex 1.04102 -2.86295 14.1969
      vertex 0.803635 -3.13705 14.0599
      vertex 1.2784 -3.13705 14.334
    endloop
  endfacet
  facet normal -0.631763 0.710317 -0.310362
    outer loop
      vertex 4.26321 -2.43874 8.6159
      vertex 0.817636 -3.13705 14.0314
      vertex 0.803635 -3.13705 14.0599
    endloop
  endfacet
  facet normal -0.634957 0.706342 -0.312907
    outer loop
      vertex 3.29108 -3.56126 8.05464
      vertex 0.817636 -3.13705 14.0314
      vertex 4.26321 -2.43874 8.6159
    endloop
  endfacet
  facet normal -0.640925 0.700025 -0.314928
    outer loop
      vertex 0.817636 -3.13705 14.0314
      vertex 3.29108 -3.56126 8.05464
      vertex 0.81573 -3.13911 14.0307
    endloop
  endfacet
  facet normal 0.500003 1.11656e-16 -0.866024
    outer loop
      vertex 5.03033 -3.56126 9.0588
      vertex 3.49609 -3.56126 8.173
      vertex 4.26321 -2.43874 8.6159
    endloop
  endfacet
  facet normal 0.499974 -2.64728e-05 -0.866041
    outer loop
      vertex 5.03033 -3.56126 9.0588
      vertex 4.26321 -2.43874 8.6159
      vertex 5.23535 -3.56126 9.17716
    endloop
  endfacet
  facet normal 0.584542 0.711483 0.390005
    outer loop
      vertex 1.29764 -3.13911 14.3089
      vertex 5.23535 -3.56126 9.17716
      vertex 1.296 -3.13705 14.3076
    endloop
  endfacet
  facet normal 0.592572 0.701994 0.395048
    outer loop
      vertex 1.296 -3.13705 14.3076
      vertex 4.26321 -2.43874 8.6159
      vertex 1.2784 -3.13705 14.334
    endloop
  endfacet
  facet normal 0.588459 0.706344 0.393438
    outer loop
      vertex 4.26321 -2.43874 8.6159
      vertex 1.296 -3.13705 14.3076
      vertex 5.23535 -3.56126 9.17716
    endloop
  endfacet
  facet normal 0.499992 9.80629e-06 -0.86603
    outer loop
      vertex 3.49609 -3.56126 8.173
      vertex 3.29108 -3.56126 8.05464
      vertex 4.26321 -2.43874 8.6159
    endloop
  endfacet
  facet normal -0.25884 0.000176671 0.96592
    outer loop
      vertex 0.53887 -2.86295 13.9889
      vertex 0.274104 -3.13705 13.918
      vertex 0.803635 -3.13705 14.0599
    endloop
  endfacet
  facet normal -0.693736 0.706953 -0.137654
    outer loop
      vertex 2.2068 -2.43874 7.76411
      vertex 0.280275 -3.13705 13.8869
      vertex 0.274104 -3.13705 13.918
    endloop
  endfacet
  facet normal -0.694308 0.706342 -0.137904
    outer loop
      vertex 1.12253 -3.56126 7.47357
      vertex 0.280275 -3.13705 13.8869
      vertex 2.2068 -2.43874 7.76411
    endloop
  endfacet
  facet normal -0.692808 0.707832 -0.137805
    outer loop
      vertex 0.280275 -3.13705 13.8869
      vertex 1.12253 -3.56126 7.47357
      vertex 0.27823 -3.13911 13.8866
    endloop
  endfacet
  facet normal -0.694311 0.706339 -0.137905
    outer loop
      vertex 2.2068 -2.43874 7.76411
      vertex 0.274104 -3.13705 13.918
      vertex 0.53887 -2.86295 13.9889
    endloop
  endfacet
  facet normal 0.670211 0.706372 0.227721
    outer loop
      vertex 2.2068 -2.43874 7.76411
      vertex 0.53887 -2.86295 13.9889
      vertex 0.803635 -3.13705 14.0599
    endloop
  endfacet
  facet normal 0.258823 5.45535e-06 -0.965925
    outer loop
      vertex 3.29108 -3.56126 8.05464
      vertex 1.12253 -3.56126 7.47357
      vertex 2.2068 -2.43874 7.76411
    endloop
  endfacet
  facet normal 0.669237 0.707452 0.227231
    outer loop
      vertex 0.81573 -3.13911 14.0307
      vertex 3.29108 -3.56126 8.05464
      vertex 0.813824 -3.13705 14.0299
    endloop
  endfacet
  facet normal 0.670631 0.705958 0.227768
    outer loop
      vertex 0.813824 -3.13705 14.0299
      vertex 2.2068 -2.43874 7.76411
      vertex 0.803635 -3.13705 14.0599
    endloop
  endfacet
  facet normal 0.670238 0.706345 0.227724
    outer loop
      vertex 2.2068 -2.43874 7.76411
      vertex 0.813824 -3.13705 14.0299
      vertex 3.29108 -3.56126 8.05464
    endloop
  endfacet
  facet normal -0.706246 0.706437 0.0465095
    outer loop
      vertex -0.274104 -3.13705 13.918
      vertex 0 -2.43874 7.47357
      vertex -0.276185 -3.13705 13.8864
    endloop
  endfacet
  facet normal -0.706339 0.706345 0.0464955
    outer loop
      vertex -1.12253 -3.56126 7.47357
      vertex -0.276185 -3.13705 13.8864
      vertex 0 -2.43874 7.47357
    endloop
  endfacet
  facet normal -0.706653 0.706027 0.0465579
    outer loop
      vertex -0.276185 -3.13705 13.8864
      vertex -1.12253 -3.56126 7.47357
      vertex -0.27823 -3.13911 13.8866
    endloop
  endfacet
  facet normal 0 0 1
    outer loop
      vertex 0 -2.86295 13.918
      vertex -0.274104 -3.13705 13.918
      vertex 0.274104 -3.13705 13.918
    endloop
  endfacet
  facet normal -0.706337 0.706347 0.0464959
    outer loop
      vertex 0 -2.43874 7.47357
      vertex -0.274104 -3.13705 13.918
      vertex 0 -2.86295 13.918
    endloop
  endfacet
  facet normal 0.706337 0.706347 0.0464959
    outer loop
      vertex 0 -2.43874 7.47357
      vertex 0 -2.86295 13.918
      vertex 0.274104 -3.13705 13.918
    endloop
  endfacet
  facet normal 0 0 -1
    outer loop
      vertex 1.12253 -3.56126 7.47357
      vertex -1.12253 -3.56126 7.47357
      vertex 0 -2.43874 7.47357
    endloop
  endfacet
  facet normal 0.706653 0.706027 0.0465579
    outer loop
      vertex 0.27823 -3.13911 13.8866
      vertex 1.12253 -3.56126 7.47357
      vertex 0.276185 -3.13705 13.8864
    endloop
  endfacet
  facet normal 0.706246 0.706437 0.0465095
    outer loop
      vertex 0.276185 -3.13705 13.8864
      vertex 0 -2.43874 7.47357
      vertex 0.274104 -3.13705 13.918
    endloop
  endfacet
  facet normal 0.706339 0.706345 0.0464955
    outer loop
      vertex 0 -2.43874 7.47357
      vertex 0.276185 -3.13705 13.8864
      vertex 1.12253 -3.56126 7.47357
    endloop
  endfacet
  facet normal 0.25884 0.000176671 0.96592
    outer loop
      vertex -0.53887 -2.86295 13.9889
      vertex -0.803635 -3.13705 14.0599
      vertex -0.274104 -3.13705 13.918
    endloop
  endfacet
  facet normal -0.670238 0.706345 0.227724
    outer loop
      vertex -0.813824 -3.13705 14.0299
      vertex -2.2068 -2.43874 7.76411
      vertex -3.29108 -3.56126 8.05464
    endloop
  endfacet
  facet normal -0.670631 0.705958 0.227768
    outer loop
      vertex -2.2068 -2.43874 7.76411
      vertex -0.813824 -3.13705 14.0299
      vertex -0.803635 -3.13705 14.0599
    endloop
  endfacet
  facet normal -0.669237 0.707452 0.227231
    outer loop
      vertex -0.81573 -3.13911 14.0307
      vertex -0.813824 -3.13705 14.0299
      vertex -3.29108 -3.56126 8.05464
    endloop
  endfacet
  facet normal -0.670211 0.706372 0.227721
    outer loop
      vertex -0.53887 -2.86295 13.9889
      vertex -2.2068 -2.43874 7.76411
      vertex -0.803635 -3.13705 14.0599
    endloop
  endfacet
  facet normal 0.694311 0.706339 -0.137905
    outer loop
      vertex -0.274104 -3.13705 13.918
      vertex -2.2068 -2.43874 7.76411
      vertex -0.53887 -2.86295 13.9889
    endloop
  endfacet
  facet normal -0.258823 5.45535e-06 -0.965925
    outer loop
      vertex -1.12253 -3.56126 7.47357
      vertex -3.29108 -3.56126 8.05464
      vertex -2.2068 -2.43874 7.76411
    endloop
  endfacet
  facet normal 0.693736 0.706953 -0.137654
    outer loop
      vertex -0.280275 -3.13705 13.8869
      vertex -2.2068 -2.43874 7.76411
      vertex -0.274104 -3.13705 13.918
    endloop
  endfacet
  facet normal 0.692808 0.707832 -0.137805
    outer loop
      vertex -1.12253 -3.56126 7.47357
      vertex -0.280275 -3.13705 13.8869
      vertex -0.27823 -3.13911 13.8866
    endloop
  endfacet
  facet normal 0.694308 0.706342 -0.137904
    outer loop
      vertex -0.280275 -3.13705 13.8869
      vertex -1.12253 -3.56126 7.47357
      vertex -2.2068 -2.43874 7.76411
    endloop
  endfacet
  facet normal 0.634975 0.706322 -0.312915
    outer loop
      vertex -0.803635 -3.13705 14.0599
      vertex -4.26321 -2.43874 8.6159
      vertex -1.04102 -2.86295 14.1969
    endloop
  endfacet
  facet normal -0.588428 0.70638 0.39342
    outer loop
      vertex -1.04102 -2.86295 14.1969
      vertex -4.26321 -2.43874 8.6159
      vertex -1.2784 -3.13705 14.334
    endloop
  endfacet
  facet normal 0.499992 0.000162537 0.86603
    outer loop
      vertex -1.04102 -2.86295 14.1969
      vertex -1.2784 -3.13705 14.334
      vertex -0.803635 -3.13705 14.0599
    endloop
  endfacet
  facet normal -0.588459 0.706344 0.393438
    outer loop
      vertex -1.296 -3.13705 14.3076
      vertex -4.26321 -2.43874 8.6159
      vertex -5.23535 -3.56126 9.17716
    endloop
  endfacet
  facet normal -0.592572 0.701994 0.395048
    outer loop
      vertex -4.26321 -2.43874 8.6159
      vertex -1.296 -3.13705 14.3076
      vertex -1.2784 -3.13705 14.334
    endloop
  endfacet
  facet normal -0.584542 0.711483 0.390005
    outer loop
      vertex -1.29764 -3.13911 14.3089
      vertex -1.296 -3.13705 14.3076
      vertex -5.23535 -3.56126 9.17716
    endloop
  endfacet
  facet normal -0.499974 -2.64728e-05 -0.866041
    outer loop
      vertex -5.03033 -3.56126 9.0588
      vertex -5.23535 -3.56126 9.17716
      vertex -4.26321 -2.43874 8.6159
    endloop
  endfacet
  facet normal -0.500003 1.11656e-16 -0.866024
    outer loop
      vertex -3.49609 -3.56126 8.173
      vertex -5.03033 -3.56126 9.0588
      vertex -4.26321 -2.43874 8.6159
    endloop
  endfacet
  facet normal -0.499992 9.80629e-06 -0.86603
    outer loop
      vertex -3.49609 -3.56126 8.173
      vertex -4.26321 -2.43874 8.6159
      vertex -3.29108 -3.56126 8.05464
    endloop
  endfacet
  facet normal 0.631763 0.710317 -0.310362
    outer loop
      vertex -0.817636 -3.13705 14.0314
      vertex -4.26321 -2.43874 8.6159
      vertex -0.803635 -3.13705 14.0599
    endloop
  endfacet
  facet normal 0.640925 0.700025 -0.314928
    outer loop
      vertex -3.29108 -3.56126 8.05464
      vertex -0.817636 -3.13705 14.0314
      vertex -0.81573 -3.13911 14.0307
    endloop
  endfacet
  facet normal 0.634957 0.706342 -0.312907
    outer loop
      vertex -0.817636 -3.13705 14.0314
      vertex -3.29108 -3.56126 8.05464
      vertex -4.26321 -2.43874 8.6159
    endloop
  endfacet
  facet normal 0.70707 2.58612e-15 0.707143
    outer loop
      vertex -1.47222 -2.86295 14.5278
      vertex -1.66604 -3.13705 14.7216
      vertex -1.2784 -3.13705 14.334
    endloop
  endfacet
  facet normal -0.46657 0.706355 0.53233
    outer loop
      vertex -1.68986 -3.13705 14.7007
      vertex -6.02909 -2.43874 9.97091
      vertex -6.82284 -3.56126 10.7647
    endloop
  endfacet
  facet normal -0.467997 0.704615 0.533382
    outer loop
      vertex -6.02909 -2.43874 9.97091
      vertex -1.68986 -3.13705 14.7007
      vertex -1.66604 -3.13705 14.7216
    endloop
  endfacet
  facet normal -0.461492 0.715312 0.524742
    outer loop
      vertex -1.69112 -3.13911 14.7024
      vertex -1.68986 -3.13705 14.7007
      vertex -6.82284 -3.56126 10.7647
    endloop
  endfacet
  facet normal -0.466595 0.706326 0.532346
    outer loop
      vertex -1.47222 -2.86295 14.5278
      vertex -6.02909 -2.43874 9.97091
      vertex -1.66604 -3.13705 14.7216
    endloop
  endfacet
  facet normal 0.532347 0.706329 -0.466591
    outer loop
      vertex -1.2784 -3.13705 14.334
      vertex -6.02909 -2.43874 9.97091
      vertex -1.47222 -2.86295 14.5278
    endloop
  endfacet
  facet normal -0.707118 -9.44867e-06 -0.707096
    outer loop
      vertex -5.23535 -3.56126 9.17716
      vertex -6.82284 -3.56126 10.7647
      vertex -6.02909 -2.43874 9.97091
    endloop
  endfacet
  facet normal 0.529176 0.711508 -0.462309
    outer loop
      vertex -1.29928 -3.13705 14.3101
      vertex -6.02909 -2.43874 9.97091
      vertex -1.2784 -3.13705 14.334
    endloop
  endfacet
  facet normal 0.536834 0.700927 -0.469586
    outer loop
      vertex -5.23535 -3.56126 9.17716
      vertex -1.29928 -3.13705 14.3101
      vertex -1.29764 -3.13911 14.3089
    endloop
  endfacet
  facet normal 0.532334 0.706344 -0.466583
    outer loop
      vertex -1.29928 -3.13705 14.3101
      vertex -5.23535 -3.56126 9.17716
      vertex -6.02909 -2.43874 9.97091
    endloop
  endfacet
  facet normal 0.393427 0.706366 -0.58844
    outer loop
      vertex -1.66604 -3.13705 14.7216
      vertex -7.3841 -2.43874 11.7368
      vertex -1.80309 -2.86295 14.959
    endloop
  endfacet
  facet normal -0.312887 0.706374 0.634931
    outer loop
      vertex -1.80309 -2.86295 14.959
      vertex -7.3841 -2.43874 11.7368
      vertex -1.94015 -3.13705 15.1964
    endloop
  endfacet
  facet normal 0.866038 -1.57978e-05 0.499978
    outer loop
      vertex -1.80309 -2.86295 14.959
      vertex -1.94015 -3.13705 15.1964
      vertex -1.66604 -3.13705 14.7216
    endloop
  endfacet
  facet normal -0.312913 0.706333 0.634964
    outer loop
      vertex -1.96856 -3.13705 15.1824
      vertex -7.3841 -2.43874 11.7368
      vertex -7.94536 -3.56126 12.7089
    endloop
  endfacet
  facet normal -0.31288 0.706385 0.634922
    outer loop
      vertex -7.3841 -2.43874 11.7368
      vertex -1.96856 -3.13705 15.1824
      vertex -1.94015 -3.13705 15.1964
    endloop
  endfacet
  facet normal -0.313024 0.70599 0.63529
    outer loop
      vertex -1.96935 -3.13911 15.1843
      vertex -1.96856 -3.13705 15.1824
      vertex -7.94536 -3.56126 12.7089
    endloop
  endfacet
  facet normal -0.866018 3.90804e-16 -0.500012
    outer loop
      vertex -6.9412 -3.56126 10.9697
      vertex -7.827 -3.56126 12.5039
      vertex -7.3841 -2.43874 11.7368
    endloop
  endfacet
  facet normal -0.86602 -2.04729e-06 -0.50001
    outer loop
      vertex -6.9412 -3.56126 10.9697
      vertex -7.3841 -2.43874 11.7368
      vertex -6.82284 -3.56126 10.7647
    endloop
  endfacet
  facet normal 0.393557 0.70602 -0.588769
    outer loop
      vertex -1.69237 -3.13705 14.704
      vertex -7.3841 -2.43874 11.7368
      vertex -1.66604 -3.13705 14.7216
    endloop
  endfacet
  facet normal 0.39694 0.701023 -0.592458
    outer loop
      vertex -6.82284 -3.56126 10.7647
      vertex -1.69237 -3.13705 14.704
      vertex -1.69112 -3.13911 14.7024
    endloop
  endfacet
  facet normal 0.393439 0.706334 -0.588471
    outer loop
      vertex -1.69237 -3.13705 14.704
      vertex -6.82284 -3.56126 10.7647
      vertex -7.3841 -2.43874 11.7368
    endloop
  endfacet
  facet normal -0.86602 2.04729e-06 -0.50001
    outer loop
      vertex -7.827 -3.56126 12.5039
      vertex -7.94536 -3.56126 12.7089
      vertex -7.3841 -2.43874 11.7368
    endloop
  endfacet
  facet normal 0.965925 4.72128e-05 0.258821
    outer loop
      vertex -2.01109 -2.86295 15.4611
      vertex -2.08203 -3.13705 15.7259
      vertex -1.94015 -3.13705 15.1964
    endloop
  endfacet
  facet normal -0.137897 0.706352 0.6943
    outer loop
      vertex -2.1131 -3.13705 15.7197
      vertex -8.23589 -2.43874 13.7932
      vertex -8.52643 -3.56126 14.8775
    endloop
  endfacet
  facet normal -0.139093 0.703416 0.697036
    outer loop
      vertex -8.23589 -2.43874 13.7932
      vertex -2.1131 -3.13705 15.7197
      vertex -2.08203 -3.13705 15.7259
    endloop
  endfacet
  facet normal -0.137254 0.715881 0.684599
    outer loop
      vertex -2.11337 -3.13911 15.7218
      vertex -2.1131 -3.13705 15.7197
      vertex -8.52643 -3.56126 14.8775
    endloop
  endfacet
  facet normal -0.137884 0.706392 0.694261
    outer loop
      vertex -2.01109 -2.86295 15.4611
      vertex -8.23589 -2.43874 13.7932
      vertex -2.08203 -3.13705 15.7259
    endloop
  endfacet
  facet normal 0.227738 0.706268 -0.670314
    outer loop
      vertex -1.94015 -3.13705 15.1964
      vertex -8.23589 -2.43874 13.7932
      vertex -2.01109 -2.86295 15.4611
    endloop
  endfacet
  facet normal -0.965926 4.30249e-06 -0.258817
    outer loop
      vertex -7.94536 -3.56126 12.7089
      vertex -8.52643 -3.56126 14.8775
      vertex -8.23589 -2.43874 13.7932
    endloop
  endfacet
  facet normal 0.227615 0.707332 -0.669233
    outer loop
      vertex -1.97014 -3.13705 15.1862
      vertex -8.23589 -2.43874 13.7932
      vertex -1.94015 -3.13705 15.1964
    endloop
  endfacet
  facet normal 0.227915 0.705929 -0.670611
    outer loop
      vertex -7.94536 -3.56126 12.7089
      vertex -1.97014 -3.13705 15.1862
      vertex -1.96935 -3.13911 15.1843
    endloop
  endfacet
  facet normal 0.227727 0.706351 -0.670231
    outer loop
      vertex -1.97014 -3.13705 15.1862
      vertex -7.94536 -3.56126 12.7089
      vertex -8.23589 -2.43874 13.7932
    endloop
  endfacet
  facet normal 0.0467934 0.708307 0.704352
    outer loop
      vertex -2.08203 -3.13705 16.2741
      vertex -8.52643 -2.43874 16
      vertex -2.11364 -3.13705 16.2762
    endloop
  endfacet
  facet normal 0.0464927 0.706336 0.706348
    outer loop
      vertex -8.52643 -3.56126 17.1225
      vertex -2.11364 -3.13705 16.2762
      vertex -8.52643 -2.43874 16
    endloop
  endfacet
  facet normal 0.0479223 0.699007 0.713507
    outer loop
      vertex -2.11364 -3.13705 16.2762
      vertex -8.52643 -3.56126 17.1225
      vertex -2.11337 -3.13911 16.2782
    endloop
  endfacet
  facet normal 1 0 0
    outer loop
      vertex -2.08203 -3.13705 16.2741
      vertex -2.08203 -3.13705 15.7259
      vertex -2.08203 -2.86295 16
    endloop
  endfacet
  facet normal 0.0464958 0.706342 0.706342
    outer loop
      vertex -2.08203 -2.86295 16
      vertex -8.52643 -2.43874 16
      vertex -2.08203 -3.13705 16.2741
    endloop
  endfacet
  facet normal 0.0464958 0.706342 -0.706342
    outer loop
      vertex -2.08203 -3.13705 15.7259
      vertex -8.52643 -2.43874 16
      vertex -2.08203 -2.86295 16
    endloop
  endfacet
  facet normal -1 -0 0
    outer loop
      vertex -8.52643 -2.43874 16
      vertex -8.52643 -3.56126 14.8775
      vertex -8.52643 -3.56126 17.1225
    endloop
  endfacet
  facet normal 0.0467934 0.708307 -0.704352
    outer loop
      vertex -2.11364 -3.13705 15.7238
      vertex -8.52643 -2.43874 16
      vertex -2.08203 -3.13705 15.7259
    endloop
  endfacet
  facet normal 0.0479223 0.699007 -0.713507
    outer loop
      vertex -8.52643 -3.56126 14.8775
      vertex -2.11364 -3.13705 15.7238
      vertex -2.11337 -3.13911 15.7218
    endloop
  endfacet
  facet normal 0.0464927 0.706336 -0.706348
    outer loop
      vertex -2.11364 -3.13705 15.7238
      vertex -8.52643 -3.56126 14.8775
      vertex -8.52643 -2.43874 16
    endloop
  endfacet
  facet normal 0.965925 4.72128e-05 -0.258821
    outer loop
      vertex -1.94015 -3.13705 16.8036
      vertex -2.08203 -3.13705 16.2741
      vertex -2.01109 -2.86295 16.5389
    endloop
  endfacet
  facet normal 0.227915 0.705929 0.670611
    outer loop
      vertex -1.97014 -3.13705 16.8138
      vertex -7.94536 -3.56126 19.2911
      vertex -1.96935 -3.13911 16.8157
    endloop
  endfacet
  facet normal 0.227727 0.706351 0.670231
    outer loop
      vertex -7.94536 -3.56126 19.2911
      vertex -1.97014 -3.13705 16.8138
      vertex -8.23589 -2.43874 18.2068
    endloop
  endfacet
  facet normal 0.227615 0.707332 0.669233
    outer loop
      vertex -8.23589 -2.43874 18.2068
      vertex -1.97014 -3.13705 16.8138
      vertex -1.94015 -3.13705 16.8036
    endloop
  endfacet
  facet normal 0.227738 0.706268 0.670314
    outer loop
      vertex -2.01109 -2.86295 16.5389
      vertex -8.23589 -2.43874 18.2068
      vertex -1.94015 -3.13705 16.8036
    endloop
  endfacet
  facet normal -0.137884 0.706392 -0.694261
    outer loop
      vertex -2.08203 -3.13705 16.2741
      vertex -8.23589 -2.43874 18.2068
      vertex -2.01109 -2.86295 16.5389
    endloop
  endfacet
  facet normal -0.965926 4.30249e-06 0.258817
    outer loop
      vertex -8.23589 -2.43874 18.2068
      vertex -8.52643 -3.56126 17.1225
      vertex -7.94536 -3.56126 19.2911
    endloop
  endfacet
  facet normal -0.137897 0.706352 -0.6943
    outer loop
      vertex -8.23589 -2.43874 18.2068
      vertex -2.1131 -3.13705 16.2803
      vertex -8.52643 -3.56126 17.1225
    endloop
  endfacet
  facet normal -0.139093 0.703416 -0.697036
    outer loop
      vertex -2.1131 -3.13705 16.2803
      vertex -8.23589 -2.43874 18.2068
      vertex -2.08203 -3.13705 16.2741
    endloop
  endfacet
  facet normal -0.137254 0.715881 -0.684599
    outer loop
      vertex -8.52643 -3.56126 17.1225
      vertex -2.1131 -3.13705 16.2803
      vertex -2.11337 -3.13911 16.2782
    endloop
  endfacet
  facet normal -0.312887 0.706374 -0.634931
    outer loop
      vertex -1.94015 -3.13705 16.8036
      vertex -7.3841 -2.43874 20.2632
      vertex -1.80309 -2.86295 17.041
    endloop
  endfacet
  facet normal 0.393427 0.706366 0.58844
    outer loop
      vertex -1.80309 -2.86295 17.041
      vertex -7.3841 -2.43874 20.2632
      vertex -1.66604 -3.13705 17.2784
    endloop
  endfacet
  facet normal 0.39694 0.701023 0.592458
    outer loop
      vertex -1.69237 -3.13705 17.296
      vertex -6.82284 -3.56126 21.2353
      vertex -1.69112 -3.13911 17.2976
    endloop
  endfacet
  facet normal 0.393439 0.706334 0.588471
    outer loop
      vertex -6.82284 -3.56126 21.2353
      vertex -1.69237 -3.13705 17.296
      vertex -7.3841 -2.43874 20.2632
    endloop
  endfacet
  facet normal 0.393557 0.70602 0.588769
    outer loop
      vertex -7.3841 -2.43874 20.2632
      vertex -1.69237 -3.13705 17.296
      vertex -1.66604 -3.13705 17.2784
    endloop
  endfacet
  facet normal 0.866038 -1.57978e-05 -0.499978
    outer loop
      vertex -1.66604 -3.13705 17.2784
      vertex -1.94015 -3.13705 16.8036
      vertex -1.80309 -2.86295 17.041
    endloop
  endfacet
  facet normal -0.86602 -2.04729e-06 0.50001
    outer loop
      vertex -6.82284 -3.56126 21.2353
      vertex -7.3841 -2.43874 20.2632
      vertex -6.9412 -3.56126 21.0303
    endloop
  endfacet
  facet normal -0.866018 -8.09523e-16 0.500012
    outer loop
      vertex -7.3841 -2.43874 20.2632
      vertex -7.827 -3.56126 19.4961
      vertex -6.9412 -3.56126 21.0303
    endloop
  endfacet
  facet normal -0.86602 2.04729e-06 0.50001
    outer loop
      vertex -7.3841 -2.43874 20.2632
      vertex -7.94536 -3.56126 19.2911
      vertex -7.827 -3.56126 19.4961
    endloop
  endfacet
  facet normal -0.312913 0.706333 -0.634964
    outer loop
      vertex -7.3841 -2.43874 20.2632
      vertex -1.96856 -3.13705 16.8176
      vertex -7.94536 -3.56126 19.2911
    endloop
  endfacet
  facet normal -0.31288 0.706385 -0.634922
    outer loop
      vertex -1.96856 -3.13705 16.8176
      vertex -7.3841 -2.43874 20.2632
      vertex -1.94015 -3.13705 16.8036
    endloop
  endfacet
  facet normal -0.313024 0.70599 -0.63529
    outer loop
      vertex -7.94536 -3.56126 19.2911
      vertex -1.96856 -3.13705 16.8176
      vertex -1.96935 -3.13911 16.8157
    endloop
  endfacet
  facet normal 0.70707 2.77084e-16 -0.707143
    outer loop
      vertex -1.2784 -3.13705 17.666
      vertex -1.66604 -3.13705 17.2784
      vertex -1.47222 -2.86295 17.4722
    endloop
  endfacet
  facet normal 0.536832 0.700927 0.469588
    outer loop
      vertex -1.29928 -3.13705 17.6899
      vertex -5.23535 -3.56126 22.8228
      vertex -1.29764 -3.13911 17.6911
    endloop
  endfacet
  facet normal 0.532341 0.706333 0.466591
    outer loop
      vertex -5.23535 -3.56126 22.8228
      vertex -1.29928 -3.13705 17.6899
      vertex -6.02909 -2.43874 22.0291
    endloop
  endfacet
  facet normal 0.529178 0.711505 0.462311
    outer loop
      vertex -6.02909 -2.43874 22.0291
      vertex -1.29928 -3.13705 17.6899
      vertex -1.2784 -3.13705 17.666
    endloop
  endfacet
  facet normal 0.532347 0.706329 0.46659
    outer loop
      vertex -1.47222 -2.86295 17.4722
      vertex -6.02909 -2.43874 22.0291
      vertex -1.2784 -3.13705 17.666
    endloop
  endfacet
  facet normal -0.466595 0.706326 -0.532346
    outer loop
      vertex -1.66604 -3.13705 17.2784
      vertex -6.02909 -2.43874 22.0291
      vertex -1.47222 -2.86295 17.4722
    endloop
  endfacet
  facet normal -0.707109 -2.83467e-05 0.707105
    outer loop
      vertex -6.02909 -2.43874 22.0291
      vertex -6.82284 -3.56126 21.2353
      vertex -5.23535 -3.56126 22.8228
    endloop
  endfacet
  facet normal -0.466568 0.706358 -0.532328
    outer loop
      vertex -6.02909 -2.43874 22.0291
      vertex -1.68986 -3.13705 17.2993
      vertex -6.82284 -3.56126 21.2353
    endloop
  endfacet
  facet normal -0.467995 0.704619 -0.53338
    outer loop
      vertex -1.68986 -3.13705 17.2993
      vertex -6.02909 -2.43874 22.0291
      vertex -1.66604 -3.13705 17.2784
    endloop
  endfacet
  facet normal -0.461492 0.715312 -0.524742
    outer loop
      vertex -6.82284 -3.56126 21.2353
      vertex -1.68986 -3.13705 17.2993
      vertex -1.69112 -3.13911 17.2976
    endloop
  endfacet
  facet normal -0.588428 0.70638 -0.39342
    outer loop
      vertex -1.2784 -3.13705 17.666
      vertex -4.26321 -2.43874 23.3841
      vertex -1.04102 -2.86295 17.8031
    endloop
  endfacet
  facet normal 0.634975 0.706322 0.312915
    outer loop
      vertex -1.04102 -2.86295 17.8031
      vertex -4.26321 -2.43874 23.3841
      vertex -0.803635 -3.13705 17.9401
    endloop
  endfacet
  facet normal 0.640926 0.700026 0.314926
    outer loop
      vertex -0.817636 -3.13705 17.9686
      vertex -3.29108 -3.56126 23.9454
      vertex -0.81573 -3.13911 17.9693
    endloop
  endfacet
  facet normal 0.634953 0.706347 0.312903
    outer loop
      vertex -3.29108 -3.56126 23.9454
      vertex -0.817636 -3.13705 17.9686
      vertex -4.26321 -2.43874 23.3841
    endloop
  endfacet
  facet normal 0.631763 0.710317 0.310362
    outer loop
      vertex -4.26321 -2.43874 23.3841
      vertex -0.817636 -3.13705 17.9686
      vertex -0.803635 -3.13705 17.9401
    endloop
  endfacet
  facet normal -0.500003 8.37421e-17 0.866024
    outer loop
      vertex -4.26321 -2.43874 23.3841
      vertex -5.03033 -3.56126 22.9412
      vertex -3.49609 -3.56126 23.827
    endloop
  endfacet
  facet normal 0.499992 0.000162537 -0.86603
    outer loop
      vertex -0.803635 -3.13705 17.9401
      vertex -1.2784 -3.13705 17.666
      vertex -1.04102 -2.86295 17.8031
    endloop
  endfacet
  facet normal -0.5001 8.89903e-05 0.865968
    outer loop
      vertex -4.26321 -2.43874 23.3841
      vertex -5.23535 -3.56126 22.8228
      vertex -5.03033 -3.56126 22.9412
    endloop
  endfacet
  facet normal -0.588453 0.706351 -0.393435
    outer loop
      vertex -4.26321 -2.43874 23.3841
      vertex -1.296 -3.13705 17.6924
      vertex -5.23535 -3.56126 22.8228
    endloop
  endfacet
  facet normal -0.592572 0.701994 -0.395048
    outer loop
      vertex -1.296 -3.13705 17.6924
      vertex -4.26321 -2.43874 23.3841
      vertex -1.2784 -3.13705 17.666
    endloop
  endfacet
  facet normal -0.58454 0.711483 -0.390007
    outer loop
      vertex -5.23535 -3.56126 22.8228
      vertex -1.296 -3.13705 17.6924
      vertex -1.29764 -3.13911 17.6911
    endloop
  endfacet
  facet normal -0.500119 -0.00010566 0.865957
    outer loop
      vertex -3.29108 -3.56126 23.9454
      vertex -4.26321 -2.43874 23.3841
      vertex -3.49609 -3.56126 23.827
    endloop
  endfacet
  facet normal 0.25899 0 -0.96588
    outer loop
      vertex -0.803635 -3.13705 17.9401
      vertex -0.339697 -3.06915 18.0645
      vertex -0.339697 -3.13705 18.0645
    endloop
  endfacet
  facet normal 0.258987 2.5052e-05 -0.965881
    outer loop
      vertex -0.339697 -3.06915 18.0645
      vertex -0.803635 -3.13705 17.9401
      vertex -0.53887 -2.86295 18.0111
    endloop
  endfacet
  facet normal 0.69431 0.70634 0.137906
    outer loop
      vertex -0.27969 -3.13984 18.1245
      vertex -2.2068 -2.43874 24.2359
      vertex -1.12253 -3.56126 24.5264
    endloop
  endfacet
  facet normal 0.693794 0.706891 0.13768
    outer loop
      vertex -2.2068 -2.43874 24.2359
      vertex -0.27969 -3.13984 18.1245
      vertex -0.28558 -3.13291 18.1186
    endloop
  endfacet
  facet normal 0.694281 0.706354 0.13798
    outer loop
      vertex -0.53887 -2.86295 18.0111
      vertex -0.28558 -3.13291 18.1186
      vertex -0.339697 -3.06915 18.0645
    endloop
  endfacet
  facet normal 0.694305 0.706345 0.137902
    outer loop
      vertex -0.28558 -3.13291 18.1186
      vertex -0.53887 -2.86295 18.0111
      vertex -2.2068 -2.43874 24.2359
    endloop
  endfacet
  facet normal -0.670211 0.706372 -0.22772
    outer loop
      vertex -0.803635 -3.13705 17.9401
      vertex -2.2068 -2.43874 24.2359
      vertex -0.53887 -2.86295 18.0111
    endloop
  endfacet
  facet normal -0.258794 1.15273e-06 0.965933
    outer loop
      vertex -2.2068 -2.43874 24.2359
      vertex -3.29108 -3.56126 23.9454
      vertex -1.12253 -3.56126 24.5264
    endloop
  endfacet
  facet normal -0.670241 0.706342 -0.227724
    outer loop
      vertex -2.2068 -2.43874 24.2359
      vertex -0.813824 -3.13705 17.9701
      vertex -3.29108 -3.56126 23.9454
    endloop
  endfacet
  facet normal -0.670629 0.705959 -0.227768
    outer loop
      vertex -0.813824 -3.13705 17.9701
      vertex -2.2068 -2.43874 24.2359
      vertex -0.803635 -3.13705 17.9401
    endloop
  endfacet
  facet normal -0.669238 0.707452 -0.22723
    outer loop
      vertex -3.29108 -3.56126 23.9454
      vertex -0.813824 -3.13705 17.9701
      vertex -0.81573 -3.13911 17.9693
    endloop
  endfacet
  facet normal 0.706339 0.706345 -0.0464966
    outer loop
      vertex 1.12253 -3.56126 24.5264
      vertex 0.271971 -3.13162 18.1322
      vertex 0 -2.43874 24.5264
    endloop
  endfacet
  facet normal 0.706106 0.706581 -0.0464498
    outer loop
      vertex 0.271971 -3.13162 18.1322
      vertex 1.12253 -3.56126 24.5264
      vertex 0.27969 -3.13984 18.1245
    endloop
  endfacet
  facet normal 0.706348 0.706336 -0.0464953
    outer loop
      vertex 0.271971 -3.13162 18.1322
      vertex 0 -2.84174 18.4042
      vertex 0 -2.43874 24.5264
    endloop
  endfacet
  facet normal -0.706348 0.706336 -0.0464953
    outer loop
      vertex 0 -2.84174 18.4042
      vertex -0.271971 -3.13162 18.1322
      vertex 0 -2.43874 24.5264
    endloop
  endfacet
  facet normal 0 0 1
    outer loop
      vertex 0 -2.43874 24.5264
      vertex -1.12253 -3.56126 24.5264
      vertex 1.12253 -3.56126 24.5264
    endloop
  endfacet
  facet normal -0.706339 0.706345 -0.0464966
    outer loop
      vertex -0.271971 -3.13162 18.1322
      vertex -1.12253 -3.56126 24.5264
      vertex 0 -2.43874 24.5264
    endloop
  endfacet
  facet normal -0.706106 0.706581 -0.0464498
    outer loop
      vertex -1.12253 -3.56126 24.5264
      vertex -0.271971 -3.13162 18.1322
      vertex -0.27969 -3.13984 18.1245
    endloop
  endfacet
  facet normal -0.25899 -0 -0.96588
    outer loop
      vertex 0.339697 -3.06915 18.0645
      vertex 0.803635 -3.13705 17.9401
      vertex 0.339697 -3.13705 18.0645
    endloop
  endfacet
  facet normal -0.258987 2.5052e-05 -0.965881
    outer loop
      vertex 0.803635 -3.13705 17.9401
      vertex 0.339697 -3.06915 18.0645
      vertex 0.53887 -2.86295 18.0111
    endloop
  endfacet
  facet normal 0.669238 0.707452 -0.22723
    outer loop
      vertex 3.29108 -3.56126 23.9454
      vertex 0.81573 -3.13911 17.9693
      vertex 0.813824 -3.13705 17.9701
    endloop
  endfacet
  facet normal 0.670241 0.706342 -0.227724
    outer loop
      vertex 0.813824 -3.13705 17.9701
      vertex 2.2068 -2.43874 24.2359
      vertex 3.29108 -3.56126 23.9454
    endloop
  endfacet
  facet normal 0.670629 0.705959 -0.227768
    outer loop
      vertex 2.2068 -2.43874 24.2359
      vertex 0.813824 -3.13705 17.9701
      vertex 0.803635 -3.13705 17.9401
    endloop
  endfacet
  facet normal 0.670211 0.706372 -0.22772
    outer loop
      vertex 0.803635 -3.13705 17.9401
      vertex 0.53887 -2.86295 18.0111
      vertex 2.2068 -2.43874 24.2359
    endloop
  endfacet
  facet normal -0.694305 0.706345 0.137902
    outer loop
      vertex 0.53887 -2.86295 18.0111
      vertex 0.28558 -3.13291 18.1186
      vertex 2.2068 -2.43874 24.2359
    endloop
  endfacet
  facet normal -0.694281 0.706354 0.13798
    outer loop
      vertex 0.28558 -3.13291 18.1186
      vertex 0.53887 -2.86295 18.0111
      vertex 0.339697 -3.06915 18.0645
    endloop
  endfacet
  facet normal 0.258794 1.15273e-06 0.965933
    outer loop
      vertex 2.2068 -2.43874 24.2359
      vertex 1.12253 -3.56126 24.5264
      vertex 3.29108 -3.56126 23.9454
    endloop
  endfacet
  facet normal -0.69431 0.70634 0.137906
    outer loop
      vertex 2.2068 -2.43874 24.2359
      vertex 0.27969 -3.13984 18.1245
      vertex 1.12253 -3.56126 24.5264
    endloop
  endfacet
  facet normal -0.693794 0.706891 0.13768
    outer loop
      vertex 0.27969 -3.13984 18.1245
      vertex 2.2068 -2.43874 24.2359
      vertex 0.28558 -3.13291 18.1186
    endloop
  endfacet
  facet normal -0.634975 0.706322 0.312915
    outer loop
      vertex 1.04102 -2.86295 17.8031
      vertex 0.803635 -3.13705 17.9401
      vertex 4.26321 -2.43874 23.3841
    endloop
  endfacet
  facet normal 0.588428 0.70638 -0.39342
    outer loop
      vertex 1.2784 -3.13705 17.666
      vertex 1.04102 -2.86295 17.8031
      vertex 4.26321 -2.43874 23.3841
    endloop
  endfacet
  facet normal 0.58454 0.711483 -0.390007
    outer loop
      vertex 5.23535 -3.56126 22.8228
      vertex 1.29764 -3.13911 17.6911
      vertex 1.296 -3.13705 17.6924
    endloop
  endfacet
  facet normal 0.588453 0.706351 -0.393435
    outer loop
      vertex 1.296 -3.13705 17.6924
      vertex 4.26321 -2.43874 23.3841
      vertex 5.23535 -3.56126 22.8228
    endloop
  endfacet
  facet normal 0.592572 0.701994 -0.395048
    outer loop
      vertex 4.26321 -2.43874 23.3841
      vertex 1.296 -3.13705 17.6924
      vertex 1.2784 -3.13705 17.666
    endloop
  endfacet
  facet normal -0.499992 0.000162537 -0.86603
    outer loop
      vertex 1.2784 -3.13705 17.666
      vertex 0.803635 -3.13705 17.9401
      vertex 1.04102 -2.86295 17.8031
    endloop
  endfacet
  facet normal 0.5001 8.89903e-05 0.865968
    outer loop
      vertex 5.23535 -3.56126 22.8228
      vertex 4.26321 -2.43874 23.3841
      vertex 5.03033 -3.56126 22.9412
    endloop
  endfacet
  facet normal 0.500003 8.37421e-17 0.866024
    outer loop
      vertex 4.26321 -2.43874 23.3841
      vertex 3.49609 -3.56126 23.827
      vertex 5.03033 -3.56126 22.9412
    endloop
  endfacet
  facet normal 0.500119 -0.00010566 0.865957
    outer loop
      vertex 4.26321 -2.43874 23.3841
      vertex 3.29108 -3.56126 23.9454
      vertex 3.49609 -3.56126 23.827
    endloop
  endfacet
  facet normal -0.634953 0.706347 0.312903
    outer loop
      vertex 0.817636 -3.13705 17.9686
      vertex 3.29108 -3.56126 23.9454
      vertex 4.26321 -2.43874 23.3841
    endloop
  endfacet
  facet normal -0.640926 0.700026 0.314926
    outer loop
      vertex 3.29108 -3.56126 23.9454
      vertex 0.817636 -3.13705 17.9686
      vertex 0.81573 -3.13911 17.9693
    endloop
  endfacet
  facet normal -0.631763 0.710317 0.310362
    outer loop
      vertex 0.817636 -3.13705 17.9686
      vertex 4.26321 -2.43874 23.3841
      vertex 0.803635 -3.13705 17.9401
    endloop
  endfacet
  facet normal -0.70707 2.77084e-16 -0.707143
    outer loop
      vertex 1.66604 -3.13705 17.2784
      vertex 1.2784 -3.13705 17.666
      vertex 1.47222 -2.86295 17.4722
    endloop
  endfacet
  facet normal 0.461492 0.715312 -0.524742
    outer loop
      vertex 6.82284 -3.56126 21.2353
      vertex 1.69112 -3.13911 17.2976
      vertex 1.68986 -3.13705 17.2993
    endloop
  endfacet
  facet normal 0.466568 0.706358 -0.532328
    outer loop
      vertex 1.68986 -3.13705 17.2993
      vertex 6.02909 -2.43874 22.0291
      vertex 6.82284 -3.56126 21.2353
    endloop
  endfacet
  facet normal 0.467995 0.704619 -0.53338
    outer loop
      vertex 6.02909 -2.43874 22.0291
      vertex 1.68986 -3.13705 17.2993
      vertex 1.66604 -3.13705 17.2784
    endloop
  endfacet
  facet normal 0.466595 0.706326 -0.532346
    outer loop
      vertex 1.66604 -3.13705 17.2784
      vertex 1.47222 -2.86295 17.4722
      vertex 6.02909 -2.43874 22.0291
    endloop
  endfacet
  facet normal -0.532347 0.706329 0.46659
    outer loop
      vertex 1.47222 -2.86295 17.4722
      vertex 1.2784 -3.13705 17.666
      vertex 6.02909 -2.43874 22.0291
    endloop
  endfacet
  facet normal 0.707109 -2.83467e-05 0.707105
    outer loop
      vertex 6.02909 -2.43874 22.0291
      vertex 5.23535 -3.56126 22.8228
      vertex 6.82284 -3.56126 21.2353
    endloop
  endfacet
  facet normal -0.532341 0.706333 0.466591
    outer loop
      vertex 1.29928 -3.13705 17.6899
      vertex 5.23535 -3.56126 22.8228
      vertex 6.02909 -2.43874 22.0291
    endloop
  endfacet
  facet normal -0.536832 0.700927 0.469588
    outer loop
      vertex 5.23535 -3.56126 22.8228
      vertex 1.29928 -3.13705 17.6899
      vertex 1.29764 -3.13911 17.6911
    endloop
  endfacet
  facet normal -0.529178 0.711505 0.462311
    outer loop
      vertex 1.29928 -3.13705 17.6899
      vertex 6.02909 -2.43874 22.0291
      vertex 1.2784 -3.13705 17.666
    endloop
  endfacet
  facet normal -0.393427 0.706366 0.58844
    outer loop
      vertex 1.80309 -2.86295 17.041
      vertex 1.66604 -3.13705 17.2784
      vertex 7.3841 -2.43874 20.2632
    endloop
  endfacet
  facet normal 0.312887 0.706374 -0.634931
    outer loop
      vertex 1.94015 -3.13705 16.8036
      vertex 1.80309 -2.86295 17.041
      vertex 7.3841 -2.43874 20.2632
    endloop
  endfacet
  facet normal 0.313024 0.70599 -0.63529
    outer loop
      vertex 7.94536 -3.56126 19.2911
      vertex 1.96935 -3.13911 16.8157
      vertex 1.96856 -3.13705 16.8176
    endloop
  endfacet
  facet normal 0.312913 0.706333 -0.634964
    outer loop
      vertex 1.96856 -3.13705 16.8176
      vertex 7.3841 -2.43874 20.2632
      vertex 7.94536 -3.56126 19.2911
    endloop
  endfacet
  facet normal 0.31288 0.706385 -0.634922
    outer loop
      vertex 7.3841 -2.43874 20.2632
      vertex 1.96856 -3.13705 16.8176
      vertex 1.94015 -3.13705 16.8036
    endloop
  endfacet
  facet normal 0.866018 -8.09523e-16 0.500012
    outer loop
      vertex 7.3841 -2.43874 20.2632
      vertex 6.9412 -3.56126 21.0303
      vertex 7.827 -3.56126 19.4961
    endloop
  endfacet
  facet normal -0.866038 -1.57978e-05 -0.499978
    outer loop
      vertex 1.94015 -3.13705 16.8036
      vertex 1.66604 -3.13705 17.2784
      vertex 1.80309 -2.86295 17.041
    endloop
  endfacet
  facet normal 0.86602 -2.04729e-06 0.50001
    outer loop
      vertex 7.3841 -2.43874 20.2632
      vertex 6.82284 -3.56126 21.2353
      vertex 6.9412 -3.56126 21.0303
    endloop
  endfacet
  facet normal -0.393439 0.706334 0.588471
    outer loop
      vertex 1.69237 -3.13705 17.296
      vertex 6.82284 -3.56126 21.2353
      vertex 7.3841 -2.43874 20.2632
    endloop
  endfacet
  facet normal -0.39694 0.701023 0.592458
    outer loop
      vertex 6.82284 -3.56126 21.2353
      vertex 1.69237 -3.13705 17.296
      vertex 1.69112 -3.13911 17.2976
    endloop
  endfacet
  facet normal -0.393557 0.70602 0.588769
    outer loop
      vertex 1.69237 -3.13705 17.296
      vertex 7.3841 -2.43874 20.2632
      vertex 1.66604 -3.13705 17.2784
    endloop
  endfacet
  facet normal 0.86602 2.04729e-06 0.50001
    outer loop
      vertex 7.94536 -3.56126 19.2911
      vertex 7.3841 -2.43874 20.2632
      vertex 7.827 -3.56126 19.4961
    endloop
  endfacet
  facet normal -0.965925 4.72128e-05 -0.258821
    outer loop
      vertex 2.08203 -3.13705 16.2741
      vertex 1.94015 -3.13705 16.8036
      vertex 2.01109 -2.86295 16.5389
    endloop
  endfacet
  facet normal 0.137254 0.715881 -0.684599
    outer loop
      vertex 8.52643 -3.56126 17.1225
      vertex 2.11337 -3.13911 16.2782
      vertex 2.1131 -3.13705 16.2803
    endloop
  endfacet
  facet normal 0.137897 0.706352 -0.6943
    outer loop
      vertex 2.1131 -3.13705 16.2803
      vertex 8.23589 -2.43874 18.2068
      vertex 8.52643 -3.56126 17.1225
    endloop
  endfacet
  facet normal 0.139093 0.703416 -0.697036
    outer loop
      vertex 8.23589 -2.43874 18.2068
      vertex 2.1131 -3.13705 16.2803
      vertex 2.08203 -3.13705 16.2741
    endloop
  endfacet
  facet normal 0.137884 0.706392 -0.694261
    outer loop
      vertex 2.08203 -3.13705 16.2741
      vertex 2.01109 -2.86295 16.5389
      vertex 8.23589 -2.43874 18.2068
    endloop
  endfacet
  facet normal -0.227738 0.706268 0.670314
    outer loop
      vertex 2.01109 -2.86295 16.5389
      vertex 1.94015 -3.13705 16.8036
      vertex 8.23589 -2.43874 18.2068
    endloop
  endfacet
  facet normal 0.965926 4.30249e-06 0.258817
    outer loop
      vertex 8.23589 -2.43874 18.2068
      vertex 7.94536 -3.56126 19.2911
      vertex 8.52643 -3.56126 17.1225
    endloop
  endfacet
  facet normal -0.227727 0.706351 0.670231
    outer loop
      vertex 1.97014 -3.13705 16.8138
      vertex 7.94536 -3.56126 19.2911
      vertex 8.23589 -2.43874 18.2068
    endloop
  endfacet
  facet normal -0.227915 0.705929 0.670611
    outer loop
      vertex 7.94536 -3.56126 19.2911
      vertex 1.97014 -3.13705 16.8138
      vertex 1.96935 -3.13911 16.8157
    endloop
  endfacet
  facet normal -0.227615 0.707332 0.669233
    outer loop
      vertex 1.97014 -3.13705 16.8138
      vertex 8.23589 -2.43874 18.2068
      vertex 1.94015 -3.13705 16.8036
    endloop
  endfacet
  facet normal 0.991433 -0.00316939 -0.130579
    outer loop
      vertex 2.11337 -3.13911 15.7218
      vertex 2.1131 -3.13705 15.7197
      vertex 2.11364 -3.13705 15.7238
    endloop
  endfacet
  facet normal -0.991433 -0.00316939 -0.130579
    outer loop
      vertex -2.11337 -3.13911 15.7218
      vertex -2.11364 -3.13705 15.7238
      vertex -2.1131 -3.13705 15.7197
    endloop
  endfacet
  facet normal 0.121311 0.0240855 -0.992322
    outer loop
      vertex 0.27823 -3.13911 13.8866
      vertex 0.276185 -3.13705 13.8864
      vertex 0.280275 -3.13705 13.8869
    endloop
  endfacet
  facet normal 0.606076 -0.0193003 -0.795172
    outer loop
      vertex 1.29764 -3.13911 14.3089
      vertex 1.296 -3.13705 14.3076
      vertex 1.29928 -3.13705 14.3101
    endloop
  endfacet
  facet normal 0.923364 -2.15313e-13 -0.383925
    outer loop
      vertex 1.96935 -3.13911 15.1843
      vertex 1.96856 -3.13705 15.1824
      vertex 1.97014 -3.13705 15.1862
    endloop
  endfacet
  facet normal 0.366073 -0.0225804 -0.930312
    outer loop
      vertex 0.81573 -3.13911 14.0307
      vertex 0.813824 -3.13705 14.0299
      vertex 0.817636 -3.13705 14.0314
    endloop
  endfacet
  facet normal -0.606076 -0.0193003 -0.795172
    outer loop
      vertex -1.29764 -3.13911 14.3089
      vertex -1.29928 -3.13705 14.3101
      vertex -1.296 -3.13705 14.3076
    endloop
  endfacet
  facet normal 0 1 0
    outer loop
      vertex -0.803635 -3.13705 17.9401
      vertex -0.817636 -3.13705 17.9686
      vertex -0.813824 -3.13705 17.9701
    endloop
  endfacet
  facet normal 0 1 -0
    outer loop
      vertex 1.20207 -3.13705 17.2021
      vertex 0.803635 -3.13705 17.9401
      vertex 1.2784 -3.13705 17.666
    endloop
  endfacet
  facet normal 0 1 0
    outer loop
      vertex 1.20207 -3.13705 17.2021
      vertex 1.2784 -3.13705 17.666
      vertex 1.66604 -3.13705 17.2784
    endloop
  endfacet
  facet normal 0 1 0
    outer loop
      vertex 0.803635 -3.13705 17.9401
      vertex 1.20207 -3.13705 17.2021
      vertex 0.339697 -3.13705 18.0645
    endloop
  endfacet
  facet normal 0 1 0
    outer loop
      vertex 1.66604 -3.13705 17.2784
      vertex 1.47223 -3.13705 16.85
      vertex 1.20207 -3.13705 17.2021
    endloop
  endfacet
  facet normal 0 1 0
    outer loop
      vertex 1.94015 -3.13705 16.8036
      vertex 1.47223 -3.13705 16.85
      vertex 1.66604 -3.13705 17.2784
    endloop
  endfacet
  facet normal 0 1 0
    outer loop
      vertex 1.94015 -3.13705 16.8036
      vertex 1.64206 -3.13705 16.44
      vertex 1.47223 -3.13705 16.85
    endloop
  endfacet
  facet normal 0 1 0
    outer loop
      vertex 2.08203 -3.13705 16.2741
      vertex 1.64206 -3.13705 16.44
      vertex 1.94015 -3.13705 16.8036
    endloop
  endfacet
  facet normal 0 1 0
    outer loop
      vertex 2.08203 -3.13705 16.2741
      vertex 1.7 -3.13705 16
      vertex 1.64206 -3.13705 16.44
    endloop
  endfacet
  facet normal 0 1 -0
    outer loop
      vertex 2.08203 -3.13705 15.7259
      vertex 1.7 -3.13705 16
      vertex 2.08203 -3.13705 16.2741
    endloop
  endfacet
  facet normal 0 1 0
    outer loop
      vertex 2.08203 -3.13705 15.7259
      vertex 1.64206 -3.13705 15.56
      vertex 1.7 -3.13705 16
    endloop
  endfacet
  facet normal 0 1 -0
    outer loop
      vertex 1.94015 -3.13705 15.1964
      vertex 1.64206 -3.13705 15.56
      vertex 2.08203 -3.13705 15.7259
    endloop
  endfacet
  facet normal 0 1 0
    outer loop
      vertex 1.94015 -3.13705 15.1964
      vertex 1.47223 -3.13705 15.15
      vertex 1.64206 -3.13705 15.56
    endloop
  endfacet
  facet normal 0 1 -0
    outer loop
      vertex 1.66604 -3.13705 14.7216
      vertex 1.47223 -3.13705 15.15
      vertex 1.94015 -3.13705 15.1964
    endloop
  endfacet
  facet normal 0 1 0
    outer loop
      vertex 1.47223 -3.13705 15.15
      vertex 1.66604 -3.13705 14.7216
      vertex 1.20207 -3.13705 14.7979
    endloop
  endfacet
  facet normal 0 1 -0
    outer loop
      vertex 1.2784 -3.13705 14.334
      vertex 1.20207 -3.13705 14.7979
      vertex 1.66604 -3.13705 14.7216
    endloop
  endfacet
  facet normal 0 1 0
    outer loop
      vertex 1.20207 -3.13705 14.7979
      vertex 1.2784 -3.13705 14.334
      vertex 0.849991 -3.13705 14.5278
    endloop
  endfacet
  facet normal 0 1 0
    outer loop
      vertex 0.803635 -3.13705 14.0599
      vertex 0.849991 -3.13705 14.5278
      vertex 1.2784 -3.13705 14.334
    endloop
  endfacet
  facet normal 0 1 0
    outer loop
      vertex 0.849991 -3.13705 14.5278
      vertex 0.803635 -3.13705 14.0599
      vertex 0.439987 -3.13705 14.3579
    endloop
  endfacet
  facet normal 0 1 0
    outer loop
      vertex 0.274104 -3.13705 13.918
      vertex 0.439987 -3.13705 14.3579
      vertex 0.803635 -3.13705 14.0599
    endloop
  endfacet
  facet normal 0 1 0
    outer loop
      vertex -1.20207 -3.13705 17.2021
      vertex -0.803635 -3.13705 17.9401
      vertex -0.339697 -3.13705 18.0645
    endloop
  endfacet
  facet normal 0 1 0
    outer loop
      vertex -0.803635 -3.13705 17.9401
      vertex -1.20207 -3.13705 17.2021
      vertex -1.2784 -3.13705 17.666
    endloop
  endfacet
  facet normal 0 1 0
    outer loop
      vertex -1.2784 -3.13705 17.666
      vertex -1.20207 -3.13705 17.2021
      vertex -1.66604 -3.13705 17.2784
    endloop
  endfacet
  facet normal 0 1 -0
    outer loop
      vertex -1.47223 -3.13705 16.85
      vertex -1.66604 -3.13705 17.2784
      vertex -1.20207 -3.13705 17.2021
    endloop
  endfacet
  facet normal 0 1 0
    outer loop
      vertex -1.47223 -3.13705 16.85
      vertex -1.94015 -3.13705 16.8036
      vertex -1.66604 -3.13705 17.2784
    endloop
  endfacet
  facet normal 0 1 -0
    outer loop
      vertex -1.64206 -3.13705 16.44
      vertex -1.94015 -3.13705 16.8036
      vertex -1.47223 -3.13705 16.85
    endloop
  endfacet
  facet normal 0 1 0
    outer loop
      vertex -1.64206 -3.13705 16.44
      vertex -2.08203 -3.13705 16.2741
      vertex -1.94015 -3.13705 16.8036
    endloop
  endfacet
  facet normal 0 1 -0
    outer loop
      vertex -1.7 -3.13705 16
      vertex -2.08203 -3.13705 16.2741
      vertex -1.64206 -3.13705 16.44
    endloop
  endfacet
  facet normal 0 1 0
    outer loop
      vertex -1.7 -3.13705 16
      vertex -2.08203 -3.13705 15.7259
      vertex -2.08203 -3.13705 16.2741
    endloop
  endfacet
  facet normal 0 1 0
    outer loop
      vertex -1.64206 -3.13705 15.56
      vertex -2.08203 -3.13705 15.7259
      vertex -1.7 -3.13705 16
    endloop
  endfacet
  facet normal 0 1 0
    outer loop
      vertex -1.64206 -3.13705 15.56
      vertex -1.94015 -3.13705 15.1964
      vertex -2.08203 -3.13705 15.7259
    endloop
  endfacet
  facet normal 0 1 0
    outer loop
      vertex -1.47223 -3.13705 15.15
      vertex -1.94015 -3.13705 15.1964
      vertex -1.64206 -3.13705 15.56
    endloop
  endfacet
  facet normal 0 1 0
    outer loop
      vertex -1.66604 -3.13705 14.7216
      vertex -1.47223 -3.13705 15.15
      vertex -1.20207 -3.13705 14.7979
    endloop
  endfacet
  facet normal 0 1 0
    outer loop
      vertex -1.47223 -3.13705 15.15
      vertex -1.66604 -3.13705 14.7216
      vertex -1.94015 -3.13705 15.1964
    endloop
  endfacet
  facet normal 0 1 0
    outer loop
      vertex -1.2784 -3.13705 14.334
      vertex -1.20207 -3.13705 14.7979
      vertex -0.849991 -3.13705 14.5278
    endloop
  endfacet
  facet normal 0 1 -0
    outer loop
      vertex -0.803635 -3.13705 14.0599
      vertex -0.849991 -3.13705 14.5278
      vertex -0.439987 -3.13705 14.3579
    endloop
  endfacet
  facet normal 0 1 0
    outer loop
      vertex -1.20207 -3.13705 14.7979
      vertex -1.2784 -3.13705 14.334
      vertex -1.66604 -3.13705 14.7216
    endloop
  endfacet
  facet normal 0 1 -0
    outer loop
      vertex -0.274104 -3.13705 13.918
      vertex -0.439987 -3.13705 14.3579
      vertex 0 -3.13705 14.3
    endloop
  endfacet
  facet normal 0 1 0
    outer loop
      vertex 0.439987 -3.13705 14.3579
      vertex 0.274104 -3.13705 13.918
      vertex 0 -3.13705 14.3
    endloop
  endfacet
  facet normal 0 1 0
    outer loop
      vertex -0.849991 -3.13705 14.5278
      vertex -0.803635 -3.13705 14.0599
      vertex -1.2784 -3.13705 14.334
    endloop
  endfacet
  facet normal 0 1 0
    outer loop
      vertex -0.274104 -3.13705 13.918
      vertex 0 -3.13705 14.3
      vertex 0.274104 -3.13705 13.918
    endloop
  endfacet
  facet normal 0 1 0
    outer loop
      vertex -0.439987 -3.13705 14.3579
      vertex -0.274104 -3.13705 13.918
      vertex -0.803635 -3.13705 14.0599
    endloop
  endfacet
  facet normal 0 1 0
    outer loop
      vertex -1.2784 -3.13705 17.666
      vertex -1.29928 -3.13705 17.6899
      vertex -1.296 -3.13705 17.6924
    endloop
  endfacet
  facet normal 0 1 -0
    outer loop
      vertex -0.813824 -3.13705 14.0299
      vertex -0.817636 -3.13705 14.0314
      vertex -0.803635 -3.13705 14.0599
    endloop
  endfacet
  facet normal 0 1 -0
    outer loop
      vertex -0.276185 -3.13705 13.8864
      vertex -0.280275 -3.13705 13.8869
      vertex -0.274104 -3.13705 13.918
    endloop
  endfacet
  facet normal 0 1 -0
    outer loop
      vertex -2.1131 -3.13705 15.7197
      vertex -2.11364 -3.13705 15.7238
      vertex -2.08203 -3.13705 15.7259
    endloop
  endfacet
  facet normal 0 1 -0
    outer loop
      vertex -1.96856 -3.13705 15.1824
      vertex -1.97014 -3.13705 15.1862
      vertex -1.94015 -3.13705 15.1964
    endloop
  endfacet
  facet normal 0 1 0
    outer loop
      vertex 1.29928 -3.13705 17.6899
      vertex 1.2784 -3.13705 17.666
      vertex 1.296 -3.13705 17.6924
    endloop
  endfacet
  facet normal 0 1 0
    outer loop
      vertex 0.817636 -3.13705 17.9686
      vertex 0.803635 -3.13705 17.9401
      vertex 0.813824 -3.13705 17.9701
    endloop
  endfacet
  facet normal 0 1 0
    outer loop
      vertex 1.97014 -3.13705 16.8138
      vertex 1.94015 -3.13705 16.8036
      vertex 1.96856 -3.13705 16.8176
    endloop
  endfacet
  facet normal 0 1 0
    outer loop
      vertex 1.69237 -3.13705 17.296
      vertex 1.66604 -3.13705 17.2784
      vertex 1.68986 -3.13705 17.2993
    endloop
  endfacet
  facet normal 0 1 0
    outer loop
      vertex -1.94015 -3.13705 16.8036
      vertex -1.97014 -3.13705 16.8138
      vertex -1.96856 -3.13705 16.8176
    endloop
  endfacet
  facet normal 0 1 0
    outer loop
      vertex -2.08203 -3.13705 16.2741
      vertex -2.11364 -3.13705 16.2762
      vertex -2.1131 -3.13705 16.2803
    endloop
  endfacet
  facet normal 0 1 -0
    outer loop
      vertex -1.296 -3.13705 14.3076
      vertex -1.29928 -3.13705 14.3101
      vertex -1.2784 -3.13705 14.334
    endloop
  endfacet
  facet normal 0 1 -0
    outer loop
      vertex 2.1131 -3.13705 15.7197
      vertex 2.08203 -3.13705 15.7259
      vertex 2.11364 -3.13705 15.7238
    endloop
  endfacet
  facet normal 0 1 0
    outer loop
      vertex 2.11364 -3.13705 16.2762
      vertex 2.08203 -3.13705 16.2741
      vertex 2.1131 -3.13705 16.2803
    endloop
  endfacet
  facet normal 0 1 -0
    outer loop
      vertex 0.276185 -3.13705 13.8864
      vertex 0.274104 -3.13705 13.918
      vertex 0.280275 -3.13705 13.8869
    endloop
  endfacet
  facet normal 0 1 -0
    outer loop
      vertex -1.68986 -3.13705 14.7007
      vertex -1.69237 -3.13705 14.704
      vertex -1.66604 -3.13705 14.7216
    endloop
  endfacet
  facet normal 0 1 -0
    outer loop
      vertex 1.296 -3.13705 14.3076
      vertex 1.2784 -3.13705 14.334
      vertex 1.29928 -3.13705 14.3101
    endloop
  endfacet
  facet normal 0 1 -0
    outer loop
      vertex 1.68986 -3.13705 14.7007
      vertex 1.66604 -3.13705 14.7216
      vertex 1.69237 -3.13705 14.704
    endloop
  endfacet
  facet normal 0 1 0
    outer loop
      vertex -1.66604 -3.13705 17.2784
      vertex -1.69237 -3.13705 17.296
      vertex -1.68986 -3.13705 17.2993
    endloop
  endfacet
  facet normal 0 1 -0
    outer loop
      vertex 0.813824 -3.13705 14.0299
      vertex 0.803635 -3.13705 14.0599
      vertex 0.817636 -3.13705 14.0314
    endloop
  endfacet
  facet normal 0 1 -0
    outer loop
      vertex 1.96856 -3.13705 15.1824
      vertex 1.94015 -3.13705 15.1964
      vertex 1.97014 -3.13705 15.1862
    endloop
  endfacet
  facet normal -0.121311 0.0240855 -0.992322
    outer loop
      vertex -0.27823 -3.13911 13.8866
      vertex -0.280275 -3.13705 13.8869
      vertex -0.276185 -3.13705 13.8864
    endloop
  endfacet
  facet normal 0.795865 -0.012761 0.60534
    outer loop
      vertex 1.69237 -3.13705 17.296
      vertex 1.68986 -3.13705 17.2993
      vertex 1.69112 -3.13911 17.2976
    endloop
  endfacet
  facet normal 0.923364 -4.98067e-14 0.383925
    outer loop
      vertex 1.97014 -3.13705 16.8138
      vertex 1.96856 -3.13705 16.8176
      vertex 1.96935 -3.13911 16.8157
    endloop
  endfacet
  facet normal -0.991433 -0.00316939 0.130579
    outer loop
      vertex -2.1131 -3.13705 16.2803
      vertex -2.11364 -3.13705 16.2762
      vertex -2.11337 -3.13911 16.2782
    endloop
  endfacet
  facet normal 0.795865 -0.012761 -0.60534
    outer loop
      vertex 1.69112 -3.13911 14.7024
      vertex 1.68986 -3.13705 14.7007
      vertex 1.69237 -3.13705 14.704
    endloop
  endfacet
  facet normal -0.795865 -0.012761 -0.60534
    outer loop
      vertex -1.69112 -3.13911 14.7024
      vertex -1.69237 -3.13705 14.704
      vertex -1.68986 -3.13705 14.7007
    endloop
  endfacet
  facet normal -0.923364 -2.15313e-13 -0.383925
    outer loop
      vertex -1.96935 -3.13911 15.1843
      vertex -1.97014 -3.13705 15.1862
      vertex -1.96856 -3.13705 15.1824
    endloop
  endfacet
  facet normal -0.366073 -0.0225804 -0.930312
    outer loop
      vertex -0.81573 -3.13911 14.0307
      vertex -0.817636 -3.13705 14.0314
      vertex -0.813824 -3.13705 14.0299
    endloop
  endfacet
  facet normal 0.991433 -0.00316939 0.130579
    outer loop
      vertex 2.11364 -3.13705 16.2762
      vertex 2.1131 -3.13705 16.2803
      vertex 2.11337 -3.13911 16.2782
    endloop
  endfacet
  facet normal 0.606076 -0.0193003 0.795172
    outer loop
      vertex 1.29928 -3.13705 17.6899
      vertex 1.296 -3.13705 17.6924
      vertex 1.29764 -3.13911 17.6911
    endloop
  endfacet
  facet normal -0.606076 -0.0193003 0.795172
    outer loop
      vertex -1.296 -3.13705 17.6924
      vertex -1.29928 -3.13705 17.6899
      vertex -1.29764 -3.13911 17.6911
    endloop
  endfacet
  facet normal -0.923364 -4.97567e-14 0.383925
    outer loop
      vertex -1.96856 -3.13705 16.8176
      vertex -1.97014 -3.13705 16.8138
      vertex -1.96935 -3.13911 16.8157
    endloop
  endfacet
  facet normal 0.366073 -0.0225804 0.930312
    outer loop
      vertex 0.817636 -3.13705 17.9686
      vertex 0.813824 -3.13705 17.9701
      vertex 0.81573 -3.13911 17.9693
    endloop
  endfacet
  facet normal -0.366073 -0.0225804 0.930312
    outer loop
      vertex -0.813824 -3.13705 17.9701
      vertex -0.817636 -3.13705 17.9686
      vertex -0.81573 -3.13911 17.9693
    endloop
  endfacet
  facet normal -0.795865 -0.012761 0.60534
    outer loop
      vertex -1.68986 -3.13705 17.2993
      vertex -1.69237 -3.13705 17.296
      vertex -1.69112 -3.13911 17.2976
    endloop
  endfacet
  facet normal 0.989176 0 -0.146735
    outer loop
      vertex 8.95666 -8 15.1178
      vertex 8.82707 -3.56126 14.2442
      vertex 8.95666 -3.56126 15.1178
    endloop
  endfacet
  facet normal 0.989176 0 -0.146735
    outer loop
      vertex 8.82707 -3.56126 14.2442
      vertex 8.95666 -8 15.1178
      vertex 8.82707 -8 14.2442
    endloop
  endfacet
  facet normal -0.850424 0 0.526098
    outer loop
      vertex -18 -8 4
      vertex -7.48323 -3.56126 21.0001
      vertex -18 -3.56126 4
    endloop
  endfacet
  facet normal -0.850424 0 0.526098
    outer loop
      vertex -7.48323 -3.56126 21.0001
      vertex -18 -8 4
      vertex -7.48323 -8 21.0001
    endloop
  endfacet
  facet normal 0.970033 0 -0.242972
    outer loop
      vertex 8.82707 -8 14.2442
      vertex 8.61246 -3.56126 13.3874
      vertex 8.82707 -3.56126 14.2442
    endloop
  endfacet
  facet normal 0.970033 0 -0.242972
    outer loop
      vertex 8.61246 -3.56126 13.3874
      vertex 8.82707 -8 14.2442
      vertex 8.61246 -8 13.3874
    endloop
  endfacet
  facet normal 0 0 -1
    outer loop
      vertex 4.21 -8 2.99
      vertex 6 -3.56126 2.99
      vertex 6 -8 2.99
    endloop
  endfacet
  facet normal -0 0 -1
    outer loop
      vertex 6 -3.56126 2.99
      vertex 4.21 -8 2.99
      vertex 4.21 -3.56126 2.99
    endloop
  endfacet
  facet normal 0 -1 0
    outer loop
      vertex 0 -8 19.3486
      vertex 0 -8 25
      vertex -0.882154 -8 24.9567
    endloop
  endfacet
  facet normal 0 -1 0
    outer loop
      vertex 0 -8 19.3486
      vertex -0.882154 -8 24.9567
      vertex -1.75581 -8 24.8271
    endloop
  endfacet
  facet normal 0 -1 0
    outer loop
      vertex 0 -8 25
      vertex 0 -8 19.3486
      vertex 0.882154 -8 24.9567
    endloop
  endfacet
  facet normal 0 -1 0
    outer loop
      vertex 0 -8 19.3486
      vertex -1.75581 -8 24.8271
      vertex -2.61256 -8 24.6125
    endloop
  endfacet
  facet normal 0 -1 -0
    outer loop
      vertex 0.882154 -8 24.9567
      vertex 0 -8 19.3486
      vertex 1.75581 -8 24.8271
    endloop
  endfacet
  facet normal 0 -1 0
    outer loop
      vertex 0 -8 19.3486
      vertex -2.61256 -8 24.6125
      vertex -3.44415 -8 24.3149
    endloop
  endfacet
  facet normal 0 -1 -0
    outer loop
      vertex 1.75581 -8 24.8271
      vertex 0 -8 19.3486
      vertex 2.61256 -8 24.6125
    endloop
  endfacet
  facet normal 0 -1 0
    outer loop
      vertex 0 -8 19.3486
      vertex -3.44415 -8 24.3149
      vertex -4.24257 -8 23.9373
    endloop
  endfacet
  facet normal 0 -1 -0
    outer loop
      vertex 2.61256 -8 24.6125
      vertex 0 -8 19.3486
      vertex 3.44415 -8 24.3149
    endloop
  endfacet
  facet normal 0 -1 0
    outer loop
      vertex -2.9 -8 17.6743
      vertex -4.24257 -8 23.9373
      vertex -5.00013 -8 23.4832
    endloop
  endfacet
  facet normal 0 -1 -0
    outer loop
      vertex 3.44415 -8 24.3149
      vertex 0 -8 19.3486
      vertex 4.24257 -8 23.9373
    endloop
  endfacet
  facet normal 0 -1 0
    outer loop
      vertex -2.9 -8 17.6743
      vertex -5.00013 -8 23.4832
      vertex -5.70954 -8 22.9571
    endloop
  endfacet
  facet normal 0 -1 0
    outer loop
      vertex 2.9 -8 17.6743
      vertex 4.24257 -8 23.9373
      vertex 0 -8 19.3486
    endloop
  endfacet
  facet normal 0 -1 0
    outer loop
      vertex -2.9 -8 17.6743
      vertex -5.70954 -8 22.9571
      vertex -6.36396 -8 22.364
    endloop
  endfacet
  facet normal 0 -1 -0
    outer loop
      vertex 4.24257 -8 23.9373
      vertex 2.9 -8 17.6743
      vertex 5.00013 -8 23.4832
    endloop
  endfacet
  facet normal 0 -1 0
    outer loop
      vertex -2.9 -8 17.6743
      vertex -6.36396 -8 22.364
      vertex -6.95709 -8 21.7095
    endloop
  endfacet
  facet normal 0 -1 -0
    outer loop
      vertex 5.00013 -8 23.4832
      vertex 2.9 -8 17.6743
      vertex 5.70954 -8 22.9571
    endloop
  endfacet
  facet normal 0 -1 0
    outer loop
      vertex -2.9 -8 17.6743
      vertex -6.95709 -8 21.7095
      vertex -7.48323 -8 21.0001
    endloop
  endfacet
  facet normal 0 -1 -0
    outer loop
      vertex 5.70954 -8 22.9571
      vertex 2.9 -8 17.6743
      vertex 6.36396 -8 22.364
    endloop
  endfacet
  facet normal 0 -1 -0
    outer loop
      vertex 6.36396 -8 22.364
      vertex 2.9 -8 17.6743
      vertex 6.95709 -8 21.7095
    endloop
  endfacet
  facet normal 0 -1 -0
    outer loop
      vertex 6.95709 -8 21.7095
      vertex 2.9 -8 17.6743
      vertex 7.48323 -8 21.0001
    endloop
  endfacet
  facet normal 0 -1 -0
    outer loop
      vertex 7.48323 -8 21.0001
      vertex 2.9 -8 17.6743
      vertex 7.93729 -8 20.2426
    endloop
  endfacet
  facet normal 0 -1 0
    outer loop
      vertex -4.24257 -8 23.9373
      vertex -2.9 -8 17.6743
      vertex 0 -8 19.3486
    endloop
  endfacet
  facet normal 0 -1 0
    outer loop
      vertex -7.48323 -8 21.0001
      vertex -2.9 -8 14.3257
      vertex -2.9 -8 17.6743
    endloop
  endfacet
  facet normal 0 -1 -0
    outer loop
      vertex -2.9 -8 14.3257
      vertex -18 -8 4
      vertex 0 -8 12.6514
    endloop
  endfacet
  facet normal 0 -1 0
    outer loop
      vertex -18 -8 4
      vertex -2.9 -8 14.3257
      vertex -7.48323 -8 21.0001
    endloop
  endfacet
  facet normal 0 -1 -0
    outer loop
      vertex 7.93729 -8 20.2426
      vertex 2.9 -8 17.6743
      vertex 8.31492 -8 19.4441
    endloop
  endfacet
  facet normal 0 -1 -0
    outer loop
      vertex 8.31492 -8 19.4441
      vertex 2.9 -8 17.6743
      vertex 8.61246 -8 18.6126
    endloop
  endfacet
  facet normal 0 -1 -0
    outer loop
      vertex 8.61246 -8 18.6126
      vertex 2.9 -8 17.6743
      vertex 8.82707 -8 17.7558
    endloop
  endfacet
  facet normal 0 -1 0
    outer loop
      vertex 2.9 -8 17.6743
      vertex 8.95666 -8 16.8822
      vertex 8.82707 -8 17.7558
    endloop
  endfacet
  facet normal 0 -1 0
    outer loop
      vertex 2.9 -8 17.6743
      vertex 9 -8 16
      vertex 8.95666 -8 16.8822
    endloop
  endfacet
  facet normal 0 -1 0
    outer loop
      vertex 2.9 -8 14.3257
      vertex 9 -8 16
      vertex 2.9 -8 17.6743
    endloop
  endfacet
  facet normal 0 -1 0
    outer loop
      vertex 9 -8 16
      vertex 2.9 -8 14.3257
      vertex 8.95666 -8 15.1178
    endloop
  endfacet
  facet normal 0 -1 0
    outer loop
      vertex 2.9 -8 14.3257
      vertex 8.82707 -8 14.2442
      vertex 8.95666 -8 15.1178
    endloop
  endfacet
  facet normal 0 -1 0
    outer loop
      vertex 2.9 -8 14.3257
      vertex 8.61246 -8 13.3874
      vertex 8.82707 -8 14.2442
    endloop
  endfacet
  facet normal 0 -1 0
    outer loop
      vertex 4.2 -8 3
      vertex 2.9 -8 14.3257
      vertex 0 -8 12.6514
    endloop
  endfacet
  facet normal 0 -1 0
    outer loop
      vertex 4.2 -8 3
      vertex 0 -8 12.6514
      vertex -18 -8 4
    endloop
  endfacet
  facet normal 0 -1 0
    outer loop
      vertex 4.2 -8 3
      vertex -18 -8 4
      vertex -18 -8 3
    endloop
  endfacet
  facet normal 0 -1 0
    outer loop
      vertex 2.9 -8 14.3257
      vertex 4.2 -8 3
      vertex 8.61246 -8 13.3874
    endloop
  endfacet
  facet normal 0 -1 0
    outer loop
      vertex 6 -8 2.99
      vertex 4.2 -8 3
      vertex 4.21 -8 2.99
    endloop
  endfacet
  facet normal 0 -1 0
    outer loop
      vertex 4.2 -8 3
      vertex 6 -8 2.99
      vertex 8.61246 -8 13.3874
    endloop
  endfacet
  facet normal 0 1 0
    outer loop
      vertex 1.12253 -3.56126 24.5264
      vertex 0 -3.56126 25
      vertex 0.882154 -3.56126 24.9567
    endloop
  endfacet
  facet normal 0 1 -0
    outer loop
      vertex 1.12253 -3.56126 24.5264
      vertex 0.882154 -3.56126 24.9567
      vertex 1.75581 -3.56126 24.8271
    endloop
  endfacet
  facet normal 0 1 0
    outer loop
      vertex -1.12253 -3.56126 24.5264
      vertex 0 -3.56126 25
      vertex 1.12253 -3.56126 24.5264
    endloop
  endfacet
  facet normal 0 1 0
    outer loop
      vertex 1.12253 -3.56126 24.5264
      vertex 1.75581 -3.56126 24.8271
      vertex 2.61256 -3.56126 24.6125
    endloop
  endfacet
  facet normal 0 1 0
    outer loop
      vertex 0 -3.56126 25
      vertex -1.12253 -3.56126 24.5264
      vertex -0.882154 -3.56126 24.9567
    endloop
  endfacet
  facet normal 0 1 0
    outer loop
      vertex -0.882154 -3.56126 24.9567
      vertex -1.12253 -3.56126 24.5264
      vertex -1.75581 -3.56126 24.8271
    endloop
  endfacet
  facet normal 0 1 -0
    outer loop
      vertex 3.29108 -3.56126 23.9454
      vertex 2.61256 -3.56126 24.6125
      vertex 3.44415 -3.56126 24.3149
    endloop
  endfacet
  facet normal 0 1 0
    outer loop
      vertex 2.61256 -3.56126 24.6125
      vertex 3.29108 -3.56126 23.9454
      vertex 1.12253 -3.56126 24.5264
    endloop
  endfacet
  facet normal 0 1 -0
    outer loop
      vertex 3.49609 -3.56126 23.827
      vertex 3.44415 -3.56126 24.3149
      vertex 4.24257 -3.56126 23.9373
    endloop
  endfacet
  facet normal 0 1 0
    outer loop
      vertex 3.44415 -3.56126 24.3149
      vertex 3.49609 -3.56126 23.827
      vertex 3.29108 -3.56126 23.9454
    endloop
  endfacet
  facet normal 0 1 0
    outer loop
      vertex 5.03033 -3.56126 22.9412
      vertex 4.24257 -3.56126 23.9373
      vertex 5.00013 -3.56126 23.4832
    endloop
  endfacet
  facet normal 0 1 -0
    outer loop
      vertex 5.23535 -3.56126 22.8228
      vertex 5.00013 -3.56126 23.4832
      vertex 5.70954 -3.56126 22.9571
    endloop
  endfacet
  facet normal 0 1 0
    outer loop
      vertex 4.24257 -3.56126 23.9373
      vertex 5.03033 -3.56126 22.9412
      vertex 3.49609 -3.56126 23.827
    endloop
  endfacet
  facet normal 0 1 0
    outer loop
      vertex 5.00013 -3.56126 23.4832
      vertex 5.23535 -3.56126 22.8228
      vertex 5.03033 -3.56126 22.9412
    endloop
  endfacet
  facet normal 0 1 0
    outer loop
      vertex 6.36396 -3.56126 22.364
      vertex 5.23535 -3.56126 22.8228
      vertex 5.70954 -3.56126 22.9571
    endloop
  endfacet
  facet normal 0 1 -0
    outer loop
      vertex 6.82284 -3.56126 21.2353
      vertex 6.36396 -3.56126 22.364
      vertex 6.95709 -3.56126 21.7095
    endloop
  endfacet
  facet normal 0 1 0
    outer loop
      vertex 6.36396 -3.56126 22.364
      vertex 6.82284 -3.56126 21.2353
      vertex 5.23535 -3.56126 22.8228
    endloop
  endfacet
  facet normal 0 1 0
    outer loop
      vertex 7.48323 -3.56126 21.0001
      vertex 6.82284 -3.56126 21.2353
      vertex 6.95709 -3.56126 21.7095
    endloop
  endfacet
  facet normal 0 1 0
    outer loop
      vertex 6.82284 -3.56126 21.2353
      vertex 7.48323 -3.56126 21.0001
      vertex 6.9412 -3.56126 21.0303
    endloop
  endfacet
  facet normal 0 1 0
    outer loop
      vertex 7.93729 -3.56126 20.2426
      vertex 6.9412 -3.56126 21.0303
      vertex 7.48323 -3.56126 21.0001
    endloop
  endfacet
  facet normal 0 1 0
    outer loop
      vertex 7.93729 -3.56126 20.2426
      vertex 7.827 -3.56126 19.4961
      vertex 6.9412 -3.56126 21.0303
    endloop
  endfacet
  facet normal 0 1 0
    outer loop
      vertex 8.31492 -3.56126 19.4441
      vertex 7.827 -3.56126 19.4961
      vertex 7.93729 -3.56126 20.2426
    endloop
  endfacet
  facet normal 0 1 0
    outer loop
      vertex 8.31492 -3.56126 19.4441
      vertex 7.94536 -3.56126 19.2911
      vertex 7.827 -3.56126 19.4961
    endloop
  endfacet
  facet normal 0 1 0
    outer loop
      vertex 8.61246 -3.56126 18.6126
      vertex 7.94536 -3.56126 19.2911
      vertex 8.31492 -3.56126 19.4441
    endloop
  endfacet
  facet normal 0 1 0
    outer loop
      vertex 8.52643 -3.56126 17.1225
      vertex 8.61246 -3.56126 18.6126
      vertex 8.82707 -3.56126 17.7558
    endloop
  endfacet
  facet normal 0 1 0
    outer loop
      vertex 8.61246 -3.56126 18.6126
      vertex 8.52643 -3.56126 17.1225
      vertex 7.94536 -3.56126 19.2911
    endloop
  endfacet
  facet normal 0 1 0
    outer loop
      vertex 8.95666 -3.56126 16.8822
      vertex 8.52643 -3.56126 17.1225
      vertex 8.82707 -3.56126 17.7558
    endloop
  endfacet
  facet normal 0 1 0
    outer loop
      vertex 9 -3.56126 16
      vertex 8.52643 -3.56126 17.1225
      vertex 8.95666 -3.56126 16.8822
    endloop
  endfacet
  facet normal 0 1 0
    outer loop
      vertex 8.52643 -3.56126 14.8775
      vertex 9 -3.56126 16
      vertex 8.95666 -3.56126 15.1178
    endloop
  endfacet
  facet normal 0 1 0
    outer loop
      vertex 9 -3.56126 16
      vertex 8.52643 -3.56126 14.8775
      vertex 8.52643 -3.56126 17.1225
    endloop
  endfacet
  facet normal 0 1 -0
    outer loop
      vertex 8.82707 -3.56126 14.2442
      vertex 8.52643 -3.56126 14.8775
      vertex 8.95666 -3.56126 15.1178
    endloop
  endfacet
  facet normal 0 1 -0
    outer loop
      vertex 8.61246 -3.56126 13.3874
      vertex 8.52643 -3.56126 14.8775
      vertex 8.82707 -3.56126 14.2442
    endloop
  endfacet
  facet normal 0 1 0
    outer loop
      vertex 8.61246 -3.56126 13.3874
      vertex 7.94536 -3.56126 12.7089
      vertex 8.52643 -3.56126 14.8775
    endloop
  endfacet
  facet normal 0 1 0
    outer loop
      vertex 8.61246 -3.56126 13.3874
      vertex 7.827 -3.56126 12.5039
      vertex 7.94536 -3.56126 12.7089
    endloop
  endfacet
  facet normal 0 1 0
    outer loop
      vertex 8.61246 -3.56126 13.3874
      vertex 6.9412 -3.56126 10.9697
      vertex 7.827 -3.56126 12.5039
    endloop
  endfacet
  facet normal 0 1 0
    outer loop
      vertex 6 -3.56126 2.99
      vertex 6.9412 -3.56126 10.9697
      vertex 8.61246 -3.56126 13.3874
    endloop
  endfacet
  facet normal 0 1 0
    outer loop
      vertex 6 -3.56126 2.99
      vertex 5.03033 -3.56126 9.0588
      vertex 5.23535 -3.56126 9.17716
    endloop
  endfacet
  facet normal 0 1 0
    outer loop
      vertex 5.03033 -3.56126 9.0588
      vertex 6 -3.56126 2.99
      vertex 3.49609 -3.56126 8.173
    endloop
  endfacet
  facet normal 0 1 0
    outer loop
      vertex 4.2 -3.56126 3
      vertex -1.12253 -3.56126 7.47357
      vertex 1.12253 -3.56126 7.47357
    endloop
  endfacet
  facet normal 0 1 0
    outer loop
      vertex -1.12253 -3.56126 7.47357
      vertex 4.2 -3.56126 3
      vertex -18 -3.56126 3
    endloop
  endfacet
  facet normal 0 1 0
    outer loop
      vertex 3.29108 -3.56126 8.05464
      vertex 4.2 -3.56126 3
      vertex 1.12253 -3.56126 7.47357
    endloop
  endfacet
  facet normal -0 1 -0
    outer loop
      vertex 4.2 -3.56126 3
      vertex 3.49609 -3.56126 8.173
      vertex 6 -3.56126 2.99
    endloop
  endfacet
  facet normal 0 1 -0
    outer loop
      vertex 6 -3.56126 2.99
      vertex 5.23535 -3.56126 9.17716
      vertex 6.82284 -3.56126 10.7647
    endloop
  endfacet
  facet normal 0 1 0
    outer loop
      vertex 6.9412 -3.56126 10.9697
      vertex 6 -3.56126 2.99
      vertex 6.82284 -3.56126 10.7647
    endloop
  endfacet
  facet normal 0 1 0
    outer loop
      vertex 3.49609 -3.56126 8.173
      vertex 4.2 -3.56126 3
      vertex 3.29108 -3.56126 8.05464
    endloop
  endfacet
  facet normal 0 1 0
    outer loop
      vertex 4.2 -3.56126 3
      vertex 6 -3.56126 2.99
      vertex 4.21 -3.56126 2.99
    endloop
  endfacet
  facet normal 0 1 0
    outer loop
      vertex -1.75581 -3.56126 24.8271
      vertex -1.12253 -3.56126 24.5264
      vertex -2.61256 -3.56126 24.6125
    endloop
  endfacet
  facet normal 0 1 0
    outer loop
      vertex -3.29108 -3.56126 23.9454
      vertex -2.61256 -3.56126 24.6125
      vertex -1.12253 -3.56126 24.5264
    endloop
  endfacet
  facet normal 0 1 0
    outer loop
      vertex -2.61256 -3.56126 24.6125
      vertex -3.29108 -3.56126 23.9454
      vertex -3.44415 -3.56126 24.3149
    endloop
  endfacet
  facet normal 0 1 0
    outer loop
      vertex -3.49609 -3.56126 23.827
      vertex -3.44415 -3.56126 24.3149
      vertex -3.29108 -3.56126 23.9454
    endloop
  endfacet
  facet normal 0 1 0
    outer loop
      vertex -3.44415 -3.56126 24.3149
      vertex -3.49609 -3.56126 23.827
      vertex -4.24257 -3.56126 23.9373
    endloop
  endfacet
  facet normal 0 1 0
    outer loop
      vertex -5.03033 -3.56126 22.9412
      vertex -4.24257 -3.56126 23.9373
      vertex -3.49609 -3.56126 23.827
    endloop
  endfacet
  facet normal 0 1 0
    outer loop
      vertex -4.24257 -3.56126 23.9373
      vertex -5.03033 -3.56126 22.9412
      vertex -5.00013 -3.56126 23.4832
    endloop
  endfacet
  facet normal 0 1 0
    outer loop
      vertex -5.23535 -3.56126 22.8228
      vertex -5.00013 -3.56126 23.4832
      vertex -5.03033 -3.56126 22.9412
    endloop
  endfacet
  facet normal 0 1 0
    outer loop
      vertex -5.00013 -3.56126 23.4832
      vertex -5.23535 -3.56126 22.8228
      vertex -5.70954 -3.56126 22.9571
    endloop
  endfacet
  facet normal 0 1 0
    outer loop
      vertex -5.23535 -3.56126 22.8228
      vertex -6.36396 -3.56126 22.364
      vertex -5.70954 -3.56126 22.9571
    endloop
  endfacet
  facet normal 0 1 0
    outer loop
      vertex -6.82284 -3.56126 21.2353
      vertex -6.36396 -3.56126 22.364
      vertex -5.23535 -3.56126 22.8228
    endloop
  endfacet
  facet normal 0 1 0
    outer loop
      vertex -6.36396 -3.56126 22.364
      vertex -6.82284 -3.56126 21.2353
      vertex -6.95709 -3.56126 21.7095
    endloop
  endfacet
  facet normal 0 1 0
    outer loop
      vertex -7.48323 -3.56126 21.0001
      vertex -6.82284 -3.56126 21.2353
      vertex -6.9412 -3.56126 21.0303
    endloop
  endfacet
  facet normal 0 1 0
    outer loop
      vertex -6.82284 -3.56126 21.2353
      vertex -7.48323 -3.56126 21.0001
      vertex -6.95709 -3.56126 21.7095
    endloop
  endfacet
  facet normal 0 1 0
    outer loop
      vertex -7.827 -3.56126 19.4961
      vertex -7.48323 -3.56126 21.0001
      vertex -6.9412 -3.56126 21.0303
    endloop
  endfacet
  facet normal 0 1 0
    outer loop
      vertex -7.94536 -3.56126 19.2911
      vertex -7.48323 -3.56126 21.0001
      vertex -7.827 -3.56126 19.4961
    endloop
  endfacet
  facet normal 0 1 0
    outer loop
      vertex -18 -3.56126 4
      vertex -7.827 -3.56126 12.5039
      vertex -6.9412 -3.56126 10.9697
    endloop
  endfacet
  facet normal 0 1 0
    outer loop
      vertex -18 -3.56126 4
      vertex -5.03033 -3.56126 9.0588
      vertex -3.49609 -3.56126 8.173
    endloop
  endfacet
  facet normal 0 1 0
    outer loop
      vertex -18 -3.56126 4
      vertex -3.49609 -3.56126 8.173
      vertex -3.29108 -3.56126 8.05464
    endloop
  endfacet
  facet normal 0 1 -0
    outer loop
      vertex -7.94536 -3.56126 19.2911
      vertex -18 -3.56126 4
      vertex -7.48323 -3.56126 21.0001
    endloop
  endfacet
  facet normal 0 1 -0
    outer loop
      vertex -8.52643 -3.56126 17.1225
      vertex -18 -3.56126 4
      vertex -7.94536 -3.56126 19.2911
    endloop
  endfacet
  facet normal 0 1 -0
    outer loop
      vertex -8.52643 -3.56126 14.8775
      vertex -18 -3.56126 4
      vertex -8.52643 -3.56126 17.1225
    endloop
  endfacet
  facet normal 0 1 0
    outer loop
      vertex -7.94536 -3.56126 12.7089
      vertex -18 -3.56126 4
      vertex -8.52643 -3.56126 14.8775
    endloop
  endfacet
  facet normal 0 1 0
    outer loop
      vertex -7.827 -3.56126 12.5039
      vertex -18 -3.56126 4
      vertex -7.94536 -3.56126 12.7089
    endloop
  endfacet
  facet normal 0 1 0
    outer loop
      vertex -6.82284 -3.56126 10.7647
      vertex -18 -3.56126 4
      vertex -6.9412 -3.56126 10.9697
    endloop
  endfacet
  facet normal 0 1 0
    outer loop
      vertex -5.23535 -3.56126 9.17716
      vertex -18 -3.56126 4
      vertex -6.82284 -3.56126 10.7647
    endloop
  endfacet
  facet normal 0 1 0
    outer loop
      vertex -5.03033 -3.56126 9.0588
      vertex -18 -3.56126 4
      vertex -5.23535 -3.56126 9.17716
    endloop
  endfacet
  facet normal 0 1 0
    outer loop
      vertex -18 -3.56126 4
      vertex -3.29108 -3.56126 8.05464
      vertex -1.12253 -3.56126 7.47357
    endloop
  endfacet
  facet normal 0 1 0
    outer loop
      vertex -1.12253 -3.56126 7.47357
      vertex -18 -3.56126 3
      vertex -18 -3.56126 4
    endloop
  endfacet
  facet normal -0.8032 0 0.595709
    outer loop
      vertex -7.48323 -8 21.0001
      vertex -6.95709 -3.56126 21.7095
      vertex -7.48323 -3.56126 21.0001
    endloop
  endfacet
  facet normal -0.8032 0 0.595709
    outer loop
      vertex -6.95709 -3.56126 21.7095
      vertex -7.48323 -8 21.0001
      vertex -6.95709 -8 21.7095
    endloop
  endfacet
  facet normal 0.969854 0 -0.243686
    outer loop
      vertex 8.61246 -8 13.3874
      vertex 6 -3.56126 2.99
      vertex 8.61246 -3.56126 13.3874
    endloop
  endfacet
  facet normal 0.969854 0 -0.243686
    outer loop
      vertex 6 -3.56126 2.99
      vertex 8.61246 -8 13.3874
      vertex 6 -8 2.99
    endloop
  endfacet
  facet normal -1 0 0
    outer loop
      vertex -18 -8 3
      vertex -18 -3.56126 4
      vertex -18 -3.56126 3
    endloop
  endfacet
  facet normal -1 -0 0
    outer loop
      vertex -18 -3.56126 4
      vertex -18 -8 3
      vertex -18 -8 4
    endloop
  endfacet
  facet normal -0.427532 0 0.904
    outer loop
      vertex -4.24257 -3.56126 23.9373
      vertex -3.44415 -8 24.3149
      vertex -3.44415 -3.56126 24.3149
    endloop
  endfacet
  facet normal -0.427532 0 0.904
    outer loop
      vertex -3.44415 -8 24.3149
      vertex -4.24257 -3.56126 23.9373
      vertex -4.24257 -8 23.9373
    endloop
  endfacet
  facet normal 0.989176 -0 0.146735
    outer loop
      vertex 8.82707 -8 17.7558
      vertex 8.95666 -3.56126 16.8822
      vertex 8.82707 -3.56126 17.7558
    endloop
  endfacet
  facet normal 0.989176 0 0.146735
    outer loop
      vertex 8.95666 -3.56126 16.8822
      vertex 8.82707 -8 17.7558
      vertex 8.95666 -8 16.8822
    endloop
  endfacet
  facet normal -0.740993 0 0.671513
    outer loop
      vertex -6.95709 -8 21.7095
      vertex -6.36396 -3.56126 22.364
      vertex -6.95709 -3.56126 21.7095
    endloop
  endfacet
  facet normal -0.740993 0 0.671513
    outer loop
      vertex -6.36396 -3.56126 22.364
      vertex -6.95709 -8 21.7095
      vertex -6.36396 -8 22.364
    endloop
  endfacet
  facet normal -0.595674 0 0.803226
    outer loop
      vertex -5.70954 -3.56126 22.9571
      vertex -5.00013 -8 23.4832
      vertex -5.00013 -3.56126 23.4832
    endloop
  endfacet
  facet normal -0.595674 0 0.803226
    outer loop
      vertex -5.00013 -8 23.4832
      vertex -5.70954 -3.56126 22.9571
      vertex -5.70954 -8 22.9571
    endloop
  endfacet
  facet normal 0.671539 0 0.740969
    outer loop
      vertex 5.70954 -3.56126 22.9571
      vertex 6.36396 -8 22.364
      vertex 6.36396 -3.56126 22.364
    endloop
  endfacet
  facet normal 0.671539 0 0.740969
    outer loop
      vertex 6.36396 -8 22.364
      vertex 5.70954 -3.56126 22.9571
      vertex 5.70954 -8 22.9571
    endloop
  endfacet
  facet normal 0.998795 0 -0.049068
    outer loop
      vertex 9 -8 16
      vertex 8.95666 -3.56126 15.1178
      vertex 9 -3.56126 16
    endloop
  endfacet
  facet normal 0.998795 0 -0.049068
    outer loop
      vertex 8.95666 -3.56126 15.1178
      vertex 9 -8 16
      vertex 8.95666 -8 15.1178
    endloop
  endfacet
  facet normal -0.671539 0 0.740969
    outer loop
      vertex -6.36396 -3.56126 22.364
      vertex -5.70954 -8 22.9571
      vertex -5.70954 -3.56126 22.9571
    endloop
  endfacet
  facet normal -0.671539 0 0.740969
    outer loop
      vertex -5.70954 -8 22.9571
      vertex -6.36396 -3.56126 22.364
      vertex -6.36396 -8 22.364
    endloop
  endfacet
  facet normal -0.514133 0 0.857711
    outer loop
      vertex -5.00013 -3.56126 23.4832
      vertex -4.24257 -8 23.9373
      vertex -4.24257 -3.56126 23.9373
    endloop
  endfacet
  facet normal -0.514133 0 0.857711
    outer loop
      vertex -4.24257 -8 23.9373
      vertex -5.00013 -3.56126 23.4832
      vertex -5.00013 -8 23.4832
    endloop
  endfacet
  facet normal -0.336942 0 0.941525
    outer loop
      vertex -3.44415 -3.56126 24.3149
      vertex -2.61256 -8 24.6125
      vertex -2.61256 -3.56126 24.6125
    endloop
  endfacet
  facet normal -0.336942 0 0.941525
    outer loop
      vertex -2.61256 -8 24.6125
      vertex -3.44415 -3.56126 24.3149
      vertex -3.44415 -8 24.3149
    endloop
  endfacet
  facet normal -0.242975 0 0.970033
    outer loop
      vertex -2.61256 -3.56126 24.6125
      vertex -1.75581 -8 24.8271
      vertex -1.75581 -3.56126 24.8271
    endloop
  endfacet
  facet normal -0.242975 0 0.970033
    outer loop
      vertex -1.75581 -8 24.8271
      vertex -2.61256 -3.56126 24.6125
      vertex -2.61256 -8 24.6125
    endloop
  endfacet
  facet normal 0.740993 -0 0.671513
    outer loop
      vertex 6.36396 -8 22.364
      vertex 6.95709 -3.56126 21.7095
      vertex 6.36396 -3.56126 22.364
    endloop
  endfacet
  facet normal 0.740993 0 0.671513
    outer loop
      vertex 6.95709 -3.56126 21.7095
      vertex 6.36396 -8 22.364
      vertex 6.95709 -8 21.7095
    endloop
  endfacet
  facet normal 0.8032 -0 0.595709
    outer loop
      vertex 6.95709 -8 21.7095
      vertex 7.48323 -3.56126 21.0001
      vertex 6.95709 -3.56126 21.7095
    endloop
  endfacet
  facet normal 0.8032 0 0.595709
    outer loop
      vertex 7.48323 -3.56126 21.0001
      vertex 6.95709 -8 21.7095
      vertex 7.48323 -8 21.0001
    endloop
  endfacet
  facet normal 0.998795 -0 0.049068
    outer loop
      vertex 8.95666 -8 16.8822
      vertex 9 -3.56126 16
      vertex 8.95666 -3.56126 16.8822
    endloop
  endfacet
  facet normal 0.998795 0 0.049068
    outer loop
      vertex 9 -3.56126 16
      vertex 8.95666 -8 16.8822
      vertex 9 -8 16
    endloop
  endfacet
  facet normal 0.242975 0 0.970033
    outer loop
      vertex 1.75581 -3.56126 24.8271
      vertex 2.61256 -8 24.6125
      vertex 2.61256 -3.56126 24.6125
    endloop
  endfacet
  facet normal 0.242975 0 0.970033
    outer loop
      vertex 2.61256 -8 24.6125
      vertex 1.75581 -3.56126 24.8271
      vertex 1.75581 -8 24.8271
    endloop
  endfacet
  facet normal -0.146736 0 0.989176
    outer loop
      vertex -1.75581 -3.56126 24.8271
      vertex -0.882154 -8 24.9567
      vertex -0.882154 -3.56126 24.9567
    endloop
  endfacet
  facet normal -0.146736 0 0.989176
    outer loop
      vertex -0.882154 -8 24.9567
      vertex -1.75581 -3.56126 24.8271
      vertex -1.75581 -8 24.8271
    endloop
  endfacet
  facet normal 0.0490254 0 0.998798
    outer loop
      vertex 0 -3.56126 25
      vertex 0.882154 -8 24.9567
      vertex 0.882154 -3.56126 24.9567
    endloop
  endfacet
  facet normal 0.0490254 0 0.998798
    outer loop
      vertex 0.882154 -8 24.9567
      vertex 0 -3.56126 25
      vertex 0 -8 25
    endloop
  endfacet
  facet normal 0.146736 0 0.989176
    outer loop
      vertex 0.882154 -3.56126 24.9567
      vertex 1.75581 -8 24.8271
      vertex 1.75581 -3.56126 24.8271
    endloop
  endfacet
  facet normal 0.146736 0 0.989176
    outer loop
      vertex 1.75581 -8 24.8271
      vertex 0.882154 -3.56126 24.9567
      vertex 0.882154 -8 24.9567
    endloop
  endfacet
  facet normal 0.904003 -0 0.427525
    outer loop
      vertex 7.93729 -8 20.2426
      vertex 8.31492 -3.56126 19.4441
      vertex 7.93729 -3.56126 20.2426
    endloop
  endfacet
  facet normal 0.904003 0 0.427525
    outer loop
      vertex 8.31492 -3.56126 19.4441
      vertex 7.93729 -8 20.2426
      vertex 8.31492 -8 19.4441
    endloop
  endfacet
  facet normal 0.970033 -0 0.242972
    outer loop
      vertex 8.61246 -8 18.6126
      vertex 8.82707 -3.56126 17.7558
      vertex 8.61246 -3.56126 18.6126
    endloop
  endfacet
  facet normal 0.970033 0 0.242972
    outer loop
      vertex 8.82707 -3.56126 17.7558
      vertex 8.61246 -8 18.6126
      vertex 8.82707 -8 17.7558
    endloop
  endfacet
  facet normal 0.941535 -0 0.336914
    outer loop
      vertex 8.31492 -8 19.4441
      vertex 8.61246 -3.56126 18.6126
      vertex 8.31492 -3.56126 19.4441
    endloop
  endfacet
  facet normal 0.941535 0 0.336914
    outer loop
      vertex 8.61246 -3.56126 18.6126
      vertex 8.31492 -8 19.4441
      vertex 8.61246 -8 18.6126
    endloop
  endfacet
  facet normal -0.0490254 0 0.998798
    outer loop
      vertex -0.882154 -3.56126 24.9567
      vertex 0 -8 25
      vertex 0 -3.56126 25
    endloop
  endfacet
  facet normal -0.0490254 0 0.998798
    outer loop
      vertex 0 -8 25
      vertex -0.882154 -3.56126 24.9567
      vertex -0.882154 -8 24.9567
    endloop
  endfacet
  facet normal 0.336942 0 0.941525
    outer loop
      vertex 2.61256 -3.56126 24.6125
      vertex 3.44415 -8 24.3149
      vertex 3.44415 -3.56126 24.3149
    endloop
  endfacet
  facet normal 0.336942 0 0.941525
    outer loop
      vertex 3.44415 -8 24.3149
      vertex 2.61256 -3.56126 24.6125
      vertex 2.61256 -8 24.6125
    endloop
  endfacet
  facet normal 0.514133 0 0.857711
    outer loop
      vertex 4.24257 -3.56126 23.9373
      vertex 5.00013 -8 23.4832
      vertex 5.00013 -3.56126 23.4832
    endloop
  endfacet
  facet normal 0.514133 0 0.857711
    outer loop
      vertex 5.00013 -8 23.4832
      vertex 4.24257 -3.56126 23.9373
      vertex 4.24257 -8 23.9373
    endloop
  endfacet
  facet normal 0.427532 0 0.904
    outer loop
      vertex 3.44415 -3.56126 24.3149
      vertex 4.24257 -8 23.9373
      vertex 4.24257 -3.56126 23.9373
    endloop
  endfacet
  facet normal 0.427532 0 0.904
    outer loop
      vertex 4.24257 -8 23.9373
      vertex 3.44415 -3.56126 24.3149
      vertex 3.44415 -8 24.3149
    endloop
  endfacet
  facet normal 0.595674 0 0.803226
    outer loop
      vertex 5.00013 -3.56126 23.4832
      vertex 5.70954 -8 22.9571
      vertex 5.70954 -3.56126 22.9571
    endloop
  endfacet
  facet normal 0.595674 0 0.803226
    outer loop
      vertex 5.70954 -8 22.9571
      vertex 5.00013 -3.56126 23.4832
      vertex 5.00013 -8 23.4832
    endloop
  endfacet
  facet normal 0.857713 -0 0.514129
    outer loop
      vertex 7.48323 -8 21.0001
      vertex 7.93729 -3.56126 20.2426
      vertex 7.48323 -3.56126 21.0001
    endloop
  endfacet
  facet normal 0.857713 0 0.514129
    outer loop
      vertex 7.93729 -3.56126 20.2426
      vertex 7.48323 -8 21.0001
      vertex 7.93729 -8 20.2426
    endloop
  endfacet
  facet normal -0.608677 0 0.793418
    outer loop
      vertex 0.849991 -3.13705 14.5278
      vertex 1.20207 -5.6 14.7979
      vertex 1.20207 -3.13705 14.7979
    endloop
  endfacet
  facet normal -0.608677 0 0.793418
    outer loop
      vertex 1.20207 -5.6 14.7979
      vertex 0.849991 -3.13705 14.5278
      vertex 0.849991 -5.6 14.5278
    endloop
  endfacet
  facet normal 0.923878 -0 0.382688
    outer loop
      vertex -1.64206 -5.6 15.56
      vertex -1.47223 -3.13705 15.15
      vertex -1.64206 -3.13705 15.56
    endloop
  endfacet
  facet normal 0.923878 0 0.382688
    outer loop
      vertex -1.47223 -3.13705 15.15
      vertex -1.64206 -5.6 15.56
      vertex -1.47223 -5.6 15.15
    endloop
  endfacet
  facet normal -0.923878 0 0.382688
    outer loop
      vertex 1.47223 -5.6 15.15
      vertex 1.64206 -3.13705 15.56
      vertex 1.47223 -3.13705 15.15
    endloop
  endfacet
  facet normal -0.923878 0 0.382688
    outer loop
      vertex 1.64206 -3.13705 15.56
      vertex 1.47223 -5.6 15.15
      vertex 1.64206 -5.6 15.56
    endloop
  endfacet
  facet normal 0.13047 0 0.991452
    outer loop
      vertex -0.439987 -3.13705 14.3579
      vertex 0 -5.6 14.3
      vertex 0 -3.13705 14.3
    endloop
  endfacet
  facet normal 0.13047 0 0.991452
    outer loop
      vertex 0 -5.6 14.3
      vertex -0.439987 -3.13705 14.3579
      vertex -0.439987 -5.6 14.3579
    endloop
  endfacet
  facet normal -0.793371 0 0.608739
    outer loop
      vertex 1.20207 -5.6 14.7979
      vertex 1.47223 -3.13705 15.15
      vertex 1.20207 -3.13705 14.7979
    endloop
  endfacet
  facet normal -0.793371 0 0.608739
    outer loop
      vertex 1.47223 -3.13705 15.15
      vertex 1.20207 -5.6 14.7979
      vertex 1.47223 -5.6 15.15
    endloop
  endfacet
  facet normal 0.923878 0 -0.382688
    outer loop
      vertex -1.47223 -5.6 16.85
      vertex -1.64206 -3.13705 16.44
      vertex -1.47223 -3.13705 16.85
    endloop
  endfacet
  facet normal 0.923878 0 -0.382688
    outer loop
      vertex -1.64206 -3.13705 16.44
      vertex -1.47223 -5.6 16.85
      vertex -1.64206 -5.6 16.44
    endloop
  endfacet
  facet normal 0.793371 0 -0.608739
    outer loop
      vertex -1.20207 -5.6 17.2021
      vertex -1.47223 -3.13705 16.85
      vertex -1.20207 -3.13705 17.2021
    endloop
  endfacet
  facet normal 0.793371 0 -0.608739
    outer loop
      vertex -1.47223 -3.13705 16.85
      vertex -1.20207 -5.6 17.2021
      vertex -1.47223 -5.6 16.85
    endloop
  endfacet
  facet normal 0.991441 -0 0.130555
    outer loop
      vertex -1.7 -5.6 16
      vertex -1.64206 -3.13705 15.56
      vertex -1.7 -3.13705 16
    endloop
  endfacet
  facet normal 0.991441 0 0.130555
    outer loop
      vertex -1.64206 -3.13705 15.56
      vertex -1.7 -5.6 16
      vertex -1.64206 -5.6 15.56
    endloop
  endfacet
  facet normal -0.991441 0 -0.130555
    outer loop
      vertex 1.7 -5.6 16
      vertex 1.64206 -3.13705 16.44
      vertex 1.7 -3.13705 16
    endloop
  endfacet
  facet normal -0.991441 -0 -0.130555
    outer loop
      vertex 1.64206 -3.13705 16.44
      vertex 1.7 -5.6 16
      vertex 1.64206 -5.6 16.44
    endloop
  endfacet
  facet normal -0.707118 0 -0.707096
    outer loop
      vertex 1.20207 -5.6 17.2021
      vertex 0.339697 -3.13705 18.0645
      vertex 1.20207 -3.13705 17.2021
    endloop
  endfacet
  facet normal -0.707116 1.57264e-06 -0.707098
    outer loop
      vertex 0 -5.6 18.4042
      vertex 0.339697 -3.13705 18.0645
      vertex 1.20207 -5.6 17.2021
    endloop
  endfacet
  facet normal -0.706996 0 -0.707218
    outer loop
      vertex 0.339697 -3.13705 18.0645
      vertex 0.28558 -3.13291 18.1186
      vertex 0.339697 -3.06915 18.0645
    endloop
  endfacet
  facet normal -0.707039 -0.00113544 -0.707174
    outer loop
      vertex 0.28558 -3.13291 18.1186
      vertex 0.339697 -3.13705 18.0645
      vertex 0.27969 -3.13984 18.1245
    endloop
  endfacet
  facet normal -0.706331 -0.000179266 -0.707882
    outer loop
      vertex 0 -5.6 18.4042
      vertex 0.271971 -3.13162 18.1322
      vertex 0.27969 -3.13984 18.1245
    endloop
  endfacet
  facet normal -0.707065 -1.23177e-05 -0.707148
    outer loop
      vertex 0.339697 -3.13705 18.0645
      vertex 0 -5.6 18.4042
      vertex 0.27969 -3.13984 18.1245
    endloop
  endfacet
  facet normal -0.707144 0 -0.707069
    outer loop
      vertex 0.271971 -3.13162 18.1322
      vertex 0 -5.6 18.4042
      vertex 0 -2.84174 18.4042
    endloop
  endfacet
  facet normal -0.38282 0 0.923823
    outer loop
      vertex 0.439987 -3.13705 14.3579
      vertex 0.849991 -5.6 14.5278
      vertex 0.849991 -3.13705 14.5278
    endloop
  endfacet
  facet normal -0.38282 0 0.923823
    outer loop
      vertex 0.849991 -5.6 14.5278
      vertex 0.439987 -3.13705 14.3579
      vertex 0.439987 -5.6 14.3579
    endloop
  endfacet
  facet normal -0.991441 0 0.130555
    outer loop
      vertex 1.64206 -5.6 15.56
      vertex 1.7 -3.13705 16
      vertex 1.64206 -3.13705 15.56
    endloop
  endfacet
  facet normal -0.991441 0 0.130555
    outer loop
      vertex 1.7 -3.13705 16
      vertex 1.64206 -5.6 15.56
      vertex 1.7 -5.6 16
    endloop
  endfacet
  facet normal 0.608677 0 0.793418
    outer loop
      vertex -1.20207 -3.13705 14.7979
      vertex -0.849991 -5.6 14.5278
      vertex -0.849991 -3.13705 14.5278
    endloop
  endfacet
  facet normal 0.608677 0 0.793418
    outer loop
      vertex -0.849991 -5.6 14.5278
      vertex -1.20207 -3.13705 14.7979
      vertex -1.20207 -5.6 14.7979
    endloop
  endfacet
  facet normal 0.793371 -0 0.608739
    outer loop
      vertex -1.47223 -5.6 15.15
      vertex -1.20207 -3.13705 14.7979
      vertex -1.47223 -3.13705 15.15
    endloop
  endfacet
  facet normal 0.793371 0 0.608739
    outer loop
      vertex -1.20207 -3.13705 14.7979
      vertex -1.47223 -5.6 15.15
      vertex -1.20207 -5.6 14.7979
    endloop
  endfacet
  facet normal 0.38282 0 0.923823
    outer loop
      vertex -0.849991 -3.13705 14.5278
      vertex -0.439987 -5.6 14.3579
      vertex -0.439987 -3.13705 14.3579
    endloop
  endfacet
  facet normal 0.38282 0 0.923823
    outer loop
      vertex -0.439987 -5.6 14.3579
      vertex -0.849991 -3.13705 14.5278
      vertex -0.849991 -5.6 14.5278
    endloop
  endfacet
  facet normal 0.707144 0 -0.707069
    outer loop
      vertex 0 -5.6 18.4042
      vertex -0.271971 -3.13162 18.1322
      vertex 0 -2.84174 18.4042
    endloop
  endfacet
  facet normal 0.706331 -0.000179266 -0.707882
    outer loop
      vertex -0.271971 -3.13162 18.1322
      vertex 0 -5.6 18.4042
      vertex -0.27969 -3.13984 18.1245
    endloop
  endfacet
  facet normal 0.706996 0 -0.707218
    outer loop
      vertex -0.28558 -3.13291 18.1186
      vertex -0.339697 -3.13705 18.0645
      vertex -0.339697 -3.06915 18.0645
    endloop
  endfacet
  facet normal 0.707039 -0.00113544 -0.707174
    outer loop
      vertex -0.27969 -3.13984 18.1245
      vertex -0.339697 -3.13705 18.0645
      vertex -0.28558 -3.13291 18.1186
    endloop
  endfacet
  facet normal 0.707065 -1.23177e-05 -0.707148
    outer loop
      vertex 0 -5.6 18.4042
      vertex -0.339697 -3.13705 18.0645
      vertex -0.27969 -3.13984 18.1245
    endloop
  endfacet
  facet normal 0.707116 1.57264e-06 -0.707098
    outer loop
      vertex -0.339697 -3.13705 18.0645
      vertex 0 -5.6 18.4042
      vertex -1.20207 -5.6 17.2021
    endloop
  endfacet
  facet normal 0.707118 0 -0.707096
    outer loop
      vertex -0.339697 -3.13705 18.0645
      vertex -1.20207 -5.6 17.2021
      vertex -1.20207 -3.13705 17.2021
    endloop
  endfacet
  facet normal 0.991441 0 -0.130555
    outer loop
      vertex -1.64206 -5.6 16.44
      vertex -1.7 -3.13705 16
      vertex -1.64206 -3.13705 16.44
    endloop
  endfacet
  facet normal 0.991441 0 -0.130555
    outer loop
      vertex -1.7 -3.13705 16
      vertex -1.64206 -5.6 16.44
      vertex -1.7 -5.6 16
    endloop
  endfacet
  facet normal -0.793371 0 -0.608739
    outer loop
      vertex 1.47223 -5.6 16.85
      vertex 1.20207 -3.13705 17.2021
      vertex 1.47223 -3.13705 16.85
    endloop
  endfacet
  facet normal -0.793371 -0 -0.608739
    outer loop
      vertex 1.20207 -3.13705 17.2021
      vertex 1.47223 -5.6 16.85
      vertex 1.20207 -5.6 17.2021
    endloop
  endfacet
  facet normal -0.13047 0 0.991452
    outer loop
      vertex 0 -3.13705 14.3
      vertex 0.439987 -5.6 14.3579
      vertex 0.439987 -3.13705 14.3579
    endloop
  endfacet
  facet normal -0.13047 0 0.991452
    outer loop
      vertex 0.439987 -5.6 14.3579
      vertex 0 -3.13705 14.3
      vertex 0 -5.6 14.3
    endloop
  endfacet
  facet normal -0.923878 0 -0.382688
    outer loop
      vertex 1.64206 -5.6 16.44
      vertex 1.47223 -3.13705 16.85
      vertex 1.64206 -3.13705 16.44
    endloop
  endfacet
  facet normal -0.923878 -0 -0.382688
    outer loop
      vertex 1.47223 -3.13705 16.85
      vertex 1.64206 -5.6 16.44
      vertex 1.47223 -5.6 16.85
    endloop
  endfacet
  facet normal 0.499996 0 0.866027
    outer loop
      vertex -2.9 -5.6 14.3257
      vertex 0 -8 12.6514
      vertex 0 -5.6 12.6514
    endloop
  endfacet
  facet normal 0.499996 0 0.866027
    outer loop
      vertex 0 -8 12.6514
      vertex -2.9 -5.6 14.3257
      vertex -2.9 -8 14.3257
    endloop
  endfacet
  facet normal 1 -0 0
    outer loop
      vertex -2.9 -8 17.6743
      vertex -2.9 -5.6 14.3257
      vertex -2.9 -5.6 17.6743
    endloop
  endfacet
  facet normal 1 0 0
    outer loop
      vertex -2.9 -5.6 14.3257
      vertex -2.9 -8 17.6743
      vertex -2.9 -8 14.3257
    endloop
  endfacet
  facet normal 0 -1 0
    outer loop
      vertex -2.9 -5.6 17.6743
      vertex 0 -5.6 18.4042
      vertex 0 -5.6 19.3486
    endloop
  endfacet
  facet normal 0 -1 0
    outer loop
      vertex -2.9 -5.6 17.6743
      vertex -1.20207 -5.6 17.2021
      vertex 0 -5.6 18.4042
    endloop
  endfacet
  facet normal 0 -1 0
    outer loop
      vertex -2.9 -5.6 17.6743
      vertex -1.47223 -5.6 16.85
      vertex -1.20207 -5.6 17.2021
    endloop
  endfacet
  facet normal 0 -1 0
    outer loop
      vertex -2.9 -5.6 17.6743
      vertex -1.64206 -5.6 16.44
      vertex -1.47223 -5.6 16.85
    endloop
  endfacet
  facet normal 0 -1 0
    outer loop
      vertex -2.9 -5.6 17.6743
      vertex -1.7 -5.6 16
      vertex -1.64206 -5.6 16.44
    endloop
  endfacet
  facet normal 0 -1 0
    outer loop
      vertex -2.9 -5.6 14.3257
      vertex -1.7 -5.6 16
      vertex -2.9 -5.6 17.6743
    endloop
  endfacet
  facet normal 0 -1 -0
    outer loop
      vertex -1.7 -5.6 16
      vertex -2.9 -5.6 14.3257
      vertex -1.64206 -5.6 15.56
    endloop
  endfacet
  facet normal 0 -1 -0
    outer loop
      vertex -1.64206 -5.6 15.56
      vertex -2.9 -5.6 14.3257
      vertex -1.47223 -5.6 15.15
    endloop
  endfacet
  facet normal 0 -1 0
    outer loop
      vertex -2.9 -5.6 14.3257
      vertex -1.20207 -5.6 14.7979
      vertex -1.47223 -5.6 15.15
    endloop
  endfacet
  facet normal 0 -1 0
    outer loop
      vertex -2.9 -5.6 14.3257
      vertex -0.849991 -5.6 14.5278
      vertex -1.20207 -5.6 14.7979
    endloop
  endfacet
  facet normal 0 -1 0
    outer loop
      vertex 0 -5.6 12.6514
      vertex -0.849991 -5.6 14.5278
      vertex -2.9 -5.6 14.3257
    endloop
  endfacet
  facet normal 0 -1 0
    outer loop
      vertex -0.849991 -5.6 14.5278
      vertex 0 -5.6 12.6514
      vertex -0.439987 -5.6 14.3579
    endloop
  endfacet
  facet normal 0 -1 0
    outer loop
      vertex -0.439987 -5.6 14.3579
      vertex 0 -5.6 12.6514
      vertex 0 -5.6 14.3
    endloop
  endfacet
  facet normal 0 -1 0
    outer loop
      vertex 0 -5.6 18.4042
      vertex 2.9 -5.6 17.6743
      vertex 0 -5.6 19.3486
    endloop
  endfacet
  facet normal 0 -1 0
    outer loop
      vertex 1.20207 -5.6 17.2021
      vertex 2.9 -5.6 17.6743
      vertex 0 -5.6 18.4042
    endloop
  endfacet
  facet normal 0 -1 0
    outer loop
      vertex 1.47223 -5.6 16.85
      vertex 2.9 -5.6 17.6743
      vertex 1.20207 -5.6 17.2021
    endloop
  endfacet
  facet normal 0 -1 0
    outer loop
      vertex 1.64206 -5.6 16.44
      vertex 2.9 -5.6 17.6743
      vertex 1.47223 -5.6 16.85
    endloop
  endfacet
  facet normal 0 -1 0
    outer loop
      vertex 1.7 -5.6 16
      vertex 2.9 -5.6 17.6743
      vertex 1.64206 -5.6 16.44
    endloop
  endfacet
  facet normal 0 -1 0
    outer loop
      vertex 2.9 -5.6 14.3257
      vertex 1.7 -5.6 16
      vertex 1.64206 -5.6 15.56
    endloop
  endfacet
  facet normal 0 -1 0
    outer loop
      vertex 2.9 -5.6 14.3257
      vertex 1.64206 -5.6 15.56
      vertex 1.47223 -5.6 15.15
    endloop
  endfacet
  facet normal 0 -1 0
    outer loop
      vertex 1.7 -5.6 16
      vertex 2.9 -5.6 14.3257
      vertex 2.9 -5.6 17.6743
    endloop
  endfacet
  facet normal 0 -1 0
    outer loop
      vertex 1.20207 -5.6 14.7979
      vertex 2.9 -5.6 14.3257
      vertex 1.47223 -5.6 15.15
    endloop
  endfacet
  facet normal 0 -1 0
    outer loop
      vertex 0.849991 -5.6 14.5278
      vertex 2.9 -5.6 14.3257
      vertex 1.20207 -5.6 14.7979
    endloop
  endfacet
  facet normal 0 -1 0
    outer loop
      vertex 0 -5.6 12.6514
      vertex 0.849991 -5.6 14.5278
      vertex 0.439987 -5.6 14.3579
    endloop
  endfacet
  facet normal 0 -1 0
    outer loop
      vertex 0 -5.6 12.6514
      vertex 0.439987 -5.6 14.3579
      vertex 0 -5.6 14.3
    endloop
  endfacet
  facet normal 0 -1 -0
    outer loop
      vertex 0.849991 -5.6 14.5278
      vertex 0 -5.6 12.6514
      vertex 2.9 -5.6 14.3257
    endloop
  endfacet
  facet normal -0.499996 0 -0.866027
    outer loop
      vertex 0 -8 19.3486
      vertex 2.9 -5.6 17.6743
      vertex 2.9 -8 17.6743
    endloop
  endfacet
  facet normal -0.499996 0 -0.866027
    outer loop
      vertex 2.9 -5.6 17.6743
      vertex 0 -8 19.3486
      vertex 0 -5.6 19.3486
    endloop
  endfacet
  facet normal 0.499996 0 -0.866027
    outer loop
      vertex -2.9 -8 17.6743
      vertex 0 -5.6 19.3486
      vertex 0 -8 19.3486
    endloop
  endfacet
  facet normal 0.499996 0 -0.866027
    outer loop
      vertex 0 -5.6 19.3486
      vertex -2.9 -8 17.6743
      vertex -2.9 -5.6 17.6743
    endloop
  endfacet
  facet normal -0.499996 0 0.866027
    outer loop
      vertex 0 -5.6 12.6514
      vertex 2.9 -8 14.3257
      vertex 2.9 -5.6 14.3257
    endloop
  endfacet
  facet normal -0.499996 0 0.866027
    outer loop
      vertex 2.9 -8 14.3257
      vertex 0 -5.6 12.6514
      vertex 0 -8 12.6514
    endloop
  endfacet
  facet normal -1 0 0
    outer loop
      vertex 2.9 -8 14.3257
      vertex 2.9 -5.6 17.6743
      vertex 2.9 -5.6 14.3257
    endloop
  endfacet
  facet normal -1 -0 0
    outer loop
      vertex 2.9 -5.6 17.6743
      vertex 2.9 -8 14.3257
      vertex 2.9 -8 17.6743
    endloop
  endfacet
  facet normal -1 0 0
    outer loop
      vertex -18 -3.01 3
      vertex -18 3.01 15
      vertex -18 3.01 3
    endloop
  endfacet
  facet normal -1 -0 0
    outer loop
      vertex -18 3.01 15
      vertex -18 -3.01 3
      vertex -18 -3.01 15
    endloop
  endfacet
  facet normal -0 0 1
    outer loop
      vertex -18 3.01 15
      vertex -10 -3.01 15
      vertex -10 3.01 15
    endloop
  endfacet
  facet normal 0 0 1
    outer loop
      vertex -10 -3.01 15
      vertex -18 3.01 15
      vertex -18 -3.01 15
    endloop
  endfacet
  facet normal 1 -0 0
    outer loop
      vertex -10 -3.01 15
      vertex -10 3.01 5.5
      vertex -10 3.01 15
    endloop
  endfacet
  facet normal 1 0 0
    outer loop
      vertex -10 3.01 5.5
      vertex -10 -3.01 15
      vertex -10 -3.01 5.5
    endloop
  endfacet
  facet normal 0 0 -1
    outer loop
      vertex 4.21 -3.01 2.99
      vertex 6 3.01 2.99
      vertex 6 -3.01 2.99
    endloop
  endfacet
  facet normal -0 0 -1
    outer loop
      vertex 6 3.01 2.99
      vertex 4.21 -3.01 2.99
      vertex 4.21 3.01 2.99
    endloop
  endfacet
  facet normal 0 -1 0
    outer loop
      vertex -18 -3.01 15
      vertex -10 -3.01 5.5
      vertex -10 -3.01 15
    endloop
  endfacet
  facet normal 0 -1 0
    outer loop
      vertex -18 -3.01 3
      vertex -10 -3.01 5.5
      vertex -18 -3.01 15
    endloop
  endfacet
  facet normal 0 -1 0
    outer loop
      vertex 4.2 -3.01 3
      vertex -10 -3.01 5.5
      vertex -18 -3.01 3
    endloop
  endfacet
  facet normal 0 -1 0
    outer loop
      vertex -10 -3.01 5.5
      vertex 4.2 -3.01 3
      vertex 6 -3.01 5.5
    endloop
  endfacet
  facet normal 0 -1 0
    outer loop
      vertex 6 -3.01 2.99
      vertex 4.2 -3.01 3
      vertex 4.21 -3.01 2.99
    endloop
  endfacet
  facet normal 0 -1 0
    outer loop
      vertex 4.2 -3.01 3
      vertex 6 -3.01 2.99
      vertex 6 -3.01 5.5
    endloop
  endfacet
  facet normal 0 1 0
    outer loop
      vertex 6 3.01 5.5
      vertex 4.2 3.01 3
      vertex -10 3.01 5.5
    endloop
  endfacet
  facet normal 0 1 -0
    outer loop
      vertex 6 3.01 2.99
      vertex 4.2 3.01 3
      vertex 6 3.01 5.5
    endloop
  endfacet
  facet normal 0 1 0
    outer loop
      vertex 4.2 3.01 3
      vertex 6 3.01 2.99
      vertex 4.21 3.01 2.99
    endloop
  endfacet
  facet normal 0 1 -0
    outer loop
      vertex -10 3.01 5.5
      vertex -18 3.01 15
      vertex -10 3.01 15
    endloop
  endfacet
  facet normal 0 1 0
    outer loop
      vertex -10 3.01 5.5
      vertex -18 3.01 3
      vertex -18 3.01 15
    endloop
  endfacet
  facet normal 0 1 0
    outer loop
      vertex -18 3.01 3
      vertex -10 3.01 5.5
      vertex 4.2 3.01 3
    endloop
  endfacet
  facet normal -0 0 1
    outer loop
      vertex -10 3.01 5.5
      vertex 6 -3.01 5.5
      vertex 6 3.01 5.5
    endloop
  endfacet
  facet normal 0 0 1
    outer loop
      vertex 6 -3.01 5.5
      vertex -10 3.01 5.5
      vertex -10 -3.01 5.5
    endloop
  endfacet
  facet normal 1 -0 0
    outer loop
      vertex 6 -3.01 5.5
      vertex 6 3.01 2.99
      vertex 6 3.01 5.5
    endloop
  endfacet
  facet normal 1 0 0
    outer loop
      vertex 6 3.01 2.99
      vertex 6 -3.01 5.5
      vertex 6 -3.01 2.99
    endloop
  endfacet
endsolid OpenSCAD_Model
