solid OpenSCAD_Model
  facet normal 0 0 -1
    outer loop
      vertex 4.49953 -59.1137 9.53674e-07
      vertex 3.38213 -60.7592 9.53674e-07
      vertex 3.38959 -60.5101 9.53674e-07
    endloop
  endfacet
  facet normal 0 -0 -1
    outer loop
      vertex 3.38213 -60.7592 9.53674e-07
      vertex 4.49953 -59.1137 9.53674e-07
      vertex 3.37467 -60.9039 9.53674e-07
    endloop
  endfacet
  facet normal 0 0 -1
    outer loop
      vertex 8.72585 -60.983 9.53674e-07
      vertex 9.89844 -60.2013 9.53674e-07
      vertex 9.93425 -60.983 9.53674e-07
    endloop
  endfacet
  facet normal -0 0 -1
    outer loop
      vertex 9.89844 -60.2013 9.53674e-07
      vertex 8.72585 -60.983 9.53674e-07
      vertex 8.72585 -60.2013 9.53674e-07
    endloop
  endfacet
  facet normal 0 0 -1
    outer loop
      vertex 10.5486 -60.983 9.53674e-07
      vertex 11.7211 -60.2013 9.53674e-07
      vertex 11.757 -60.983 9.53674e-07
    endloop
  endfacet
  facet normal -0 0 -1
    outer loop
      vertex 11.7211 -60.2013 9.53674e-07
      vertex 10.5486 -60.983 9.53674e-07
      vertex 10.5486 -60.2013 9.53674e-07
    endloop
  endfacet
  facet normal 0 0 -1
    outer loop
      vertex 47.931 -17.763 9.53674e-07
      vertex 52.7 -0.299999 9.53674e-07
      vertex 47.988 -18.1958 9.53674e-07
    endloop
  endfacet
  facet normal 0 0 -1
    outer loop
      vertex 52.7 -0.299999 9.53674e-07
      vertex 47.988 -10.4042 9.53674e-07
      vertex 47.9885 -10.4 9.53674e-07
    endloop
  endfacet
  facet normal 0 0 -1
    outer loop
      vertex 47.931 -10.837 9.53674e-07
      vertex 52.7 -0.299999 9.53674e-07
      vertex 47.931 -17.763 9.53674e-07
    endloop
  endfacet
  facet normal 0 0 -1
    outer loop
      vertex 52.7 -0.299999 9.53674e-07
      vertex 47.931 -10.837 9.53674e-07
      vertex 47.988 -10.4042 9.53674e-07
    endloop
  endfacet
  facet normal 0 0 -1
    outer loop
      vertex 47.9294 -17.759 9.53674e-07
      vertex 47.931 -10.837 9.53674e-07
      vertex 47.931 -17.763 9.53674e-07
    endloop
  endfacet
  facet normal 0 0 -1
    outer loop
      vertex 47.9294 -17.759 9.53674e-07
      vertex 47.9294 -10.841 9.53674e-07
      vertex 47.931 -10.837 9.53674e-07
    endloop
  endfacet
  facet normal 0 0 -1
    outer loop
      vertex 47.7623 -17.3557 9.53674e-07
      vertex 47.9294 -10.841 9.53674e-07
      vertex 47.9294 -17.759 9.53674e-07
    endloop
  endfacet
  facet normal 0 0 -1
    outer loop
      vertex 47.7623 -17.3557 9.53674e-07
      vertex 47.7623 -11.2443 9.53674e-07
      vertex 47.9294 -10.841 9.53674e-07
    endloop
  endfacet
  facet normal 0 0 -1
    outer loop
      vertex 47.7597 -17.3523 9.53674e-07
      vertex 47.7623 -11.2443 9.53674e-07
      vertex 47.7623 -17.3557 9.53674e-07
    endloop
  endfacet
  facet normal 0 0 -1
    outer loop
      vertex 47.7597 -17.3523 9.53674e-07
      vertex 47.7597 -11.2477 9.53674e-07
      vertex 47.7623 -11.2443 9.53674e-07
    endloop
  endfacet
  facet normal 0 0 -1
    outer loop
      vertex 47.494 -17.006 9.53674e-07
      vertex 47.7597 -11.2477 9.53674e-07
      vertex 47.7597 -17.3523 9.53674e-07
    endloop
  endfacet
  facet normal 0 0 -1
    outer loop
      vertex 47.494 -17.006 9.53674e-07
      vertex 47.494 -11.594 9.53674e-07
      vertex 47.7597 -11.2477 9.53674e-07
    endloop
  endfacet
  facet normal 0 0 -1
    outer loop
      vertex 47.1477 -16.7403 9.53674e-07
      vertex 47.494 -11.594 9.53674e-07
      vertex 47.494 -17.006 9.53674e-07
    endloop
  endfacet
  facet normal 0 0 -1
    outer loop
      vertex 47.1477 -16.7403 9.53674e-07
      vertex 47.1477 -11.8597 9.53674e-07
      vertex 47.494 -11.594 9.53674e-07
    endloop
  endfacet
  facet normal 0 0 -1
    outer loop
      vertex 47.1443 -16.7377 9.53674e-07
      vertex 47.1477 -11.8597 9.53674e-07
      vertex 47.1477 -16.7403 9.53674e-07
    endloop
  endfacet
  facet normal 0 0 -1
    outer loop
      vertex 47.1443 -16.7377 9.53674e-07
      vertex 47.1443 -11.8623 9.53674e-07
      vertex 47.1477 -11.8597 9.53674e-07
    endloop
  endfacet
  facet normal 0 0 -1
    outer loop
      vertex 47.1443 -16.7377 9.53674e-07
      vertex 47.1403 -11.8639 9.53674e-07
      vertex 47.1443 -11.8623 9.53674e-07
    endloop
  endfacet
  facet normal 0 0 -1
    outer loop
      vertex 46.741 -16.5706 9.53674e-07
      vertex 47.1403 -11.8639 9.53674e-07
      vertex 47.1443 -16.7377 9.53674e-07
    endloop
  endfacet
  facet normal 0 0 -1
    outer loop
      vertex 46.737 -12.031 9.53674e-07
      vertex 46.741 -16.5706 9.53674e-07
      vertex 46.737 -16.569 9.53674e-07
    endloop
  endfacet
  facet normal 0 0 -1
    outer loop
      vertex 46.741 -16.5706 9.53674e-07
      vertex 46.737 -12.031 9.53674e-07
      vertex 47.1403 -11.8639 9.53674e-07
    endloop
  endfacet
  facet normal 0 0 -1
    outer loop
      vertex 46.7328 -16.5685 9.53674e-07
      vertex 46.737 -12.031 9.53674e-07
      vertex 46.737 -16.569 9.53674e-07
    endloop
  endfacet
  facet normal 0 0 -1
    outer loop
      vertex 46.7328 -16.5685 9.53674e-07
      vertex 46.3042 -12.088 9.53674e-07
      vertex 46.737 -12.031 9.53674e-07
    endloop
  endfacet
  facet normal 0 0 -1
    outer loop
      vertex 46.3 -16.5115 9.53674e-07
      vertex 46.3042 -12.088 9.53674e-07
      vertex 46.7328 -16.5685 9.53674e-07
    endloop
  endfacet
  facet normal 0 0 -1
    outer loop
      vertex 46.3 -16.5115 9.53674e-07
      vertex 46.3 -12.0885 9.53674e-07
      vertex 46.3042 -12.088 9.53674e-07
    endloop
  endfacet
  facet normal 0 0 -1
    outer loop
      vertex 46.3 -16.5115 9.53674e-07
      vertex 46.2958 -12.088 9.53674e-07
      vertex 46.3 -12.0885 9.53674e-07
    endloop
  endfacet
  facet normal 0 0 -1
    outer loop
      vertex 45.8672 -16.5685 9.53674e-07
      vertex 46.2958 -12.088 9.53674e-07
      vertex 46.3 -16.5115 9.53674e-07
    endloop
  endfacet
  facet normal 0 0 -1
    outer loop
      vertex 45.863 -12.031 9.53674e-07
      vertex 45.8672 -16.5685 9.53674e-07
      vertex 45.863 -16.569 9.53674e-07
    endloop
  endfacet
  facet normal 0 0 -1
    outer loop
      vertex 45.8672 -16.5685 9.53674e-07
      vertex 45.863 -12.031 9.53674e-07
      vertex 46.2958 -12.088 9.53674e-07
    endloop
  endfacet
  facet normal 0 0 -1
    outer loop
      vertex 45.859 -16.5706 9.53674e-07
      vertex 45.863 -12.031 9.53674e-07
      vertex 45.863 -16.569 9.53674e-07
    endloop
  endfacet
  facet normal 0 0 -1
    outer loop
      vertex 45.859 -16.5706 9.53674e-07
      vertex 45.4597 -11.8639 9.53674e-07
      vertex 45.863 -12.031 9.53674e-07
    endloop
  endfacet
  facet normal 0 0 -1
    outer loop
      vertex 45.4557 -16.7377 9.53674e-07
      vertex 45.4597 -11.8639 9.53674e-07
      vertex 45.859 -16.5706 9.53674e-07
    endloop
  endfacet
  facet normal 0 0 -1
    outer loop
      vertex 45.4557 -16.7377 9.53674e-07
      vertex 45.4557 -11.8623 9.53674e-07
      vertex 45.4597 -11.8639 9.53674e-07
    endloop
  endfacet
  facet normal 0 0 -1
    outer loop
      vertex 42.0395 -16.9565 9.53674e-07
      vertex 45.4557 -16.7377 9.53674e-07
      vertex 45.1094 -17.0034 9.53674e-07
    endloop
  endfacet
  facet normal 0 0 -1
    outer loop
      vertex 45.4557 -16.7377 9.53674e-07
      vertex 42.0892 -11.7076 9.53674e-07
      vertex 45.4557 -11.8623 9.53674e-07
    endloop
  endfacet
  facet normal 0 0 -1
    outer loop
      vertex 42.1235 -17.0129 9.53674e-07
      vertex 45.1094 -17.0034 9.53674e-07
      vertex 45.106 -17.006 9.53674e-07
    endloop
  endfacet
  facet normal 0 0 -1
    outer loop
      vertex 45.4557 -11.8623 9.53674e-07
      vertex 42.0892 -11.7076 9.53674e-07
      vertex 45.1094 -11.5966 9.53674e-07
    endloop
  endfacet
  facet normal 0 0 -1
    outer loop
      vertex 42.26 -17.1483 9.53674e-07
      vertex 45.106 -17.006 9.53674e-07
      vertex 44.8403 -17.3523 9.53674e-07
    endloop
  endfacet
  facet normal -0 0 -1
    outer loop
      vertex 45.1094 -17.0034 9.53674e-07
      vertex 42.1235 -17.0129 9.53674e-07
      vertex 42.0395 -16.9565 9.53674e-07
    endloop
  endfacet
  facet normal 0 0 -1
    outer loop
      vertex 42.3112 -17.2263 9.53674e-07
      vertex 44.8403 -17.3523 9.53674e-07
      vertex 44.8377 -17.3557 9.53674e-07
    endloop
  endfacet
  facet normal -0 0 -1
    outer loop
      vertex 45.1094 -11.5966 9.53674e-07
      vertex 42.1689 -11.6501 9.53674e-07
      vertex 45.106 -11.594 9.53674e-07
    endloop
  endfacet
  facet normal 0 0 -1
    outer loop
      vertex 42.351 -17.3113 9.53674e-07
      vertex 44.8377 -17.3557 9.53674e-07
      vertex 44.8361 -17.3597 9.53674e-07
    endloop
  endfacet
  facet normal 0 -0 -1
    outer loop
      vertex 42.2388 -11.5847 9.53674e-07
      vertex 45.106 -11.594 9.53674e-07
      vertex 42.1689 -11.6501 9.53674e-07
    endloop
  endfacet
  facet normal 0 0 -1
    outer loop
      vertex 42.3795 -17.4033 9.53674e-07
      vertex 44.8361 -17.3597 9.53674e-07
      vertex 44.669 -17.763 9.53674e-07
    endloop
  endfacet
  facet normal -0 0 -1
    outer loop
      vertex 45.4557 -16.7377 9.53674e-07
      vertex 42.0395 -16.9565 9.53674e-07
      vertex 42.0892 -11.7076 9.53674e-07
    endloop
  endfacet
  facet normal 0 0 -1
    outer loop
      vertex 42.4022 -17.608 9.53674e-07
      vertex 44.669 -17.763 9.53674e-07
      vertex 44.6685 -17.7672 9.53674e-07
    endloop
  endfacet
  facet normal 0 -0 -1
    outer loop
      vertex 42.3464 -11.4332 9.53674e-07
      vertex 44.8403 -11.2477 9.53674e-07
      vertex 42.298 -11.5124 9.53674e-07
    endloop
  endfacet
  facet normal 0 0 -1
    outer loop
      vertex 42.3985 -17.6879 9.53674e-07
      vertex 44.6685 -17.7672 9.53674e-07
      vertex 44.6115 -18.2 9.53674e-07
    endloop
  endfacet
  facet normal 0 0 -1
    outer loop
      vertex 45.106 -17.006 9.53674e-07
      vertex 42.1975 -17.0771 9.53674e-07
      vertex 42.1235 -17.0129 9.53674e-07
    endloop
  endfacet
  facet normal 0 0 -1
    outer loop
      vertex 49.7 -75.4 9.53674e-07
      vertex 52.7 -72.4 9.53674e-07
      vertex 52.6743 -72.7916 9.53674e-07
    endloop
  endfacet
  facet normal 0 0 -1
    outer loop
      vertex 52.7 -72.4 9.53674e-07
      vertex 47.931 -18.637 9.53674e-07
      vertex 52.7 -0.299999 9.53674e-07
    endloop
  endfacet
  facet normal 0 0 -1
    outer loop
      vertex 49.7 -75.4 9.53674e-07
      vertex 52.6743 -72.7916 9.53674e-07
      vertex 52.5978 -73.1765 9.53674e-07
    endloop
  endfacet
  facet normal 0 -0 -1
    outer loop
      vertex 47.988 -18.2042 9.53674e-07
      vertex 52.7 -0.299999 9.53674e-07
      vertex 47.931 -18.637 9.53674e-07
    endloop
  endfacet
  facet normal 0 0 -1
    outer loop
      vertex 49.7 -75.4 9.53674e-07
      vertex 52.5978 -73.1765 9.53674e-07
      vertex 52.4716 -73.548 9.53674e-07
    endloop
  endfacet
  facet normal 0 -0 -1
    outer loop
      vertex 47.9885 -18.2 9.53674e-07
      vertex 52.7 -0.299999 9.53674e-07
      vertex 47.988 -18.2042 9.53674e-07
    endloop
  endfacet
  facet normal 0 0 -1
    outer loop
      vertex 49.7 -75.4 9.53674e-07
      vertex 52.4716 -73.548 9.53674e-07
      vertex 52.2981 -73.9 9.53674e-07
    endloop
  endfacet
  facet normal 0 0 -1
    outer loop
      vertex 47.988 -18.1958 9.53674e-07
      vertex 52.7 -0.299999 9.53674e-07
      vertex 47.9885 -18.2 9.53674e-07
    endloop
  endfacet
  facet normal 0 0 -1
    outer loop
      vertex 49.7 -75.4 9.53674e-07
      vertex 52.2981 -73.9 9.53674e-07
      vertex 52.0801 -74.2263 9.53674e-07
    endloop
  endfacet
  facet normal 0 0 -1
    outer loop
      vertex 47.988 -10.3958 9.53674e-07
      vertex 52.7 -0.299999 9.53674e-07
      vertex 47.9885 -10.4 9.53674e-07
    endloop
  endfacet
  facet normal 0 0 -1
    outer loop
      vertex 49.7 -75.4 9.53674e-07
      vertex 52.0801 -74.2263 9.53674e-07
      vertex 51.8213 -74.5213 9.53674e-07
    endloop
  endfacet
  facet normal 0 0 -1
    outer loop
      vertex 47.7623 -9.55574 9.53674e-07
      vertex 52.7 -0.299999 9.53674e-07
      vertex 47.9294 -9.95902 9.53674e-07
    endloop
  endfacet
  facet normal 0 0 -1
    outer loop
      vertex 49.7 -75.4 9.53674e-07
      vertex 51.8213 -74.5213 9.53674e-07
      vertex 51.5263 -74.7801 9.53674e-07
    endloop
  endfacet
  facet normal 0 0 -1
    outer loop
      vertex 47.7597 -9.55234 9.53674e-07
      vertex 52.7 -0.299999 9.53674e-07
      vertex 47.7623 -9.55574 9.53674e-07
    endloop
  endfacet
  facet normal 0 0 -1
    outer loop
      vertex 49.7 -75.4 9.53674e-07
      vertex 51.5263 -74.7801 9.53674e-07
      vertex 51.2 -74.9981 9.53674e-07
    endloop
  endfacet
  facet normal 0 0 -1
    outer loop
      vertex 47.494 -9.20603 9.53674e-07
      vertex 52.7 -0.299999 9.53674e-07
      vertex 47.7597 -9.55234 9.53674e-07
    endloop
  endfacet
  facet normal 0 0 -1
    outer loop
      vertex 49.7 -75.4 9.53674e-07
      vertex 51.2 -74.9981 9.53674e-07
      vertex 50.848 -75.1716 9.53674e-07
    endloop
  endfacet
  facet normal 0 0 -1
    outer loop
      vertex 47.4906 -9.20343 9.53674e-07
      vertex 52.7 -0.299999 9.53674e-07
      vertex 47.494 -9.20603 9.53674e-07
    endloop
  endfacet
  facet normal 0 0 -1
    outer loop
      vertex 49.7 -75.4 9.53674e-07
      vertex 50.848 -75.1716 9.53674e-07
      vertex 50.4765 -75.2978 9.53674e-07
    endloop
  endfacet
  facet normal 0 0 -1
    outer loop
      vertex 47.1443 -8.93769 9.53674e-07
      vertex 52.7 -0.299999 9.53674e-07
      vertex 47.4906 -9.20343 9.53674e-07
    endloop
  endfacet
  facet normal 0 0 -1
    outer loop
      vertex 49.7 -75.4 9.53674e-07
      vertex 50.4765 -75.2978 9.53674e-07
      vertex 50.0916 -75.3743 9.53674e-07
    endloop
  endfacet
  facet normal 0 0 -1
    outer loop
      vertex 47.1403 -8.93606 9.53674e-07
      vertex 52.7 -0.299999 9.53674e-07
      vertex 47.1443 -8.93769 9.53674e-07
    endloop
  endfacet
  facet normal -0 0 -1
    outer loop
      vertex 52.7 -72.4 9.53674e-07
      vertex 49.7 -75.4 9.53674e-07
      vertex 11.7211 -59.9656 9.53674e-07
    endloop
  endfacet
  facet normal 0 0 -1
    outer loop
      vertex 46.737 -8.76901 9.53674e-07
      vertex 52.7 -0.299999 9.53674e-07
      vertex 47.1403 -8.93606 9.53674e-07
    endloop
  endfacet
  facet normal 0 0 -1
    outer loop
      vertex 46.3042 -8.71203 9.53674e-07
      vertex 52.7 -0.299999 9.53674e-07
      vertex 46.737 -8.76901 9.53674e-07
    endloop
  endfacet
  facet normal 0 0 -1
    outer loop
      vertex 47.9294 -9.95902 9.53674e-07
      vertex 52.7 -0.299999 9.53674e-07
      vertex 47.931 -9.96298 9.53674e-07
    endloop
  endfacet
  facet normal 0 0 -1
    outer loop
      vertex 47.931 -9.96298 9.53674e-07
      vertex 52.7 -0.299999 9.53674e-07
      vertex 47.988 -10.3958 9.53674e-07
    endloop
  endfacet
  facet normal 0 0 -1
    outer loop
      vertex 52.7 -72.4 9.53674e-07
      vertex 47.9294 -18.641 9.53674e-07
      vertex 47.931 -18.637 9.53674e-07
    endloop
  endfacet
  facet normal 0 0 -1
    outer loop
      vertex 52.7 -72.4 9.53674e-07
      vertex 47.7623 -19.0443 9.53674e-07
      vertex 47.9294 -18.641 9.53674e-07
    endloop
  endfacet
  facet normal 0 0 -1
    outer loop
      vertex 52.7 -72.4 9.53674e-07
      vertex 47.4966 -19.3906 9.53674e-07
      vertex 47.7623 -19.0443 9.53674e-07
    endloop
  endfacet
  facet normal 0 0 -1
    outer loop
      vertex 52.7 -72.4 9.53674e-07
      vertex 47.494 -19.394 9.53674e-07
      vertex 47.4966 -19.3906 9.53674e-07
    endloop
  endfacet
  facet normal 0 0 -1
    outer loop
      vertex 52.7 -72.4 9.53674e-07
      vertex 47.1477 -19.6597 9.53674e-07
      vertex 47.494 -19.394 9.53674e-07
    endloop
  endfacet
  facet normal 0 0 -1
    outer loop
      vertex 52.7 -72.4 9.53674e-07
      vertex 47.1443 -19.6623 9.53674e-07
      vertex 47.1477 -19.6597 9.53674e-07
    endloop
  endfacet
  facet normal 0 0 -1
    outer loop
      vertex 52.7 -72.4 9.53674e-07
      vertex 47.1403 -19.6639 9.53674e-07
      vertex 47.1443 -19.6623 9.53674e-07
    endloop
  endfacet
  facet normal 0 0 -1
    outer loop
      vertex 52.7 -72.4 9.53674e-07
      vertex 46.737 -19.831 9.53674e-07
      vertex 47.1403 -19.6639 9.53674e-07
    endloop
  endfacet
  facet normal 0 0 -1
    outer loop
      vertex 52.7 -72.4 9.53674e-07
      vertex 46.7328 -19.8315 9.53674e-07
      vertex 46.737 -19.831 9.53674e-07
    endloop
  endfacet
  facet normal 0 0 -1
    outer loop
      vertex 52.7 -72.4 9.53674e-07
      vertex 46.3 -19.8885 9.53674e-07
      vertex 46.7328 -19.8315 9.53674e-07
    endloop
  endfacet
  facet normal 0 0 -1
    outer loop
      vertex 52.7 -72.4 9.53674e-07
      vertex 45.8672 -19.8315 9.53674e-07
      vertex 46.3 -19.8885 9.53674e-07
    endloop
  endfacet
  facet normal 0 0 -1
    outer loop
      vertex 52.7 -72.4 9.53674e-07
      vertex 41.2264 -19.6668 9.53674e-07
      vertex 45.8672 -19.8315 9.53674e-07
    endloop
  endfacet
  facet normal 0 0 -1
    outer loop
      vertex 45.8672 -19.8315 9.53674e-07
      vertex 41.2264 -19.6668 9.53674e-07
      vertex 45.863 -19.831 9.53674e-07
    endloop
  endfacet
  facet normal 0 -0 -1
    outer loop
      vertex 41.4941 -19.6525 9.53674e-07
      vertex 45.863 -19.831 9.53674e-07
      vertex 41.2264 -19.6668 9.53674e-07
    endloop
  endfacet
  facet normal 0 0 -1
    outer loop
      vertex 45.863 -19.831 9.53674e-07
      vertex 41.7206 -19.6099 9.53674e-07
      vertex 45.859 -19.8294 9.53674e-07
    endloop
  endfacet
  facet normal 0 0 -1
    outer loop
      vertex 45.859 -19.8294 9.53674e-07
      vertex 41.7206 -19.6099 9.53674e-07
      vertex 45.4557 -19.6623 9.53674e-07
    endloop
  endfacet
  facet normal 0 -0 -1
    outer loop
      vertex 41.9059 -19.539 9.53674e-07
      vertex 45.4557 -19.6623 9.53674e-07
      vertex 41.7206 -19.6099 9.53674e-07
    endloop
  endfacet
  facet normal 0 -0 -1
    outer loop
      vertex 42.0501 -19.4396 9.53674e-07
      vertex 45.4557 -19.6623 9.53674e-07
      vertex 41.9059 -19.539 9.53674e-07
    endloop
  endfacet
  facet normal -0 0 -1
    outer loop
      vertex 45.1094 -19.3966 9.53674e-07
      vertex 42.0501 -19.4396 9.53674e-07
      vertex 45.106 -19.394 9.53674e-07
    endloop
  endfacet
  facet normal 0 0 -1
    outer loop
      vertex 45.106 -19.394 9.53674e-07
      vertex 42.1531 -19.3118 9.53674e-07
      vertex 45.1034 -19.3906 9.53674e-07
    endloop
  endfacet
  facet normal 0 0 -1
    outer loop
      vertex 45.1034 -19.3906 9.53674e-07
      vertex 42.1531 -19.3118 9.53674e-07
      vertex 44.8377 -19.0443 9.53674e-07
    endloop
  endfacet
  facet normal 0 -0 -1
    outer loop
      vertex 42.2148 -19.1556 9.53674e-07
      vertex 44.8377 -19.0443 9.53674e-07
      vertex 42.1531 -19.3118 9.53674e-07
    endloop
  endfacet
  facet normal -0 0 -1
    outer loop
      vertex 44.8377 -11.2443 9.53674e-07
      vertex 42.384 -11.347 9.53674e-07
      vertex 44.8361 -11.2403 9.53674e-07
    endloop
  endfacet
  facet normal -0 0 -1
    outer loop
      vertex 44.8377 -19.0443 9.53674e-07
      vertex 42.2148 -19.1556 9.53674e-07
      vertex 44.6706 -18.641 9.53674e-07
    endloop
  endfacet
  facet normal 0 0 -1
    outer loop
      vertex 44.669 -17.763 9.53674e-07
      vertex 42.4022 -17.608 9.53674e-07
      vertex 42.3965 -17.5022 9.53674e-07
    endloop
  endfacet
  facet normal -0 0 -1
    outer loop
      vertex 44.6685 -10.8328 9.53674e-07
      vertex 42.4286 -10.9577 9.53674e-07
      vertex 44.6115 -10.4 9.53674e-07
    endloop
  endfacet
  facet normal 0 0 -1
    outer loop
      vertex 42.4286 -10.9577 9.53674e-07
      vertex 44.6685 -10.8328 9.53674e-07
      vertex 42.4324 -11.0469 9.53674e-07
    endloop
  endfacet
  facet normal 0 0 -1
    outer loop
      vertex 44.669 -17.763 9.53674e-07
      vertex 42.3965 -17.5022 9.53674e-07
      vertex 42.3795 -17.4033 9.53674e-07
    endloop
  endfacet
  facet normal 0 0 -1
    outer loop
      vertex 44.6685 -17.7672 9.53674e-07
      vertex 42.3985 -17.6879 9.53674e-07
      vertex 42.4022 -17.608 9.53674e-07
    endloop
  endfacet
  facet normal 0 0 -1
    outer loop
      vertex 42.2238 -18.8323 9.53674e-07
      vertex 44.6685 -18.6328 9.53674e-07
      vertex 42.2325 -18.9 9.53674e-07
    endloop
  endfacet
  facet normal 0 0 -1
    outer loop
      vertex 44.6115 -18.2 9.53674e-07
      vertex 42.3871 -17.7638 9.53674e-07
      vertex 42.3985 -17.6879 9.53674e-07
    endloop
  endfacet
  facet normal 0 0 -1
    outer loop
      vertex 44.6115 -18.2 9.53674e-07
      vertex 42.3682 -17.8357 9.53674e-07
      vertex 42.3871 -17.7638 9.53674e-07
    endloop
  endfacet
  facet normal -0 0 -1
    outer loop
      vertex 44.6685 -18.6328 9.53674e-07
      vertex 42.2238 -18.8323 9.53674e-07
      vertex 44.6115 -18.2 9.53674e-07
    endloop
  endfacet
  facet normal 0 0 -1
    outer loop
      vertex 44.6115 -18.2 9.53674e-07
      vertex 42.3418 -17.9036 9.53674e-07
      vertex 42.3682 -17.8357 9.53674e-07
    endloop
  endfacet
  facet normal 0 0 -1
    outer loop
      vertex 42.2093 -18.7679 9.53674e-07
      vertex 44.6115 -18.2 9.53674e-07
      vertex 42.2238 -18.8323 9.53674e-07
    endloop
  endfacet
  facet normal -0 0 -1
    outer loop
      vertex 44.669 -18.637 9.53674e-07
      vertex 42.2325 -18.9 9.53674e-07
      vertex 44.6685 -18.6328 9.53674e-07
    endloop
  endfacet
  facet normal 0 0 -1
    outer loop
      vertex 42.2325 -18.9 9.53674e-07
      vertex 44.669 -18.637 9.53674e-07
      vertex 42.2354 -18.971 9.53674e-07
    endloop
  endfacet
  facet normal -0 0 -1
    outer loop
      vertex 44.6706 -18.641 9.53674e-07
      vertex 42.2354 -18.971 9.53674e-07
      vertex 44.669 -18.637 9.53674e-07
    endloop
  endfacet
  facet normal 0 -0 -1
    outer loop
      vertex 42.2354 -18.971 9.53674e-07
      vertex 44.6706 -18.641 9.53674e-07
      vertex 42.2148 -19.1556 9.53674e-07
    endloop
  endfacet
  facet normal 0 -0 -1
    outer loop
      vertex 42.1531 -19.3118 9.53674e-07
      vertex 45.106 -19.394 9.53674e-07
      vertex 42.0501 -19.4396 9.53674e-07
    endloop
  endfacet
  facet normal 0 0 -1
    outer loop
      vertex 45.4557 -19.6623 9.53674e-07
      vertex 42.0501 -19.4396 9.53674e-07
      vertex 45.1094 -19.3966 9.53674e-07
    endloop
  endfacet
  facet normal 0 -0 -1
    outer loop
      vertex 41.7206 -19.6099 9.53674e-07
      vertex 45.863 -19.831 9.53674e-07
      vertex 41.4941 -19.6525 9.53674e-07
    endloop
  endfacet
  facet normal 0 0 -1
    outer loop
      vertex 52.7 -72.4 9.53674e-07
      vertex 40.1848 -19.6668 9.53674e-07
      vertex 41.2264 -19.6668 9.53674e-07
    endloop
  endfacet
  facet normal 0 0 -1
    outer loop
      vertex -2.7 -0.299999 9.53674e-07
      vertex 40.1848 -16.8003 9.53674e-07
      vertex 40.1848 -19.6668 9.53674e-07
    endloop
  endfacet
  facet normal 0 0 -1
    outer loop
      vertex 52.7 -72.4 9.53674e-07
      vertex 11.7211 -59.9656 9.53674e-07
      vertex 40.1848 -19.6668 9.53674e-07
    endloop
  endfacet
  facet normal 0 0 -1
    outer loop
      vertex 11.7211 -59.9656 9.53674e-07
      vertex 49.7 -75.4 9.53674e-07
      vertex 11.757 -60.983 9.53674e-07
    endloop
  endfacet
  facet normal 0 0 -1
    outer loop
      vertex 11.757 -60.983 9.53674e-07
      vertex 49.7 -75.4 9.53674e-07
      vertex 11.757 -61.2157 9.53674e-07
    endloop
  endfacet
  facet normal 0 0 -1
    outer loop
      vertex 8.75 -66.98 9.53674e-07
      vertex 11.757 -61.2157 9.53674e-07
      vertex 49.7 -75.4 9.53674e-07
    endloop
  endfacet
  facet normal 0 0 -1
    outer loop
      vertex 9.93425 -60.983 9.53674e-07
      vertex 10.2636 -61.2157 9.53674e-07
      vertex 9.93425 -61.2157 9.53674e-07
    endloop
  endfacet
  facet normal 0 0 -1
    outer loop
      vertex 8.75 -62.38 9.53674e-07
      vertex 11.757 -61.2157 9.53674e-07
      vertex 8.75 -66.98 9.53674e-07
    endloop
  endfacet
  facet normal -0 0 -1
    outer loop
      vertex 11.757 -61.2157 9.53674e-07
      vertex 8.75 -62.38 9.53674e-07
      vertex 10.2636 -61.2157 9.53674e-07
    endloop
  endfacet
  facet normal 0 0 -1
    outer loop
      vertex 0.299999 -75.4 9.53674e-07
      vertex 8.75 -66.98 9.53674e-07
      vertex 49.7 -75.4 9.53674e-07
    endloop
  endfacet
  facet normal 0 0 -1
    outer loop
      vertex -2.7 -72.4 9.53674e-07
      vertex 0.65 -66.98 9.53674e-07
      vertex 0.299999 -75.4 9.53674e-07
    endloop
  endfacet
  facet normal -0 0 -1
    outer loop
      vertex 8.75 -66.98 9.53674e-07
      vertex 0.299999 -75.4 9.53674e-07
      vertex 0.65 -66.98 9.53674e-07
    endloop
  endfacet
  facet normal 0 0 -1
    outer loop
      vertex 52.7 -0.299999 9.53674e-07
      vertex 49.7 2.7 9.53674e-07
      vertex 52.6743 0.0915785 9.53674e-07
    endloop
  endfacet
  facet normal 0 0 -1
    outer loop
      vertex 52.6743 0.0915785 9.53674e-07
      vertex 49.7 2.7 9.53674e-07
      vertex 52.5978 0.476457 9.53674e-07
    endloop
  endfacet
  facet normal 0 0 -1
    outer loop
      vertex 52.5978 0.476457 9.53674e-07
      vertex 49.7 2.7 9.53674e-07
      vertex 52.4716 0.84805 9.53674e-07
    endloop
  endfacet
  facet normal 0 0 -1
    outer loop
      vertex 52.4716 0.84805 9.53674e-07
      vertex 49.7 2.7 9.53674e-07
      vertex 52.2981 1.2 9.53674e-07
    endloop
  endfacet
  facet normal 0 0 -1
    outer loop
      vertex 52.2981 1.2 9.53674e-07
      vertex 49.7 2.7 9.53674e-07
      vertex 52.0801 1.52628 9.53674e-07
    endloop
  endfacet
  facet normal 0 0 -1
    outer loop
      vertex 52.0801 1.52628 9.53674e-07
      vertex 49.7 2.7 9.53674e-07
      vertex 51.8213 1.82132 9.53674e-07
    endloop
  endfacet
  facet normal 0 0 -1
    outer loop
      vertex 51.8213 1.82132 9.53674e-07
      vertex 49.7 2.7 9.53674e-07
      vertex 51.5263 2.08006 9.53674e-07
    endloop
  endfacet
  facet normal 0 0 -1
    outer loop
      vertex 51.5263 2.08006 9.53674e-07
      vertex 49.7 2.7 9.53674e-07
      vertex 51.2 2.29808 9.53674e-07
    endloop
  endfacet
  facet normal 0 0 -1
    outer loop
      vertex 50.4765 2.59778 9.53674e-07
      vertex 49.7 2.7 9.53674e-07
      vertex 50.0916 2.67433 9.53674e-07
    endloop
  endfacet
  facet normal 0 0 -1
    outer loop
      vertex 50.848 2.47164 9.53674e-07
      vertex 49.7 2.7 9.53674e-07
      vertex 50.4765 2.59778 9.53674e-07
    endloop
  endfacet
  facet normal 0 0 -1
    outer loop
      vertex 51.2 2.29808 9.53674e-07
      vertex 49.7 2.7 9.53674e-07
      vertex 50.848 2.47164 9.53674e-07
    endloop
  endfacet
  facet normal -0 0 -1
    outer loop
      vertex 52.7 -0.299999 9.53674e-07
      vertex 46.3042 -8.71203 9.53674e-07
      vertex 49.7 2.7 9.53674e-07
    endloop
  endfacet
  facet normal 0 0 -1
    outer loop
      vertex 46.3 -8.71148 9.53674e-07
      vertex 49.7 2.7 9.53674e-07
      vertex 46.3042 -8.71203 9.53674e-07
    endloop
  endfacet
  facet normal 0 0 -1
    outer loop
      vertex 46.2958 -8.71203 9.53674e-07
      vertex 49.7 2.7 9.53674e-07
      vertex 46.3 -8.71148 9.53674e-07
    endloop
  endfacet
  facet normal 0 0 -1
    outer loop
      vertex 45.863 -8.76901 9.53674e-07
      vertex 49.7 2.7 9.53674e-07
      vertex 46.2958 -8.71203 9.53674e-07
    endloop
  endfacet
  facet normal 0 0 -1
    outer loop
      vertex 42.5463 -9.00033 9.53674e-07
      vertex 45.863 -8.76901 9.53674e-07
      vertex 45.859 -8.77065 9.53674e-07
    endloop
  endfacet
  facet normal 0 0 -1
    outer loop
      vertex 42.5463 -9.00033 9.53674e-07
      vertex 45.859 -8.77065 9.53674e-07
      vertex 45.4557 -8.93769 9.53674e-07
    endloop
  endfacet
  facet normal 0 0 -1
    outer loop
      vertex 42.5463 -9.00033 9.53674e-07
      vertex 45.4557 -8.93769 9.53674e-07
      vertex 45.1094 -9.20343 9.53674e-07
    endloop
  endfacet
  facet normal 0 0 -1
    outer loop
      vertex 42.5463 -9.00033 9.53674e-07
      vertex 45.1094 -9.20343 9.53674e-07
      vertex 45.106 -9.20603 9.53674e-07
    endloop
  endfacet
  facet normal 0 0 -1
    outer loop
      vertex 42.5463 -9.00033 9.53674e-07
      vertex 45.106 -9.20603 9.53674e-07
      vertex 44.8403 -9.55234 9.53674e-07
    endloop
  endfacet
  facet normal 0 0 -1
    outer loop
      vertex 42.5463 -9.00033 9.53674e-07
      vertex 44.8403 -9.55234 9.53674e-07
      vertex 44.8377 -9.55574 9.53674e-07
    endloop
  endfacet
  facet normal 0 0 -1
    outer loop
      vertex 42.5463 -9.00033 9.53674e-07
      vertex 44.8377 -9.55574 9.53674e-07
      vertex 44.8361 -9.55969 9.53674e-07
    endloop
  endfacet
  facet normal 0 0 -1
    outer loop
      vertex 42.5463 -9.00033 9.53674e-07
      vertex 44.8361 -9.55969 9.53674e-07
      vertex 44.669 -9.96298 9.53674e-07
    endloop
  endfacet
  facet normal 0 0 -1
    outer loop
      vertex 42.5463 -9.00033 9.53674e-07
      vertex 44.6685 -9.96722 9.53674e-07
      vertex 44.6115 -10.4 9.53674e-07
    endloop
  endfacet
  facet normal 0 0 -1
    outer loop
      vertex 44.6685 -9.96722 9.53674e-07
      vertex 42.5463 -9.00033 9.53674e-07
      vertex 44.669 -9.96298 9.53674e-07
    endloop
  endfacet
  facet normal -0 0 -1
    outer loop
      vertex 45.863 -8.76901 9.53674e-07
      vertex 42.5463 -9.00033 9.53674e-07
      vertex 49.7 2.7 9.53674e-07
    endloop
  endfacet
  facet normal 0 0 -1
    outer loop
      vertex 42.0988 -9.00033 9.53674e-07
      vertex 49.7 2.7 9.53674e-07
      vertex 42.5463 -9.00033 9.53674e-07
    endloop
  endfacet
  facet normal 0 0 -1
    outer loop
      vertex 40.4611 -9.00033 9.53674e-07
      vertex 41.3542 -10.1904 9.53674e-07
      vertex 40.4611 -10.1904 9.53674e-07
    endloop
  endfacet
  facet normal 0 0 -1
    outer loop
      vertex 41.3542 -10.1904 9.53674e-07
      vertex 40.4611 -9.00033 9.53674e-07
      vertex 42.0988 -9.00033 9.53674e-07
    endloop
  endfacet
  facet normal 0 0 -1
    outer loop
      vertex 42.0988 -9.00033 9.53674e-07
      vertex 40.4611 -9.00033 9.53674e-07
      vertex 49.7 2.7 9.53674e-07
    endloop
  endfacet
  facet normal 0 0 -1
    outer loop
      vertex 40.0725 -9.00033 9.53674e-07
      vertex 49.7 2.7 9.53674e-07
      vertex 40.4611 -9.00033 9.53674e-07
    endloop
  endfacet
  facet normal 0 0 -1
    outer loop
      vertex 10.5486 -59.1137 9.53674e-07
      vertex 40.1848 -19.6668 9.53674e-07
      vertex 11.7211 -59.9656 9.53674e-07
    endloop
  endfacet
  facet normal 0 0 -1
    outer loop
      vertex 11.7211 -59.9656 9.53674e-07
      vertex 11.757 -60.983 9.53674e-07
      vertex 11.7211 -60.2013 9.53674e-07
    endloop
  endfacet
  facet normal 0 0 -1
    outer loop
      vertex -2.7 -0.299999 9.53674e-07
      vertex 40.1848 -19.6668 9.53674e-07
      vertex 10.5486 -59.1137 9.53674e-07
    endloop
  endfacet
  facet normal 0 0 -1
    outer loop
      vertex 10.5486 -59.1137 9.53674e-07
      vertex 11.7211 -59.9656 9.53674e-07
      vertex 10.5486 -59.9656 9.53674e-07
    endloop
  endfacet
  facet normal 0 -0 -1
    outer loop
      vertex 0.299999 2.7 9.53674e-07
      vertex 40.1848 -16.8003 9.53674e-07
      vertex -2.7 -0.299999 9.53674e-07
    endloop
  endfacet
  facet normal 0 0 -1
    outer loop
      vertex -2.7 -0.299999 9.53674e-07
      vertex 10.5486 -59.1137 9.53674e-07
      vertex 10.2636 -59.1137 9.53674e-07
    endloop
  endfacet
  facet normal 0 0 -1
    outer loop
      vertex 9.89844 -60.2013 9.53674e-07
      vertex 10.2636 -61.2157 9.53674e-07
      vertex 9.93425 -60.983 9.53674e-07
    endloop
  endfacet
  facet normal 0 0 -1
    outer loop
      vertex 10.2636 -61.2157 9.53674e-07
      vertex 9.89844 -60.2013 9.53674e-07
      vertex 10.2636 -59.1137 9.53674e-07
    endloop
  endfacet
  facet normal 0 0 -1
    outer loop
      vertex 9.89844 -59.9656 9.53674e-07
      vertex 10.2636 -59.1137 9.53674e-07
      vertex 9.89844 -60.2013 9.53674e-07
    endloop
  endfacet
  facet normal 0 0 -1
    outer loop
      vertex 8.72585 -59.1137 9.53674e-07
      vertex 9.89844 -59.9656 9.53674e-07
      vertex 8.72585 -59.9656 9.53674e-07
    endloop
  endfacet
  facet normal 0 0 -1
    outer loop
      vertex 9.89844 -59.9656 9.53674e-07
      vertex 8.72585 -59.1137 9.53674e-07
      vertex 10.2636 -59.1137 9.53674e-07
    endloop
  endfacet
  facet normal 0 0 -1
    outer loop
      vertex -2.7 -0.299999 9.53674e-07
      vertex 10.2636 -59.1137 9.53674e-07
      vertex 8.72585 -59.1137 9.53674e-07
    endloop
  endfacet
  facet normal 0 0 -1
    outer loop
      vertex -2.7 -0.299999 9.53674e-07
      vertex 8.72585 -59.1137 9.53674e-07
      vertex 8.44089 -59.1137 9.53674e-07
    endloop
  endfacet
  facet normal 0 0 -1
    outer loop
      vertex 8.09703 -60.0819 9.53674e-07
      vertex 8.44089 -59.1137 9.53674e-07
      vertex 8.09961 -60.1744 9.53674e-07
    endloop
  endfacet
  facet normal 0 0 -1
    outer loop
      vertex 8.08931 -59.9927 9.53674e-07
      vertex 8.44089 -59.1137 9.53674e-07
      vertex 8.09703 -60.0819 9.53674e-07
    endloop
  endfacet
  facet normal 0 0 -1
    outer loop
      vertex 8.07645 -59.9069 9.53674e-07
      vertex 8.44089 -59.1137 9.53674e-07
      vertex 8.08931 -59.9927 9.53674e-07
    endloop
  endfacet
  facet normal 0 0 -1
    outer loop
      vertex 8.05844 -59.8244 9.53674e-07
      vertex 8.44089 -59.1137 9.53674e-07
      vertex 8.07645 -59.9069 9.53674e-07
    endloop
  endfacet
  facet normal 0 0 -1
    outer loop
      vertex 8.03528 -59.7453 9.53674e-07
      vertex 8.44089 -59.1137 9.53674e-07
      vertex 8.05844 -59.8244 9.53674e-07
    endloop
  endfacet
  facet normal 0 0 -1
    outer loop
      vertex 8.00698 -59.6695 9.53674e-07
      vertex 8.44089 -59.1137 9.53674e-07
      vertex 8.03528 -59.7453 9.53674e-07
    endloop
  endfacet
  facet normal 0 0 -1
    outer loop
      vertex 7.97353 -59.5971 9.53674e-07
      vertex 8.44089 -59.1137 9.53674e-07
      vertex 8.00698 -59.6695 9.53674e-07
    endloop
  endfacet
  facet normal 0 0 -1
    outer loop
      vertex 7.93528 -59.5286 9.53674e-07
      vertex 8.44089 -59.1137 9.53674e-07
      vertex 7.97353 -59.5971 9.53674e-07
    endloop
  endfacet
  facet normal 0 0 -1
    outer loop
      vertex 7.89255 -59.4649 9.53674e-07
      vertex 8.44089 -59.1137 9.53674e-07
      vertex 7.93528 -59.5286 9.53674e-07
    endloop
  endfacet
  facet normal 0 0 -1
    outer loop
      vertex 7.84534 -59.4059 9.53674e-07
      vertex 8.44089 -59.1137 9.53674e-07
      vertex 7.89255 -59.4649 9.53674e-07
    endloop
  endfacet
  facet normal 0 0 -1
    outer loop
      vertex 7.79366 -59.3515 9.53674e-07
      vertex 8.44089 -59.1137 9.53674e-07
      vertex 7.84534 -59.4059 9.53674e-07
    endloop
  endfacet
  facet normal 0 0 -1
    outer loop
      vertex 7.73751 -59.3019 9.53674e-07
      vertex 8.44089 -59.1137 9.53674e-07
      vertex 7.79366 -59.3515 9.53674e-07
    endloop
  endfacet
  facet normal 0 0 -1
    outer loop
      vertex 7.67687 -59.2569 9.53674e-07
      vertex 8.44089 -59.1137 9.53674e-07
      vertex 7.73751 -59.3019 9.53674e-07
    endloop
  endfacet
  facet normal 0 0 -1
    outer loop
      vertex 7.61176 -59.2166 9.53674e-07
      vertex 8.44089 -59.1137 9.53674e-07
      vertex 7.67687 -59.2569 9.53674e-07
    endloop
  endfacet
  facet normal 0 0 -1
    outer loop
      vertex 7.54268 -59.1814 9.53674e-07
      vertex 8.44089 -59.1137 9.53674e-07
      vertex 7.61176 -59.2166 9.53674e-07
    endloop
  endfacet
  facet normal 0 0 -1
    outer loop
      vertex 7.47013 -59.1516 9.53674e-07
      vertex 8.44089 -59.1137 9.53674e-07
      vertex 7.54268 -59.1814 9.53674e-07
    endloop
  endfacet
  facet normal 0 0 -1
    outer loop
      vertex 7.39411 -59.1272 9.53674e-07
      vertex 8.44089 -59.1137 9.53674e-07
      vertex 7.47013 -59.1516 9.53674e-07
    endloop
  endfacet
  facet normal 0 0 -1
    outer loop
      vertex 7.31461 -59.1083 9.53674e-07
      vertex 8.44089 -59.1137 9.53674e-07
      vertex 7.39411 -59.1272 9.53674e-07
    endloop
  endfacet
  facet normal 0 0 -1
    outer loop
      vertex 7.23165 -59.0947 9.53674e-07
      vertex 8.44089 -59.1137 9.53674e-07
      vertex 7.31461 -59.1083 9.53674e-07
    endloop
  endfacet
  facet normal 0 0 -1
    outer loop
      vertex 7.14521 -59.0866 9.53674e-07
      vertex 8.44089 -59.1137 9.53674e-07
      vertex 7.23165 -59.0947 9.53674e-07
    endloop
  endfacet
  facet normal 0 0 -1
    outer loop
      vertex 8.44089 -59.1137 9.53674e-07
      vertex 7.14521 -59.0866 9.53674e-07
      vertex -2.7 -0.299999 9.53674e-07
    endloop
  endfacet
  facet normal 0 0 -1
    outer loop
      vertex -2.7 -0.299999 9.53674e-07
      vertex 7.14521 -59.0866 9.53674e-07
      vertex 7.05529 -59.0839 9.53674e-07
    endloop
  endfacet
  facet normal 0 0 -1
    outer loop
      vertex -2.7 -0.299999 9.53674e-07
      vertex 7.05529 -59.0839 9.53674e-07
      vertex 6.9646 -59.0865 9.53674e-07
    endloop
  endfacet
  facet normal 0 0 -1
    outer loop
      vertex 5.28192 -59.0839 9.53674e-07
      vertex 6.9646 -59.0865 9.53674e-07
      vertex 6.87755 -59.0946 9.53674e-07
    endloop
  endfacet
  facet normal 0 0 -1
    outer loop
      vertex 5.28192 -59.0839 9.53674e-07
      vertex 6.87755 -59.0946 9.53674e-07
      vertex 6.79412 -59.108 9.53674e-07
    endloop
  endfacet
  facet normal 0 0 -1
    outer loop
      vertex 5.28192 -59.0839 9.53674e-07
      vertex 6.79412 -59.108 9.53674e-07
      vertex 6.7143 -59.1267 9.53674e-07
    endloop
  endfacet
  facet normal 0 0 -1
    outer loop
      vertex 5.28192 -59.0839 9.53674e-07
      vertex 6.7143 -59.1267 9.53674e-07
      vertex 6.63809 -59.1508 9.53674e-07
    endloop
  endfacet
  facet normal 0 0 -1
    outer loop
      vertex 5.28192 -59.0839 9.53674e-07
      vertex 6.63809 -59.1508 9.53674e-07
      vertex 6.56552 -59.1803 9.53674e-07
    endloop
  endfacet
  facet normal 0 0 -1
    outer loop
      vertex 5.28192 -59.0839 9.53674e-07
      vertex 6.56552 -59.1803 9.53674e-07
      vertex 6.49658 -59.2151 9.53674e-07
    endloop
  endfacet
  facet normal 0 0 -1
    outer loop
      vertex 5.28192 -59.0839 9.53674e-07
      vertex 6.49658 -59.2151 9.53674e-07
      vertex 6.43172 -59.255 9.53674e-07
    endloop
  endfacet
  facet normal 0 0 -1
    outer loop
      vertex 5.28192 -59.0839 9.53674e-07
      vertex 6.43172 -59.255 9.53674e-07
      vertex 6.37139 -59.2997 9.53674e-07
    endloop
  endfacet
  facet normal 0 0 -1
    outer loop
      vertex 5.28192 -59.0839 9.53674e-07
      vertex 6.37139 -59.2997 9.53674e-07
      vertex 6.3156 -59.3492 9.53674e-07
    endloop
  endfacet
  facet normal 0 0 -1
    outer loop
      vertex 5.28192 -59.0839 9.53674e-07
      vertex 6.3156 -59.3492 9.53674e-07
      vertex 6.26435 -59.4034 9.53674e-07
    endloop
  endfacet
  facet normal 0 0 -1
    outer loop
      vertex 5.28192 -59.0839 9.53674e-07
      vertex 6.26435 -59.4034 9.53674e-07
      vertex 6.21762 -59.4624 9.53674e-07
    endloop
  endfacet
  facet normal 0 0 -1
    outer loop
      vertex 6.01961 -60.314 9.53674e-07
      vertex 5.28192 -59.0839 9.53674e-07
      vertex 6.01398 -60.1744 9.53674e-07
    endloop
  endfacet
  facet normal 0 0 -1
    outer loop
      vertex 6.01398 -60.1744 9.53674e-07
      vertex 5.28192 -59.0839 9.53674e-07
      vertex 6.01651 -60.0815 9.53674e-07
    endloop
  endfacet
  facet normal 0 0 -1
    outer loop
      vertex 6.01651 -60.0815 9.53674e-07
      vertex 5.28192 -59.0839 9.53674e-07
      vertex 6.0241 -59.9919 9.53674e-07
    endloop
  endfacet
  facet normal 0 0 -1
    outer loop
      vertex 5.28192 -59.0839 9.53674e-07
      vertex 6.03673 -59.9057 9.53674e-07
      vertex 6.0241 -59.9919 9.53674e-07
    endloop
  endfacet
  facet normal 0 0 -1
    outer loop
      vertex 5.28192 -59.0839 9.53674e-07
      vertex 6.05442 -59.8229 9.53674e-07
      vertex 6.03673 -59.9057 9.53674e-07
    endloop
  endfacet
  facet normal 0 0 -1
    outer loop
      vertex 5.28192 -59.0839 9.53674e-07
      vertex 6.07715 -59.7435 9.53674e-07
      vertex 6.05442 -59.8229 9.53674e-07
    endloop
  endfacet
  facet normal 0 0 -1
    outer loop
      vertex 5.28192 -59.0839 9.53674e-07
      vertex 6.10495 -59.6675 9.53674e-07
      vertex 6.07715 -59.7435 9.53674e-07
    endloop
  endfacet
  facet normal 0 0 -1
    outer loop
      vertex 5.28192 -59.0839 9.53674e-07
      vertex 6.1378 -59.5948 9.53674e-07
      vertex 6.10495 -59.6675 9.53674e-07
    endloop
  endfacet
  facet normal 0 0 -1
    outer loop
      vertex 5.28192 -59.0839 9.53674e-07
      vertex 6.17545 -59.5262 9.53674e-07
      vertex 6.1378 -59.5948 9.53674e-07
    endloop
  endfacet
  facet normal 0 0 -1
    outer loop
      vertex 5.28192 -59.0839 9.53674e-07
      vertex 6.21762 -59.4624 9.53674e-07
      vertex 6.17545 -59.5262 9.53674e-07
    endloop
  endfacet
  facet normal 0 0 -1
    outer loop
      vertex 6.9646 -59.0865 9.53674e-07
      vertex 5.28192 -59.0839 9.53674e-07
      vertex -2.7 -0.299999 9.53674e-07
    endloop
  endfacet
  facet normal 0 0 -1
    outer loop
      vertex -2.7 -0.299999 9.53674e-07
      vertex 5.28192 -59.0839 9.53674e-07
      vertex 5.04023 -59.0839 9.53674e-07
    endloop
  endfacet
  facet normal 0 0 -1
    outer loop
      vertex 4.84267 -59.1137 9.53674e-07
      vertex 5.04023 -59.0839 9.53674e-07
      vertex 4.84267 -61.2157 9.53674e-07
    endloop
  endfacet
  facet normal 0 0 -1
    outer loop
      vertex 4.49953 -59.1137 9.53674e-07
      vertex 5.04023 -59.0839 9.53674e-07
      vertex 4.84267 -59.1137 9.53674e-07
    endloop
  endfacet
  facet normal 0 0 -1
    outer loop
      vertex 3.38959 -59.1137 9.53674e-07
      vertex 5.04023 -59.0839 9.53674e-07
      vertex 4.49953 -59.1137 9.53674e-07
    endloop
  endfacet
  facet normal 0 0 -1
    outer loop
      vertex 3.38959 -59.1137 9.53674e-07
      vertex 4.49953 -59.1137 9.53674e-07
      vertex 3.38959 -60.5101 9.53674e-07
    endloop
  endfacet
  facet normal -0 0 -1
    outer loop
      vertex 5.04023 -59.0839 9.53674e-07
      vertex 3.38959 -59.1137 9.53674e-07
      vertex -2.7 -0.299999 9.53674e-07
    endloop
  endfacet
  facet normal 0 0 -1
    outer loop
      vertex -2.7 -0.299999 9.53674e-07
      vertex 3.38959 -59.1137 9.53674e-07
      vertex 3.13597 -59.1137 9.53674e-07
    endloop
  endfacet
  facet normal 0 0 -1
    outer loop
      vertex 2.79212 -60.0819 9.53674e-07
      vertex 3.13597 -59.1137 9.53674e-07
      vertex 2.79468 -60.1744 9.53674e-07
    endloop
  endfacet
  facet normal 0 0 -1
    outer loop
      vertex 2.7844 -59.9927 9.53674e-07
      vertex 3.13597 -59.1137 9.53674e-07
      vertex 2.79212 -60.0819 9.53674e-07
    endloop
  endfacet
  facet normal 0 0 -1
    outer loop
      vertex 2.77152 -59.9069 9.53674e-07
      vertex 3.13597 -59.1137 9.53674e-07
      vertex 2.7844 -59.9927 9.53674e-07
    endloop
  endfacet
  facet normal 0 0 -1
    outer loop
      vertex 2.75351 -59.8244 9.53674e-07
      vertex 3.13597 -59.1137 9.53674e-07
      vertex 2.77152 -59.9069 9.53674e-07
    endloop
  endfacet
  facet normal 0 0 -1
    outer loop
      vertex 2.73035 -59.7453 9.53674e-07
      vertex 3.13597 -59.1137 9.53674e-07
      vertex 2.75351 -59.8244 9.53674e-07
    endloop
  endfacet
  facet normal 0 0 -1
    outer loop
      vertex 2.70204 -59.6695 9.53674e-07
      vertex 3.13597 -59.1137 9.53674e-07
      vertex 2.73035 -59.7453 9.53674e-07
    endloop
  endfacet
  facet normal 0 0 -1
    outer loop
      vertex 2.6686 -59.5971 9.53674e-07
      vertex 3.13597 -59.1137 9.53674e-07
      vertex 2.70204 -59.6695 9.53674e-07
    endloop
  endfacet
  facet normal 0 0 -1
    outer loop
      vertex 2.63034 -59.5286 9.53674e-07
      vertex 3.13597 -59.1137 9.53674e-07
      vertex 2.6686 -59.5971 9.53674e-07
    endloop
  endfacet
  facet normal 0 0 -1
    outer loop
      vertex 2.58762 -59.4649 9.53674e-07
      vertex 3.13597 -59.1137 9.53674e-07
      vertex 2.63034 -59.5286 9.53674e-07
    endloop
  endfacet
  facet normal 0 0 -1
    outer loop
      vertex 2.54041 -59.4059 9.53674e-07
      vertex 3.13597 -59.1137 9.53674e-07
      vertex 2.58762 -59.4649 9.53674e-07
    endloop
  endfacet
  facet normal 0 0 -1
    outer loop
      vertex 2.48873 -59.3515 9.53674e-07
      vertex 3.13597 -59.1137 9.53674e-07
      vertex 2.54041 -59.4059 9.53674e-07
    endloop
  endfacet
  facet normal 0 0 -1
    outer loop
      vertex 2.43257 -59.3019 9.53674e-07
      vertex 3.13597 -59.1137 9.53674e-07
      vertex 2.48873 -59.3515 9.53674e-07
    endloop
  endfacet
  facet normal 0 0 -1
    outer loop
      vertex 2.37194 -59.2569 9.53674e-07
      vertex 3.13597 -59.1137 9.53674e-07
      vertex 2.43257 -59.3019 9.53674e-07
    endloop
  endfacet
  facet normal 0 0 -1
    outer loop
      vertex 2.30683 -59.2166 9.53674e-07
      vertex 3.13597 -59.1137 9.53674e-07
      vertex 2.37194 -59.2569 9.53674e-07
    endloop
  endfacet
  facet normal 0 0 -1
    outer loop
      vertex 2.23775 -59.1814 9.53674e-07
      vertex 3.13597 -59.1137 9.53674e-07
      vertex 2.30683 -59.2166 9.53674e-07
    endloop
  endfacet
  facet normal 0 0 -1
    outer loop
      vertex 2.16519 -59.1516 9.53674e-07
      vertex 3.13597 -59.1137 9.53674e-07
      vertex 2.23775 -59.1814 9.53674e-07
    endloop
  endfacet
  facet normal 0 0 -1
    outer loop
      vertex 2.08918 -59.1272 9.53674e-07
      vertex 3.13597 -59.1137 9.53674e-07
      vertex 2.16519 -59.1516 9.53674e-07
    endloop
  endfacet
  facet normal 0 0 -1
    outer loop
      vertex 2.00968 -59.1083 9.53674e-07
      vertex 3.13597 -59.1137 9.53674e-07
      vertex 2.08918 -59.1272 9.53674e-07
    endloop
  endfacet
  facet normal 0 0 -1
    outer loop
      vertex 1.92671 -59.0947 9.53674e-07
      vertex 3.13597 -59.1137 9.53674e-07
      vertex 2.00968 -59.1083 9.53674e-07
    endloop
  endfacet
  facet normal 0 0 -1
    outer loop
      vertex 1.84027 -59.0866 9.53674e-07
      vertex 3.13597 -59.1137 9.53674e-07
      vertex 1.92671 -59.0947 9.53674e-07
    endloop
  endfacet
  facet normal 0 0 -1
    outer loop
      vertex 3.13597 -59.1137 9.53674e-07
      vertex 1.84027 -59.0866 9.53674e-07
      vertex -2.7 -0.299999 9.53674e-07
    endloop
  endfacet
  facet normal 0 0 -1
    outer loop
      vertex -2.7 -0.299999 9.53674e-07
      vertex 1.84027 -59.0866 9.53674e-07
      vertex 1.75037 -59.0839 9.53674e-07
    endloop
  endfacet
  facet normal 0 0 -1
    outer loop
      vertex -2.7 -0.299999 9.53674e-07
      vertex 1.75037 -59.0839 9.53674e-07
      vertex 1.65969 -59.0865 9.53674e-07
    endloop
  endfacet
  facet normal 0 0 -1
    outer loop
      vertex -2.7 -0.299999 9.53674e-07
      vertex 1.65969 -59.0865 9.53674e-07
      vertex 1.57262 -59.0946 9.53674e-07
    endloop
  endfacet
  facet normal 0 0 -1
    outer loop
      vertex -2.7 -0.299999 9.53674e-07
      vertex 1.57262 -59.0946 9.53674e-07
      vertex 1.48918 -59.108 9.53674e-07
    endloop
  endfacet
  facet normal 0 0 -1
    outer loop
      vertex -2.7 -0.299999 9.53674e-07
      vertex 1.48918 -59.108 9.53674e-07
      vertex 1.40937 -59.1267 9.53674e-07
    endloop
  endfacet
  facet normal 0 0 -1
    outer loop
      vertex -2.7 -0.299999 9.53674e-07
      vertex 1.40937 -59.1267 9.53674e-07
      vertex 1.33318 -59.1508 9.53674e-07
    endloop
  endfacet
  facet normal 0 0 -1
    outer loop
      vertex -2.7 -0.299999 9.53674e-07
      vertex 1.33318 -59.1508 9.53674e-07
      vertex 1.26061 -59.1803 9.53674e-07
    endloop
  endfacet
  facet normal 0 0 -1
    outer loop
      vertex -2.7 -0.299999 9.53674e-07
      vertex 1.26061 -59.1803 9.53674e-07
      vertex 1.19165 -59.2151 9.53674e-07
    endloop
  endfacet
  facet normal 0 0 -1
    outer loop
      vertex -2.7 -0.299999 9.53674e-07
      vertex 1.19165 -59.2151 9.53674e-07
      vertex 1.12679 -59.255 9.53674e-07
    endloop
  endfacet
  facet normal 0 0 -1
    outer loop
      vertex -2.7 -0.299999 9.53674e-07
      vertex 1.12679 -59.255 9.53674e-07
      vertex 1.06645 -59.2997 9.53674e-07
    endloop
  endfacet
  facet normal 0 0 -1
    outer loop
      vertex -2.7 -0.299999 9.53674e-07
      vertex 1.06645 -59.2997 9.53674e-07
      vertex 1.01067 -59.3492 9.53674e-07
    endloop
  endfacet
  facet normal 0 0 -1
    outer loop
      vertex -2.7 -0.299999 9.53674e-07
      vertex 1.01067 -59.3492 9.53674e-07
      vertex 0.959414 -59.4034 9.53674e-07
    endloop
  endfacet
  facet normal 0 0 -1
    outer loop
      vertex -2.7 -0.299999 9.53674e-07
      vertex 0.959414 -59.4034 9.53674e-07
      vertex 0.912692 -59.4624 9.53674e-07
    endloop
  endfacet
  facet normal -0 0 -1
    outer loop
      vertex 0.65 -66.98 9.53674e-07
      vertex -2.7 -72.4 9.53674e-07
      vertex 0.65 -62.38 9.53674e-07
    endloop
  endfacet
  facet normal 0 0 -1
    outer loop
      vertex 40.0725 -9.00033 9.53674e-07
      vertex 0.299999 2.7 9.53674e-07
      vertex 49.7 2.7 9.53674e-07
    endloop
  endfacet
  facet normal 0 0 -1
    outer loop
      vertex 40.1848 -16.8003 9.53674e-07
      vertex 0.299999 2.7 9.53674e-07
      vertex 40.0725 -11.8668 9.53674e-07
    endloop
  endfacet
  facet normal 0 0 -1
    outer loop
      vertex -2.7 -0.299999 9.53674e-07
      vertex 0.912692 -59.4624 9.53674e-07
      vertex 0.870502 -59.5262 9.53674e-07
    endloop
  endfacet
  facet normal 0 0 -1
    outer loop
      vertex -2.7 -0.299999 9.53674e-07
      vertex 0.870502 -59.5262 9.53674e-07
      vertex 0.832858 -59.5948 9.53674e-07
    endloop
  endfacet
  facet normal 0 0 -1
    outer loop
      vertex -2.7 -0.299999 9.53674e-07
      vertex 0.832858 -59.5948 9.53674e-07
      vertex 0.800006 -59.6675 9.53674e-07
    endloop
  endfacet
  facet normal 0 0 -1
    outer loop
      vertex -2.7 -0.299999 9.53674e-07
      vertex 0.800006 -59.6675 9.53674e-07
      vertex 0.772204 -59.7435 9.53674e-07
    endloop
  endfacet
  facet normal 0 0 -1
    outer loop
      vertex -2.7 -0.299999 9.53674e-07
      vertex 0.772204 -59.7435 9.53674e-07
      vertex 0.749469 -59.8229 9.53674e-07
    endloop
  endfacet
  facet normal 0 0 -1
    outer loop
      vertex -2.7 -0.299999 9.53674e-07
      vertex 0.749469 -59.8229 9.53674e-07
      vertex 0.731784 -59.9057 9.53674e-07
    endloop
  endfacet
  facet normal 0 0 -1
    outer loop
      vertex -2.7 -72.4 9.53674e-07
      vertex 0.731784 -59.9057 9.53674e-07
      vertex 0.71915 -59.9919 9.53674e-07
    endloop
  endfacet
  facet normal 0 0 -1
    outer loop
      vertex -2.7 -72.4 9.53674e-07
      vertex 0.71915 -59.9919 9.53674e-07
      vertex 0.711566 -60.0815 9.53674e-07
    endloop
  endfacet
  facet normal 0 0 -1
    outer loop
      vertex -2.7 -72.4 9.53674e-07
      vertex 0.711566 -60.0815 9.53674e-07
      vertex 0.709033 -60.1744 9.53674e-07
    endloop
  endfacet
  facet normal -0 0 -1
    outer loop
      vertex 0.65 -62.38 9.53674e-07
      vertex -2.7 -72.4 9.53674e-07
      vertex 0.709033 -60.1744 9.53674e-07
    endloop
  endfacet
  facet normal 0 0 -1
    outer loop
      vertex -2.7 -72.4 9.53674e-07
      vertex 0.299999 -75.4 9.53674e-07
      vertex -0.0915785 -75.3743 9.53674e-07
    endloop
  endfacet
  facet normal -0 0 -1
    outer loop
      vertex 0.731784 -59.9057 9.53674e-07
      vertex -2.7 -72.4 9.53674e-07
      vertex -2.7 -0.299999 9.53674e-07
    endloop
  endfacet
  facet normal 0 0 -1
    outer loop
      vertex -2.7 -72.4 9.53674e-07
      vertex -0.0915785 -75.3743 9.53674e-07
      vertex -0.476457 -75.2978 9.53674e-07
    endloop
  endfacet
  facet normal 0 0 -1
    outer loop
      vertex 40.0725 -11.8668 9.53674e-07
      vertex 0.299999 2.7 9.53674e-07
      vertex 40.0725 -9.00033 9.53674e-07
    endloop
  endfacet
  facet normal 0 0 -1
    outer loop
      vertex -2.7 -72.4 9.53674e-07
      vertex -0.476457 -75.2978 9.53674e-07
      vertex -0.84805 -75.1716 9.53674e-07
    endloop
  endfacet
  facet normal 0 0 -1
    outer loop
      vertex 0.299999 2.7 9.53674e-07
      vertex -2.7 -0.299999 9.53674e-07
      vertex -0.0915785 2.67433 9.53674e-07
    endloop
  endfacet
  facet normal 0 0 -1
    outer loop
      vertex -2.7 -72.4 9.53674e-07
      vertex -0.84805 -75.1716 9.53674e-07
      vertex -1.2 -74.9981 9.53674e-07
    endloop
  endfacet
  facet normal 0 0 -1
    outer loop
      vertex -0.0915785 2.67433 9.53674e-07
      vertex -2.7 -0.299999 9.53674e-07
      vertex -0.476457 2.59778 9.53674e-07
    endloop
  endfacet
  facet normal 0 0 -1
    outer loop
      vertex -2.7 -72.4 9.53674e-07
      vertex -1.2 -74.9981 9.53674e-07
      vertex -1.52628 -74.7801 9.53674e-07
    endloop
  endfacet
  facet normal 0 0 -1
    outer loop
      vertex -0.476457 2.59778 9.53674e-07
      vertex -2.7 -0.299999 9.53674e-07
      vertex -0.84805 2.47164 9.53674e-07
    endloop
  endfacet
  facet normal 0 0 -1
    outer loop
      vertex -2.7 -72.4 9.53674e-07
      vertex -1.52628 -74.7801 9.53674e-07
      vertex -1.82132 -74.5213 9.53674e-07
    endloop
  endfacet
  facet normal 0 0 -1
    outer loop
      vertex -0.84805 2.47164 9.53674e-07
      vertex -2.7 -0.299999 9.53674e-07
      vertex -1.2 2.29808 9.53674e-07
    endloop
  endfacet
  facet normal 0 0 -1
    outer loop
      vertex -2.7 -72.4 9.53674e-07
      vertex -1.82132 -74.5213 9.53674e-07
      vertex -2.08006 -74.2263 9.53674e-07
    endloop
  endfacet
  facet normal 0 0 -1
    outer loop
      vertex -1.2 2.29808 9.53674e-07
      vertex -2.7 -0.299999 9.53674e-07
      vertex -1.52628 2.08006 9.53674e-07
    endloop
  endfacet
  facet normal 0 0 -1
    outer loop
      vertex -2.7 -72.4 9.53674e-07
      vertex -2.08006 -74.2263 9.53674e-07
      vertex -2.29808 -73.9 9.53674e-07
    endloop
  endfacet
  facet normal 0 0 -1
    outer loop
      vertex -1.52628 2.08006 9.53674e-07
      vertex -2.7 -0.299999 9.53674e-07
      vertex -1.82132 1.82132 9.53674e-07
    endloop
  endfacet
  facet normal 0 0 -1
    outer loop
      vertex -2.7 -72.4 9.53674e-07
      vertex -2.29808 -73.9 9.53674e-07
      vertex -2.47164 -73.548 9.53674e-07
    endloop
  endfacet
  facet normal 0 0 -1
    outer loop
      vertex -1.82132 1.82132 9.53674e-07
      vertex -2.7 -0.299999 9.53674e-07
      vertex -2.08006 1.52628 9.53674e-07
    endloop
  endfacet
  facet normal 0 0 -1
    outer loop
      vertex -2.7 -72.4 9.53674e-07
      vertex -2.47164 -73.548 9.53674e-07
      vertex -2.59778 -73.1765 9.53674e-07
    endloop
  endfacet
  facet normal 0 0 -1
    outer loop
      vertex -2.08006 1.52628 9.53674e-07
      vertex -2.7 -0.299999 9.53674e-07
      vertex -2.29808 1.2 9.53674e-07
    endloop
  endfacet
  facet normal 0 0 -1
    outer loop
      vertex -2.7 -72.4 9.53674e-07
      vertex -2.59778 -73.1765 9.53674e-07
      vertex -2.67433 -72.7916 9.53674e-07
    endloop
  endfacet
  facet normal 0 0 -1
    outer loop
      vertex -2.29808 1.2 9.53674e-07
      vertex -2.7 -0.299999 9.53674e-07
      vertex -2.47164 0.84805 9.53674e-07
    endloop
  endfacet
  facet normal 0 0 -1
    outer loop
      vertex -2.47164 0.84805 9.53674e-07
      vertex -2.7 -0.299999 9.53674e-07
      vertex -2.59778 0.476457 9.53674e-07
    endloop
  endfacet
  facet normal 0 0 -1
    outer loop
      vertex -2.59778 0.476457 9.53674e-07
      vertex -2.7 -0.299999 9.53674e-07
      vertex -2.67433 0.0915785 9.53674e-07
    endloop
  endfacet
  facet normal 0 0 -1
    outer loop
      vertex 42.4172 -10.8727 9.53674e-07
      vertex 44.6115 -10.4 9.53674e-07
      vertex 42.4286 -10.9577 9.53674e-07
    endloop
  endfacet
  facet normal 0 0 -1
    outer loop
      vertex 42.3982 -10.7918 9.53674e-07
      vertex 44.6115 -10.4 9.53674e-07
      vertex 42.4172 -10.8727 9.53674e-07
    endloop
  endfacet
  facet normal 0 0 -1
    outer loop
      vertex 42.3716 -10.7151 9.53674e-07
      vertex 44.6115 -10.4 9.53674e-07
      vertex 42.3982 -10.7918 9.53674e-07
    endloop
  endfacet
  facet normal 0 0 -1
    outer loop
      vertex 42.3374 -10.6425 9.53674e-07
      vertex 44.6115 -10.4 9.53674e-07
      vertex 42.3716 -10.7151 9.53674e-07
    endloop
  endfacet
  facet normal -0 0 -1
    outer loop
      vertex 44.6115 -10.4 9.53674e-07
      vertex 42.3374 -10.6425 9.53674e-07
      vertex 42.5463 -9.00033 9.53674e-07
    endloop
  endfacet
  facet normal 0 0 -1
    outer loop
      vertex 42.2956 -10.5741 9.53674e-07
      vertex 42.5463 -9.00033 9.53674e-07
      vertex 42.3374 -10.6425 9.53674e-07
    endloop
  endfacet
  facet normal 0 0 -1
    outer loop
      vertex 42.2462 -10.5098 9.53674e-07
      vertex 42.5463 -9.00033 9.53674e-07
      vertex 42.2956 -10.5741 9.53674e-07
    endloop
  endfacet
  facet normal 0 0 -1
    outer loop
      vertex 42.1902 -10.4509 9.53674e-07
      vertex 42.5463 -9.00033 9.53674e-07
      vertex 42.2462 -10.5098 9.53674e-07
    endloop
  endfacet
  facet normal 0 0 -1
    outer loop
      vertex 42.1283 -10.3986 9.53674e-07
      vertex 42.5463 -9.00033 9.53674e-07
      vertex 42.1902 -10.4509 9.53674e-07
    endloop
  endfacet
  facet normal 0 0 -1
    outer loop
      vertex 42.0607 -10.3528 9.53674e-07
      vertex 42.5463 -9.00033 9.53674e-07
      vertex 42.1283 -10.3986 9.53674e-07
    endloop
  endfacet
  facet normal 0 0 -1
    outer loop
      vertex 41.9873 -10.3135 9.53674e-07
      vertex 42.5463 -9.00033 9.53674e-07
      vertex 42.0607 -10.3528 9.53674e-07
    endloop
  endfacet
  facet normal 0 0 -1
    outer loop
      vertex 41.9082 -10.2809 9.53674e-07
      vertex 42.5463 -9.00033 9.53674e-07
      vertex 41.9873 -10.3135 9.53674e-07
    endloop
  endfacet
  facet normal 0 0 -1
    outer loop
      vertex 41.8233 -10.2547 9.53674e-07
      vertex 42.5463 -9.00033 9.53674e-07
      vertex 41.9082 -10.2809 9.53674e-07
    endloop
  endfacet
  facet normal 0 0 -1
    outer loop
      vertex 42.5463 -9.00033 9.53674e-07
      vertex 41.8233 -10.2547 9.53674e-07
      vertex 41.7326 -10.2352 9.53674e-07
    endloop
  endfacet
  facet normal -0 0 -1
    outer loop
      vertex 44.669 -10.837 9.53674e-07
      vertex 42.4324 -11.0469 9.53674e-07
      vertex 44.6685 -10.8328 9.53674e-07
    endloop
  endfacet
  facet normal -0 0 -1
    outer loop
      vertex 44.8361 -17.3597 9.53674e-07
      vertex 42.3795 -17.4033 9.53674e-07
      vertex 42.351 -17.3113 9.53674e-07
    endloop
  endfacet
  facet normal 0 -0 -1
    outer loop
      vertex 42.4324 -11.0469 9.53674e-07
      vertex 44.669 -10.837 9.53674e-07
      vertex 42.427 -11.1538 9.53674e-07
    endloop
  endfacet
  facet normal 0 0 -1
    outer loop
      vertex 44.8377 -17.3557 9.53674e-07
      vertex 42.351 -17.3113 9.53674e-07
      vertex 42.3112 -17.2263 9.53674e-07
    endloop
  endfacet
  facet normal 0 -0 -1
    outer loop
      vertex 42.427 -11.1538 9.53674e-07
      vertex 44.669 -10.837 9.53674e-07
      vertex 42.4109 -11.2539 9.53674e-07
    endloop
  endfacet
  facet normal 0 0 -1
    outer loop
      vertex 44.8403 -17.3523 9.53674e-07
      vertex 42.3112 -17.2263 9.53674e-07
      vertex 42.26 -17.1483 9.53674e-07
    endloop
  endfacet
  facet normal -0 0 -1
    outer loop
      vertex 44.8361 -11.2403 9.53674e-07
      vertex 42.4109 -11.2539 9.53674e-07
      vertex 44.669 -10.837 9.53674e-07
    endloop
  endfacet
  facet normal 0 0 -1
    outer loop
      vertex 45.106 -17.006 9.53674e-07
      vertex 42.26 -17.1483 9.53674e-07
      vertex 42.1975 -17.0771 9.53674e-07
    endloop
  endfacet
  facet normal 0 -0 -1
    outer loop
      vertex 42.4109 -11.2539 9.53674e-07
      vertex 44.8361 -11.2403 9.53674e-07
      vertex 42.384 -11.347 9.53674e-07
    endloop
  endfacet
  facet normal 0 -0 -1
    outer loop
      vertex 42.298 -11.5124 9.53674e-07
      vertex 45.106 -11.594 9.53674e-07
      vertex 42.2388 -11.5847 9.53674e-07
    endloop
  endfacet
  facet normal 0 -0 -1
    outer loop
      vertex 42.384 -11.347 9.53674e-07
      vertex 44.8377 -11.2443 9.53674e-07
      vertex 42.3464 -11.4332 9.53674e-07
    endloop
  endfacet
  facet normal -0 0 -1
    outer loop
      vertex 44.8403 -11.2477 9.53674e-07
      vertex 42.3464 -11.4332 9.53674e-07
      vertex 44.8377 -11.2443 9.53674e-07
    endloop
  endfacet
  facet normal 0 0 -1
    outer loop
      vertex 45.106 -11.594 9.53674e-07
      vertex 42.298 -11.5124 9.53674e-07
      vertex 44.8403 -11.2477 9.53674e-07
    endloop
  endfacet
  facet normal 0 -0 -1
    outer loop
      vertex 42.1689 -11.6501 9.53674e-07
      vertex 45.1094 -11.5966 9.53674e-07
      vertex 42.0892 -11.7076 9.53674e-07
    endloop
  endfacet
  facet normal 0 0 -1
    outer loop
      vertex 42.0395 -16.9565 9.53674e-07
      vertex 42.0004 -11.7562 9.53674e-07
      vertex 42.0892 -11.7076 9.53674e-07
    endloop
  endfacet
  facet normal 0 0 -1
    outer loop
      vertex 41.9465 -16.9088 9.53674e-07
      vertex 42.0004 -11.7562 9.53674e-07
      vertex 42.0395 -16.9565 9.53674e-07
    endloop
  endfacet
  facet normal 0 0 -1
    outer loop
      vertex 41.9465 -16.9088 9.53674e-07
      vertex 41.9026 -11.796 9.53674e-07
      vertex 42.0004 -11.7562 9.53674e-07
    endloop
  endfacet
  facet normal 0 0 -1
    outer loop
      vertex 41.8447 -16.8697 9.53674e-07
      vertex 41.9026 -11.796 9.53674e-07
      vertex 41.9465 -16.9088 9.53674e-07
    endloop
  endfacet
  facet normal 0 0 -1
    outer loop
      vertex 41.8447 -16.8697 9.53674e-07
      vertex 41.7958 -11.827 9.53674e-07
      vertex 41.9026 -11.796 9.53674e-07
    endloop
  endfacet
  facet normal 0 0 -1
    outer loop
      vertex 41.7339 -16.8394 9.53674e-07
      vertex 41.7958 -11.827 9.53674e-07
      vertex 41.8447 -16.8697 9.53674e-07
    endloop
  endfacet
  facet normal 0 0 -1
    outer loop
      vertex 41.7339 -16.8394 9.53674e-07
      vertex 41.68 -11.8491 9.53674e-07
      vertex 41.7958 -11.827 9.53674e-07
    endloop
  endfacet
  facet normal 0 0 -1
    outer loop
      vertex 41.6143 -16.8177 9.53674e-07
      vertex 41.68 -11.8491 9.53674e-07
      vertex 41.7339 -16.8394 9.53674e-07
    endloop
  endfacet
  facet normal 0 0 -1
    outer loop
      vertex 41.6143 -16.8177 9.53674e-07
      vertex 41.5551 -11.8623 9.53674e-07
      vertex 41.68 -11.8491 9.53674e-07
    endloop
  endfacet
  facet normal 0 0 -1
    outer loop
      vertex 41.4858 -16.8047 9.53674e-07
      vertex 41.5551 -11.8623 9.53674e-07
      vertex 41.6143 -16.8177 9.53674e-07
    endloop
  endfacet
  facet normal 0 0 -1
    outer loop
      vertex 41.4858 -16.8047 9.53674e-07
      vertex 41.4213 -11.8668 9.53674e-07
      vertex 41.5551 -11.8623 9.53674e-07
    endloop
  endfacet
  facet normal 0 0 -1
    outer loop
      vertex 41.3484 -16.8003 9.53674e-07
      vertex 41.4213 -11.8668 9.53674e-07
      vertex 41.4858 -16.8047 9.53674e-07
    endloop
  endfacet
  facet normal 0 0 -1
    outer loop
      vertex 40.1848 -16.8003 9.53674e-07
      vertex 41.4213 -11.8668 9.53674e-07
      vertex 41.3484 -16.8003 9.53674e-07
    endloop
  endfacet
  facet normal -0 0 -1
    outer loop
      vertex 41.4213 -11.8668 9.53674e-07
      vertex 40.1848 -16.8003 9.53674e-07
      vertex 40.0725 -11.8668 9.53674e-07
    endloop
  endfacet
  facet normal -0 0 -1
    outer loop
      vertex 44.6115 -18.2 9.53674e-07
      vertex 42.2093 -18.7679 9.53674e-07
      vertex 42.3418 -17.9036 9.53674e-07
    endloop
  endfacet
  facet normal 0 0 -1
    outer loop
      vertex 42.3418 -17.9036 9.53674e-07
      vertex 42.2093 -18.7679 9.53674e-07
      vertex 42.3078 -17.9674 9.53674e-07
    endloop
  endfacet
  facet normal 0 0 -1
    outer loop
      vertex 42.1889 -18.7069 9.53674e-07
      vertex 42.3078 -17.9674 9.53674e-07
      vertex 42.2093 -18.7679 9.53674e-07
    endloop
  endfacet
  facet normal 0 0 -1
    outer loop
      vertex 42.3078 -17.9674 9.53674e-07
      vertex 42.1889 -18.7069 9.53674e-07
      vertex 42.2662 -18.0272 9.53674e-07
    endloop
  endfacet
  facet normal 0 0 -1
    outer loop
      vertex 42.1628 -18.6492 9.53674e-07
      vertex 42.2662 -18.0272 9.53674e-07
      vertex 42.1889 -18.7069 9.53674e-07
    endloop
  endfacet
  facet normal 0 0 -1
    outer loop
      vertex 42.2662 -18.0272 9.53674e-07
      vertex 42.1628 -18.6492 9.53674e-07
      vertex 42.2171 -18.083 9.53674e-07
    endloop
  endfacet
  facet normal 0 0 -1
    outer loop
      vertex 42.1308 -18.5948 9.53674e-07
      vertex 42.2171 -18.083 9.53674e-07
      vertex 42.1628 -18.6492 9.53674e-07
    endloop
  endfacet
  facet normal 0 0 -1
    outer loop
      vertex 42.2171 -18.083 9.53674e-07
      vertex 42.1308 -18.5948 9.53674e-07
      vertex 42.161 -18.1337 9.53674e-07
    endloop
  endfacet
  facet normal 0 0 -1
    outer loop
      vertex 42.093 -18.5438 9.53674e-07
      vertex 42.161 -18.1337 9.53674e-07
      vertex 42.1308 -18.5948 9.53674e-07
    endloop
  endfacet
  facet normal 0 0 -1
    outer loop
      vertex 42.161 -18.1337 9.53674e-07
      vertex 42.093 -18.5438 9.53674e-07
      vertex 42.0985 -18.1785 9.53674e-07
    endloop
  endfacet
  facet normal 0 0 -1
    outer loop
      vertex 42.0499 -18.4967 9.53674e-07
      vertex 42.0985 -18.1785 9.53674e-07
      vertex 42.093 -18.5438 9.53674e-07
    endloop
  endfacet
  facet normal 0 0 -1
    outer loop
      vertex 42.0499 -18.4967 9.53674e-07
      vertex 42.0297 -18.2172 9.53674e-07
      vertex 42.0985 -18.1785 9.53674e-07
    endloop
  endfacet
  facet normal 0 0 -1
    outer loop
      vertex 42.002 -18.4542 9.53674e-07
      vertex 42.0297 -18.2172 9.53674e-07
      vertex 42.0499 -18.4967 9.53674e-07
    endloop
  endfacet
  facet normal 0 0 -1
    outer loop
      vertex 41.9493 -18.4165 9.53674e-07
      vertex 42.0297 -18.2172 9.53674e-07
      vertex 42.002 -18.4542 9.53674e-07
    endloop
  endfacet
  facet normal 0 0 -1
    outer loop
      vertex 42.0297 -18.2172 9.53674e-07
      vertex 41.9493 -18.4165 9.53674e-07
      vertex 41.9544 -18.2499 9.53674e-07
    endloop
  endfacet
  facet normal 0 0 -1
    outer loop
      vertex 41.8917 -18.3833 9.53674e-07
      vertex 41.9544 -18.2499 9.53674e-07
      vertex 41.9493 -18.4165 9.53674e-07
    endloop
  endfacet
  facet normal 0 0 -1
    outer loop
      vertex 41.8917 -18.3833 9.53674e-07
      vertex 41.8727 -18.2766 9.53674e-07
      vertex 41.9544 -18.2499 9.53674e-07
    endloop
  endfacet
  facet normal 0 0 -1
    outer loop
      vertex 41.8294 -18.3549 9.53674e-07
      vertex 41.8727 -18.2766 9.53674e-07
      vertex 41.8917 -18.3833 9.53674e-07
    endloop
  endfacet
  facet normal 0 0 -1
    outer loop
      vertex 41.8294 -18.3549 9.53674e-07
      vertex 41.7847 -18.2972 9.53674e-07
      vertex 41.8727 -18.2766 9.53674e-07
    endloop
  endfacet
  facet normal 0 0 -1
    outer loop
      vertex 41.7622 -18.331 9.53674e-07
      vertex 41.7847 -18.2972 9.53674e-07
      vertex 41.8294 -18.3549 9.53674e-07
    endloop
  endfacet
  facet normal 0 0 -1
    outer loop
      vertex 41.7847 -18.2972 9.53674e-07
      vertex 41.7622 -18.331 9.53674e-07
      vertex 41.6902 -18.3119 9.53674e-07
    endloop
  endfacet
  facet normal -0 0 -1
    outer loop
      vertex 10.2636 -61.2157 9.53674e-07
      vertex 8.75 -62.38 9.53674e-07
      vertex 9.93425 -61.2157 9.53674e-07
    endloop
  endfacet
  facet normal 0 0 -1
    outer loop
      vertex 8.75 -62.38 9.53674e-07
      vertex 8.44089 -61.2157 9.53674e-07
      vertex 9.93425 -61.2157 9.53674e-07
    endloop
  endfacet
  facet normal 0 0 -1
    outer loop
      vertex 8.44089 -61.2157 9.53674e-07
      vertex 8.09961 -60.1744 9.53674e-07
      vertex 8.44089 -59.1137 9.53674e-07
    endloop
  endfacet
  facet normal 0 0 -1
    outer loop
      vertex 7.54566 -61.1533 9.53674e-07
      vertex 8.44089 -61.2157 9.53674e-07
      vertex 8.75 -62.38 9.53674e-07
    endloop
  endfacet
  facet normal 0 0 -1
    outer loop
      vertex 8.44089 -61.2157 9.53674e-07
      vertex 8.09706 -60.2672 9.53674e-07
      vertex 8.09961 -60.1744 9.53674e-07
    endloop
  endfacet
  facet normal 0 0 -1
    outer loop
      vertex 8.44089 -61.2157 9.53674e-07
      vertex 8.08943 -60.3565 9.53674e-07
      vertex 8.09706 -60.2672 9.53674e-07
    endloop
  endfacet
  facet normal 0 0 -1
    outer loop
      vertex 8.44089 -61.2157 9.53674e-07
      vertex 8.07672 -60.4421 9.53674e-07
      vertex 8.08943 -60.3565 9.53674e-07
    endloop
  endfacet
  facet normal 0 0 -1
    outer loop
      vertex 8.44089 -61.2157 9.53674e-07
      vertex 8.05893 -60.5242 9.53674e-07
      vertex 8.07672 -60.4421 9.53674e-07
    endloop
  endfacet
  facet normal 0 0 -1
    outer loop
      vertex 8.44089 -61.2157 9.53674e-07
      vertex 8.03604 -60.6026 9.53674e-07
      vertex 8.05893 -60.5242 9.53674e-07
    endloop
  endfacet
  facet normal 0 0 -1
    outer loop
      vertex 8.44089 -61.2157 9.53674e-07
      vertex 8.00807 -60.6775 9.53674e-07
      vertex 8.03604 -60.6026 9.53674e-07
    endloop
  endfacet
  facet normal 0 0 -1
    outer loop
      vertex 8.44089 -61.2157 9.53674e-07
      vertex 7.97502 -60.7488 9.53674e-07
      vertex 8.00807 -60.6775 9.53674e-07
    endloop
  endfacet
  facet normal 0 0 -1
    outer loop
      vertex 8.44089 -61.2157 9.53674e-07
      vertex 7.93717 -60.8159 9.53674e-07
      vertex 7.97502 -60.7488 9.53674e-07
    endloop
  endfacet
  facet normal 0 0 -1
    outer loop
      vertex 8.44089 -61.2157 9.53674e-07
      vertex 7.89478 -60.8783 9.53674e-07
      vertex 7.93717 -60.8159 9.53674e-07
    endloop
  endfacet
  facet normal 0 0 -1
    outer loop
      vertex 8.44089 -61.2157 9.53674e-07
      vertex 7.84784 -60.936 9.53674e-07
      vertex 7.89478 -60.8783 9.53674e-07
    endloop
  endfacet
  facet normal 0 0 -1
    outer loop
      vertex 8.44089 -61.2157 9.53674e-07
      vertex 7.79637 -60.9889 9.53674e-07
      vertex 7.84784 -60.936 9.53674e-07
    endloop
  endfacet
  facet normal 0 0 -1
    outer loop
      vertex 8.44089 -61.2157 9.53674e-07
      vertex 7.74036 -61.0372 9.53674e-07
      vertex 7.79637 -60.9889 9.53674e-07
    endloop
  endfacet
  facet normal 0 0 -1
    outer loop
      vertex 8.44089 -61.2157 9.53674e-07
      vertex 7.67981 -61.0807 9.53674e-07
      vertex 7.74036 -61.0372 9.53674e-07
    endloop
  endfacet
  facet normal 0 0 -1
    outer loop
      vertex 8.44089 -61.2157 9.53674e-07
      vertex 7.61473 -61.1195 9.53674e-07
      vertex 7.67981 -61.0807 9.53674e-07
    endloop
  endfacet
  facet normal 0 0 -1
    outer loop
      vertex 8.44089 -61.2157 9.53674e-07
      vertex 7.54566 -61.1533 9.53674e-07
      vertex 7.61473 -61.1195 9.53674e-07
    endloop
  endfacet
  facet normal 0 0 -1
    outer loop
      vertex 8.75 -62.38 9.53674e-07
      vertex 7.4731 -61.182 9.53674e-07
      vertex 7.54566 -61.1533 9.53674e-07
    endloop
  endfacet
  facet normal 0 0 -1
    outer loop
      vertex 8.75 -62.38 9.53674e-07
      vertex 7.39708 -61.2054 9.53674e-07
      vertex 7.4731 -61.182 9.53674e-07
    endloop
  endfacet
  facet normal 0 0 -1
    outer loop
      vertex 8.75 -62.38 9.53674e-07
      vertex 7.31758 -61.2236 9.53674e-07
      vertex 7.39708 -61.2054 9.53674e-07
    endloop
  endfacet
  facet normal 0 0 -1
    outer loop
      vertex 8.75 -62.38 9.53674e-07
      vertex 7.23462 -61.2367 9.53674e-07
      vertex 7.31758 -61.2236 9.53674e-07
    endloop
  endfacet
  facet normal 0 0 -1
    outer loop
      vertex 8.75 -62.38 9.53674e-07
      vertex 7.1482 -61.2445 9.53674e-07
      vertex 7.23462 -61.2367 9.53674e-07
    endloop
  endfacet
  facet normal 0 0 -1
    outer loop
      vertex 8.75 -62.38 9.53674e-07
      vertex 7.05829 -61.2471 9.53674e-07
      vertex 7.1482 -61.2445 9.53674e-07
    endloop
  endfacet
  facet normal 0 0 -1
    outer loop
      vertex 8.75 -62.38 9.53674e-07
      vertex 6.92203 -61.2413 9.53674e-07
      vertex 7.05829 -61.2471 9.53674e-07
    endloop
  endfacet
  facet normal 0 0 -1
    outer loop
      vertex 5.8891 -61.3276 9.53674e-07
      vertex 6.92203 -61.2413 9.53674e-07
      vertex 8.75 -62.38 9.53674e-07
    endloop
  endfacet
  facet normal -0 0 -1
    outer loop
      vertex 6.92203 -61.2413 9.53674e-07
      vertex 5.8891 -61.3276 9.53674e-07
      vertex 6.7946 -61.2239 9.53674e-07
    endloop
  endfacet
  facet normal -0 0 -1
    outer loop
      vertex 6.7946 -61.2239 9.53674e-07
      vertex 5.8891 -61.3276 9.53674e-07
      vertex 6.67601 -61.1949 9.53674e-07
    endloop
  endfacet
  facet normal -0 0 -1
    outer loop
      vertex 6.67601 -61.1949 9.53674e-07
      vertex 5.8891 -61.3276 9.53674e-07
      vertex 6.56626 -61.1543 9.53674e-07
    endloop
  endfacet
  facet normal 0 0 -1
    outer loop
      vertex 5.28192 -59.0839 9.53674e-07
      vertex 6.01961 -60.314 9.53674e-07
      vertex 5.8891 -61.3276 9.53674e-07
    endloop
  endfacet
  facet normal -0 0 -1
    outer loop
      vertex 6.03652 -60.4446 9.53674e-07
      vertex 5.8891 -61.3276 9.53674e-07
      vertex 6.01961 -60.314 9.53674e-07
    endloop
  endfacet
  facet normal -0 0 -1
    outer loop
      vertex 6.06467 -60.5662 9.53674e-07
      vertex 5.8891 -61.3276 9.53674e-07
      vertex 6.03652 -60.4446 9.53674e-07
    endloop
  endfacet
  facet normal -0 0 -1
    outer loop
      vertex 6.1041 -60.6788 9.53674e-07
      vertex 5.8891 -61.3276 9.53674e-07
      vertex 6.06467 -60.5662 9.53674e-07
    endloop
  endfacet
  facet normal -0 0 -1
    outer loop
      vertex 6.15479 -60.7825 9.53674e-07
      vertex 5.8891 -61.3276 9.53674e-07
      vertex 6.1041 -60.6788 9.53674e-07
    endloop
  endfacet
  facet normal -0 0 -1
    outer loop
      vertex 6.21674 -60.8772 9.53674e-07
      vertex 5.8891 -61.3276 9.53674e-07
      vertex 6.15479 -60.7825 9.53674e-07
    endloop
  endfacet
  facet normal -0 0 -1
    outer loop
      vertex 6.28995 -60.9629 9.53674e-07
      vertex 5.8891 -61.3276 9.53674e-07
      vertex 6.21674 -60.8772 9.53674e-07
    endloop
  endfacet
  facet normal -0 0 -1
    outer loop
      vertex 6.37323 -61.0382 9.53674e-07
      vertex 5.8891 -61.3276 9.53674e-07
      vertex 6.28995 -60.9629 9.53674e-07
    endloop
  endfacet
  facet normal -0 0 -1
    outer loop
      vertex 6.46532 -61.1021 9.53674e-07
      vertex 5.8891 -61.3276 9.53674e-07
      vertex 6.37323 -61.0382 9.53674e-07
    endloop
  endfacet
  facet normal -0 0 -1
    outer loop
      vertex 6.56626 -61.1543 9.53674e-07
      vertex 5.8891 -61.3276 9.53674e-07
      vertex 6.46532 -61.1021 9.53674e-07
    endloop
  endfacet
  facet normal 0 0 -1
    outer loop
      vertex 8.75 -62.38 9.53674e-07
      vertex 5.65338 -61.3276 9.53674e-07
      vertex 5.8891 -61.3276 9.53674e-07
    endloop
  endfacet
  facet normal 0 0 -1
    outer loop
      vertex 5.65338 -61.3276 9.53674e-07
      vertex 4.84267 -61.2157 9.53674e-07
      vertex 5.04023 -59.0839 9.53674e-07
    endloop
  endfacet
  facet normal 0 0 -1
    outer loop
      vertex 0.65 -62.38 9.53674e-07
      vertex 5.65338 -61.3276 9.53674e-07
      vertex 8.75 -62.38 9.53674e-07
    endloop
  endfacet
  facet normal 0 0 -1
    outer loop
      vertex 5.65338 -61.3276 9.53674e-07
      vertex 4.58606 -61.2157 9.53674e-07
      vertex 4.84267 -61.2157 9.53674e-07
    endloop
  endfacet
  facet normal 0 0 -1
    outer loop
      vertex 4.58606 -61.2157 9.53674e-07
      vertex 3.46715 -61.2157 9.53674e-07
      vertex 4.58606 -59.8373 9.53674e-07
    endloop
  endfacet
  facet normal -0 0 -1
    outer loop
      vertex 5.65338 -61.3276 9.53674e-07
      vertex 0.65 -62.38 9.53674e-07
      vertex 4.58606 -61.2157 9.53674e-07
    endloop
  endfacet
  facet normal -0 0 -1
    outer loop
      vertex 4.58606 -61.2157 9.53674e-07
      vertex 0.65 -62.38 9.53674e-07
      vertex 3.46715 -61.2157 9.53674e-07
    endloop
  endfacet
  facet normal 0 0 -1
    outer loop
      vertex 3.13597 -61.2157 9.53674e-07
      vertex 2.79468 -60.1744 9.53674e-07
      vertex 3.13597 -59.1137 9.53674e-07
    endloop
  endfacet
  facet normal 0 0 -1
    outer loop
      vertex 3.13597 -61.2157 9.53674e-07
      vertex 2.79215 -60.2672 9.53674e-07
      vertex 2.79468 -60.1744 9.53674e-07
    endloop
  endfacet
  facet normal 0 0 -1
    outer loop
      vertex 3.13597 -61.2157 9.53674e-07
      vertex 2.78452 -60.3565 9.53674e-07
      vertex 2.79215 -60.2672 9.53674e-07
    endloop
  endfacet
  facet normal 0 0 -1
    outer loop
      vertex 3.13597 -61.2157 9.53674e-07
      vertex 2.77179 -60.4421 9.53674e-07
      vertex 2.78452 -60.3565 9.53674e-07
    endloop
  endfacet
  facet normal 0 0 -1
    outer loop
      vertex 3.13597 -61.2157 9.53674e-07
      vertex 2.754 -60.5242 9.53674e-07
      vertex 2.77179 -60.4421 9.53674e-07
    endloop
  endfacet
  facet normal 0 0 -1
    outer loop
      vertex 3.13597 -61.2157 9.53674e-07
      vertex 2.73111 -60.6026 9.53674e-07
      vertex 2.754 -60.5242 9.53674e-07
    endloop
  endfacet
  facet normal 0 0 -1
    outer loop
      vertex 3.13597 -61.2157 9.53674e-07
      vertex 2.70314 -60.6775 9.53674e-07
      vertex 2.73111 -60.6026 9.53674e-07
    endloop
  endfacet
  facet normal 0 0 -1
    outer loop
      vertex 3.13597 -61.2157 9.53674e-07
      vertex 2.67009 -60.7488 9.53674e-07
      vertex 2.70314 -60.6775 9.53674e-07
    endloop
  endfacet
  facet normal 0 0 -1
    outer loop
      vertex 3.13597 -61.2157 9.53674e-07
      vertex 2.63224 -60.8159 9.53674e-07
      vertex 2.67009 -60.7488 9.53674e-07
    endloop
  endfacet
  facet normal 0 0 -1
    outer loop
      vertex 3.13597 -61.2157 9.53674e-07
      vertex 2.58985 -60.8783 9.53674e-07
      vertex 2.63224 -60.8159 9.53674e-07
    endloop
  endfacet
  facet normal 0 0 -1
    outer loop
      vertex 3.13597 -61.2157 9.53674e-07
      vertex 2.54291 -60.936 9.53674e-07
      vertex 2.58985 -60.8783 9.53674e-07
    endloop
  endfacet
  facet normal 0 0 -1
    outer loop
      vertex 3.13597 -61.2157 9.53674e-07
      vertex 2.49144 -60.9889 9.53674e-07
      vertex 2.54291 -60.936 9.53674e-07
    endloop
  endfacet
  facet normal 0 0 -1
    outer loop
      vertex 3.13597 -61.2157 9.53674e-07
      vertex 2.43543 -61.0372 9.53674e-07
      vertex 2.49144 -60.9889 9.53674e-07
    endloop
  endfacet
  facet normal 0 0 -1
    outer loop
      vertex 3.13597 -61.2157 9.53674e-07
      vertex 2.37488 -61.0807 9.53674e-07
      vertex 2.43543 -61.0372 9.53674e-07
    endloop
  endfacet
  facet normal -0 0 -1
    outer loop
      vertex 3.46715 -61.2157 9.53674e-07
      vertex 0.65 -62.38 9.53674e-07
      vertex 3.13597 -61.2157 9.53674e-07
    endloop
  endfacet
  facet normal 0 0 -1
    outer loop
      vertex 3.13597 -61.2157 9.53674e-07
      vertex 2.3098 -61.1195 9.53674e-07
      vertex 2.37488 -61.0807 9.53674e-07
    endloop
  endfacet
  facet normal 0 0 -1
    outer loop
      vertex 3.13597 -61.2157 9.53674e-07
      vertex 2.24073 -61.1533 9.53674e-07
      vertex 2.3098 -61.1195 9.53674e-07
    endloop
  endfacet
  facet normal 0 -0 -1
    outer loop
      vertex 2.09215 -61.2054 9.53674e-07
      vertex 3.13597 -61.2157 9.53674e-07
      vertex 0.65 -62.38 9.53674e-07
    endloop
  endfacet
  facet normal 0 0 -1
    outer loop
      vertex 3.13597 -61.2157 9.53674e-07
      vertex 2.16817 -61.182 9.53674e-07
      vertex 2.24073 -61.1533 9.53674e-07
    endloop
  endfacet
  facet normal 0 0 -1
    outer loop
      vertex 3.13597 -61.2157 9.53674e-07
      vertex 2.09215 -61.2054 9.53674e-07
      vertex 2.16817 -61.182 9.53674e-07
    endloop
  endfacet
  facet normal 0 0 -1
    outer loop
      vertex 2.09215 -61.2054 9.53674e-07
      vertex 0.65 -62.38 9.53674e-07
      vertex 2.01265 -61.2236 9.53674e-07
    endloop
  endfacet
  facet normal 0 0 -1
    outer loop
      vertex 2.01265 -61.2236 9.53674e-07
      vertex 0.65 -62.38 9.53674e-07
      vertex 1.92969 -61.2367 9.53674e-07
    endloop
  endfacet
  facet normal 0 0 -1
    outer loop
      vertex 1.92969 -61.2367 9.53674e-07
      vertex 0.65 -62.38 9.53674e-07
      vertex 1.84326 -61.2445 9.53674e-07
    endloop
  endfacet
  facet normal 0 0 -1
    outer loop
      vertex 1.84326 -61.2445 9.53674e-07
      vertex 0.65 -62.38 9.53674e-07
      vertex 1.75336 -61.2471 9.53674e-07
    endloop
  endfacet
  facet normal -0 0 -1
    outer loop
      vertex 1.75336 -61.2471 9.53674e-07
      vertex 0.65 -62.38 9.53674e-07
      vertex 1.6171 -61.2413 9.53674e-07
    endloop
  endfacet
  facet normal -0 0 -1
    outer loop
      vertex 0.714679 -60.314 9.53674e-07
      vertex 0.65 -62.38 9.53674e-07
      vertex 0.709033 -60.1744 9.53674e-07
    endloop
  endfacet
  facet normal -0 0 -1
    outer loop
      vertex 0.73157 -60.4446 9.53674e-07
      vertex 0.65 -62.38 9.53674e-07
      vertex 0.714679 -60.314 9.53674e-07
    endloop
  endfacet
  facet normal -0 0 -1
    outer loop
      vertex 0.759738 -60.5662 9.53674e-07
      vertex 0.65 -62.38 9.53674e-07
      vertex 0.73157 -60.4446 9.53674e-07
    endloop
  endfacet
  facet normal -0 0 -1
    outer loop
      vertex 0.799151 -60.6788 9.53674e-07
      vertex 0.65 -62.38 9.53674e-07
      vertex 0.759738 -60.5662 9.53674e-07
    endloop
  endfacet
  facet normal -0 0 -1
    outer loop
      vertex 0.849856 -60.7825 9.53674e-07
      vertex 0.65 -62.38 9.53674e-07
      vertex 0.799151 -60.6788 9.53674e-07
    endloop
  endfacet
  facet normal -0 0 -1
    outer loop
      vertex 0.911807 -60.8772 9.53674e-07
      vertex 0.65 -62.38 9.53674e-07
      vertex 0.849856 -60.7825 9.53674e-07
    endloop
  endfacet
  facet normal -0 0 -1
    outer loop
      vertex 0.985034 -60.9629 9.53674e-07
      vertex 0.65 -62.38 9.53674e-07
      vertex 0.911807 -60.8772 9.53674e-07
    endloop
  endfacet
  facet normal -0 0 -1
    outer loop
      vertex 1.0683 -61.0382 9.53674e-07
      vertex 0.65 -62.38 9.53674e-07
      vertex 0.985034 -60.9629 9.53674e-07
    endloop
  endfacet
  facet normal -0 0 -1
    outer loop
      vertex 1.1604 -61.1021 9.53674e-07
      vertex 0.65 -62.38 9.53674e-07
      vertex 1.0683 -61.0382 9.53674e-07
    endloop
  endfacet
  facet normal -0 0 -1
    outer loop
      vertex 1.26132 -61.1543 9.53674e-07
      vertex 0.65 -62.38 9.53674e-07
      vertex 1.1604 -61.1021 9.53674e-07
    endloop
  endfacet
  facet normal -0 0 -1
    outer loop
      vertex 1.3711 -61.1949 9.53674e-07
      vertex 0.65 -62.38 9.53674e-07
      vertex 1.26132 -61.1543 9.53674e-07
    endloop
  endfacet
  facet normal -0 0 -1
    outer loop
      vertex 1.48969 -61.2239 9.53674e-07
      vertex 0.65 -62.38 9.53674e-07
      vertex 1.3711 -61.1949 9.53674e-07
    endloop
  endfacet
  facet normal -0 0 -1
    outer loop
      vertex 1.6171 -61.2413 9.53674e-07
      vertex 0.65 -62.38 9.53674e-07
      vertex 1.48969 -61.2239 9.53674e-07
    endloop
  endfacet
  facet normal -0 0 -1
    outer loop
      vertex 4.59922 -59.4938 9.53674e-07
      vertex 3.46715 -61.2157 9.53674e-07
      vertex 4.60396 -59.4136 9.53674e-07
    endloop
  endfacet
  facet normal -0 0 -1
    outer loop
      vertex 4.59519 -59.5675 9.53674e-07
      vertex 3.46715 -61.2157 9.53674e-07
      vertex 4.59922 -59.4938 9.53674e-07
    endloop
  endfacet
  facet normal -0 0 -1
    outer loop
      vertex 4.59191 -59.6346 9.53674e-07
      vertex 3.46715 -61.2157 9.53674e-07
      vertex 4.59519 -59.5675 9.53674e-07
    endloop
  endfacet
  facet normal -0 0 -1
    outer loop
      vertex 4.58934 -59.6951 9.53674e-07
      vertex 3.46715 -61.2157 9.53674e-07
      vertex 4.59191 -59.6346 9.53674e-07
    endloop
  endfacet
  facet normal -0 0 -1
    outer loop
      vertex 4.58751 -59.7491 9.53674e-07
      vertex 3.46715 -61.2157 9.53674e-07
      vertex 4.58934 -59.6951 9.53674e-07
    endloop
  endfacet
  facet normal -0 0 -1
    outer loop
      vertex 4.58641 -59.7965 9.53674e-07
      vertex 3.46715 -61.2157 9.53674e-07
      vertex 4.58751 -59.7491 9.53674e-07
    endloop
  endfacet
  facet normal 0 0 -1
    outer loop
      vertex 3.46715 -61.2157 9.53674e-07
      vertex 4.58641 -59.7965 9.53674e-07
      vertex 4.58606 -59.8373 9.53674e-07
    endloop
  endfacet
  facet normal 0 0 -1
    outer loop
      vertex 41.6718 -17.1548 9.53674e-07
      vertex 42.0063 -17.5662 9.53674e-07
      vertex 42.0096 -17.6385 9.53674e-07
    endloop
  endfacet
  facet normal 0 0 -1
    outer loop
      vertex 41.7771 -18.052 9.53674e-07
      vertex 42.0096 -17.6385 9.53674e-07
      vertex 41.9951 -17.7729 9.53674e-07
    endloop
  endfacet
  facet normal 0 -0 -1
    outer loop
      vertex 41.6718 -17.1548 9.53674e-07
      vertex 42.0096 -17.6385 9.53674e-07
      vertex 41.6463 -18.1037 9.53674e-07
    endloop
  endfacet
  facet normal -0 -0 -1
    outer loop
      vertex 41.7381 -17.179 9.53674e-07
      vertex 41.9963 -17.4991 9.53674e-07
      vertex 41.6718 -17.1548 9.53674e-07
    endloop
  endfacet
  facet normal 0 0 -1
    outer loop
      vertex 41.7771 -18.052 9.53674e-07
      vertex 41.9951 -17.7729 9.53674e-07
      vertex 41.9515 -17.8866 9.53674e-07
    endloop
  endfacet
  facet normal 0 0 -1
    outer loop
      vertex 42.0096 -17.6385 9.53674e-07
      vertex 41.7771 -18.052 9.53674e-07
      vertex 41.6463 -18.1037 9.53674e-07
    endloop
  endfacet
  facet normal 0 0 -1
    outer loop
      vertex 41.9963 -17.4991 9.53674e-07
      vertex 41.7381 -17.179 9.53674e-07
      vertex 41.9797 -17.4375 9.53674e-07
    endloop
  endfacet
  facet normal 0 0 -1
    outer loop
      vertex 41.7771 -18.052 9.53674e-07
      vertex 41.9515 -17.8866 9.53674e-07
      vertex 41.8788 -17.9796 9.53674e-07
    endloop
  endfacet
  facet normal -0 -0 -1
    outer loop
      vertex 41.7964 -17.2087 9.53674e-07
      vertex 41.9565 -17.3811 9.53674e-07
      vertex 41.7381 -17.179 9.53674e-07
    endloop
  endfacet
  facet normal 0 0 -1
    outer loop
      vertex 41.89 -17.2842 9.53674e-07
      vertex 41.7964 -17.2087 9.53674e-07
      vertex 41.8468 -17.2438 9.53674e-07
    endloop
  endfacet
  facet normal 0 0 -1
    outer loop
      vertex 41.9565 -17.3811 9.53674e-07
      vertex 41.7964 -17.2087 9.53674e-07
      vertex 41.9265 -17.33 9.53674e-07
    endloop
  endfacet
  facet normal 0 0 -1
    outer loop
      vertex 41.9265 -17.33 9.53674e-07
      vertex 41.7964 -17.2087 9.53674e-07
      vertex 41.89 -17.2842 9.53674e-07
    endloop
  endfacet
  facet normal 0 0 -1
    outer loop
      vertex 41.9797 -17.4375 9.53674e-07
      vertex 41.7381 -17.179 9.53674e-07
      vertex 41.9565 -17.3811 9.53674e-07
    endloop
  endfacet
  facet normal 0 0 -1
    outer loop
      vertex 42.0063 -17.5662 9.53674e-07
      vertex 41.6718 -17.1548 9.53674e-07
      vertex 41.9963 -17.4991 9.53674e-07
    endloop
  endfacet
  facet normal 0 0 -1
    outer loop
      vertex 41.6463 -18.1037 9.53674e-07
      vertex 41.5977 -17.1359 9.53674e-07
      vertex 41.6718 -17.1548 9.53674e-07
    endloop
  endfacet
  facet normal 0 0 -1
    outer loop
      vertex 41.6463 -18.1037 9.53674e-07
      vertex 41.5157 -17.1224 9.53674e-07
      vertex 41.5977 -17.1359 9.53674e-07
    endloop
  endfacet
  facet normal 0 0 -1
    outer loop
      vertex 41.4865 -18.1347 9.53674e-07
      vertex 41.5157 -17.1224 9.53674e-07
      vertex 41.6463 -18.1037 9.53674e-07
    endloop
  endfacet
  facet normal 0 0 -1
    outer loop
      vertex 41.4865 -18.1347 9.53674e-07
      vertex 41.4259 -17.1143 9.53674e-07
      vertex 41.5157 -17.1224 9.53674e-07
    endloop
  endfacet
  facet normal 0 0 -1
    outer loop
      vertex 41.4865 -18.1347 9.53674e-07
      vertex 41.3281 -17.1116 9.53674e-07
      vertex 41.4259 -17.1143 9.53674e-07
    endloop
  endfacet
  facet normal 0 0 -1
    outer loop
      vertex 41.2976 -18.145 9.53674e-07
      vertex 41.3281 -17.1116 9.53674e-07
      vertex 41.4865 -18.1347 9.53674e-07
    endloop
  endfacet
  facet normal 0 0 -1
    outer loop
      vertex 40.5734 -17.1116 9.53674e-07
      vertex 41.2976 -18.145 9.53674e-07
      vertex 40.5734 -18.145 9.53674e-07
    endloop
  endfacet
  facet normal 0 0 -1
    outer loop
      vertex 41.2976 -18.145 9.53674e-07
      vertex 40.5734 -17.1116 9.53674e-07
      vertex 41.3281 -17.1116 9.53674e-07
    endloop
  endfacet
  facet normal 0 0 -1
    outer loop
      vertex 41.5838 -19.3046 9.53674e-07
      vertex 41.8448 -18.9242 9.53674e-07
      vertex 41.8416 -18.9878 9.53674e-07
    endloop
  endfacet
  facet normal -0 0 -1
    outer loop
      vertex 41.8448 -18.9242 9.53674e-07
      vertex 41.524 -19.3229 9.53674e-07
      vertex 41.8417 -18.8576 9.53674e-07
    endloop
  endfacet
  facet normal 0 0 -1
    outer loop
      vertex 41.6379 -19.2823 9.53674e-07
      vertex 41.8416 -18.9878 9.53674e-07
      vertex 41.8319 -19.0459 9.53674e-07
    endloop
  endfacet
  facet normal 0 0 -1
    outer loop
      vertex 41.8448 -18.9242 9.53674e-07
      vertex 41.5838 -19.3046 9.53674e-07
      vertex 41.524 -19.3229 9.53674e-07
    endloop
  endfacet
  facet normal 0 0 -1
    outer loop
      vertex 41.6379 -19.2823 9.53674e-07
      vertex 41.8319 -19.0459 9.53674e-07
      vertex 41.8157 -19.0987 9.53674e-07
    endloop
  endfacet
  facet normal 0 -0 -1
    outer loop
      vertex 41.5306 -18.4863 9.53674e-07
      vertex 41.8417 -18.8576 9.53674e-07
      vertex 41.524 -19.3229 9.53674e-07
    endloop
  endfacet
  facet normal 0 0 -1
    outer loop
      vertex 41.6861 -19.2558 9.53674e-07
      vertex 41.8157 -19.0987 9.53674e-07
      vertex 41.793 -19.1461 9.53674e-07
    endloop
  endfacet
  facet normal 0 0 -1
    outer loop
      vertex 41.8416 -18.9878 9.53674e-07
      vertex 41.6379 -19.2823 9.53674e-07
      vertex 41.5838 -19.3046 9.53674e-07
    endloop
  endfacet
  facet normal 0 0 -1
    outer loop
      vertex 41.6861 -19.2558 9.53674e-07
      vertex 41.793 -19.1461 9.53674e-07
      vertex 41.7639 -19.188 9.53674e-07
    endloop
  endfacet
  facet normal 0 0 -1
    outer loop
      vertex 41.8417 -18.8576 9.53674e-07
      vertex 41.5906 -18.5078 9.53674e-07
      vertex 41.8323 -18.7961 9.53674e-07
    endloop
  endfacet
  facet normal 0 0 -1
    outer loop
      vertex 41.6861 -19.2558 9.53674e-07
      vertex 41.7639 -19.188 9.53674e-07
      vertex 41.7282 -19.2246 9.53674e-07
    endloop
  endfacet
  facet normal 0 0 -1
    outer loop
      vertex 41.8157 -19.0987 9.53674e-07
      vertex 41.6861 -19.2558 9.53674e-07
      vertex 41.6379 -19.2823 9.53674e-07
    endloop
  endfacet
  facet normal 0 0 -1
    outer loop
      vertex 41.8323 -18.7961 9.53674e-07
      vertex 41.5906 -18.5078 9.53674e-07
      vertex 41.8166 -18.7397 9.53674e-07
    endloop
  endfacet
  facet normal 0 0 -1
    outer loop
      vertex 41.7947 -18.6884 9.53674e-07
      vertex 41.6441 -18.5341 9.53674e-07
      vertex 41.7665 -18.6422 9.53674e-07
    endloop
  endfacet
  facet normal 0 0 -1
    outer loop
      vertex 41.7665 -18.6422 9.53674e-07
      vertex 41.6441 -18.5341 9.53674e-07
      vertex 41.732 -18.6011 9.53674e-07
    endloop
  endfacet
  facet normal 0 0 -1
    outer loop
      vertex 41.732 -18.6011 9.53674e-07
      vertex 41.6441 -18.5341 9.53674e-07
      vertex 41.6912 -18.5651 9.53674e-07
    endloop
  endfacet
  facet normal 0 0 -1
    outer loop
      vertex 41.8166 -18.7397 9.53674e-07
      vertex 41.6441 -18.5341 9.53674e-07
      vertex 41.7947 -18.6884 9.53674e-07
    endloop
  endfacet
  facet normal -0 -0 -1
    outer loop
      vertex 41.6441 -18.5341 9.53674e-07
      vertex 41.8166 -18.7397 9.53674e-07
      vertex 41.5906 -18.5078 9.53674e-07
    endloop
  endfacet
  facet normal 0 0 -1
    outer loop
      vertex 41.8417 -18.8576 9.53674e-07
      vertex 41.5306 -18.4863 9.53674e-07
      vertex 41.5906 -18.5078 9.53674e-07
    endloop
  endfacet
  facet normal 0 0 -1
    outer loop
      vertex 41.4583 -19.3372 9.53674e-07
      vertex 41.5306 -18.4863 9.53674e-07
      vertex 41.524 -19.3229 9.53674e-07
    endloop
  endfacet
  facet normal -0 0 -1
    outer loop
      vertex 41.5306 -18.4863 9.53674e-07
      vertex 41.4583 -19.3372 9.53674e-07
      vertex 41.4642 -18.4696 9.53674e-07
    endloop
  endfacet
  facet normal 0 0 -1
    outer loop
      vertex 41.4583 -19.3372 9.53674e-07
      vertex 41.3914 -18.4577 9.53674e-07
      vertex 41.4642 -18.4696 9.53674e-07
    endloop
  endfacet
  facet normal 0 0 -1
    outer loop
      vertex 41.3868 -19.3474 9.53674e-07
      vertex 41.3914 -18.4577 9.53674e-07
      vertex 41.4583 -19.3372 9.53674e-07
    endloop
  endfacet
  facet normal 0 0 -1
    outer loop
      vertex 41.3868 -19.3474 9.53674e-07
      vertex 41.3121 -18.4505 9.53674e-07
      vertex 41.3914 -18.4577 9.53674e-07
    endloop
  endfacet
  facet normal 0 0 -1
    outer loop
      vertex 41.3095 -19.3535 9.53674e-07
      vertex 41.3121 -18.4505 9.53674e-07
      vertex 41.3868 -19.3474 9.53674e-07
    endloop
  endfacet
  facet normal 0 0 -1
    outer loop
      vertex 41.2264 -19.3555 9.53674e-07
      vertex 41.3121 -18.4505 9.53674e-07
      vertex 41.3095 -19.3535 9.53674e-07
    endloop
  endfacet
  facet normal 0 0 -1
    outer loop
      vertex 41.2264 -19.3555 9.53674e-07
      vertex 41.2264 -18.4481 9.53674e-07
      vertex 41.3121 -18.4505 9.53674e-07
    endloop
  endfacet
  facet normal 0 0 -1
    outer loop
      vertex 40.5734 -19.3555 9.53674e-07
      vertex 41.2264 -18.4481 9.53674e-07
      vertex 41.2264 -19.3555 9.53674e-07
    endloop
  endfacet
  facet normal -0 0 -1
    outer loop
      vertex 41.2264 -18.4481 9.53674e-07
      vertex 40.5734 -19.3555 9.53674e-07
      vertex 40.5734 -18.4481 9.53674e-07
    endloop
  endfacet
  facet normal 0 0 -1
    outer loop
      vertex 41.6988 -11.5126 9.53674e-07
      vertex 42.0418 -11.0428 9.53674e-07
      vertex 42.0383 -11.1119 9.53674e-07
    endloop
  endfacet
  facet normal -0 0 -1
    outer loop
      vertex 42.0418 -11.0428 9.53674e-07
      vertex 41.6988 -11.5126 9.53674e-07
      vertex 42.0384 -10.9713 9.53674e-07
    endloop
  endfacet
  facet normal 0 0 -1
    outer loop
      vertex 41.7626 -11.4885 9.53674e-07
      vertex 42.0383 -11.1119 9.53674e-07
      vertex 42.0279 -11.1761 9.53674e-07
    endloop
  endfacet
  facet normal 0 -0 -1
    outer loop
      vertex 41.7045 -10.5444 9.53674e-07
      vertex 42.0384 -10.9713 9.53674e-07
      vertex 41.6988 -11.5126 9.53674e-07
    endloop
  endfacet
  facet normal 0 0 -1
    outer loop
      vertex 41.8203 -11.4591 9.53674e-07
      vertex 42.0279 -11.1761 9.53674e-07
      vertex 42.0106 -11.2354 9.53674e-07
    endloop
  endfacet
  facet normal 0 0 -1
    outer loop
      vertex 42.0383 -11.1119 9.53674e-07
      vertex 41.7626 -11.4885 9.53674e-07
      vertex 41.6988 -11.5126 9.53674e-07
    endloop
  endfacet
  facet normal 0 0 -1
    outer loop
      vertex 41.8719 -11.4243 9.53674e-07
      vertex 42.0106 -11.2354 9.53674e-07
      vertex 41.9863 -11.2899 9.53674e-07
    endloop
  endfacet
  facet normal 0 0 -1
    outer loop
      vertex 42.0384 -10.9713 9.53674e-07
      vertex 41.7045 -10.5444 9.53674e-07
      vertex 42.0281 -10.9046 9.53674e-07
    endloop
  endfacet
  facet normal 0 0 -1
    outer loop
      vertex 41.8719 -11.4243 9.53674e-07
      vertex 41.9863 -11.2899 9.53674e-07
      vertex 41.9551 -11.3396 9.53674e-07
    endloop
  endfacet
  facet normal 0 0 -1
    outer loop
      vertex 42.0279 -11.1761 9.53674e-07
      vertex 41.8203 -11.4591 9.53674e-07
      vertex 41.7626 -11.4885 9.53674e-07
    endloop
  endfacet
  facet normal 0 0 -1
    outer loop
      vertex 41.8719 -11.4243 9.53674e-07
      vertex 41.9551 -11.3396 9.53674e-07
      vertex 41.917 -11.3844 9.53674e-07
    endloop
  endfacet
  facet normal 0 0 -1
    outer loop
      vertex 42.0106 -11.2354 9.53674e-07
      vertex 41.8719 -11.4243 9.53674e-07
      vertex 41.8203 -11.4591 9.53674e-07
    endloop
  endfacet
  facet normal 0 0 -1
    outer loop
      vertex 42.0281 -10.9046 9.53674e-07
      vertex 41.7667 -10.5708 9.53674e-07
      vertex 42.011 -10.8425 9.53674e-07
    endloop
  endfacet
  facet normal -0 -0 -1
    outer loop
      vertex 41.8232 -10.603 9.53674e-07
      vertex 42.011 -10.8425 9.53674e-07
      vertex 41.7667 -10.5708 9.53674e-07
    endloop
  endfacet
  facet normal 0 0 -1
    outer loop
      vertex 41.987 -10.7851 9.53674e-07
      vertex 41.8232 -10.603 9.53674e-07
      vertex 41.9562 -10.7324 9.53674e-07
    endloop
  endfacet
  facet normal 0 0 -1
    outer loop
      vertex 41.9562 -10.7324 9.53674e-07
      vertex 41.8739 -10.641 9.53674e-07
      vertex 41.9185 -10.6844 9.53674e-07
    endloop
  endfacet
  facet normal 0 0 -1
    outer loop
      vertex 41.9562 -10.7324 9.53674e-07
      vertex 41.8232 -10.603 9.53674e-07
      vertex 41.8739 -10.641 9.53674e-07
    endloop
  endfacet
  facet normal 0 0 -1
    outer loop
      vertex 42.011 -10.8425 9.53674e-07
      vertex 41.8232 -10.603 9.53674e-07
      vertex 41.987 -10.7851 9.53674e-07
    endloop
  endfacet
  facet normal 0 0 -1
    outer loop
      vertex 42.0281 -10.9046 9.53674e-07
      vertex 41.7045 -10.5444 9.53674e-07
      vertex 41.7667 -10.5708 9.53674e-07
    endloop
  endfacet
  facet normal 0 0 -1
    outer loop
      vertex 41.629 -11.5314 9.53674e-07
      vertex 41.7045 -10.5444 9.53674e-07
      vertex 41.6988 -11.5126 9.53674e-07
    endloop
  endfacet
  facet normal -0 0 -1
    outer loop
      vertex 41.7045 -10.5444 9.53674e-07
      vertex 41.629 -11.5314 9.53674e-07
      vertex 41.6366 -10.5239 9.53674e-07
    endloop
  endfacet
  facet normal 0 0 -1
    outer loop
      vertex 41.629 -11.5314 9.53674e-07
      vertex 41.5631 -10.5093 9.53674e-07
      vertex 41.6366 -10.5239 9.53674e-07
    endloop
  endfacet
  facet normal 0 0 -1
    outer loop
      vertex 41.553 -11.5448 9.53674e-07
      vertex 41.5631 -10.5093 9.53674e-07
      vertex 41.629 -11.5314 9.53674e-07
    endloop
  endfacet
  facet normal 0 0 -1
    outer loop
      vertex 41.553 -11.5448 9.53674e-07
      vertex 41.4838 -10.5005 9.53674e-07
      vertex 41.5631 -10.5093 9.53674e-07
    endloop
  endfacet
  facet normal 0 0 -1
    outer loop
      vertex 41.4709 -11.5528 9.53674e-07
      vertex 41.4838 -10.5005 9.53674e-07
      vertex 41.553 -11.5448 9.53674e-07
    endloop
  endfacet
  facet normal 0 0 -1
    outer loop
      vertex 41.4709 -11.5528 9.53674e-07
      vertex 41.3989 -10.4976 9.53674e-07
      vertex 41.4838 -10.5005 9.53674e-07
    endloop
  endfacet
  facet normal 0 0 -1
    outer loop
      vertex 41.3827 -11.5555 9.53674e-07
      vertex 41.3989 -10.4976 9.53674e-07
      vertex 41.4709 -11.5528 9.53674e-07
    endloop
  endfacet
  facet normal 0 0 -1
    outer loop
      vertex 40.4611 -10.4976 9.53674e-07
      vertex 41.3827 -11.5555 9.53674e-07
      vertex 40.4611 -11.5555 9.53674e-07
    endloop
  endfacet
  facet normal 0 0 -1
    outer loop
      vertex 41.3827 -11.5555 9.53674e-07
      vertex 40.4611 -10.4976 9.53674e-07
      vertex 41.3989 -10.4976 9.53674e-07
    endloop
  endfacet
  facet normal 0 0 -1
    outer loop
      vertex 0.998446 -60.1744 9.53674e-07
      vertex 2.50376 -60.1744 9.53674e-07
      vertex 2.49976 -60.2831 9.53674e-07
    endloop
  endfacet
  facet normal 0 0 -1
    outer loop
      vertex 2.50376 -60.1744 9.53674e-07
      vertex 0.998446 -60.1744 9.53674e-07
      vertex 2.49977 -60.061 9.53674e-07
    endloop
  endfacet
  facet normal 0 0 -1
    outer loop
      vertex 1.00247 -60.2846 9.53674e-07
      vertex 2.49976 -60.2831 9.53674e-07
      vertex 2.48773 -60.3848 9.53674e-07
    endloop
  endfacet
  facet normal 0 -0 -1
    outer loop
      vertex 1.00252 -60.0648 9.53674e-07
      vertex 2.49977 -60.061 9.53674e-07
      vertex 0.998446 -60.1744 9.53674e-07
    endloop
  endfacet
  facet normal 0 0 -1
    outer loop
      vertex 1.75336 -61.0143 9.53674e-07
      vertex 2.48773 -60.3848 9.53674e-07
      vertex 2.46773 -60.4797 9.53674e-07
    endloop
  endfacet
  facet normal 0 -0 -1
    outer loop
      vertex 1.01471 -59.9618 9.53674e-07
      vertex 2.49977 -60.061 9.53674e-07
      vertex 1.00252 -60.0648 9.53674e-07
    endloop
  endfacet
  facet normal 0 0 -1
    outer loop
      vertex 1.85236 -61.0098 9.53674e-07
      vertex 2.46773 -60.4797 9.53674e-07
      vertex 2.4397 -60.5678 9.53674e-07
    endloop
  endfacet
  facet normal 0 0 -1
    outer loop
      vertex 2.49977 -60.061 9.53674e-07
      vertex 1.01471 -59.9618 9.53674e-07
      vertex 2.48786 -59.9551 9.53674e-07
    endloop
  endfacet
  facet normal 0 0 -1
    outer loop
      vertex 1.85236 -61.0098 9.53674e-07
      vertex 2.4397 -60.5678 9.53674e-07
      vertex 2.40366 -60.6489 9.53674e-07
    endloop
  endfacet
  facet normal 0 -0 -1
    outer loop
      vertex 1.03504 -59.8655 9.53674e-07
      vertex 2.48786 -59.9551 9.53674e-07
      vertex 1.01471 -59.9618 9.53674e-07
    endloop
  endfacet
  facet normal 0 0 -1
    outer loop
      vertex 1.94474 -60.9961 9.53674e-07
      vertex 2.40366 -60.6489 9.53674e-07
      vertex 2.35962 -60.7232 9.53674e-07
    endloop
  endfacet
  facet normal 0 0 -1
    outer loop
      vertex 2.48786 -59.9551 9.53674e-07
      vertex 1.03504 -59.8655 9.53674e-07
      vertex 2.46799 -59.8569 9.53674e-07
    endloop
  endfacet
  facet normal 0 0 -1
    outer loop
      vertex 1.94474 -60.9961 9.53674e-07
      vertex 2.35962 -60.7232 9.53674e-07
      vertex 2.30757 -60.7905 9.53674e-07
    endloop
  endfacet
  facet normal -0 -0 -1
    outer loop
      vertex 1.85091 -59.3197 9.53674e-07
      vertex 2.46799 -59.8569 9.53674e-07
      vertex 1.75037 -59.3151 9.53674e-07
    endloop
  endfacet
  facet normal 0 0 -1
    outer loop
      vertex 1.94474 -60.9961 9.53674e-07
      vertex 2.30757 -60.7905 9.53674e-07
      vertex 2.24823 -60.8499 9.53674e-07
    endloop
  endfacet
  facet normal 0 0 -1
    outer loop
      vertex 2.46799 -59.8569 9.53674e-07
      vertex 1.85091 -59.3197 9.53674e-07
      vertex 2.44017 -59.7662 9.53674e-07
    endloop
  endfacet
  facet normal 0 0 -1
    outer loop
      vertex 1.94474 -60.9961 9.53674e-07
      vertex 2.24823 -60.8499 9.53674e-07
      vertex 2.18227 -60.9002 9.53674e-07
    endloop
  endfacet
  facet normal 0 0 -1
    outer loop
      vertex 2.44017 -59.7662 9.53674e-07
      vertex 1.94455 -59.3334 9.53674e-07
      vertex 2.40442 -59.6831 9.53674e-07
    endloop
  endfacet
  facet normal 0 0 -1
    outer loop
      vertex 1.94474 -60.9961 9.53674e-07
      vertex 2.18227 -60.9002 9.53674e-07
      vertex 2.1097 -60.9413 9.53674e-07
    endloop
  endfacet
  facet normal 0 0 -1
    outer loop
      vertex 2.40442 -59.6831 9.53674e-07
      vertex 1.94455 -59.3334 9.53674e-07
      vertex 2.36071 -59.6076 9.53674e-07
    endloop
  endfacet
  facet normal 0 0 -1
    outer loop
      vertex 1.94474 -60.9961 9.53674e-07
      vertex 2.1097 -60.9413 9.53674e-07
      vertex 2.03052 -60.9732 9.53674e-07
    endloop
  endfacet
  facet normal 0 0 -1
    outer loop
      vertex 2.40366 -60.6489 9.53674e-07
      vertex 1.94474 -60.9961 9.53674e-07
      vertex 1.85236 -61.0098 9.53674e-07
    endloop
  endfacet
  facet normal 0 0 -1
    outer loop
      vertex 2.24997 -59.48 9.53674e-07
      vertex 1.94455 -59.3334 9.53674e-07
      vertex 2.18399 -59.4296 9.53674e-07
    endloop
  endfacet
  facet normal 0 0 -1
    outer loop
      vertex 2.46773 -60.4797 9.53674e-07
      vertex 1.85236 -61.0098 9.53674e-07
      vertex 1.75336 -61.0143 9.53674e-07
    endloop
  endfacet
  facet normal 0 0 -1
    outer loop
      vertex 2.18399 -59.4296 9.53674e-07
      vertex 1.94455 -59.3334 9.53674e-07
      vertex 2.11109 -59.3884 9.53674e-07
    endloop
  endfacet
  facet normal 0 0 -1
    outer loop
      vertex 2.48773 -60.3848 9.53674e-07
      vertex 1.75336 -61.0143 9.53674e-07
      vertex 1.01453 -60.3875 9.53674e-07
    endloop
  endfacet
  facet normal 0 0 -1
    outer loop
      vertex 2.11109 -59.3884 9.53674e-07
      vertex 1.94455 -59.3334 9.53674e-07
      vertex 2.03127 -59.3563 9.53674e-07
    endloop
  endfacet
  facet normal 0 0 -1
    outer loop
      vertex 1.01453 -60.3875 9.53674e-07
      vertex 1.75336 -61.0143 9.53674e-07
      vertex 1.65355 -61.0098 9.53674e-07
    endloop
  endfacet
  facet normal 0 0 -1
    outer loop
      vertex 2.30905 -59.5396 9.53674e-07
      vertex 1.94455 -59.3334 9.53674e-07
      vertex 2.24997 -59.48 9.53674e-07
    endloop
  endfacet
  facet normal 0 0 -1
    outer loop
      vertex 2.36071 -59.6076 9.53674e-07
      vertex 1.94455 -59.3334 9.53674e-07
      vertex 2.30905 -59.5396 9.53674e-07
    endloop
  endfacet
  facet normal 0 0 -1
    outer loop
      vertex 1.03463 -60.4832 9.53674e-07
      vertex 1.65355 -61.0098 9.53674e-07
      vertex 1.56044 -60.9963 9.53674e-07
    endloop
  endfacet
  facet normal -0 -0 -1
    outer loop
      vertex 1.94455 -59.3334 9.53674e-07
      vertex 2.44017 -59.7662 9.53674e-07
      vertex 1.85091 -59.3197 9.53674e-07
    endloop
  endfacet
  facet normal 0 0 -1
    outer loop
      vertex 1.06275 -60.5717 9.53674e-07
      vertex 1.56044 -60.9963 9.53674e-07
      vertex 1.47403 -60.9738 9.53674e-07
    endloop
  endfacet
  facet normal -0 0 -1
    outer loop
      vertex 2.46799 -59.8569 9.53674e-07
      vertex 1.03504 -59.8655 9.53674e-07
      vertex 1.75037 -59.3151 9.53674e-07
    endloop
  endfacet
  facet normal 0 0 -1
    outer loop
      vertex 1.09893 -60.6529 9.53674e-07
      vertex 1.47403 -60.9738 9.53674e-07
      vertex 1.39432 -60.9422 9.53674e-07
    endloop
  endfacet
  facet normal 0 0 -1
    outer loop
      vertex 1.75037 -59.3151 9.53674e-07
      vertex 1.03504 -59.8655 9.53674e-07
      vertex 1.6525 -59.3198 9.53674e-07
    endloop
  endfacet
  facet normal 0 0 -1
    outer loop
      vertex 1.09893 -60.6529 9.53674e-07
      vertex 1.39432 -60.9422 9.53674e-07
      vertex 1.32131 -60.9017 9.53674e-07
    endloop
  endfacet
  facet normal 0 -0 -1
    outer loop
      vertex 1.06348 -59.7759 9.53674e-07
      vertex 1.6525 -59.3198 9.53674e-07
      vertex 1.03504 -59.8655 9.53674e-07
    endloop
  endfacet
  facet normal 0 0 -1
    outer loop
      vertex 1.09893 -60.6529 9.53674e-07
      vertex 1.32131 -60.9017 9.53674e-07
      vertex 1.25499 -60.8521 9.53674e-07
    endloop
  endfacet
  facet normal 0 -0 -1
    outer loop
      vertex 1.10007 -59.693 9.53674e-07
      vertex 1.6525 -59.3198 9.53674e-07
      vertex 1.06348 -59.7759 9.53674e-07
    endloop
  endfacet
  facet normal 0 0 -1
    outer loop
      vertex 1.09893 -60.6529 9.53674e-07
      vertex 1.25499 -60.8521 9.53674e-07
      vertex 1.19538 -60.7935 9.53674e-07
    endloop
  endfacet
  facet normal 0 0 -1
    outer loop
      vertex 1.6525 -59.3198 9.53674e-07
      vertex 1.10007 -59.693 9.53674e-07
      vertex 1.56092 -59.334 9.53674e-07
    endloop
  endfacet
  facet normal 0 0 -1
    outer loop
      vertex 1.09893 -60.6529 9.53674e-07
      vertex 1.19538 -60.7935 9.53674e-07
      vertex 1.14313 -60.7268 9.53674e-07
    endloop
  endfacet
  facet normal 0 -0 -1
    outer loop
      vertex 1.14478 -59.6167 9.53674e-07
      vertex 1.56092 -59.334 9.53674e-07
      vertex 1.10007 -59.693 9.53674e-07
    endloop
  endfacet
  facet normal 0 0 -1
    outer loop
      vertex 1.47403 -60.9738 9.53674e-07
      vertex 1.09893 -60.6529 9.53674e-07
      vertex 1.06275 -60.5717 9.53674e-07
    endloop
  endfacet
  facet normal 0 0 -1
    outer loop
      vertex 1.56092 -59.334 9.53674e-07
      vertex 1.14478 -59.6167 9.53674e-07
      vertex 1.47565 -59.3577 9.53674e-07
    endloop
  endfacet
  facet normal 0 0 -1
    outer loop
      vertex 1.56044 -60.9963 9.53674e-07
      vertex 1.06275 -60.5717 9.53674e-07
      vertex 1.03463 -60.4832 9.53674e-07
    endloop
  endfacet
  facet normal 0 0 -1
    outer loop
      vertex 1.39669 -59.3908 9.53674e-07
      vertex 1.19762 -59.5471 9.53674e-07
      vertex 1.32402 -59.4335 9.53674e-07
    endloop
  endfacet
  facet normal 0 0 -1
    outer loop
      vertex 1.65355 -61.0098 9.53674e-07
      vertex 1.03463 -60.4832 9.53674e-07
      vertex 1.01453 -60.3875 9.53674e-07
    endloop
  endfacet
  facet normal 0 -0 -1
    outer loop
      vertex 1.19762 -59.5471 9.53674e-07
      vertex 1.47565 -59.3577 9.53674e-07
      vertex 1.14478 -59.6167 9.53674e-07
    endloop
  endfacet
  facet normal -0 0 -1
    outer loop
      vertex 2.48773 -60.3848 9.53674e-07
      vertex 1.01453 -60.3875 9.53674e-07
      vertex 1.00247 -60.2846 9.53674e-07
    endloop
  endfacet
  facet normal 0 0 -1
    outer loop
      vertex 1.47565 -59.3577 9.53674e-07
      vertex 1.19762 -59.5471 9.53674e-07
      vertex 1.39669 -59.3908 9.53674e-07
    endloop
  endfacet
  facet normal -0 0 -1
    outer loop
      vertex 2.49976 -60.2831 9.53674e-07
      vertex 1.00247 -60.2846 9.53674e-07
      vertex 0.998446 -60.1744 9.53674e-07
    endloop
  endfacet
  facet normal 0 0 -1
    outer loop
      vertex 1.32402 -59.4335 9.53674e-07
      vertex 1.19762 -59.5471 9.53674e-07
      vertex 1.25768 -59.4855 9.53674e-07
    endloop
  endfacet
  facet normal 0 0 -1
    outer loop
      vertex 6.30338 -60.1744 9.53674e-07
      vertex 7.80869 -60.1744 9.53674e-07
      vertex 7.80468 -60.2831 9.53674e-07
    endloop
  endfacet
  facet normal 0 0 -1
    outer loop
      vertex 7.80869 -60.1744 9.53674e-07
      vertex 6.30338 -60.1744 9.53674e-07
      vertex 7.80471 -60.061 9.53674e-07
    endloop
  endfacet
  facet normal 0 0 -1
    outer loop
      vertex 6.30739 -60.2846 9.53674e-07
      vertex 7.80468 -60.2831 9.53674e-07
      vertex 7.79267 -60.3848 9.53674e-07
    endloop
  endfacet
  facet normal 0 -0 -1
    outer loop
      vertex 6.30744 -60.0648 9.53674e-07
      vertex 7.80471 -60.061 9.53674e-07
      vertex 6.30338 -60.1744 9.53674e-07
    endloop
  endfacet
  facet normal 0 0 -1
    outer loop
      vertex 7.05829 -61.0143 9.53674e-07
      vertex 7.79267 -60.3848 9.53674e-07
      vertex 7.77265 -60.4797 9.53674e-07
    endloop
  endfacet
  facet normal 0 -0 -1
    outer loop
      vertex 6.31963 -59.9618 9.53674e-07
      vertex 7.80471 -60.061 9.53674e-07
      vertex 6.30744 -60.0648 9.53674e-07
    endloop
  endfacet
  facet normal 0 0 -1
    outer loop
      vertex 7.15728 -61.0098 9.53674e-07
      vertex 7.77265 -60.4797 9.53674e-07
      vertex 7.74463 -60.5678 9.53674e-07
    endloop
  endfacet
  facet normal 0 0 -1
    outer loop
      vertex 7.80471 -60.061 9.53674e-07
      vertex 6.31963 -59.9618 9.53674e-07
      vertex 7.79279 -59.9551 9.53674e-07
    endloop
  endfacet
  facet normal 0 0 -1
    outer loop
      vertex 7.15728 -61.0098 9.53674e-07
      vertex 7.74463 -60.5678 9.53674e-07
      vertex 7.70859 -60.6489 9.53674e-07
    endloop
  endfacet
  facet normal 0 -0 -1
    outer loop
      vertex 6.33995 -59.8655 9.53674e-07
      vertex 7.79279 -59.9551 9.53674e-07
      vertex 6.31963 -59.9618 9.53674e-07
    endloop
  endfacet
  facet normal 0 0 -1
    outer loop
      vertex 7.24967 -60.9961 9.53674e-07
      vertex 7.70859 -60.6489 9.53674e-07
      vertex 7.66455 -60.7232 9.53674e-07
    endloop
  endfacet
  facet normal 0 0 -1
    outer loop
      vertex 7.79279 -59.9551 9.53674e-07
      vertex 6.33995 -59.8655 9.53674e-07
      vertex 7.77292 -59.8569 9.53674e-07
    endloop
  endfacet
  facet normal 0 0 -1
    outer loop
      vertex 7.24967 -60.9961 9.53674e-07
      vertex 7.66455 -60.7232 9.53674e-07
      vertex 7.61251 -60.7905 9.53674e-07
    endloop
  endfacet
  facet normal -0 -0 -1
    outer loop
      vertex 7.15584 -59.3197 9.53674e-07
      vertex 7.77292 -59.8569 9.53674e-07
      vertex 7.05529 -59.3151 9.53674e-07
    endloop
  endfacet
  facet normal 0 0 -1
    outer loop
      vertex 7.24967 -60.9961 9.53674e-07
      vertex 7.61251 -60.7905 9.53674e-07
      vertex 7.55315 -60.8499 9.53674e-07
    endloop
  endfacet
  facet normal 0 0 -1
    outer loop
      vertex 7.77292 -59.8569 9.53674e-07
      vertex 7.15584 -59.3197 9.53674e-07
      vertex 7.7451 -59.7662 9.53674e-07
    endloop
  endfacet
  facet normal 0 0 -1
    outer loop
      vertex 7.24967 -60.9961 9.53674e-07
      vertex 7.55315 -60.8499 9.53674e-07
      vertex 7.4872 -60.9002 9.53674e-07
    endloop
  endfacet
  facet normal 0 0 -1
    outer loop
      vertex 7.7451 -59.7662 9.53674e-07
      vertex 7.24948 -59.3334 9.53674e-07
      vertex 7.70935 -59.6831 9.53674e-07
    endloop
  endfacet
  facet normal 0 0 -1
    outer loop
      vertex 7.24967 -60.9961 9.53674e-07
      vertex 7.4872 -60.9002 9.53674e-07
      vertex 7.41463 -60.9413 9.53674e-07
    endloop
  endfacet
  facet normal 0 0 -1
    outer loop
      vertex 7.70935 -59.6831 9.53674e-07
      vertex 7.24948 -59.3334 9.53674e-07
      vertex 7.66564 -59.6076 9.53674e-07
    endloop
  endfacet
  facet normal 0 0 -1
    outer loop
      vertex 7.24967 -60.9961 9.53674e-07
      vertex 7.41463 -60.9413 9.53674e-07
      vertex 7.33545 -60.9732 9.53674e-07
    endloop
  endfacet
  facet normal 0 0 -1
    outer loop
      vertex 7.70859 -60.6489 9.53674e-07
      vertex 7.24967 -60.9961 9.53674e-07
      vertex 7.15728 -61.0098 9.53674e-07
    endloop
  endfacet
  facet normal 0 0 -1
    outer loop
      vertex 7.5549 -59.48 9.53674e-07
      vertex 7.24948 -59.3334 9.53674e-07
      vertex 7.48891 -59.4296 9.53674e-07
    endloop
  endfacet
  facet normal 0 0 -1
    outer loop
      vertex 7.77265 -60.4797 9.53674e-07
      vertex 7.15728 -61.0098 9.53674e-07
      vertex 7.05829 -61.0143 9.53674e-07
    endloop
  endfacet
  facet normal 0 0 -1
    outer loop
      vertex 7.48891 -59.4296 9.53674e-07
      vertex 7.24948 -59.3334 9.53674e-07
      vertex 7.41602 -59.3884 9.53674e-07
    endloop
  endfacet
  facet normal 0 0 -1
    outer loop
      vertex 7.79267 -60.3848 9.53674e-07
      vertex 7.05829 -61.0143 9.53674e-07
      vertex 6.31945 -60.3875 9.53674e-07
    endloop
  endfacet
  facet normal 0 0 -1
    outer loop
      vertex 7.41602 -59.3884 9.53674e-07
      vertex 7.24948 -59.3334 9.53674e-07
      vertex 7.3362 -59.3563 9.53674e-07
    endloop
  endfacet
  facet normal 0 0 -1
    outer loop
      vertex 6.31945 -60.3875 9.53674e-07
      vertex 7.05829 -61.0143 9.53674e-07
      vertex 6.95848 -61.0098 9.53674e-07
    endloop
  endfacet
  facet normal 0 0 -1
    outer loop
      vertex 7.61399 -59.5396 9.53674e-07
      vertex 7.24948 -59.3334 9.53674e-07
      vertex 7.5549 -59.48 9.53674e-07
    endloop
  endfacet
  facet normal 0 0 -1
    outer loop
      vertex 7.66564 -59.6076 9.53674e-07
      vertex 7.24948 -59.3334 9.53674e-07
      vertex 7.61399 -59.5396 9.53674e-07
    endloop
  endfacet
  facet normal 0 0 -1
    outer loop
      vertex 6.33954 -60.4832 9.53674e-07
      vertex 6.95848 -61.0098 9.53674e-07
      vertex 6.86537 -60.9963 9.53674e-07
    endloop
  endfacet
  facet normal -0 -0 -1
    outer loop
      vertex 7.24948 -59.3334 9.53674e-07
      vertex 7.7451 -59.7662 9.53674e-07
      vertex 7.15584 -59.3197 9.53674e-07
    endloop
  endfacet
  facet normal 0 0 -1
    outer loop
      vertex 6.36768 -60.5717 9.53674e-07
      vertex 6.86537 -60.9963 9.53674e-07
      vertex 6.77896 -60.9738 9.53674e-07
    endloop
  endfacet
  facet normal -0 0 -1
    outer loop
      vertex 7.77292 -59.8569 9.53674e-07
      vertex 6.33995 -59.8655 9.53674e-07
      vertex 7.05529 -59.3151 9.53674e-07
    endloop
  endfacet
  facet normal 0 0 -1
    outer loop
      vertex 6.40384 -60.6529 9.53674e-07
      vertex 6.77896 -60.9738 9.53674e-07
      vertex 6.69925 -60.9422 9.53674e-07
    endloop
  endfacet
  facet normal 0 0 -1
    outer loop
      vertex 7.05529 -59.3151 9.53674e-07
      vertex 6.33995 -59.8655 9.53674e-07
      vertex 6.95742 -59.3198 9.53674e-07
    endloop
  endfacet
  facet normal 0 0 -1
    outer loop
      vertex 6.40384 -60.6529 9.53674e-07
      vertex 6.69925 -60.9422 9.53674e-07
      vertex 6.62624 -60.9017 9.53674e-07
    endloop
  endfacet
  facet normal 0 -0 -1
    outer loop
      vertex 6.36841 -59.7759 9.53674e-07
      vertex 6.95742 -59.3198 9.53674e-07
      vertex 6.33995 -59.8655 9.53674e-07
    endloop
  endfacet
  facet normal 0 0 -1
    outer loop
      vertex 6.40384 -60.6529 9.53674e-07
      vertex 6.62624 -60.9017 9.53674e-07
      vertex 6.55992 -60.8521 9.53674e-07
    endloop
  endfacet
  facet normal 0 -0 -1
    outer loop
      vertex 6.40499 -59.693 9.53674e-07
      vertex 6.95742 -59.3198 9.53674e-07
      vertex 6.36841 -59.7759 9.53674e-07
    endloop
  endfacet
  facet normal 0 0 -1
    outer loop
      vertex 6.44806 -60.7268 9.53674e-07
      vertex 6.55992 -60.8521 9.53674e-07
      vertex 6.50029 -60.7935 9.53674e-07
    endloop
  endfacet
  facet normal 0 0 -1
    outer loop
      vertex 6.95742 -59.3198 9.53674e-07
      vertex 6.40499 -59.693 9.53674e-07
      vertex 6.86585 -59.334 9.53674e-07
    endloop
  endfacet
  facet normal 0 0 -1
    outer loop
      vertex 6.40384 -60.6529 9.53674e-07
      vertex 6.55992 -60.8521 9.53674e-07
      vertex 6.44806 -60.7268 9.53674e-07
    endloop
  endfacet
  facet normal 0 -0 -1
    outer loop
      vertex 6.44971 -59.6167 9.53674e-07
      vertex 6.86585 -59.334 9.53674e-07
      vertex 6.40499 -59.693 9.53674e-07
    endloop
  endfacet
  facet normal 0 0 -1
    outer loop
      vertex 6.77896 -60.9738 9.53674e-07
      vertex 6.40384 -60.6529 9.53674e-07
      vertex 6.36768 -60.5717 9.53674e-07
    endloop
  endfacet
  facet normal 0 0 -1
    outer loop
      vertex 6.86585 -59.334 9.53674e-07
      vertex 6.44971 -59.6167 9.53674e-07
      vertex 6.78058 -59.3577 9.53674e-07
    endloop
  endfacet
  facet normal 0 0 -1
    outer loop
      vertex 6.86537 -60.9963 9.53674e-07
      vertex 6.36768 -60.5717 9.53674e-07
      vertex 6.33954 -60.4832 9.53674e-07
    endloop
  endfacet
  facet normal 0 0 -1
    outer loop
      vertex 6.70162 -59.3908 9.53674e-07
      vertex 6.50254 -59.5471 9.53674e-07
      vertex 6.62895 -59.4335 9.53674e-07
    endloop
  endfacet
  facet normal 0 0 -1
    outer loop
      vertex 6.95848 -61.0098 9.53674e-07
      vertex 6.33954 -60.4832 9.53674e-07
      vertex 6.31945 -60.3875 9.53674e-07
    endloop
  endfacet
  facet normal 0 -0 -1
    outer loop
      vertex 6.50254 -59.5471 9.53674e-07
      vertex 6.78058 -59.3577 9.53674e-07
      vertex 6.44971 -59.6167 9.53674e-07
    endloop
  endfacet
  facet normal -0 0 -1
    outer loop
      vertex 7.79267 -60.3848 9.53674e-07
      vertex 6.31945 -60.3875 9.53674e-07
      vertex 6.30739 -60.2846 9.53674e-07
    endloop
  endfacet
  facet normal 0 0 -1
    outer loop
      vertex 6.78058 -59.3577 9.53674e-07
      vertex 6.50254 -59.5471 9.53674e-07
      vertex 6.70162 -59.3908 9.53674e-07
    endloop
  endfacet
  facet normal -0 0 -1
    outer loop
      vertex 7.80468 -60.2831 9.53674e-07
      vertex 6.30739 -60.2846 9.53674e-07
      vertex 6.30338 -60.1744 9.53674e-07
    endloop
  endfacet
  facet normal 0 0 -1
    outer loop
      vertex 6.62895 -59.4335 9.53674e-07
      vertex 6.50254 -59.5471 9.53674e-07
      vertex 6.56259 -59.4855 9.53674e-07
    endloop
  endfacet
  facet normal 0 1 -0
    outer loop
      vertex 49.7 2.7 9.53674e-07
      vertex 0.299999 2.7 8.9
      vertex 49.7 2.7 8.9
    endloop
  endfacet
  facet normal 0 1 0
    outer loop
      vertex 0.299999 2.7 8.9
      vertex 49.7 2.7 9.53674e-07
      vertex 0.299999 2.7 9.53674e-07
    endloop
  endfacet
  facet normal -0.0654149 0.997858 0
    outer loop
      vertex 0.299999 2.7 9.53674e-07
      vertex -0.0915785 2.67433 8.9
      vertex 0.299999 2.7 8.9
    endloop
  endfacet
  facet normal -0.0654149 0.997858 0
    outer loop
      vertex -0.0915785 2.67433 8.9
      vertex 0.299999 2.7 9.53674e-07
      vertex -0.0915785 2.67433 9.53674e-07
    endloop
  endfacet
  facet normal -0.831462 0.555582 0
    outer loop
      vertex -2.29808 1.2 9.53674e-07
      vertex -2.08006 1.52628 8.9
      vertex -2.08006 1.52628 9.53674e-07
    endloop
  endfacet
  facet normal -0.831462 0.555582 0
    outer loop
      vertex -2.08006 1.52628 8.9
      vertex -2.29808 1.2 9.53674e-07
      vertex -2.29808 1.2 8.9
    endloop
  endfacet
  facet normal 1 0 0
    outer loop
      vertex 52.7 -0.299999 8.9
      vertex 52.7 -24 4.8
      vertex 52.7 -0.299999 9.53674e-07
    endloop
  endfacet
  facet normal 1 0 0
    outer loop
      vertex 52.7 -0.299999 8.9
      vertex 52.7 -30 4.8
      vertex 52.7 -24 4.8
    endloop
  endfacet
  facet normal 1 0 0
    outer loop
      vertex 52.7 -30 4.8
      vertex 52.7 -32 4.8
      vertex 52.7 -30 3.2
    endloop
  endfacet
  facet normal 1 0 0
    outer loop
      vertex 52.7 -0.299999 8.9
      vertex 52.7 -32 4.8
      vertex 52.7 -30 4.8
    endloop
  endfacet
  facet normal 1 0 0
    outer loop
      vertex 52.7 -0.299999 8.9
      vertex 52.7 -38 4.8
      vertex 52.7 -32 4.8
    endloop
  endfacet
  facet normal 1 0 0
    outer loop
      vertex 52.7 -72.4 9.53674e-07
      vertex 52.7 -38 4.8
      vertex 52.7 -72.4 8.9
    endloop
  endfacet
  facet normal 1 -0 0
    outer loop
      vertex 52.7 -72.4 8.9
      vertex 52.7 -38 4.8
      vertex 52.7 -0.299999 8.9
    endloop
  endfacet
  facet normal 1 -0 0
    outer loop
      vertex 52.7 -24 3.2
      vertex 52.7 -0.299999 9.53674e-07
      vertex 52.7 -24 4.8
    endloop
  endfacet
  facet normal 1 -0 0
    outer loop
      vertex 52.7 -30 3.2
      vertex 52.7 -0.299999 9.53674e-07
      vertex 52.7 -24 3.2
    endloop
  endfacet
  facet normal 1 0 0
    outer loop
      vertex 52.7 -32 3.2
      vertex 52.7 -30 3.2
      vertex 52.7 -32 4.8
    endloop
  endfacet
  facet normal 1 -0 0
    outer loop
      vertex 52.7 -32 3.2
      vertex 52.7 -0.299999 9.53674e-07
      vertex 52.7 -30 3.2
    endloop
  endfacet
  facet normal 1 -0 0
    outer loop
      vertex 52.7 -38 3.2
      vertex 52.7 -0.299999 9.53674e-07
      vertex 52.7 -32 3.2
    endloop
  endfacet
  facet normal 1 0 0
    outer loop
      vertex 52.7 -38 3.2
      vertex 52.7 -72.4 9.53674e-07
      vertex 52.7 -0.299999 9.53674e-07
    endloop
  endfacet
  facet normal 1 0 0
    outer loop
      vertex 52.7 -38 4.8
      vertex 52.7 -72.4 9.53674e-07
      vertex 52.7 -38 3.2
    endloop
  endfacet
  facet normal -0.555582 0.831462 0
    outer loop
      vertex -1.2 2.29808 9.53674e-07
      vertex -1.52628 2.08006 8.9
      vertex -1.2 2.29808 8.9
    endloop
  endfacet
  facet normal -0.555582 0.831462 0
    outer loop
      vertex -1.52628 2.08006 8.9
      vertex -1.2 2.29808 9.53674e-07
      vertex -1.52628 2.08006 9.53674e-07
    endloop
  endfacet
  facet normal -0.195073 0.980789 0
    outer loop
      vertex -0.0915785 2.67433 9.53674e-07
      vertex -0.476457 2.59778 8.9
      vertex -0.0915785 2.67433 8.9
    endloop
  endfacet
  facet normal -0.195073 0.980789 0
    outer loop
      vertex -0.476457 2.59778 8.9
      vertex -0.0915785 2.67433 9.53674e-07
      vertex -0.476457 2.59778 9.53674e-07
    endloop
  endfacet
  facet normal -1 0 0
    outer loop
      vertex -2.7 -24 4.8
      vertex -2.7 -0.299999 9.53674e-07
      vertex -2.7 -24 3.2
    endloop
  endfacet
  facet normal -1 0 0
    outer loop
      vertex -2.7 -0.299999 9.53674e-07
      vertex -2.7 -30 3.2
      vertex -2.7 -24 3.2
    endloop
  endfacet
  facet normal -1 0 0
    outer loop
      vertex -2.7 -30 3.2
      vertex -2.7 -32 3.2
      vertex -2.7 -30 4.8
    endloop
  endfacet
  facet normal -1 0 0
    outer loop
      vertex -2.7 -0.299999 9.53674e-07
      vertex -2.7 -32 3.2
      vertex -2.7 -30 3.2
    endloop
  endfacet
  facet normal -1 0 0
    outer loop
      vertex -2.7 -0.299999 9.53674e-07
      vertex -2.7 -38 3.2
      vertex -2.7 -32 3.2
    endloop
  endfacet
  facet normal -1 0 0
    outer loop
      vertex -2.7 -38 3.2
      vertex -2.7 -42.2 3.5
      vertex -2.7 -38 4.8
    endloop
  endfacet
  facet normal -1 0 0
    outer loop
      vertex -2.7 -72.4 9.53674e-07
      vertex -2.7 -38 3.2
      vertex -2.7 -0.299999 9.53674e-07
    endloop
  endfacet
  facet normal -1 -0 0
    outer loop
      vertex -2.7 -38 3.2
      vertex -2.7 -72.4 9.53674e-07
      vertex -2.7 -42.2 3.5
    endloop
  endfacet
  facet normal -1 0 0
    outer loop
      vertex -2.7 -54.2 3.5
      vertex -2.7 -54.3 6.1
      vertex -2.7 -54.2 8.9
    endloop
  endfacet
  facet normal -1 0 0
    outer loop
      vertex -2.7 -54.2 3.5
      vertex -2.7 -57.9 6.1
      vertex -2.7 -54.3 6.1
    endloop
  endfacet
  facet normal -1 -0 0
    outer loop
      vertex -2.7 -42.2 3.5
      vertex -2.7 -72.4 9.53674e-07
      vertex -2.7 -54.2 3.5
    endloop
  endfacet
  facet normal -1 0 0
    outer loop
      vertex -2.7 -72.4 9.53674e-07
      vertex -2.7 -57.9 6.1
      vertex -2.7 -54.2 3.5
    endloop
  endfacet
  facet normal -1 0 0
    outer loop
      vertex -2.7 -72.4 8.9
      vertex -2.7 -57.9 6.1
      vertex -2.7 -72.4 9.53674e-07
    endloop
  endfacet
  facet normal -1 0 0
    outer loop
      vertex -2.7 -57.9 6.1
      vertex -2.7 -72.4 8.9
      vertex -2.7 -57.9 8.9
    endloop
  endfacet
  facet normal -1 0 0
    outer loop
      vertex -2.7 -0.299999 9.53674e-07
      vertex -2.7 -24 4.8
      vertex -2.7 -0.299999 8.9
    endloop
  endfacet
  facet normal -1 0 0
    outer loop
      vertex -2.7 -42.2 8.9
      vertex -2.7 -24 4.8
      vertex -2.7 -30 4.8
    endloop
  endfacet
  facet normal -1 0 0
    outer loop
      vertex -2.7 -32 4.8
      vertex -2.7 -30 4.8
      vertex -2.7 -32 3.2
    endloop
  endfacet
  facet normal -1 0 0
    outer loop
      vertex -2.7 -42.2 8.9
      vertex -2.7 -30 4.8
      vertex -2.7 -32 4.8
    endloop
  endfacet
  facet normal -1 0 0
    outer loop
      vertex -2.7 -42.2 8.9
      vertex -2.7 -32 4.8
      vertex -2.7 -38 4.8
    endloop
  endfacet
  facet normal -1 0 0
    outer loop
      vertex -2.7 -24 4.8
      vertex -2.7 -42.2 8.9
      vertex -2.7 -0.299999 8.9
    endloop
  endfacet
  facet normal -1 0 0
    outer loop
      vertex -2.7 -42.2 8.9
      vertex -2.7 -38 4.8
      vertex -2.7 -42.2 3.5
    endloop
  endfacet
  facet normal -1 -0 0
    outer loop
      vertex -2.7 -54.2 8.9
      vertex -2.7 -54.3 6.1
      vertex -2.7 -54.3 8.9
    endloop
  endfacet
  facet normal 0 -1 0
    outer loop
      vertex 28.5 -75.4 3.2
      vertex 32 -75.4 4.8
      vertex 28.5 -75.4 4.8
    endloop
  endfacet
  facet normal 0 -1 -0
    outer loop
      vertex 32 -75.4 4.8
      vertex 28.5 -75.4 3.2
      vertex 32 -75.4 3.2
    endloop
  endfacet
  facet normal 0 -1 0
    outer loop
      vertex 18 -75.4 3.2
      vertex 21.5 -75.4 4.8
      vertex 18 -75.4 4.8
    endloop
  endfacet
  facet normal 0 -1 -0
    outer loop
      vertex 21.5 -75.4 4.8
      vertex 18 -75.4 3.2
      vertex 21.5 -75.4 3.2
    endloop
  endfacet
  facet normal 0 -1 0
    outer loop
      vertex 18 -75.4 4.8
      vertex 0.299999 -75.4 8.9
      vertex 11 -75.4 4.8
    endloop
  endfacet
  facet normal 0 -1 0
    outer loop
      vertex 0.299999 -75.4 9.53674e-07
      vertex 11 -75.4 4.8
      vertex 0.299999 -75.4 8.9
    endloop
  endfacet
  facet normal 0 -1 0
    outer loop
      vertex 0.299999 -75.4 9.53674e-07
      vertex 18 -75.4 3.2
      vertex 11 -75.4 3.2
    endloop
  endfacet
  facet normal 0 -1 -0
    outer loop
      vertex 18 -75.4 3.2
      vertex 0.299999 -75.4 9.53674e-07
      vertex 21.5 -75.4 3.2
    endloop
  endfacet
  facet normal 0 -1 -0
    outer loop
      vertex 21.5 -75.4 3.2
      vertex 0.299999 -75.4 9.53674e-07
      vertex 28.5 -75.4 3.2
    endloop
  endfacet
  facet normal 0 -1 0
    outer loop
      vertex 49.7 -75.4 9.53674e-07
      vertex 28.5 -75.4 3.2
      vertex 0.299999 -75.4 9.53674e-07
    endloop
  endfacet
  facet normal 0 -1 0
    outer loop
      vertex 28.5 -75.4 3.2
      vertex 49.7 -75.4 9.53674e-07
      vertex 32 -75.4 3.2
    endloop
  endfacet
  facet normal 0 -1 -0
    outer loop
      vertex 11 -75.4 4.8
      vertex 0.299999 -75.4 9.53674e-07
      vertex 11 -75.4 3.2
    endloop
  endfacet
  facet normal 0 -1 0
    outer loop
      vertex 21.5 -75.4 4.8
      vertex 0.299999 -75.4 8.9
      vertex 18 -75.4 4.8
    endloop
  endfacet
  facet normal 0 -1 0
    outer loop
      vertex 0.299999 -75.4 8.9
      vertex 21.5 -75.4 4.8
      vertex 49.7 -75.4 8.9
    endloop
  endfacet
  facet normal 0 -1 0
    outer loop
      vertex 28.5 -75.4 4.8
      vertex 49.7 -75.4 8.9
      vertex 21.5 -75.4 4.8
    endloop
  endfacet
  facet normal 0 -1 0
    outer loop
      vertex 32 -75.4 4.8
      vertex 49.7 -75.4 8.9
      vertex 28.5 -75.4 4.8
    endloop
  endfacet
  facet normal 0 -1 0
    outer loop
      vertex 39 -75.4 4.8
      vertex 49.7 -75.4 8.9
      vertex 32 -75.4 4.8
    endloop
  endfacet
  facet normal 0 -1 0
    outer loop
      vertex 49.7 -75.4 9.53674e-07
      vertex 39 -75.4 4.8
      vertex 39 -75.4 3.2
    endloop
  endfacet
  facet normal 0 -1 0
    outer loop
      vertex 39 -75.4 4.8
      vertex 49.7 -75.4 9.53674e-07
      vertex 49.7 -75.4 8.9
    endloop
  endfacet
  facet normal 0 -1 0
    outer loop
      vertex 32 -75.4 3.2
      vertex 49.7 -75.4 9.53674e-07
      vertex 39 -75.4 3.2
    endloop
  endfacet
  facet normal -0 0 1
    outer loop
      vertex -2.7 -72.4 8.9
      vertex -1.5 -73.2 8.9
      vertex -1.5 -57.9 8.9
    endloop
  endfacet
  facet normal -0 -0 1
    outer loop
      vertex -2.67433 -72.7916 8.9
      vertex -1.5 -73.2 8.9
      vertex -2.7 -72.4 8.9
    endloop
  endfacet
  facet normal 0 0 1
    outer loop
      vertex -1.5 -73.2 8.9
      vertex -1.82132 -74.5213 8.9
      vertex -1.52628 -74.7801 8.9
    endloop
  endfacet
  facet normal 0 0 1
    outer loop
      vertex -1.5 -73.2 8.9
      vertex -2.08006 -74.2263 8.9
      vertex -1.82132 -74.5213 8.9
    endloop
  endfacet
  facet normal 0 0 1
    outer loop
      vertex -1.5 -73.2 8.9
      vertex -2.29808 -73.9 8.9
      vertex -2.08006 -74.2263 8.9
    endloop
  endfacet
  facet normal 0 0 1
    outer loop
      vertex -1.5 -73.2 8.9
      vertex -2.47164 -73.548 8.9
      vertex -2.29808 -73.9 8.9
    endloop
  endfacet
  facet normal 0 0 1
    outer loop
      vertex -1.5 -73.2 8.9
      vertex -2.59778 -73.1765 8.9
      vertex -2.47164 -73.548 8.9
    endloop
  endfacet
  facet normal 0 0 1
    outer loop
      vertex -2.7 -72.4 8.9
      vertex -1.5 -57.9 8.9
      vertex -2.7 -57.9 8.9
    endloop
  endfacet
  facet normal 0 0 1
    outer loop
      vertex -1.5 -73.2 8.9
      vertex -2.67433 -72.7916 8.9
      vertex -2.59778 -73.1765 8.9
    endloop
  endfacet
  facet normal 0 0 1
    outer loop
      vertex 51.5 0.5 8.9
      vertex 52.7 -0.299999 8.9
      vertex 52.6743 0.0915785 8.9
    endloop
  endfacet
  facet normal 0 0 1
    outer loop
      vertex 52.7 -0.299999 8.9
      vertex 51.5 0.5 8.9
      vertex 52.7 -72.4 8.9
    endloop
  endfacet
  facet normal 0 0 1
    outer loop
      vertex 51.5 0.5 8.9
      vertex 52.6743 0.0915785 8.9
      vertex 52.5978 0.476457 8.9
    endloop
  endfacet
  facet normal 0 0 1
    outer loop
      vertex 51.5 -73.2 8.9
      vertex 52.7 -72.4 8.9
      vertex 51.5 0.5 8.9
    endloop
  endfacet
  facet normal -0 0 1
    outer loop
      vertex 51.5 0.5 8.9
      vertex 52.5978 0.476457 8.9
      vertex 52.4716 0.84805 8.9
    endloop
  endfacet
  facet normal 0 0 1
    outer loop
      vertex 52.7 -72.4 8.9
      vertex 51.5 -73.2 8.9
      vertex 52.6743 -72.7916 8.9
    endloop
  endfacet
  facet normal 0 0 1
    outer loop
      vertex 51.4659 0.758819 8.9
      vertex 52.4716 0.84805 8.9
      vertex 52.2981 1.2 8.9
    endloop
  endfacet
  facet normal 0 0 1
    outer loop
      vertex 52.6743 -72.7916 8.9
      vertex 51.5 -73.2 8.9
      vertex 52.5978 -73.1765 8.9
    endloop
  endfacet
  facet normal 0 0 1
    outer loop
      vertex 51.4239 0.882683 8.9
      vertex 52.2981 1.2 8.9
      vertex 52.0801 1.52628 8.9
    endloop
  endfacet
  facet normal 0 0 1
    outer loop
      vertex 52.5978 -73.1765 8.9
      vertex 51.5 -73.2 8.9
      vertex 52.4716 -73.548 8.9
    endloop
  endfacet
  facet normal 0 0 1
    outer loop
      vertex 51.2934 1.10876 8.9
      vertex 52.0801 1.52628 8.9
      vertex 51.8213 1.82132 8.9
    endloop
  endfacet
  facet normal -0 0 1
    outer loop
      vertex 51.4914 -73.3305 8.9
      vertex 52.4716 -73.548 8.9
      vertex 51.5 -73.2 8.9
    endloop
  endfacet
  facet normal 0 0 1
    outer loop
      vertex 51.1088 1.29335 8.9
      vertex 51.8213 1.82132 8.9
      vertex 51.5263 2.08006 8.9
    endloop
  endfacet
  facet normal -0 0 1
    outer loop
      vertex 51.4659 -73.4588 8.9
      vertex 52.4716 -73.548 8.9
      vertex 51.4914 -73.3305 8.9
    endloop
  endfacet
  facet normal 0 0 1
    outer loop
      vertex 52.4716 -73.548 8.9
      vertex 51.4659 -73.4588 8.9
      vertex 52.2981 -73.9 8.9
    endloop
  endfacet
  facet normal 0 0 1
    outer loop
      vertex 52.4716 0.84805 8.9
      vertex 51.4914 0.630526 8.9
      vertex 51.5 0.5 8.9
    endloop
  endfacet
  facet normal 0 0 1
    outer loop
      vertex 52.4716 0.84805 8.9
      vertex 51.4659 0.758819 8.9
      vertex 51.4914 0.630526 8.9
    endloop
  endfacet
  facet normal 0 0 1
    outer loop
      vertex 52.2981 1.2 8.9
      vertex 51.4239 0.882683 8.9
      vertex 51.4659 0.758819 8.9
    endloop
  endfacet
  facet normal 0 0 1
    outer loop
      vertex 52.0801 1.52628 8.9
      vertex 51.366 1 8.9
      vertex 51.4239 0.882683 8.9
    endloop
  endfacet
  facet normal 0 0 1
    outer loop
      vertex 52.0801 1.52628 8.9
      vertex 51.2934 1.10876 8.9
      vertex 51.366 1 8.9
    endloop
  endfacet
  facet normal 0 0 1
    outer loop
      vertex 51.8213 1.82132 8.9
      vertex 51.2071 1.20711 8.9
      vertex 51.2934 1.10876 8.9
    endloop
  endfacet
  facet normal 0 0 1
    outer loop
      vertex 50.8827 1.42388 8.9
      vertex 51.5263 2.08006 8.9
      vertex 51.2 2.29808 8.9
    endloop
  endfacet
  facet normal 0 0 1
    outer loop
      vertex 51.8213 1.82132 8.9
      vertex 51.1088 1.29335 8.9
      vertex 51.2071 1.20711 8.9
    endloop
  endfacet
  facet normal 0 0 1
    outer loop
      vertex 51.5263 2.08006 8.9
      vertex 51 1.36602 8.9
      vertex 51.1088 1.29335 8.9
    endloop
  endfacet
  facet normal 0 0 1
    outer loop
      vertex 51.5263 2.08006 8.9
      vertex 50.8827 1.42388 8.9
      vertex 51 1.36602 8.9
    endloop
  endfacet
  facet normal 0 0 1
    outer loop
      vertex 50.7588 1.46593 8.9
      vertex 51.2 2.29808 8.9
      vertex 50.848 2.47164 8.9
    endloop
  endfacet
  facet normal 0 0 1
    outer loop
      vertex 51.2 2.29808 8.9
      vertex 50.7588 1.46593 8.9
      vertex 50.8827 1.42388 8.9
    endloop
  endfacet
  facet normal 0 0 1
    outer loop
      vertex 50.848 2.47164 8.9
      vertex 50.6305 1.49144 8.9
      vertex 50.7588 1.46593 8.9
    endloop
  endfacet
  facet normal 0 0 1
    outer loop
      vertex 50.848 2.47164 8.9
      vertex 50.5 1.5 8.9
      vertex 50.6305 1.49144 8.9
    endloop
  endfacet
  facet normal 0 0 1
    outer loop
      vertex 50.4765 2.59778 8.9
      vertex 50.5 1.5 8.9
      vertex 50.848 2.47164 8.9
    endloop
  endfacet
  facet normal 0 0 1
    outer loop
      vertex 50.0916 2.67433 8.9
      vertex 50.5 1.5 8.9
      vertex 50.4765 2.59778 8.9
    endloop
  endfacet
  facet normal 0 0 1
    outer loop
      vertex 49.7 2.7 8.9
      vertex 50.5 1.5 8.9
      vertex 50.0916 2.67433 8.9
    endloop
  endfacet
  facet normal -0 0 1
    outer loop
      vertex 0.299999 2.7 8.9
      vertex 50.5 1.5 8.9
      vertex 49.7 2.7 8.9
    endloop
  endfacet
  facet normal 0 0 1
    outer loop
      vertex -0.5 1.5 8.9
      vertex 0.299999 2.7 8.9
      vertex -0.0915785 2.67433 8.9
    endloop
  endfacet
  facet normal 0 0 1
    outer loop
      vertex -0.5 1.5 8.9
      vertex -0.0915785 2.67433 8.9
      vertex -0.476457 2.59778 8.9
    endloop
  endfacet
  facet normal 0 0 1
    outer loop
      vertex 0.299999 2.7 8.9
      vertex -0.5 1.5 8.9
      vertex 50.5 1.5 8.9
    endloop
  endfacet
  facet normal -0 0 1
    outer loop
      vertex -0.84805 2.47164 8.9
      vertex -0.5 1.5 8.9
      vertex -0.476457 2.59778 8.9
    endloop
  endfacet
  facet normal 0 0 1
    outer loop
      vertex -0.5 1.5 8.9
      vertex -0.84805 2.47164 8.9
      vertex -0.630526 1.49144 8.9
    endloop
  endfacet
  facet normal 0 0 1
    outer loop
      vertex -0.630526 1.49144 8.9
      vertex -0.84805 2.47164 8.9
      vertex -0.758819 1.46593 8.9
    endloop
  endfacet
  facet normal -0 0 1
    outer loop
      vertex -1.2 2.29808 8.9
      vertex -0.758819 1.46593 8.9
      vertex -0.84805 2.47164 8.9
    endloop
  endfacet
  facet normal 0 0 1
    outer loop
      vertex -0.758819 1.46593 8.9
      vertex -1.2 2.29808 8.9
      vertex -0.882683 1.42388 8.9
    endloop
  endfacet
  facet normal -0 0 1
    outer loop
      vertex -1.52628 2.08006 8.9
      vertex -0.882683 1.42388 8.9
      vertex -1.2 2.29808 8.9
    endloop
  endfacet
  facet normal 0 0 1
    outer loop
      vertex -0.882683 1.42388 8.9
      vertex -1.52628 2.08006 8.9
      vertex -1 1.36602 8.9
    endloop
  endfacet
  facet normal 0 0 1
    outer loop
      vertex -1 1.36602 8.9
      vertex -1.52628 2.08006 8.9
      vertex -1.10876 1.29335 8.9
    endloop
  endfacet
  facet normal -0 0 1
    outer loop
      vertex -1.82132 1.82132 8.9
      vertex -1.10876 1.29335 8.9
      vertex -1.52628 2.08006 8.9
    endloop
  endfacet
  facet normal 0 0 1
    outer loop
      vertex -1.10876 1.29335 8.9
      vertex -1.82132 1.82132 8.9
      vertex -1.20711 1.20711 8.9
    endloop
  endfacet
  facet normal 0 0 1
    outer loop
      vertex -1.20711 1.20711 8.9
      vertex -1.82132 1.82132 8.9
      vertex -1.29335 1.10876 8.9
    endloop
  endfacet
  facet normal -0 0 1
    outer loop
      vertex -2.08006 1.52628 8.9
      vertex -1.29335 1.10876 8.9
      vertex -1.82132 1.82132 8.9
    endloop
  endfacet
  facet normal 0 0 1
    outer loop
      vertex -1.29335 1.10876 8.9
      vertex -2.08006 1.52628 8.9
      vertex -1.36602 1 8.9
    endloop
  endfacet
  facet normal 0 0 1
    outer loop
      vertex -1.36602 1 8.9
      vertex -2.08006 1.52628 8.9
      vertex -1.42388 0.882683 8.9
    endloop
  endfacet
  facet normal -0 0 1
    outer loop
      vertex -2.29808 1.2 8.9
      vertex -1.42388 0.882683 8.9
      vertex -2.08006 1.52628 8.9
    endloop
  endfacet
  facet normal 0 0 1
    outer loop
      vertex -1.42388 0.882683 8.9
      vertex -2.29808 1.2 8.9
      vertex -1.46593 0.758819 8.9
    endloop
  endfacet
  facet normal -0 0 1
    outer loop
      vertex -2.47164 0.84805 8.9
      vertex -1.46593 0.758819 8.9
      vertex -2.29808 1.2 8.9
    endloop
  endfacet
  facet normal 0 0 1
    outer loop
      vertex -1.46593 0.758819 8.9
      vertex -2.47164 0.84805 8.9
      vertex -1.49144 0.630526 8.9
    endloop
  endfacet
  facet normal 0 0 1
    outer loop
      vertex -1.49144 0.630526 8.9
      vertex -2.47164 0.84805 8.9
      vertex -1.5 0.5 8.9
    endloop
  endfacet
  facet normal 0 0 1
    outer loop
      vertex -2.59778 0.476457 8.9
      vertex -1.5 0.5 8.9
      vertex -2.47164 0.84805 8.9
    endloop
  endfacet
  facet normal 0 0 1
    outer loop
      vertex -2.67433 0.0915785 8.9
      vertex -1.5 0.5 8.9
      vertex -2.59778 0.476457 8.9
    endloop
  endfacet
  facet normal 0 0 1
    outer loop
      vertex -1.5 0.5 8.9
      vertex -2.67433 0.0915785 8.9
      vertex -2.7 -0.299999 8.9
    endloop
  endfacet
  facet normal 0 0 1
    outer loop
      vertex -1.5 0.5 8.9
      vertex -2.7 -0.299999 8.9
      vertex -1.5 -42.2 8.9
    endloop
  endfacet
  facet normal 0 0 1
    outer loop
      vertex -1.5 -42.2 8.9
      vertex -2.7 -0.299999 8.9
      vertex -2.7 -42.2 8.9
    endloop
  endfacet
  facet normal -0 0 1
    outer loop
      vertex 51.4239 -73.5827 8.9
      vertex 52.2981 -73.9 8.9
      vertex 51.4659 -73.4588 8.9
    endloop
  endfacet
  facet normal 0 0 1
    outer loop
      vertex 52.2981 -73.9 8.9
      vertex 51.4239 -73.5827 8.9
      vertex 52.0801 -74.2263 8.9
    endloop
  endfacet
  facet normal -0 0 1
    outer loop
      vertex 51.366 -73.7 8.9
      vertex 52.0801 -74.2263 8.9
      vertex 51.4239 -73.5827 8.9
    endloop
  endfacet
  facet normal -0 0 1
    outer loop
      vertex 51.2934 -73.8088 8.9
      vertex 52.0801 -74.2263 8.9
      vertex 51.366 -73.7 8.9
    endloop
  endfacet
  facet normal 0 0 1
    outer loop
      vertex 52.0801 -74.2263 8.9
      vertex 51.2934 -73.8088 8.9
      vertex 51.8213 -74.5213 8.9
    endloop
  endfacet
  facet normal -0 0 1
    outer loop
      vertex 51.2071 -73.9071 8.9
      vertex 51.8213 -74.5213 8.9
      vertex 51.2934 -73.8088 8.9
    endloop
  endfacet
  facet normal -0 0 1
    outer loop
      vertex 51.1088 -73.9934 8.9
      vertex 51.8213 -74.5213 8.9
      vertex 51.2071 -73.9071 8.9
    endloop
  endfacet
  facet normal 0 0 1
    outer loop
      vertex 51.8213 -74.5213 8.9
      vertex 51.1088 -73.9934 8.9
      vertex 51.5263 -74.7801 8.9
    endloop
  endfacet
  facet normal -0 0 1
    outer loop
      vertex 51 -74.066 8.9
      vertex 51.5263 -74.7801 8.9
      vertex 51.1088 -73.9934 8.9
    endloop
  endfacet
  facet normal -0 0 1
    outer loop
      vertex 50.8827 -74.1239 8.9
      vertex 51.5263 -74.7801 8.9
      vertex 51 -74.066 8.9
    endloop
  endfacet
  facet normal 0 0 1
    outer loop
      vertex 51.5263 -74.7801 8.9
      vertex 50.8827 -74.1239 8.9
      vertex 51.2 -74.9981 8.9
    endloop
  endfacet
  facet normal -0 0 1
    outer loop
      vertex 50.7588 -74.1659 8.9
      vertex 51.2 -74.9981 8.9
      vertex 50.8827 -74.1239 8.9
    endloop
  endfacet
  facet normal 0 0 1
    outer loop
      vertex 51.2 -74.9981 8.9
      vertex 50.7588 -74.1659 8.9
      vertex 50.848 -75.1716 8.9
    endloop
  endfacet
  facet normal -0 0 1
    outer loop
      vertex 50.6305 -74.1914 8.9
      vertex 50.848 -75.1716 8.9
      vertex 50.7588 -74.1659 8.9
    endloop
  endfacet
  facet normal -0 0 1
    outer loop
      vertex 50.5 -74.2 8.9
      vertex 50.848 -75.1716 8.9
      vertex 50.6305 -74.1914 8.9
    endloop
  endfacet
  facet normal 0 0 1
    outer loop
      vertex 50.5 -74.2 8.9
      vertex 50.4765 -75.2978 8.9
      vertex 50.848 -75.1716 8.9
    endloop
  endfacet
  facet normal 0 0 1
    outer loop
      vertex 50.5 -74.2 8.9
      vertex 50.0916 -75.3743 8.9
      vertex 50.4765 -75.2978 8.9
    endloop
  endfacet
  facet normal 0 0 1
    outer loop
      vertex 50.5 -74.2 8.9
      vertex 49.7 -75.4 8.9
      vertex 50.0916 -75.3743 8.9
    endloop
  endfacet
  facet normal 0 0 1
    outer loop
      vertex 50.5 -74.2 8.9
      vertex 0.299999 -75.4 8.9
      vertex 49.7 -75.4 8.9
    endloop
  endfacet
  facet normal -0 0 1
    outer loop
      vertex -0.5 -74.2 8.9
      vertex 0.299999 -75.4 8.9
      vertex 50.5 -74.2 8.9
    endloop
  endfacet
  facet normal 0 0 1
    outer loop
      vertex 0.299999 -75.4 8.9
      vertex -0.5 -74.2 8.9
      vertex -0.0915785 -75.3743 8.9
    endloop
  endfacet
  facet normal 0 0 1
    outer loop
      vertex -0.0915785 -75.3743 8.9
      vertex -0.5 -74.2 8.9
      vertex -0.476457 -75.2978 8.9
    endloop
  endfacet
  facet normal 0 0 1
    outer loop
      vertex -0.84805 -75.1716 8.9
      vertex -0.5 -74.2 8.9
      vertex -0.630526 -74.1914 8.9
    endloop
  endfacet
  facet normal 0 0 1
    outer loop
      vertex -0.84805 -75.1716 8.9
      vertex -0.630526 -74.1914 8.9
      vertex -0.758819 -74.1659 8.9
    endloop
  endfacet
  facet normal 0 0 1
    outer loop
      vertex -0.5 -74.2 8.9
      vertex -0.84805 -75.1716 8.9
      vertex -0.476457 -75.2978 8.9
    endloop
  endfacet
  facet normal 0 0 1
    outer loop
      vertex -1.2 -74.9981 8.9
      vertex -0.758819 -74.1659 8.9
      vertex -0.882683 -74.1239 8.9
    endloop
  endfacet
  facet normal 0 0 1
    outer loop
      vertex -1.52628 -74.7801 8.9
      vertex -0.882683 -74.1239 8.9
      vertex -1 -74.066 8.9
    endloop
  endfacet
  facet normal 0 0 1
    outer loop
      vertex -1.52628 -74.7801 8.9
      vertex -1 -74.066 8.9
      vertex -1.10876 -73.9934 8.9
    endloop
  endfacet
  facet normal 0 0 1
    outer loop
      vertex -0.758819 -74.1659 8.9
      vertex -1.2 -74.9981 8.9
      vertex -0.84805 -75.1716 8.9
    endloop
  endfacet
  facet normal 0 0 1
    outer loop
      vertex -1.52628 -74.7801 8.9
      vertex -1.10876 -73.9934 8.9
      vertex -1.20711 -73.9071 8.9
    endloop
  endfacet
  facet normal 0 0 1
    outer loop
      vertex -1.52628 -74.7801 8.9
      vertex -1.20711 -73.9071 8.9
      vertex -1.29335 -73.8088 8.9
    endloop
  endfacet
  facet normal 0 0 1
    outer loop
      vertex -1.52628 -74.7801 8.9
      vertex -1.29335 -73.8088 8.9
      vertex -1.36602 -73.7 8.9
    endloop
  endfacet
  facet normal 0 0 1
    outer loop
      vertex -1.52628 -74.7801 8.9
      vertex -1.36602 -73.7 8.9
      vertex -1.42388 -73.5827 8.9
    endloop
  endfacet
  facet normal 0 0 1
    outer loop
      vertex -1.52628 -74.7801 8.9
      vertex -1.42388 -73.5827 8.9
      vertex -1.46593 -73.4588 8.9
    endloop
  endfacet
  facet normal 0 0 1
    outer loop
      vertex -1.52628 -74.7801 8.9
      vertex -1.46593 -73.4588 8.9
      vertex -1.49144 -73.3305 8.9
    endloop
  endfacet
  facet normal 0 0 1
    outer loop
      vertex -0.882683 -74.1239 8.9
      vertex -1.52628 -74.7801 8.9
      vertex -1.2 -74.9981 8.9
    endloop
  endfacet
  facet normal 0 0 1
    outer loop
      vertex -1.52628 -74.7801 8.9
      vertex -1.49144 -73.3305 8.9
      vertex -1.5 -73.2 8.9
    endloop
  endfacet
  facet normal -0 0 1
    outer loop
      vertex -2.7 -54.2 8.9
      vertex -1.5 -54.3 8.9
      vertex -1.5 -54.2 8.9
    endloop
  endfacet
  facet normal 0 0 1
    outer loop
      vertex -1.5 -54.3 8.9
      vertex -2.7 -54.2 8.9
      vertex -2.7 -54.3 8.9
    endloop
  endfacet
  facet normal -0.997858 0.0654149 0
    outer loop
      vertex -2.7 -0.299999 9.53674e-07
      vertex -2.67433 0.0915785 8.9
      vertex -2.67433 0.0915785 9.53674e-07
    endloop
  endfacet
  facet normal -0.997858 0.0654149 0
    outer loop
      vertex -2.67433 0.0915785 8.9
      vertex -2.7 -0.299999 9.53674e-07
      vertex -2.7 -0.299999 8.9
    endloop
  endfacet
  facet normal -0.0654911 -0.997853 0
    outer loop
      vertex -0.0915785 -75.3743 9.53674e-07
      vertex 0.299999 -75.4 8.9
      vertex -0.0915785 -75.3743 8.9
    endloop
  endfacet
  facet normal -0.0654911 -0.997853 -0
    outer loop
      vertex 0.299999 -75.4 8.9
      vertex -0.0915785 -75.3743 9.53674e-07
      vertex 0.299999 -75.4 9.53674e-07
    endloop
  endfacet
  facet normal -0.980789 0.195073 0
    outer loop
      vertex -2.67433 0.0915785 9.53674e-07
      vertex -2.59778 0.476457 8.9
      vertex -2.59778 0.476457 9.53674e-07
    endloop
  endfacet
  facet normal -0.980789 0.195073 0
    outer loop
      vertex -2.59778 0.476457 8.9
      vertex -2.67433 0.0915785 9.53674e-07
      vertex -2.67433 0.0915785 8.9
    endloop
  endfacet
  facet normal -0.321442 0.946929 0
    outer loop
      vertex -0.476457 2.59778 9.53674e-07
      vertex -0.84805 2.47164 8.9
      vertex -0.476457 2.59778 8.9
    endloop
  endfacet
  facet normal -0.321442 0.946929 0
    outer loop
      vertex -0.84805 2.47164 8.9
      vertex -0.476457 2.59778 9.53674e-07
      vertex -0.84805 2.47164 9.53674e-07
    endloop
  endfacet
  facet normal -0.442283 0.896875 0
    outer loop
      vertex -0.84805 2.47164 9.53674e-07
      vertex -1.2 2.29808 8.9
      vertex -0.84805 2.47164 8.9
    endloop
  endfacet
  facet normal -0.442283 0.896875 0
    outer loop
      vertex -1.2 2.29808 8.9
      vertex -0.84805 2.47164 9.53674e-07
      vertex -1.2 2.29808 9.53674e-07
    endloop
  endfacet
  facet normal -0.946905 -0.321514 0
    outer loop
      vertex -2.47164 -73.548 9.53674e-07
      vertex -2.59778 -73.1765 8.9
      vertex -2.59778 -73.1765 9.53674e-07
    endloop
  endfacet
  facet normal -0.946905 -0.321514 0
    outer loop
      vertex -2.59778 -73.1765 8.9
      vertex -2.47164 -73.548 9.53674e-07
      vertex -2.47164 -73.548 8.9
    endloop
  endfacet
  facet normal -0.8969 -0.442233 0
    outer loop
      vertex -2.29808 -73.9 9.53674e-07
      vertex -2.47164 -73.548 8.9
      vertex -2.47164 -73.548 9.53674e-07
    endloop
  endfacet
  facet normal -0.8969 -0.442233 0
    outer loop
      vertex -2.47164 -73.548 8.9
      vertex -2.29808 -73.9 9.53674e-07
      vertex -2.29808 -73.9 8.9
    endloop
  endfacet
  facet normal -0.896875 0.442283 0
    outer loop
      vertex -2.47164 0.84805 9.53674e-07
      vertex -2.29808 1.2 8.9
      vertex -2.29808 1.2 9.53674e-07
    endloop
  endfacet
  facet normal -0.896875 0.442283 0
    outer loop
      vertex -2.29808 1.2 8.9
      vertex -2.47164 0.84805 9.53674e-07
      vertex -2.47164 0.84805 8.9
    endloop
  endfacet
  facet normal -0.946929 0.321442 0
    outer loop
      vertex -2.59778 0.476457 9.53674e-07
      vertex -2.47164 0.84805 8.9
      vertex -2.47164 0.84805 9.53674e-07
    endloop
  endfacet
  facet normal -0.946929 0.321442 0
    outer loop
      vertex -2.47164 0.84805 8.9
      vertex -2.59778 0.476457 9.53674e-07
      vertex -2.59778 0.476457 8.9
    endloop
  endfacet
  facet normal -0.659341 0.751844 0
    outer loop
      vertex -1.52628 2.08006 9.53674e-07
      vertex -1.82132 1.82132 8.9
      vertex -1.52628 2.08006 8.9
    endloop
  endfacet
  facet normal -0.659341 0.751844 0
    outer loop
      vertex -1.82132 1.82132 8.9
      vertex -1.52628 2.08006 9.53674e-07
      vertex -1.82132 1.82132 9.53674e-07
    endloop
  endfacet
  facet normal -0.751844 0.659341 0
    outer loop
      vertex -2.08006 1.52628 9.53674e-07
      vertex -1.82132 1.82132 8.9
      vertex -1.82132 1.82132 9.53674e-07
    endloop
  endfacet
  facet normal -0.751844 0.659341 0
    outer loop
      vertex -1.82132 1.82132 8.9
      vertex -2.08006 1.52628 9.53674e-07
      vertex -2.08006 1.52628 8.9
    endloop
  endfacet
  facet normal 0.980813 0.19495 0
    outer loop
      vertex 52.6743 0.0915785 8.9
      vertex 52.5978 0.476457 9.53674e-07
      vertex 52.5978 0.476457 8.9
    endloop
  endfacet
  facet normal 0.980813 0.19495 0
    outer loop
      vertex 52.5978 0.476457 9.53674e-07
      vertex 52.6743 0.0915785 8.9
      vertex 52.6743 0.0915785 9.53674e-07
    endloop
  endfacet
  facet normal -0.997858 -0.0654112 0
    outer loop
      vertex -2.67433 -72.7916 9.53674e-07
      vertex -2.7 -72.4 8.9
      vertex -2.7 -72.4 9.53674e-07
    endloop
  endfacet
  facet normal -0.997858 -0.0654112 0
    outer loop
      vertex -2.7 -72.4 8.9
      vertex -2.67433 -72.7916 9.53674e-07
      vertex -2.67433 -72.7916 8.9
    endloop
  endfacet
  facet normal 0.0654873 -0.997853 0
    outer loop
      vertex 49.7 -75.4 9.53674e-07
      vertex 50.0916 -75.3743 8.9
      vertex 49.7 -75.4 8.9
    endloop
  endfacet
  facet normal 0.0654873 -0.997853 0
    outer loop
      vertex 50.0916 -75.3743 8.9
      vertex 49.7 -75.4 9.53674e-07
      vertex 50.0916 -75.3743 9.53674e-07
    endloop
  endfacet
  facet normal -0.980791 -0.195062 0
    outer loop
      vertex -2.59778 -73.1765 9.53674e-07
      vertex -2.67433 -72.7916 8.9
      vertex -2.67433 -72.7916 9.53674e-07
    endloop
  endfacet
  facet normal -0.980791 -0.195062 0
    outer loop
      vertex -2.67433 -72.7916 8.9
      vertex -2.59778 -73.1765 9.53674e-07
      vertex -2.59778 -73.1765 8.9
    endloop
  endfacet
  facet normal -0.751799 -0.659392 0
    outer loop
      vertex -1.82132 -74.5213 9.53674e-07
      vertex -2.08006 -74.2263 8.9
      vertex -2.08006 -74.2263 9.53674e-07
    endloop
  endfacet
  facet normal -0.751799 -0.659392 0
    outer loop
      vertex -2.08006 -74.2263 8.9
      vertex -1.82132 -74.5213 9.53674e-07
      vertex -1.82132 -74.5213 8.9
    endloop
  endfacet
  facet normal -0.321579 -0.946883 0
    outer loop
      vertex -0.84805 -75.1716 9.53674e-07
      vertex -0.476457 -75.2978 8.9
      vertex -0.84805 -75.1716 8.9
    endloop
  endfacet
  facet normal -0.321579 -0.946883 -0
    outer loop
      vertex -0.476457 -75.2978 8.9
      vertex -0.84805 -75.1716 9.53674e-07
      vertex -0.476457 -75.2978 9.53674e-07
    endloop
  endfacet
  facet normal -0.659428 -0.751768 0
    outer loop
      vertex -1.82132 -74.5213 9.53674e-07
      vertex -1.52628 -74.7801 8.9
      vertex -1.82132 -74.5213 8.9
    endloop
  endfacet
  facet normal -0.659428 -0.751768 -0
    outer loop
      vertex -1.52628 -74.7801 8.9
      vertex -1.82132 -74.5213 9.53674e-07
      vertex -1.52628 -74.7801 9.53674e-07
    endloop
  endfacet
  facet normal 0.0654112 0.997858 -0
    outer loop
      vertex 50.0916 2.67433 9.53674e-07
      vertex 49.7 2.7 8.9
      vertex 50.0916 2.67433 8.9
    endloop
  endfacet
  facet normal 0.0654112 0.997858 0
    outer loop
      vertex 49.7 2.7 8.9
      vertex 50.0916 2.67433 9.53674e-07
      vertex 49.7 2.7 9.53674e-07
    endloop
  endfacet
  facet normal 0.997853 -0.0654873 0
    outer loop
      vertex 52.6743 -72.7916 8.9
      vertex 52.7 -72.4 9.53674e-07
      vertex 52.7 -72.4 8.9
    endloop
  endfacet
  facet normal 0.997853 -0.0654873 0
    outer loop
      vertex 52.7 -72.4 9.53674e-07
      vertex 52.6743 -72.7916 8.9
      vertex 52.6743 -72.7916 9.53674e-07
    endloop
  endfacet
  facet normal 0.321651 -0.946858 0
    outer loop
      vertex 50.4765 -75.2978 9.53674e-07
      vertex 50.848 -75.1716 8.9
      vertex 50.4765 -75.2978 8.9
    endloop
  endfacet
  facet normal 0.321651 -0.946858 0
    outer loop
      vertex 50.848 -75.1716 8.9
      vertex 50.4765 -75.2978 9.53674e-07
      vertex 50.848 -75.1716 9.53674e-07
    endloop
  endfacet
  facet normal 0.19494 -0.980815 0
    outer loop
      vertex 50.0916 -75.3743 9.53674e-07
      vertex 50.4765 -75.2978 8.9
      vertex 50.0916 -75.3743 8.9
    endloop
  endfacet
  facet normal 0.19494 -0.980815 0
    outer loop
      vertex 50.4765 -75.2978 8.9
      vertex 50.0916 -75.3743 9.53674e-07
      vertex 50.4765 -75.2978 9.53674e-07
    endloop
  endfacet
  facet normal 0.44211 -0.896961 0
    outer loop
      vertex 50.848 -75.1716 9.53674e-07
      vertex 51.2 -74.9981 8.9
      vertex 50.848 -75.1716 8.9
    endloop
  endfacet
  facet normal 0.44211 -0.896961 0
    outer loop
      vertex 51.2 -74.9981 8.9
      vertex 50.848 -75.1716 9.53674e-07
      vertex 51.2 -74.9981 9.53674e-07
    endloop
  endfacet
  facet normal -0.831477 -0.555558 0
    outer loop
      vertex -2.08006 -74.2263 9.53674e-07
      vertex -2.29808 -73.9 8.9
      vertex -2.29808 -73.9 9.53674e-07
    endloop
  endfacet
  facet normal -0.831477 -0.555558 0
    outer loop
      vertex -2.29808 -73.9 8.9
      vertex -2.08006 -74.2263 9.53674e-07
      vertex -2.08006 -74.2263 8.9
    endloop
  endfacet
  facet normal -0.19495 -0.980813 0
    outer loop
      vertex -0.476457 -75.2978 9.53674e-07
      vertex -0.0915785 -75.3743 8.9
      vertex -0.476457 -75.2978 8.9
    endloop
  endfacet
  facet normal -0.19495 -0.980813 -0
    outer loop
      vertex -0.0915785 -75.3743 8.9
      vertex -0.476457 -75.2978 9.53674e-07
      vertex -0.0915785 -75.3743 9.53674e-07
    endloop
  endfacet
  facet normal -0.555547 -0.831485 0
    outer loop
      vertex -1.52628 -74.7801 9.53674e-07
      vertex -1.2 -74.9981 8.9
      vertex -1.52628 -74.7801 8.9
    endloop
  endfacet
  facet normal -0.555547 -0.831485 -0
    outer loop
      vertex -1.2 -74.9981 8.9
      vertex -1.52628 -74.7801 9.53674e-07
      vertex -1.2 -74.9981 9.53674e-07
    endloop
  endfacet
  facet normal -0.44216 -0.896936 0
    outer loop
      vertex -1.2 -74.9981 9.53674e-07
      vertex -0.84805 -75.1716 8.9
      vertex -1.2 -74.9981 8.9
    endloop
  endfacet
  facet normal -0.44216 -0.896936 -0
    outer loop
      vertex -0.84805 -75.1716 8.9
      vertex -1.2 -74.9981 9.53674e-07
      vertex -0.84805 -75.1716 9.53674e-07
    endloop
  endfacet
  facet normal 0.997853 0.0654911 0
    outer loop
      vertex 52.7 -0.299999 8.9
      vertex 52.6743 0.0915785 9.53674e-07
      vertex 52.6743 0.0915785 8.9
    endloop
  endfacet
  facet normal 0.997853 0.0654911 0
    outer loop
      vertex 52.6743 0.0915785 9.53674e-07
      vertex 52.7 -0.299999 8.9
      vertex 52.7 -0.299999 9.53674e-07
    endloop
  endfacet
  facet normal 0.321514 0.946905 -0
    outer loop
      vertex 50.848 2.47164 9.53674e-07
      vertex 50.4765 2.59778 8.9
      vertex 50.848 2.47164 8.9
    endloop
  endfacet
  facet normal 0.321514 0.946905 0
    outer loop
      vertex 50.4765 2.59778 8.9
      vertex 50.848 2.47164 9.53674e-07
      vertex 50.4765 2.59778 9.53674e-07
    endloop
  endfacet
  facet normal 0.195062 0.980791 -0
    outer loop
      vertex 50.4765 2.59778 9.53674e-07
      vertex 50.0916 2.67433 8.9
      vertex 50.4765 2.59778 8.9
    endloop
  endfacet
  facet normal 0.195062 0.980791 0
    outer loop
      vertex 50.0916 2.67433 8.9
      vertex 50.4765 2.59778 9.53674e-07
      vertex 50.0916 2.67433 9.53674e-07
    endloop
  endfacet
  facet normal 0.946858 -0.321651 0
    outer loop
      vertex 52.4716 -73.548 8.9
      vertex 52.5978 -73.1765 9.53674e-07
      vertex 52.5978 -73.1765 8.9
    endloop
  endfacet
  facet normal 0.946858 -0.321651 0
    outer loop
      vertex 52.5978 -73.1765 9.53674e-07
      vertex 52.4716 -73.548 8.9
      vertex 52.4716 -73.548 9.53674e-07
    endloop
  endfacet
  facet normal 0.831501 -0.555523 0
    outer loop
      vertex 52.0801 -74.2263 8.9
      vertex 52.2981 -73.9 9.53674e-07
      vertex 52.2981 -73.9 8.9
    endloop
  endfacet
  facet normal 0.831501 -0.555523 0
    outer loop
      vertex 52.2981 -73.9 9.53674e-07
      vertex 52.0801 -74.2263 8.9
      vertex 52.0801 -74.2263 9.53674e-07
    endloop
  endfacet
  facet normal 0.946883 0.321579 0
    outer loop
      vertex 52.5978 0.476457 8.9
      vertex 52.4716 0.84805 9.53674e-07
      vertex 52.4716 0.84805 8.9
    endloop
  endfacet
  facet normal 0.946883 0.321579 0
    outer loop
      vertex 52.4716 0.84805 9.53674e-07
      vertex 52.5978 0.476457 8.9
      vertex 52.5978 0.476457 9.53674e-07
    endloop
  endfacet
  facet normal 0.896936 0.44216 0
    outer loop
      vertex 52.4716 0.84805 8.9
      vertex 52.2981 1.2 9.53674e-07
      vertex 52.2981 1.2 8.9
    endloop
  endfacet
  facet normal 0.896936 0.44216 0
    outer loop
      vertex 52.2981 1.2 9.53674e-07
      vertex 52.4716 0.84805 8.9
      vertex 52.4716 0.84805 9.53674e-07
    endloop
  endfacet
  facet normal 0.555558 0.831477 -0
    outer loop
      vertex 51.5263 2.08006 9.53674e-07
      vertex 51.2 2.29808 8.9
      vertex 51.5263 2.08006 8.9
    endloop
  endfacet
  facet normal 0.555558 0.831477 0
    outer loop
      vertex 51.2 2.29808 8.9
      vertex 51.5263 2.08006 9.53674e-07
      vertex 51.2 2.29808 9.53674e-07
    endloop
  endfacet
  facet normal 0.751768 0.659428 0
    outer loop
      vertex 52.0801 1.52628 8.9
      vertex 51.8213 1.82132 9.53674e-07
      vertex 51.8213 1.82132 8.9
    endloop
  endfacet
  facet normal 0.751768 0.659428 0
    outer loop
      vertex 51.8213 1.82132 9.53674e-07
      vertex 52.0801 1.52628 8.9
      vertex 52.0801 1.52628 9.53674e-07
    endloop
  endfacet
  facet normal 0.980815 -0.19494 0
    outer loop
      vertex 52.5978 -73.1765 8.9
      vertex 52.6743 -72.7916 9.53674e-07
      vertex 52.6743 -72.7916 8.9
    endloop
  endfacet
  facet normal 0.980815 -0.19494 0
    outer loop
      vertex 52.6743 -72.7916 9.53674e-07
      vertex 52.5978 -73.1765 8.9
      vertex 52.5978 -73.1765 9.53674e-07
    endloop
  endfacet
  facet normal 0.896961 -0.44211 0
    outer loop
      vertex 52.2981 -73.9 8.9
      vertex 52.4716 -73.548 9.53674e-07
      vertex 52.4716 -73.548 8.9
    endloop
  endfacet
  facet normal 0.896961 -0.44211 0
    outer loop
      vertex 52.4716 -73.548 9.53674e-07
      vertex 52.2981 -73.9 8.9
      vertex 52.2981 -73.9 9.53674e-07
    endloop
  endfacet
  facet normal 0.555523 -0.831501 0
    outer loop
      vertex 51.2 -74.9981 9.53674e-07
      vertex 51.5263 -74.7801 8.9
      vertex 51.2 -74.9981 8.9
    endloop
  endfacet
  facet normal 0.555523 -0.831501 0
    outer loop
      vertex 51.5263 -74.7801 8.9
      vertex 51.2 -74.9981 9.53674e-07
      vertex 51.5263 -74.7801 9.53674e-07
    endloop
  endfacet
  facet normal 0.659478 -0.751724 0
    outer loop
      vertex 51.5263 -74.7801 9.53674e-07
      vertex 51.8213 -74.5213 8.9
      vertex 51.5263 -74.7801 8.9
    endloop
  endfacet
  facet normal 0.659478 -0.751724 0
    outer loop
      vertex 51.8213 -74.5213 8.9
      vertex 51.5263 -74.7801 9.53674e-07
      vertex 51.8213 -74.5213 9.53674e-07
    endloop
  endfacet
  facet normal 0.751724 -0.659478 0
    outer loop
      vertex 51.8213 -74.5213 8.9
      vertex 52.0801 -74.2263 9.53674e-07
      vertex 52.0801 -74.2263 8.9
    endloop
  endfacet
  facet normal 0.751724 -0.659478 0
    outer loop
      vertex 52.0801 -74.2263 9.53674e-07
      vertex 51.8213 -74.5213 8.9
      vertex 51.8213 -74.5213 9.53674e-07
    endloop
  endfacet
  facet normal 0.442233 0.8969 -0
    outer loop
      vertex 51.2 2.29808 9.53674e-07
      vertex 50.848 2.47164 8.9
      vertex 51.2 2.29808 8.9
    endloop
  endfacet
  facet normal 0.442233 0.8969 0
    outer loop
      vertex 50.848 2.47164 8.9
      vertex 51.2 2.29808 9.53674e-07
      vertex 50.848 2.47164 9.53674e-07
    endloop
  endfacet
  facet normal 0.659392 0.751799 -0
    outer loop
      vertex 51.8213 1.82132 9.53674e-07
      vertex 51.5263 2.08006 8.9
      vertex 51.8213 1.82132 8.9
    endloop
  endfacet
  facet normal 0.659392 0.751799 0
    outer loop
      vertex 51.5263 2.08006 8.9
      vertex 51.8213 1.82132 9.53674e-07
      vertex 51.5263 2.08006 9.53674e-07
    endloop
  endfacet
  facet normal 0.831485 0.555547 0
    outer loop
      vertex 52.2981 1.2 8.9
      vertex 52.0801 1.52628 9.53674e-07
      vertex 52.0801 1.52628 8.9
    endloop
  endfacet
  facet normal 0.831485 0.555547 0
    outer loop
      vertex 52.0801 1.52628 9.53674e-07
      vertex 52.2981 1.2 8.9
      vertex 52.2981 1.2 9.53674e-07
    endloop
  endfacet
  facet normal 1 0 0
    outer loop
      vertex -0.299999 -57.9 7.2
      vertex -0.299999 -68.6278 7.2
      vertex -0.299999 -57.9 6.1
    endloop
  endfacet
  facet normal 1 0 0
    outer loop
      vertex -0.299999 -54.3 6.1
      vertex -0.299999 -54.2 7.2
      vertex -0.299999 -54.3 7.2
    endloop
  endfacet
  facet normal 1 0 0
    outer loop
      vertex -0.299999 0.299999 7.2
      vertex -0.299999 -24 4.8
      vertex -0.299999 0.299999 1.6
    endloop
  endfacet
  facet normal 1 -0 0
    outer loop
      vertex -0.299999 -42.2 7.2
      vertex -0.299999 -24 4.8
      vertex -0.299999 0.299999 7.2
    endloop
  endfacet
  facet normal 1 0 0
    outer loop
      vertex -0.299999 -30 4.8
      vertex -0.299999 -32 4.8
      vertex -0.299999 -30 3.2
    endloop
  endfacet
  facet normal 1 0 0
    outer loop
      vertex -0.299999 -24 4.8
      vertex -0.299999 -42.2 7.2
      vertex -0.299999 -30 4.8
    endloop
  endfacet
  facet normal 1 0 0
    outer loop
      vertex -0.299999 -30 4.8
      vertex -0.299999 -42.2 7.2
      vertex -0.299999 -32 4.8
    endloop
  endfacet
  facet normal 1 0 0
    outer loop
      vertex -0.299999 -42.2 3.5
      vertex -0.299999 -38 4.8
      vertex -0.299999 -42.2 7.2
    endloop
  endfacet
  facet normal 1 0 0
    outer loop
      vertex -0.299999 -32 4.8
      vertex -0.299999 -42.2 7.2
      vertex -0.299999 -38 4.8
    endloop
  endfacet
  facet normal 1 -0 0
    outer loop
      vertex -0.299999 -24 3.2
      vertex -0.299999 0.299999 1.6
      vertex -0.299999 -24 4.8
    endloop
  endfacet
  facet normal 1 -0 0
    outer loop
      vertex -0.299999 -30 3.2
      vertex -0.299999 0.299999 1.6
      vertex -0.299999 -24 3.2
    endloop
  endfacet
  facet normal 1 0 0
    outer loop
      vertex -0.299999 -32 3.2
      vertex -0.299999 -30 3.2
      vertex -0.299999 -32 4.8
    endloop
  endfacet
  facet normal 1 -0 0
    outer loop
      vertex -0.299999 -32 3.2
      vertex -0.299999 0.299999 1.6
      vertex -0.299999 -30 3.2
    endloop
  endfacet
  facet normal 1 -0 0
    outer loop
      vertex -0.299999 -38 3.2
      vertex -0.299999 0.299999 1.6
      vertex -0.299999 -32 3.2
    endloop
  endfacet
  facet normal 1 0 0
    outer loop
      vertex -0.299999 -38 4.8
      vertex -0.299999 -42.2 3.5
      vertex -0.299999 -38 3.2
    endloop
  endfacet
  facet normal 1 -0 0
    outer loop
      vertex -0.299999 -54.2 3.5
      vertex -0.299999 -38 3.2
      vertex -0.299999 -42.2 3.5
    endloop
  endfacet
  facet normal 1 0 0
    outer loop
      vertex -0.299999 -68.6278 1.6
      vertex -0.299999 -38 3.2
      vertex -0.299999 -54.2 3.5
    endloop
  endfacet
  facet normal 1 0 0
    outer loop
      vertex -0.299999 -54.2 7.2
      vertex -0.299999 -54.3 6.1
      vertex -0.299999 -54.2 3.5
    endloop
  endfacet
  facet normal 1 -0 0
    outer loop
      vertex -0.299999 -57.9 6.1
      vertex -0.299999 -54.2 3.5
      vertex -0.299999 -54.3 6.1
    endloop
  endfacet
  facet normal 1 0 0
    outer loop
      vertex -0.299999 -68.6278 1.6
      vertex -0.299999 -57.9 6.1
      vertex -0.299999 -68.6278 7.2
    endloop
  endfacet
  facet normal 1 0 0
    outer loop
      vertex -0.299999 -38 3.2
      vertex -0.299999 -68.6278 1.6
      vertex -0.299999 0.299999 1.6
    endloop
  endfacet
  facet normal 1 0 0
    outer loop
      vertex -0.299999 -57.9 6.1
      vertex -0.299999 -68.6278 1.6
      vertex -0.299999 -54.2 3.5
    endloop
  endfacet
  facet normal 1 -0 0
    outer loop
      vertex -0.299999 -73 7.2
      vertex -0.299999 -72.3722 1.6
      vertex -0.299999 -72.3722 7.2
    endloop
  endfacet
  facet normal 1 0 0
    outer loop
      vertex -0.299999 -72.3722 1.6
      vertex -0.299999 -73 7.2
      vertex -0.299999 -73 1.6
    endloop
  endfacet
  facet normal -0 0 1
    outer loop
      vertex 48.2829 -10.6611 1.6
      vertex 48.3 -18.2 1.6
      vertex 48.3 -10.4 1.6
    endloop
  endfacet
  facet normal 0 0 1
    outer loop
      vertex 48.2829 -10.6611 1.6
      vertex 48.2829 -17.9389 1.6
      vertex 48.3 -18.2 1.6
    endloop
  endfacet
  facet normal -0 0 1
    outer loop
      vertex 48.2318 -10.9176 1.6
      vertex 48.2829 -17.9389 1.6
      vertex 48.2829 -10.6611 1.6
    endloop
  endfacet
  facet normal 0 0 1
    outer loop
      vertex 48.2318 -10.9176 1.6
      vertex 48.2318 -17.6824 1.6
      vertex 48.2829 -17.9389 1.6
    endloop
  endfacet
  facet normal -0 0 1
    outer loop
      vertex 48.1478 -11.1654 1.6
      vertex 48.2318 -17.6824 1.6
      vertex 48.2318 -10.9176 1.6
    endloop
  endfacet
  facet normal 0 0 1
    outer loop
      vertex 48.1478 -11.1654 1.6
      vertex 48.1478 -17.4346 1.6
      vertex 48.2318 -17.6824 1.6
    endloop
  endfacet
  facet normal -0 0 1
    outer loop
      vertex 48.0321 -11.4 1.6
      vertex 48.1478 -17.4346 1.6
      vertex 48.1478 -11.1654 1.6
    endloop
  endfacet
  facet normal 0 0 1
    outer loop
      vertex 48.0321 -11.4 1.6
      vertex 48.0321 -17.2 1.6
      vertex 48.1478 -17.4346 1.6
    endloop
  endfacet
  facet normal -0 0 1
    outer loop
      vertex 47.8867 -11.6175 1.6
      vertex 48.0321 -17.2 1.6
      vertex 48.0321 -11.4 1.6
    endloop
  endfacet
  facet normal 0 0 1
    outer loop
      vertex 47.8867 -11.6175 1.6
      vertex 47.8867 -16.9825 1.6
      vertex 48.0321 -17.2 1.6
    endloop
  endfacet
  facet normal -0 0 1
    outer loop
      vertex 47.7142 -11.8142 1.6
      vertex 47.8867 -16.9825 1.6
      vertex 47.8867 -11.6175 1.6
    endloop
  endfacet
  facet normal 0 0 1
    outer loop
      vertex 47.7142 -11.8142 1.6
      vertex 47.7142 -16.7858 1.6
      vertex 47.8867 -16.9825 1.6
    endloop
  endfacet
  facet normal -0 0 1
    outer loop
      vertex 47.5175 -11.9867 1.6
      vertex 47.7142 -16.7858 1.6
      vertex 47.7142 -11.8142 1.6
    endloop
  endfacet
  facet normal 0 0 1
    outer loop
      vertex 47.5175 -11.9867 1.6
      vertex 47.5175 -16.6133 1.6
      vertex 47.7142 -16.7858 1.6
    endloop
  endfacet
  facet normal -0 0 1
    outer loop
      vertex 47.3 -12.1321 1.6
      vertex 47.5175 -16.6133 1.6
      vertex 47.5175 -11.9867 1.6
    endloop
  endfacet
  facet normal 0 0 1
    outer loop
      vertex 47.3 -12.1321 1.6
      vertex 47.3 -16.4679 1.6
      vertex 47.5175 -16.6133 1.6
    endloop
  endfacet
  facet normal -0 0 1
    outer loop
      vertex 47.0654 -12.2478 1.6
      vertex 47.3 -16.4679 1.6
      vertex 47.3 -12.1321 1.6
    endloop
  endfacet
  facet normal 0 0 1
    outer loop
      vertex 47.0654 -12.2478 1.6
      vertex 47.0654 -16.3522 1.6
      vertex 47.3 -16.4679 1.6
    endloop
  endfacet
  facet normal -0 0 1
    outer loop
      vertex 46.8176 -12.3319 1.6
      vertex 47.0654 -16.3522 1.6
      vertex 47.0654 -12.2478 1.6
    endloop
  endfacet
  facet normal 0 0 1
    outer loop
      vertex 46.8176 -12.3319 1.6
      vertex 46.8176 -16.2681 1.6
      vertex 47.0654 -16.3522 1.6
    endloop
  endfacet
  facet normal -0 0 1
    outer loop
      vertex 46.5611 -12.3829 1.6
      vertex 46.8176 -16.2681 1.6
      vertex 46.8176 -12.3319 1.6
    endloop
  endfacet
  facet normal 0 0 1
    outer loop
      vertex 46.5611 -12.3829 1.6
      vertex 46.5611 -16.2171 1.6
      vertex 46.8176 -16.2681 1.6
    endloop
  endfacet
  facet normal -0 0 1
    outer loop
      vertex 46.3 -12.4 1.6
      vertex 46.5611 -16.2171 1.6
      vertex 46.5611 -12.3829 1.6
    endloop
  endfacet
  facet normal 0 0 1
    outer loop
      vertex 46.3 -12.4 1.6
      vertex 46.3 -16.2 1.6
      vertex 46.5611 -16.2171 1.6
    endloop
  endfacet
  facet normal 0 0 1
    outer loop
      vertex 46.0389 -12.3829 1.6
      vertex 46.3 -16.2 1.6
      vertex 46.3 -12.4 1.6
    endloop
  endfacet
  facet normal 0 0 1
    outer loop
      vertex 46.0389 -12.3829 1.6
      vertex 46.0389 -16.2171 1.6
      vertex 46.3 -16.2 1.6
    endloop
  endfacet
  facet normal 0 0 1
    outer loop
      vertex 45.7824 -12.3319 1.6
      vertex 46.0389 -16.2171 1.6
      vertex 46.0389 -12.3829 1.6
    endloop
  endfacet
  facet normal 0 0 1
    outer loop
      vertex 45.7824 -12.3319 1.6
      vertex 45.7824 -16.2681 1.6
      vertex 46.0389 -16.2171 1.6
    endloop
  endfacet
  facet normal 0 0 1
    outer loop
      vertex 45.5346 -12.2478 1.6
      vertex 45.7824 -16.2681 1.6
      vertex 45.7824 -12.3319 1.6
    endloop
  endfacet
  facet normal 0 0 1
    outer loop
      vertex 45.5346 -12.2478 1.6
      vertex 45.5346 -16.3522 1.6
      vertex 45.7824 -16.2681 1.6
    endloop
  endfacet
  facet normal 0 0 1
    outer loop
      vertex 45.3 -12.1321 1.6
      vertex 45.5346 -16.3522 1.6
      vertex 45.5346 -12.2478 1.6
    endloop
  endfacet
  facet normal 0 0 1
    outer loop
      vertex 45.3 -12.1321 1.6
      vertex 45.3 -16.4679 1.6
      vertex 45.5346 -16.3522 1.6
    endloop
  endfacet
  facet normal 0 0 1
    outer loop
      vertex 45.0825 -11.9867 1.6
      vertex 45.3 -16.4679 1.6
      vertex 45.3 -12.1321 1.6
    endloop
  endfacet
  facet normal 0 0 1
    outer loop
      vertex 45.0825 -11.9867 1.6
      vertex 45.0825 -16.6133 1.6
      vertex 45.3 -16.4679 1.6
    endloop
  endfacet
  facet normal 0 0 1
    outer loop
      vertex 44.8858 -11.8142 1.6
      vertex 45.0825 -16.6133 1.6
      vertex 45.0825 -11.9867 1.6
    endloop
  endfacet
  facet normal 0 0 1
    outer loop
      vertex 44.8858 -11.8142 1.6
      vertex 44.8858 -16.7858 1.6
      vertex 45.0825 -16.6133 1.6
    endloop
  endfacet
  facet normal 0 0 1
    outer loop
      vertex 44.7133 -11.6175 1.6
      vertex 44.8858 -16.7858 1.6
      vertex 44.8858 -11.8142 1.6
    endloop
  endfacet
  facet normal 0 0 1
    outer loop
      vertex 44.7133 -11.6175 1.6
      vertex 44.7133 -16.9825 1.6
      vertex 44.8858 -16.7858 1.6
    endloop
  endfacet
  facet normal 0 0 1
    outer loop
      vertex 44.5679 -11.4 1.6
      vertex 44.7133 -16.9825 1.6
      vertex 44.7133 -11.6175 1.6
    endloop
  endfacet
  facet normal 0 0 1
    outer loop
      vertex 44.5679 -11.4 1.6
      vertex 44.5679 -17.2 1.6
      vertex 44.7133 -16.9825 1.6
    endloop
  endfacet
  facet normal 0 0 1
    outer loop
      vertex 44.4522 -11.1654 1.6
      vertex 44.5679 -17.2 1.6
      vertex 44.5679 -11.4 1.6
    endloop
  endfacet
  facet normal 0 0 1
    outer loop
      vertex 44.4522 -11.1654 1.6
      vertex 44.4522 -17.4346 1.6
      vertex 44.5679 -17.2 1.6
    endloop
  endfacet
  facet normal 0 0 1
    outer loop
      vertex 44.3681 -10.9176 1.6
      vertex 44.4522 -17.4346 1.6
      vertex 44.4522 -11.1654 1.6
    endloop
  endfacet
  facet normal 0 0 1
    outer loop
      vertex 44.3681 -10.9176 1.6
      vertex 44.3681 -17.6824 1.6
      vertex 44.4522 -17.4346 1.6
    endloop
  endfacet
  facet normal 0 0 1
    outer loop
      vertex 44.3171 -10.6611 1.6
      vertex 44.3681 -17.6824 1.6
      vertex 44.3681 -10.9176 1.6
    endloop
  endfacet
  facet normal 0 0 1
    outer loop
      vertex 44.3171 -10.6611 1.6
      vertex 44.3171 -17.9389 1.6
      vertex 44.3681 -17.6824 1.6
    endloop
  endfacet
  facet normal 0 0 1
    outer loop
      vertex 5.44015 -4.30363 1.6
      vertex 44.3171 -10.6611 1.6
      vertex 44.3 -10.4 1.6
    endloop
  endfacet
  facet normal 0 0 1
    outer loop
      vertex 44.3171 -10.6611 1.6
      vertex 5.31865 -4.55 1.6
      vertex 44.3171 -17.9389 1.6
    endloop
  endfacet
  facet normal 0 0 1
    outer loop
      vertex 48.5284 -4.04352 1.6
      vertex 50.3 0.299999 1.6
      vertex 48.582 -3.7741 1.6
    endloop
  endfacet
  facet normal 0 -0 1
    outer loop
      vertex 48.582 -59.7259 1.6
      vertex 50.3 0.299999 1.6
      vertex 48.3 -18.2 1.6
    endloop
  endfacet
  facet normal 0 0 1
    outer loop
      vertex 50.3 0.299999 1.6
      vertex 48.5284 -4.04352 1.6
      vertex 48.2829 -10.1389 1.6
    endloop
  endfacet
  facet normal 0 0 1
    outer loop
      vertex 50.3 0.299999 1.6
      vertex 48.582 -59.7259 1.6
      vertex 48.6 -60 1.6
    endloop
  endfacet
  facet normal 0 0 1
    outer loop
      vertex 48.2318 -9.88236 1.6
      vertex 48.5284 -4.04352 1.6
      vertex 48.4401 -4.30363 1.6
    endloop
  endfacet
  facet normal -0 0 1
    outer loop
      vertex 48.2829 -18.4611 1.6
      vertex 48.582 -59.7259 1.6
      vertex 48.3 -18.2 1.6
    endloop
  endfacet
  facet normal 0 0 1
    outer loop
      vertex 48.1478 -9.63463 1.6
      vertex 48.4401 -4.30363 1.6
      vertex 48.3187 -4.55 1.6
    endloop
  endfacet
  facet normal 0 0 1
    outer loop
      vertex 50.3 0.299999 1.6
      vertex 48.3 -10.4 1.6
      vertex 48.3 -18.2 1.6
    endloop
  endfacet
  facet normal 0 0 1
    outer loop
      vertex 48.582 -59.7259 1.6
      vertex 48.2829 -18.4611 1.6
      vertex 48.5284 -59.4565 1.6
    endloop
  endfacet
  facet normal 0 0 1
    outer loop
      vertex 50.3 0.299999 1.6
      vertex 48.2829 -10.1389 1.6
      vertex 48.3 -10.4 1.6
    endloop
  endfacet
  facet normal 0 0 1
    outer loop
      vertex 48.5284 -4.04352 1.6
      vertex 48.2318 -9.88236 1.6
      vertex 48.2829 -10.1389 1.6
    endloop
  endfacet
  facet normal 0 0 1
    outer loop
      vertex 48.0321 -9.4 1.6
      vertex 48.3187 -4.55 1.6
      vertex 48.166 -4.7784 1.6
    endloop
  endfacet
  facet normal 0 0 1
    outer loop
      vertex 48.4401 -4.30363 1.6
      vertex 48.1478 -9.63463 1.6
      vertex 48.2318 -9.88236 1.6
    endloop
  endfacet
  facet normal 0 0 1
    outer loop
      vertex 48.3187 -4.55 1.6
      vertex 48.0321 -9.4 1.6
      vertex 48.1478 -9.63463 1.6
    endloop
  endfacet
  facet normal 0 0 1
    outer loop
      vertex 47.8867 -9.18248 1.6
      vertex 48.166 -4.7784 1.6
      vertex 47.9849 -4.98492 1.6
    endloop
  endfacet
  facet normal 0 0 1
    outer loop
      vertex 48.166 -4.7784 1.6
      vertex 47.8867 -9.18248 1.6
      vertex 48.0321 -9.4 1.6
    endloop
  endfacet
  facet normal 0 0 1
    outer loop
      vertex 47.7142 -8.98579 1.6
      vertex 47.9849 -4.98492 1.6
      vertex 47.7784 -5.16604 1.6
    endloop
  endfacet
  facet normal 0 0 1
    outer loop
      vertex 47.9849 -4.98492 1.6
      vertex 47.7142 -8.98579 1.6
      vertex 47.8867 -9.18248 1.6
    endloop
  endfacet
  facet normal 0 0 1
    outer loop
      vertex 47.5175 -8.81329 1.6
      vertex 47.7784 -5.16604 1.6
      vertex 47.55 -5.31865 1.6
    endloop
  endfacet
  facet normal 0 0 1
    outer loop
      vertex 47.7784 -5.16604 1.6
      vertex 47.5175 -8.81329 1.6
      vertex 47.7142 -8.98579 1.6
    endloop
  endfacet
  facet normal 0 0 1
    outer loop
      vertex 47.3 -8.66795 1.6
      vertex 47.55 -5.31865 1.6
      vertex 47.3036 -5.44015 1.6
    endloop
  endfacet
  facet normal 0 0 1
    outer loop
      vertex 47.55 -5.31865 1.6
      vertex 47.3 -8.66795 1.6
      vertex 47.5175 -8.81329 1.6
    endloop
  endfacet
  facet normal 0 0 1
    outer loop
      vertex 47.3036 -5.44015 1.6
      vertex 47.0654 -8.55224 1.6
      vertex 47.3 -8.66795 1.6
    endloop
  endfacet
  facet normal -0 0 1
    outer loop
      vertex 47.0435 -5.52844 1.6
      vertex 47.0654 -8.55224 1.6
      vertex 47.3036 -5.44015 1.6
    endloop
  endfacet
  facet normal 0 0 1
    outer loop
      vertex 47.0435 -5.52844 1.6
      vertex 46.8176 -8.46815 1.6
      vertex 47.0654 -8.55224 1.6
    endloop
  endfacet
  facet normal -0 0 1
    outer loop
      vertex 46.7741 -5.58203 1.6
      vertex 46.8176 -8.46815 1.6
      vertex 47.0435 -5.52844 1.6
    endloop
  endfacet
  facet normal 0 0 1
    outer loop
      vertex 46.7741 -5.58203 1.6
      vertex 46.5611 -8.41711 1.6
      vertex 46.8176 -8.46815 1.6
    endloop
  endfacet
  facet normal -0 0 1
    outer loop
      vertex 46.5 -5.6 1.6
      vertex 46.5611 -8.41711 1.6
      vertex 46.7741 -5.58203 1.6
    endloop
  endfacet
  facet normal 0 0 1
    outer loop
      vertex 46.5 -5.6 1.6
      vertex 46.3 -8.4 1.6
      vertex 46.5611 -8.41711 1.6
    endloop
  endfacet
  facet normal 0 0 1
    outer loop
      vertex 46.2259 -5.58203 1.6
      vertex 46.3 -8.4 1.6
      vertex 46.5 -5.6 1.6
    endloop
  endfacet
  facet normal 0 0 1
    outer loop
      vertex 46.2259 -5.58203 1.6
      vertex 46.0389 -8.41711 1.6
      vertex 46.3 -8.4 1.6
    endloop
  endfacet
  facet normal 0 0 1
    outer loop
      vertex 45.9565 -5.52844 1.6
      vertex 46.0389 -8.41711 1.6
      vertex 46.2259 -5.58203 1.6
    endloop
  endfacet
  facet normal 0 0 1
    outer loop
      vertex 45.9565 -5.52844 1.6
      vertex 45.7824 -8.46815 1.6
      vertex 46.0389 -8.41711 1.6
    endloop
  endfacet
  facet normal 0 0 1
    outer loop
      vertex 45.6964 -5.44015 1.6
      vertex 45.7824 -8.46815 1.6
      vertex 45.9565 -5.52844 1.6
    endloop
  endfacet
  facet normal 0 0 1
    outer loop
      vertex 45.6964 -5.44015 1.6
      vertex 45.5346 -8.55224 1.6
      vertex 45.7824 -8.46815 1.6
    endloop
  endfacet
  facet normal 0 0 1
    outer loop
      vertex 45.45 -5.31865 1.6
      vertex 45.5346 -8.55224 1.6
      vertex 45.6964 -5.44015 1.6
    endloop
  endfacet
  facet normal 0 0 1
    outer loop
      vertex 45.45 -5.31865 1.6
      vertex 45.3 -8.66795 1.6
      vertex 45.5346 -8.55224 1.6
    endloop
  endfacet
  facet normal 0 0 1
    outer loop
      vertex 45.2216 -5.16604 1.6
      vertex 45.3 -8.66795 1.6
      vertex 45.45 -5.31865 1.6
    endloop
  endfacet
  facet normal 0 0 1
    outer loop
      vertex 45.2216 -5.16604 1.6
      vertex 45.0825 -8.81329 1.6
      vertex 45.3 -8.66795 1.6
    endloop
  endfacet
  facet normal 0 0 1
    outer loop
      vertex 45.0151 -4.98492 1.6
      vertex 45.0825 -8.81329 1.6
      vertex 45.2216 -5.16604 1.6
    endloop
  endfacet
  facet normal 0 0 1
    outer loop
      vertex 45.0151 -4.98492 1.6
      vertex 44.8858 -8.98579 1.6
      vertex 45.0825 -8.81329 1.6
    endloop
  endfacet
  facet normal 0 0 1
    outer loop
      vertex 44.834 -4.7784 1.6
      vertex 44.8858 -8.98579 1.6
      vertex 45.0151 -4.98492 1.6
    endloop
  endfacet
  facet normal 0 0 1
    outer loop
      vertex 44.834 -4.7784 1.6
      vertex 44.7133 -9.18248 1.6
      vertex 44.8858 -8.98579 1.6
    endloop
  endfacet
  facet normal 0 0 1
    outer loop
      vertex 44.6813 -4.55 1.6
      vertex 44.7133 -9.18248 1.6
      vertex 44.834 -4.7784 1.6
    endloop
  endfacet
  facet normal 0 0 1
    outer loop
      vertex 44.6813 -4.55 1.6
      vertex 44.5679 -9.4 1.6
      vertex 44.7133 -9.18248 1.6
    endloop
  endfacet
  facet normal 0 0 1
    outer loop
      vertex 44.5599 -4.30363 1.6
      vertex 44.5679 -9.4 1.6
      vertex 44.6813 -4.55 1.6
    endloop
  endfacet
  facet normal 0 0 1
    outer loop
      vertex 44.4522 -9.63463 1.6
      vertex 44.5599 -4.30363 1.6
      vertex 44.4716 -4.04352 1.6
    endloop
  endfacet
  facet normal 0 0 1
    outer loop
      vertex 44.5599 -4.30363 1.6
      vertex 44.4522 -9.63463 1.6
      vertex 44.5679 -9.4 1.6
    endloop
  endfacet
  facet normal 0 0 1
    outer loop
      vertex 44.3681 -9.88236 1.6
      vertex 44.4716 -4.04352 1.6
      vertex 44.418 -3.7741 1.6
    endloop
  endfacet
  facet normal 0 0 1
    outer loop
      vertex 5.58203 -3.7741 1.6
      vertex 44.418 -3.7741 1.6
      vertex 44.4 -3.5 1.6
    endloop
  endfacet
  facet normal 0 0 1
    outer loop
      vertex 44.4716 -4.04352 1.6
      vertex 44.3681 -9.88236 1.6
      vertex 44.4522 -9.63463 1.6
    endloop
  endfacet
  facet normal -0 0 1
    outer loop
      vertex 48.6 -60 1.6
      vertex 50.3 -68.6278 1.6
      vertex 50.3 0.299999 1.6
    endloop
  endfacet
  facet normal -0 0 1
    outer loop
      vertex 48.582 -60.2741 1.6
      vertex 50.3 -68.6278 1.6
      vertex 48.6 -60 1.6
    endloop
  endfacet
  facet normal -0 0 1
    outer loop
      vertex 48.5284 -60.5435 1.6
      vertex 50.3 -68.6278 1.6
      vertex 48.582 -60.2741 1.6
    endloop
  endfacet
  facet normal -0 0 1
    outer loop
      vertex 48.4401 -60.8036 1.6
      vertex 50.3 -68.6278 1.6
      vertex 48.5284 -60.5435 1.6
    endloop
  endfacet
  facet normal 0 0 1
    outer loop
      vertex 50.3 -68.6278 1.6
      vertex 48.4401 -60.8036 1.6
      vertex 50.0828 -68.4373 1.6
    endloop
  endfacet
  facet normal 0 0 1
    outer loop
      vertex 48.582 -3.7741 1.6
      vertex 50.3 0.299999 1.6
      vertex 48.6 -3.5 1.6
    endloop
  endfacet
  facet normal 0 0 1
    outer loop
      vertex 50.3 0.299999 1.6
      vertex 48.582 -3.22589 1.6
      vertex 48.6 -3.5 1.6
    endloop
  endfacet
  facet normal 0 0 1
    outer loop
      vertex 50.3 0.299999 1.6
      vertex 48.5284 -2.95648 1.6
      vertex 48.582 -3.22589 1.6
    endloop
  endfacet
  facet normal 0 0 1
    outer loop
      vertex 50.3 0.299999 1.6
      vertex 48.4401 -2.69636 1.6
      vertex 48.5284 -2.95648 1.6
    endloop
  endfacet
  facet normal 0 0 1
    outer loop
      vertex 50.3 0.299999 1.6
      vertex 48.3187 -2.45 1.6
      vertex 48.4401 -2.69636 1.6
    endloop
  endfacet
  facet normal 0 0 1
    outer loop
      vertex 50.3 0.299999 1.6
      vertex 48.166 -2.2216 1.6
      vertex 48.3187 -2.45 1.6
    endloop
  endfacet
  facet normal 0 0 1
    outer loop
      vertex 50.3 0.299999 1.6
      vertex 47.9849 -2.01508 1.6
      vertex 48.166 -2.2216 1.6
    endloop
  endfacet
  facet normal 0 0 1
    outer loop
      vertex 50.3 0.299999 1.6
      vertex 47.7784 -1.83396 1.6
      vertex 47.9849 -2.01508 1.6
    endloop
  endfacet
  facet normal 0 0 1
    outer loop
      vertex 50.3 0.299999 1.6
      vertex 47.55 -1.68135 1.6
      vertex 47.7784 -1.83396 1.6
    endloop
  endfacet
  facet normal 0 0 1
    outer loop
      vertex 50.3 0.299999 1.6
      vertex 47.3036 -1.55985 1.6
      vertex 47.55 -1.68135 1.6
    endloop
  endfacet
  facet normal 0 0 1
    outer loop
      vertex 50.3 0.299999 1.6
      vertex 47.0435 -1.47156 1.6
      vertex 47.3036 -1.55985 1.6
    endloop
  endfacet
  facet normal 0 0 1
    outer loop
      vertex 50.3 0.299999 1.6
      vertex 46.7741 -1.41796 1.6
      vertex 47.0435 -1.47156 1.6
    endloop
  endfacet
  facet normal 0 0 1
    outer loop
      vertex 50.3 0.299999 1.6
      vertex 46.5 -1.4 1.6
      vertex 46.7741 -1.41796 1.6
    endloop
  endfacet
  facet normal 0 0 1
    outer loop
      vertex 50.3 0.299999 1.6
      vertex 46.2259 -1.41796 1.6
      vertex 46.5 -1.4 1.6
    endloop
  endfacet
  facet normal 0 0 1
    outer loop
      vertex 50.3 0.299999 1.6
      vertex 45.9565 -1.47156 1.6
      vertex 46.2259 -1.41796 1.6
    endloop
  endfacet
  facet normal 0 0 1
    outer loop
      vertex 50.3 0.299999 1.6
      vertex 45.6964 -1.55985 1.6
      vertex 45.9565 -1.47156 1.6
    endloop
  endfacet
  facet normal 0 0 1
    outer loop
      vertex 44.418 -3.7741 1.6
      vertex 44.3171 -10.1389 1.6
      vertex 44.3681 -9.88236 1.6
    endloop
  endfacet
  facet normal 0 0 1
    outer loop
      vertex 44.418 -3.7741 1.6
      vertex 5.58203 -3.7741 1.6
      vertex 44.3171 -10.1389 1.6
    endloop
  endfacet
  facet normal 0 0 1
    outer loop
      vertex 44.3171 -17.9389 1.6
      vertex 5.31865 -4.55 1.6
      vertex 44.3 -18.2 1.6
    endloop
  endfacet
  facet normal -0 0 1
    outer loop
      vertex 5.52844 -4.04352 1.6
      vertex 44.3171 -10.1389 1.6
      vertex 5.58203 -3.7741 1.6
    endloop
  endfacet
  facet normal 0 0 1
    outer loop
      vertex 5.6 -3.5 1.6
      vertex 44.4 -3.5 1.6
      vertex 44.418 -3.22589 1.6
    endloop
  endfacet
  facet normal 0 0 1
    outer loop
      vertex 5.58203 -3.22589 1.6
      vertex 44.418 -3.22589 1.6
      vertex 44.4716 -2.95648 1.6
    endloop
  endfacet
  facet normal 0 0 1
    outer loop
      vertex 5.52844 -2.95648 1.6
      vertex 44.4716 -2.95648 1.6
      vertex 44.5599 -2.69636 1.6
    endloop
  endfacet
  facet normal 0 0 1
    outer loop
      vertex 5.44015 -2.69636 1.6
      vertex 44.5599 -2.69636 1.6
      vertex 44.6813 -2.45 1.6
    endloop
  endfacet
  facet normal 0 0 1
    outer loop
      vertex 44.4 -3.5 1.6
      vertex 5.6 -3.5 1.6
      vertex 5.58203 -3.7741 1.6
    endloop
  endfacet
  facet normal 0 0 1
    outer loop
      vertex 5.31865 -2.45 1.6
      vertex 44.6813 -2.45 1.6
      vertex 44.834 -2.2216 1.6
    endloop
  endfacet
  facet normal 0 0 1
    outer loop
      vertex 5.16604 -2.2216 1.6
      vertex 44.834 -2.2216 1.6
      vertex 45.0151 -2.01508 1.6
    endloop
  endfacet
  facet normal 0 0 1
    outer loop
      vertex 4.98492 -2.01508 1.6
      vertex 45.0151 -2.01508 1.6
      vertex 45.2216 -1.83396 1.6
    endloop
  endfacet
  facet normal 0 0 1
    outer loop
      vertex 4.7784 -1.83396 1.6
      vertex 45.2216 -1.83396 1.6
      vertex 45.45 -1.68135 1.6
    endloop
  endfacet
  facet normal 0 0 1
    outer loop
      vertex 4.55 -1.68135 1.6
      vertex 45.45 -1.68135 1.6
      vertex 45.6964 -1.55985 1.6
    endloop
  endfacet
  facet normal 0 0 1
    outer loop
      vertex 4.30363 -1.55985 1.6
      vertex 45.6964 -1.55985 1.6
      vertex 50.3 0.299999 1.6
    endloop
  endfacet
  facet normal 0 0 1
    outer loop
      vertex 44.418 -3.22589 1.6
      vertex 5.58203 -3.22589 1.6
      vertex 5.6 -3.5 1.6
    endloop
  endfacet
  facet normal 0 0 1
    outer loop
      vertex 44.4716 -2.95648 1.6
      vertex 5.52844 -2.95648 1.6
      vertex 5.58203 -3.22589 1.6
    endloop
  endfacet
  facet normal 0 0 1
    outer loop
      vertex 44.5599 -2.69636 1.6
      vertex 5.44015 -2.69636 1.6
      vertex 5.52844 -2.95648 1.6
    endloop
  endfacet
  facet normal 0 0 1
    outer loop
      vertex 44.6813 -2.45 1.6
      vertex 5.31865 -2.45 1.6
      vertex 5.44015 -2.69636 1.6
    endloop
  endfacet
  facet normal 0 0 1
    outer loop
      vertex 44.834 -2.2216 1.6
      vertex 5.16604 -2.2216 1.6
      vertex 5.31865 -2.45 1.6
    endloop
  endfacet
  facet normal 0 0 1
    outer loop
      vertex 45.0151 -2.01508 1.6
      vertex 4.98492 -2.01508 1.6
      vertex 5.16604 -2.2216 1.6
    endloop
  endfacet
  facet normal 0 0 1
    outer loop
      vertex 45.2216 -1.83396 1.6
      vertex 4.7784 -1.83396 1.6
      vertex 4.98492 -2.01508 1.6
    endloop
  endfacet
  facet normal 0 0 1
    outer loop
      vertex 45.45 -1.68135 1.6
      vertex 4.55 -1.68135 1.6
      vertex 4.7784 -1.83396 1.6
    endloop
  endfacet
  facet normal 0 0 1
    outer loop
      vertex 45.6964 -1.55985 1.6
      vertex 4.30363 -1.55985 1.6
      vertex 4.55 -1.68135 1.6
    endloop
  endfacet
  facet normal -0 0 1
    outer loop
      vertex -0.299999 0.299999 1.6
      vertex 4.30363 -1.55985 1.6
      vertex 50.3 0.299999 1.6
    endloop
  endfacet
  facet normal 0 0 1
    outer loop
      vertex 4.30363 -1.55985 1.6
      vertex -0.299999 0.299999 1.6
      vertex 4.04352 -1.47156 1.6
    endloop
  endfacet
  facet normal 0 0 1
    outer loop
      vertex 4.04352 -1.47156 1.6
      vertex -0.299999 0.299999 1.6
      vertex 3.7741 -1.41796 1.6
    endloop
  endfacet
  facet normal 0 0 1
    outer loop
      vertex 1.41796 -59.7259 1.6
      vertex 1.00556 -62.7356 1.6
      vertex 1.4 -60 1.6
    endloop
  endfacet
  facet normal 0 0 1
    outer loop
      vertex -0.299999 -68.6278 1.6
      vertex 1.00556 -66.6244 1.6
      vertex 1.00556 -62.7356 1.6
    endloop
  endfacet
  facet normal 0 0 1
    outer loop
      vertex 1.41796 -3.7741 1.6
      vertex -0.299999 0.299999 1.6
      vertex 1.00556 -62.7356 1.6
    endloop
  endfacet
  facet normal 0 0 1
    outer loop
      vertex 1.00556 -66.6244 1.6
      vertex 0.505023 -68.0979 1.6
      vertex 0.82707 -67.9886 1.6
    endloop
  endfacet
  facet normal 0 0 1
    outer loop
      vertex 1.00556 -66.6244 1.6
      vertex 0.2 -68.2483 1.6
      vertex 0.505023 -68.0979 1.6
    endloop
  endfacet
  facet normal 0 0 1
    outer loop
      vertex 1.00556 -66.6244 1.6
      vertex -0.0827789 -68.4373 1.6
      vertex 0.2 -68.2483 1.6
    endloop
  endfacet
  facet normal 0 0 1
    outer loop
      vertex 3.7741 -1.41796 1.6
      vertex -0.299999 0.299999 1.6
      vertex 3.5 -1.4 1.6
    endloop
  endfacet
  facet normal 0 0 1
    outer loop
      vertex -0.299999 0.299999 1.6
      vertex 3.22589 -1.41796 1.6
      vertex 3.5 -1.4 1.6
    endloop
  endfacet
  facet normal 0 0 1
    outer loop
      vertex -0.299999 0.299999 1.6
      vertex 2.95648 -1.47156 1.6
      vertex 3.22589 -1.41796 1.6
    endloop
  endfacet
  facet normal 0 0 1
    outer loop
      vertex -0.299999 0.299999 1.6
      vertex 2.69636 -1.55985 1.6
      vertex 2.95648 -1.47156 1.6
    endloop
  endfacet
  facet normal 0 0 1
    outer loop
      vertex -0.299999 0.299999 1.6
      vertex 2.45 -1.68135 1.6
      vertex 2.69636 -1.55985 1.6
    endloop
  endfacet
  facet normal 0 0 1
    outer loop
      vertex -0.299999 0.299999 1.6
      vertex 2.2216 -1.83396 1.6
      vertex 2.45 -1.68135 1.6
    endloop
  endfacet
  facet normal 0 0 1
    outer loop
      vertex -0.299999 0.299999 1.6
      vertex 2.01508 -2.01508 1.6
      vertex 2.2216 -1.83396 1.6
    endloop
  endfacet
  facet normal 0 0 1
    outer loop
      vertex -0.299999 0.299999 1.6
      vertex 1.83396 -2.2216 1.6
      vertex 2.01508 -2.01508 1.6
    endloop
  endfacet
  facet normal 0 0 1
    outer loop
      vertex -0.299999 0.299999 1.6
      vertex 1.68135 -2.45 1.6
      vertex 1.83396 -2.2216 1.6
    endloop
  endfacet
  facet normal 0 0 1
    outer loop
      vertex -0.299999 0.299999 1.6
      vertex 1.55985 -2.69636 1.6
      vertex 1.68135 -2.45 1.6
    endloop
  endfacet
  facet normal 0 0 1
    outer loop
      vertex -0.299999 0.299999 1.6
      vertex 1.47156 -2.95648 1.6
      vertex 1.55985 -2.69636 1.6
    endloop
  endfacet
  facet normal 0 0 1
    outer loop
      vertex -0.299999 0.299999 1.6
      vertex 1.41796 -3.22589 1.6
      vertex 1.47156 -2.95648 1.6
    endloop
  endfacet
  facet normal 0 0 1
    outer loop
      vertex -0.299999 0.299999 1.6
      vertex 1.4 -3.5 1.6
      vertex 1.41796 -3.22589 1.6
    endloop
  endfacet
  facet normal 0 0 1
    outer loop
      vertex 1.00556 -62.7356 1.6
      vertex -0.299999 0.299999 1.6
      vertex -0.299999 -68.6278 1.6
    endloop
  endfacet
  facet normal 0 0 1
    outer loop
      vertex 1.00556 -66.6244 1.6
      vertex -0.299999 -68.6278 1.6
      vertex -0.0827789 -68.4373 1.6
    endloop
  endfacet
  facet normal -0 0 1
    outer loop
      vertex 48.3187 -61.05 1.6
      vertex 50.0828 -68.4373 1.6
      vertex 48.4401 -60.8036 1.6
    endloop
  endfacet
  facet normal 0 0 1
    outer loop
      vertex 50.0828 -68.4373 1.6
      vertex 48.3187 -61.05 1.6
      vertex 49.8 -68.2483 1.6
    endloop
  endfacet
  facet normal -0 0 1
    outer loop
      vertex 48.166 -61.2784 1.6
      vertex 49.8 -68.2483 1.6
      vertex 48.3187 -61.05 1.6
    endloop
  endfacet
  facet normal 0 0 1
    outer loop
      vertex 49.8 -68.2483 1.6
      vertex 48.166 -61.2784 1.6
      vertex 49.495 -68.0979 1.6
    endloop
  endfacet
  facet normal -0 0 1
    outer loop
      vertex 47.9849 -61.4849 1.6
      vertex 49.495 -68.0979 1.6
      vertex 48.166 -61.2784 1.6
    endloop
  endfacet
  facet normal 0 0 1
    outer loop
      vertex 49.495 -68.0979 1.6
      vertex 47.9849 -61.4849 1.6
      vertex 49.1729 -67.9886 1.6
    endloop
  endfacet
  facet normal -0 0 1
    outer loop
      vertex 47.7784 -61.666 1.6
      vertex 49.1729 -67.9886 1.6
      vertex 47.9849 -61.4849 1.6
    endloop
  endfacet
  facet normal 0 0 1
    outer loop
      vertex 49.1729 -67.9886 1.6
      vertex 47.7784 -61.666 1.6
      vertex 48.8394 -67.9222 1.6
    endloop
  endfacet
  facet normal -0 0 1
    outer loop
      vertex 47.55 -61.8187 1.6
      vertex 48.8394 -67.9222 1.6
      vertex 47.7784 -61.666 1.6
    endloop
  endfacet
  facet normal 0 0 1
    outer loop
      vertex 48.8394 -67.9222 1.6
      vertex 47.55 -61.8187 1.6
      vertex 48.5 -67.9 1.6
    endloop
  endfacet
  facet normal -0 0 1
    outer loop
      vertex 47.3036 -61.9401 1.6
      vertex 48.5 -67.9 1.6
      vertex 47.55 -61.8187 1.6
    endloop
  endfacet
  facet normal 0 0 1
    outer loop
      vertex 48.5 -67.9 1.6
      vertex 47.3036 -61.9401 1.6
      vertex 48.1606 -67.9222 1.6
    endloop
  endfacet
  facet normal -0 0 1
    outer loop
      vertex 47.0435 -62.0284 1.6
      vertex 48.1606 -67.9222 1.6
      vertex 47.3036 -61.9401 1.6
    endloop
  endfacet
  facet normal -0 0 1
    outer loop
      vertex 46.7741 -62.082 1.6
      vertex 48.1606 -67.9222 1.6
      vertex 47.0435 -62.0284 1.6
    endloop
  endfacet
  facet normal 0 0 1
    outer loop
      vertex 48.1606 -67.9222 1.6
      vertex 46.7741 -62.082 1.6
      vertex 47.8271 -67.9886 1.6
    endloop
  endfacet
  facet normal -0 0 1
    outer loop
      vertex 46.5 -62.1 1.6
      vertex 47.8271 -67.9886 1.6
      vertex 46.7741 -62.082 1.6
    endloop
  endfacet
  facet normal 0 0 1
    outer loop
      vertex 47.8271 -67.9886 1.6
      vertex 46.5 -62.1 1.6
      vertex 47.505 -68.0979 1.6
    endloop
  endfacet
  facet normal 0 0 1
    outer loop
      vertex 46.2259 -62.082 1.6
      vertex 47.505 -68.0979 1.6
      vertex 46.5 -62.1 1.6
    endloop
  endfacet
  facet normal 0 0 1
    outer loop
      vertex 47.505 -68.0979 1.6
      vertex 46.2259 -62.082 1.6
      vertex 47.2 -68.2483 1.6
    endloop
  endfacet
  facet normal 0 0 1
    outer loop
      vertex 45.9565 -62.0284 1.6
      vertex 47.2 -68.2483 1.6
      vertex 46.2259 -62.082 1.6
    endloop
  endfacet
  facet normal 0 0 1
    outer loop
      vertex 47.2 -68.2483 1.6
      vertex 45.9565 -62.0284 1.6
      vertex 46.9172 -68.4373 1.6
    endloop
  endfacet
  facet normal 0 0 1
    outer loop
      vertex 45.6964 -61.9401 1.6
      vertex 46.9172 -68.4373 1.6
      vertex 45.9565 -62.0284 1.6
    endloop
  endfacet
  facet normal 0 0 1
    outer loop
      vertex 46.9172 -68.4373 1.6
      vertex 45.6964 -61.9401 1.6
      vertex 46.6615 -68.6615 1.6
    endloop
  endfacet
  facet normal 0 0 1
    outer loop
      vertex 45.45 -61.8187 1.6
      vertex 46.6615 -68.6615 1.6
      vertex 45.6964 -61.9401 1.6
    endloop
  endfacet
  facet normal 0 0 1
    outer loop
      vertex 46.6615 -68.6615 1.6
      vertex 45.45 -61.8187 1.6
      vertex 46.4373 -68.9172 1.6
    endloop
  endfacet
  facet normal 0 0 1
    outer loop
      vertex 45.2216 -61.666 1.6
      vertex 46.4373 -68.9172 1.6
      vertex 45.45 -61.8187 1.6
    endloop
  endfacet
  facet normal 0 0 1
    outer loop
      vertex 46.4373 -68.9172 1.6
      vertex 45.2216 -61.666 1.6
      vertex 46.2483 -69.2 1.6
    endloop
  endfacet
  facet normal 0 0 1
    outer loop
      vertex 45.0151 -61.4849 1.6
      vertex 46.2483 -69.2 1.6
      vertex 45.2216 -61.666 1.6
    endloop
  endfacet
  facet normal 0 0 1
    outer loop
      vertex 46.2483 -69.2 1.6
      vertex 45.0151 -61.4849 1.6
      vertex 46.0979 -69.505 1.6
    endloop
  endfacet
  facet normal -0 0 1
    outer loop
      vertex 48.2318 -18.7176 1.6
      vertex 48.5284 -59.4565 1.6
      vertex 48.2829 -18.4611 1.6
    endloop
  endfacet
  facet normal 0 0 1
    outer loop
      vertex 48.5284 -59.4565 1.6
      vertex 48.2318 -18.7176 1.6
      vertex 48.4401 -59.1964 1.6
    endloop
  endfacet
  facet normal -0 0 1
    outer loop
      vertex 48.1478 -18.9654 1.6
      vertex 48.4401 -59.1964 1.6
      vertex 48.2318 -18.7176 1.6
    endloop
  endfacet
  facet normal 0 0 1
    outer loop
      vertex 48.4401 -59.1964 1.6
      vertex 48.1478 -18.9654 1.6
      vertex 48.3187 -58.95 1.6
    endloop
  endfacet
  facet normal -0 0 1
    outer loop
      vertex 48.0321 -19.2 1.6
      vertex 48.3187 -58.95 1.6
      vertex 48.1478 -18.9654 1.6
    endloop
  endfacet
  facet normal 0 0 1
    outer loop
      vertex 48.3187 -58.95 1.6
      vertex 48.0321 -19.2 1.6
      vertex 48.166 -58.7216 1.6
    endloop
  endfacet
  facet normal -0 0 1
    outer loop
      vertex 47.8867 -19.4175 1.6
      vertex 48.166 -58.7216 1.6
      vertex 48.0321 -19.2 1.6
    endloop
  endfacet
  facet normal 0 0 1
    outer loop
      vertex 48.166 -58.7216 1.6
      vertex 47.8867 -19.4175 1.6
      vertex 47.9849 -58.5151 1.6
    endloop
  endfacet
  facet normal -0 0 1
    outer loop
      vertex 47.7142 -19.6142 1.6
      vertex 47.9849 -58.5151 1.6
      vertex 47.8867 -19.4175 1.6
    endloop
  endfacet
  facet normal 0 0 1
    outer loop
      vertex 47.9849 -58.5151 1.6
      vertex 47.7142 -19.6142 1.6
      vertex 47.7784 -58.334 1.6
    endloop
  endfacet
  facet normal -0 0 1
    outer loop
      vertex 47.5175 -19.7867 1.6
      vertex 47.7784 -58.334 1.6
      vertex 47.7142 -19.6142 1.6
    endloop
  endfacet
  facet normal 0 0 1
    outer loop
      vertex 47.7784 -58.334 1.6
      vertex 47.5175 -19.7867 1.6
      vertex 47.55 -58.1813 1.6
    endloop
  endfacet
  facet normal -0 0 1
    outer loop
      vertex 47.3 -19.9321 1.6
      vertex 47.55 -58.1813 1.6
      vertex 47.5175 -19.7867 1.6
    endloop
  endfacet
  facet normal 0 0 1
    outer loop
      vertex 47.55 -58.1813 1.6
      vertex 47.3 -19.9321 1.6
      vertex 47.3036 -58.0599 1.6
    endloop
  endfacet
  facet normal -0 0 1
    outer loop
      vertex 47.0654 -20.0478 1.6
      vertex 47.3036 -58.0599 1.6
      vertex 47.3 -19.9321 1.6
    endloop
  endfacet
  facet normal 0 0 1
    outer loop
      vertex 47.0654 -20.0478 1.6
      vertex 47.0435 -57.9716 1.6
      vertex 47.3036 -58.0599 1.6
    endloop
  endfacet
  facet normal -0 0 1
    outer loop
      vertex 46.8176 -20.1319 1.6
      vertex 47.0435 -57.9716 1.6
      vertex 47.0654 -20.0478 1.6
    endloop
  endfacet
  facet normal 0 0 1
    outer loop
      vertex 46.8176 -20.1319 1.6
      vertex 46.7741 -57.918 1.6
      vertex 47.0435 -57.9716 1.6
    endloop
  endfacet
  facet normal -0 0 1
    outer loop
      vertex 46.5611 -20.1829 1.6
      vertex 46.7741 -57.918 1.6
      vertex 46.8176 -20.1319 1.6
    endloop
  endfacet
  facet normal 0 0 1
    outer loop
      vertex 46.5611 -20.1829 1.6
      vertex 46.5 -57.9 1.6
      vertex 46.7741 -57.918 1.6
    endloop
  endfacet
  facet normal -0 0 1
    outer loop
      vertex 46.3 -20.2 1.6
      vertex 46.5 -57.9 1.6
      vertex 46.5611 -20.1829 1.6
    endloop
  endfacet
  facet normal 0 0 1
    outer loop
      vertex 46.3 -20.2 1.6
      vertex 46.2259 -57.918 1.6
      vertex 46.5 -57.9 1.6
    endloop
  endfacet
  facet normal 0 0 1
    outer loop
      vertex 46.0389 -20.1829 1.6
      vertex 46.2259 -57.918 1.6
      vertex 46.3 -20.2 1.6
    endloop
  endfacet
  facet normal 0 0 1
    outer loop
      vertex 46.0389 -20.1829 1.6
      vertex 45.9565 -57.9716 1.6
      vertex 46.2259 -57.918 1.6
    endloop
  endfacet
  facet normal 0 0 1
    outer loop
      vertex 45.7824 -20.1319 1.6
      vertex 45.9565 -57.9716 1.6
      vertex 46.0389 -20.1829 1.6
    endloop
  endfacet
  facet normal 0 0 1
    outer loop
      vertex 45.7824 -20.1319 1.6
      vertex 45.6964 -58.0599 1.6
      vertex 45.9565 -57.9716 1.6
    endloop
  endfacet
  facet normal 0 0 1
    outer loop
      vertex 45.5346 -20.0478 1.6
      vertex 45.6964 -58.0599 1.6
      vertex 45.7824 -20.1319 1.6
    endloop
  endfacet
  facet normal 0 0 1
    outer loop
      vertex 45.5346 -20.0478 1.6
      vertex 45.45 -58.1813 1.6
      vertex 45.6964 -58.0599 1.6
    endloop
  endfacet
  facet normal 0 0 1
    outer loop
      vertex 45.3 -19.9321 1.6
      vertex 45.45 -58.1813 1.6
      vertex 45.5346 -20.0478 1.6
    endloop
  endfacet
  facet normal 0 0 1
    outer loop
      vertex 45.3 -19.9321 1.6
      vertex 45.2216 -58.334 1.6
      vertex 45.45 -58.1813 1.6
    endloop
  endfacet
  facet normal 0 0 1
    outer loop
      vertex 45.0825 -19.7867 1.6
      vertex 45.2216 -58.334 1.6
      vertex 45.3 -19.9321 1.6
    endloop
  endfacet
  facet normal 0 0 1
    outer loop
      vertex 45.0825 -19.7867 1.6
      vertex 45.0151 -58.5151 1.6
      vertex 45.2216 -58.334 1.6
    endloop
  endfacet
  facet normal 0 0 1
    outer loop
      vertex 44.8858 -19.6142 1.6
      vertex 45.0151 -58.5151 1.6
      vertex 45.0825 -19.7867 1.6
    endloop
  endfacet
  facet normal 0 0 1
    outer loop
      vertex 8.39444 -62.7356 1.6
      vertex 45.0151 -58.5151 1.6
      vertex 44.8858 -19.6142 1.6
    endloop
  endfacet
  facet normal 0 0 1
    outer loop
      vertex 8.39444 -62.7356 1.6
      vertex 44.8858 -19.6142 1.6
      vertex 44.7133 -19.4175 1.6
    endloop
  endfacet
  facet normal 0 0 1
    outer loop
      vertex 45.0151 -58.5151 1.6
      vertex 8.39444 -62.7356 1.6
      vertex 44.834 -58.7216 1.6
    endloop
  endfacet
  facet normal 0 0 1
    outer loop
      vertex 8.39444 -62.7356 1.6
      vertex 44.7133 -19.4175 1.6
      vertex 44.5679 -19.2 1.6
    endloop
  endfacet
  facet normal 0 0 1
    outer loop
      vertex 44.834 -58.7216 1.6
      vertex 8.39444 -62.7356 1.6
      vertex 44.6813 -58.95 1.6
    endloop
  endfacet
  facet normal 0 0 1
    outer loop
      vertex 44.6813 -58.95 1.6
      vertex 8.39444 -62.7356 1.6
      vertex 44.5599 -59.1964 1.6
    endloop
  endfacet
  facet normal 0 0 1
    outer loop
      vertex 8.39444 -62.7356 1.6
      vertex 44.5679 -19.2 1.6
      vertex 44.4522 -18.9654 1.6
    endloop
  endfacet
  facet normal 0 0 1
    outer loop
      vertex 44.5599 -59.1964 1.6
      vertex 8.39444 -62.7356 1.6
      vertex 44.4716 -59.4565 1.6
    endloop
  endfacet
  facet normal 0 0 1
    outer loop
      vertex 44.4716 -59.4565 1.6
      vertex 8.39444 -62.7356 1.6
      vertex 44.418 -59.7259 1.6
    endloop
  endfacet
  facet normal 0 0 1
    outer loop
      vertex 8.39444 -62.7356 1.6
      vertex 44.4522 -18.9654 1.6
      vertex 44.3681 -18.7176 1.6
    endloop
  endfacet
  facet normal 0 0 1
    outer loop
      vertex 44.834 -61.2784 1.6
      vertex 46.0979 -69.505 1.6
      vertex 45.0151 -61.4849 1.6
    endloop
  endfacet
  facet normal 0 0 1
    outer loop
      vertex 46.0979 -69.505 1.6
      vertex 44.834 -61.2784 1.6
      vertex 45.9886 -69.8271 1.6
    endloop
  endfacet
  facet normal 0 0 1
    outer loop
      vertex 44.6813 -61.05 1.6
      vertex 45.9886 -69.8271 1.6
      vertex 44.834 -61.2784 1.6
    endloop
  endfacet
  facet normal 0 0 1
    outer loop
      vertex 45.9886 -69.8271 1.6
      vertex 44.6813 -61.05 1.6
      vertex 45.9222 -70.1606 1.6
    endloop
  endfacet
  facet normal 0 0 1
    outer loop
      vertex 44.5599 -60.8036 1.6
      vertex 45.9222 -70.1606 1.6
      vertex 44.6813 -61.05 1.6
    endloop
  endfacet
  facet normal -0 0 1
    outer loop
      vertex 8.39444 -66.6244 1.6
      vertex 45.9222 -70.1606 1.6
      vertex 44.5599 -60.8036 1.6
    endloop
  endfacet
  facet normal 0 0 1
    outer loop
      vertex 45.9222 -70.1606 1.6
      vertex 8.39444 -66.6244 1.6
      vertex 45.9 -70.5 1.6
    endloop
  endfacet
  facet normal 0 0 1
    outer loop
      vertex 8.39444 -66.6244 1.6
      vertex 44.5599 -60.8036 1.6
      vertex 44.4716 -60.5435 1.6
    endloop
  endfacet
  facet normal 0 0 1
    outer loop
      vertex 8.39444 -62.7356 1.6
      vertex 44.4716 -60.5435 1.6
      vertex 44.418 -60.2741 1.6
    endloop
  endfacet
  facet normal 0 0 1
    outer loop
      vertex 8.39444 -62.7356 1.6
      vertex 44.3681 -18.7176 1.6
      vertex 44.3171 -18.4611 1.6
    endloop
  endfacet
  facet normal 0 0 1
    outer loop
      vertex 8.39444 -62.7356 1.6
      vertex 44.3171 -18.4611 1.6
      vertex 44.3 -18.2 1.6
    endloop
  endfacet
  facet normal 0 0 1
    outer loop
      vertex 44.418 -59.7259 1.6
      vertex 8.39444 -62.7356 1.6
      vertex 44.4 -60 1.6
    endloop
  endfacet
  facet normal 0 0 1
    outer loop
      vertex 8.39444 -62.7356 1.6
      vertex 44.418 -60.2741 1.6
      vertex 44.4 -60 1.6
    endloop
  endfacet
  facet normal 0 0 1
    outer loop
      vertex 44.4716 -60.5435 1.6
      vertex 8.39444 -62.7356 1.6
      vertex 8.39444 -66.6244 1.6
    endloop
  endfacet
  facet normal 0 0 1
    outer loop
      vertex 45.9 -70.5 1.6
      vertex 8.39444 -66.6244 1.6
      vertex 45.9222 -70.8394 1.6
    endloop
  endfacet
  facet normal 0 0 1
    outer loop
      vertex 45.9222 -70.8394 1.6
      vertex 8.39444 -66.6244 1.6
      vertex 45.9886 -71.1729 1.6
    endloop
  endfacet
  facet normal 0 0 1
    outer loop
      vertex 45.9886 -71.1729 1.6
      vertex 8.39444 -66.6244 1.6
      vertex 46.0979 -71.495 1.6
    endloop
  endfacet
  facet normal 0 0 1
    outer loop
      vertex 46.0979 -71.495 1.6
      vertex 8.39444 -66.6244 1.6
      vertex 46.2483 -71.8 1.6
    endloop
  endfacet
  facet normal 0 0 1
    outer loop
      vertex 46.2483 -71.8 1.6
      vertex 8.39444 -66.6244 1.6
      vertex 46.4373 -72.0828 1.6
    endloop
  endfacet
  facet normal -0 0 1
    outer loop
      vertex 3.75167 -71.8 1.6
      vertex 46.4373 -72.0828 1.6
      vertex 8.39444 -66.6244 1.6
    endloop
  endfacet
  facet normal 0 0 1
    outer loop
      vertex 3.56272 -72.0828 1.6
      vertex 46.4373 -72.0828 1.6
      vertex 3.75167 -71.8 1.6
    endloop
  endfacet
  facet normal 0 0 1
    outer loop
      vertex 46.4373 -72.0828 1.6
      vertex 3.56272 -72.0828 1.6
      vertex 46.6615 -72.3385 1.6
    endloop
  endfacet
  facet normal 0 0 1
    outer loop
      vertex 3.33848 -72.3385 1.6
      vertex 46.6615 -72.3385 1.6
      vertex 3.56272 -72.0828 1.6
    endloop
  endfacet
  facet normal 0 0 1
    outer loop
      vertex 46.6615 -72.3385 1.6
      vertex 3.33848 -72.3385 1.6
      vertex 46.9172 -72.5627 1.6
    endloop
  endfacet
  facet normal 0 0 1
    outer loop
      vertex 4.07776 -70.8394 1.6
      vertex 8.39444 -66.6244 1.6
      vertex 4.1 -70.5 1.6
    endloop
  endfacet
  facet normal 0 0 1
    outer loop
      vertex 4.01141 -71.1729 1.6
      vertex 8.39444 -66.6244 1.6
      vertex 4.07776 -70.8394 1.6
    endloop
  endfacet
  facet normal 0 0 1
    outer loop
      vertex 3.90209 -71.495 1.6
      vertex 8.39444 -66.6244 1.6
      vertex 4.01141 -71.1729 1.6
    endloop
  endfacet
  facet normal 0 0 1
    outer loop
      vertex 3.75167 -71.8 1.6
      vertex 8.39444 -66.6244 1.6
      vertex 3.90209 -71.495 1.6
    endloop
  endfacet
  facet normal 0 0 1
    outer loop
      vertex 3.08278 -72.5627 1.6
      vertex 46.9172 -72.5627 1.6
      vertex 3.33848 -72.3385 1.6
    endloop
  endfacet
  facet normal 0 0 1
    outer loop
      vertex 46.9172 -72.5627 1.6
      vertex 3.08278 -72.5627 1.6
      vertex 47.2 -72.7517 1.6
    endloop
  endfacet
  facet normal 0 0 1
    outer loop
      vertex 2.8 -72.7517 1.6
      vertex 47.2 -72.7517 1.6
      vertex 3.08278 -72.5627 1.6
    endloop
  endfacet
  facet normal 0 0 1
    outer loop
      vertex 47.2 -72.7517 1.6
      vertex 2.8 -72.7517 1.6
      vertex 47.505 -72.9021 1.6
    endloop
  endfacet
  facet normal 0 0 1
    outer loop
      vertex 2.49498 -72.9021 1.6
      vertex 47.505 -72.9021 1.6
      vertex 2.8 -72.7517 1.6
    endloop
  endfacet
  facet normal 0 0 1
    outer loop
      vertex 47.505 -72.9021 1.6
      vertex 2.49498 -72.9021 1.6
      vertex 47.7935 -73 1.6
    endloop
  endfacet
  facet normal 0 0 1
    outer loop
      vertex 47.7935 -73 1.6
      vertex 2.49498 -72.9021 1.6
      vertex 2.20653 -73 1.6
    endloop
  endfacet
  facet normal 0 0 1
    outer loop
      vertex 8.39444 -66.6244 1.6
      vertex 4.07776 -70.1606 1.6
      vertex 4.1 -70.5 1.6
    endloop
  endfacet
  facet normal 0 0 1
    outer loop
      vertex 8.39444 -66.6244 1.6
      vertex 4.01141 -69.8271 1.6
      vertex 4.07776 -70.1606 1.6
    endloop
  endfacet
  facet normal 0 0 1
    outer loop
      vertex 8.39444 -66.6244 1.6
      vertex 3.90209 -69.505 1.6
      vertex 4.01141 -69.8271 1.6
    endloop
  endfacet
  facet normal 0 0 1
    outer loop
      vertex 8.39444 -66.6244 1.6
      vertex 3.75167 -69.2 1.6
      vertex 3.90209 -69.505 1.6
    endloop
  endfacet
  facet normal 0 0 1
    outer loop
      vertex 8.39444 -66.6244 1.6
      vertex 3.56272 -68.9172 1.6
      vertex 3.75167 -69.2 1.6
    endloop
  endfacet
  facet normal 0 0 1
    outer loop
      vertex 8.39444 -66.6244 1.6
      vertex 3.33848 -68.6615 1.6
      vertex 3.56272 -68.9172 1.6
    endloop
  endfacet
  facet normal 0 0 1
    outer loop
      vertex 8.39444 -66.6244 1.6
      vertex 3.08278 -68.4373 1.6
      vertex 3.33848 -68.6615 1.6
    endloop
  endfacet
  facet normal 0 0 1
    outer loop
      vertex 8.39444 -66.6244 1.6
      vertex 2.8 -68.2483 1.6
      vertex 3.08278 -68.4373 1.6
    endloop
  endfacet
  facet normal -0 0 1
    outer loop
      vertex 1.00556 -66.6244 1.6
      vertex 2.8 -68.2483 1.6
      vertex 8.39444 -66.6244 1.6
    endloop
  endfacet
  facet normal 0 0 1
    outer loop
      vertex 2.8 -68.2483 1.6
      vertex 1.00556 -66.6244 1.6
      vertex 2.49498 -68.0979 1.6
    endloop
  endfacet
  facet normal 0 0 1
    outer loop
      vertex 2.49498 -68.0979 1.6
      vertex 1.00556 -66.6244 1.6
      vertex 2.17293 -67.9886 1.6
    endloop
  endfacet
  facet normal 0 0 1
    outer loop
      vertex 2.17293 -67.9886 1.6
      vertex 1.00556 -66.6244 1.6
      vertex 1.83937 -67.9222 1.6
    endloop
  endfacet
  facet normal 0 0 1
    outer loop
      vertex 1.83937 -67.9222 1.6
      vertex 1.00556 -66.6244 1.6
      vertex 1.5 -67.9 1.6
    endloop
  endfacet
  facet normal 0 0 1
    outer loop
      vertex 1.5 -67.9 1.6
      vertex 1.00556 -66.6244 1.6
      vertex 1.16063 -67.9222 1.6
    endloop
  endfacet
  facet normal 0 0 1
    outer loop
      vertex 1.16063 -67.9222 1.6
      vertex 1.00556 -66.6244 1.6
      vertex 0.82707 -67.9886 1.6
    endloop
  endfacet
  facet normal 0 0 1
    outer loop
      vertex 44.3 -10.4 1.6
      vertex 5.52844 -4.04352 1.6
      vertex 5.44015 -4.30363 1.6
    endloop
  endfacet
  facet normal 0 0 1
    outer loop
      vertex 8.39444 -62.7356 1.6
      vertex 5.58203 -59.7259 1.6
      vertex 5.6 -60 1.6
    endloop
  endfacet
  facet normal 0 0 1
    outer loop
      vertex 44.3171 -10.6611 1.6
      vertex 5.44015 -4.30363 1.6
      vertex 5.31865 -4.55 1.6
    endloop
  endfacet
  facet normal 0 0 1
    outer loop
      vertex 8.39444 -62.7356 1.6
      vertex 5.52844 -59.4565 1.6
      vertex 5.58203 -59.7259 1.6
    endloop
  endfacet
  facet normal 0 0 1
    outer loop
      vertex 44.3 -18.2 1.6
      vertex 5.31865 -4.55 1.6
      vertex 5.16604 -4.7784 1.6
    endloop
  endfacet
  facet normal 0 0 1
    outer loop
      vertex 8.39444 -62.7356 1.6
      vertex 5.44015 -59.1964 1.6
      vertex 5.52844 -59.4565 1.6
    endloop
  endfacet
  facet normal 0 0 1
    outer loop
      vertex 44.3 -18.2 1.6
      vertex 5.16604 -4.7784 1.6
      vertex 4.98492 -4.98492 1.6
    endloop
  endfacet
  facet normal 0 0 1
    outer loop
      vertex 8.39444 -62.7356 1.6
      vertex 5.31865 -58.95 1.6
      vertex 5.44015 -59.1964 1.6
    endloop
  endfacet
  facet normal 0 0 1
    outer loop
      vertex 44.3 -18.2 1.6
      vertex 5.16604 -58.7216 1.6
      vertex 8.39444 -62.7356 1.6
    endloop
  endfacet
  facet normal 0 0 1
    outer loop
      vertex 8.39444 -62.7356 1.6
      vertex 5.16604 -58.7216 1.6
      vertex 5.31865 -58.95 1.6
    endloop
  endfacet
  facet normal 0 0 1
    outer loop
      vertex 44.3 -18.2 1.6
      vertex 4.98492 -4.98492 1.6
      vertex 4.7784 -5.16604 1.6
    endloop
  endfacet
  facet normal 0 0 1
    outer loop
      vertex 44.3 -18.2 1.6
      vertex 4.98492 -58.5151 1.6
      vertex 5.16604 -58.7216 1.6
    endloop
  endfacet
  facet normal 0 0 1
    outer loop
      vertex 44.3 -18.2 1.6
      vertex 4.7784 -5.16604 1.6
      vertex 4.55 -5.31865 1.6
    endloop
  endfacet
  facet normal 0 0 1
    outer loop
      vertex 44.3 -18.2 1.6
      vertex 4.7784 -58.334 1.6
      vertex 4.98492 -58.5151 1.6
    endloop
  endfacet
  facet normal 0 0 1
    outer loop
      vertex 44.3 -18.2 1.6
      vertex 4.55 -5.31865 1.6
      vertex 4.55 -58.1813 1.6
    endloop
  endfacet
  facet normal 0 0 1
    outer loop
      vertex 44.3 -18.2 1.6
      vertex 4.55 -58.1813 1.6
      vertex 4.7784 -58.334 1.6
    endloop
  endfacet
  facet normal -0 0 1
    outer loop
      vertex 4.30363 -5.44015 1.6
      vertex 4.55 -58.1813 1.6
      vertex 4.55 -5.31865 1.6
    endloop
  endfacet
  facet normal 0 0 1
    outer loop
      vertex 4.30363 -5.44015 1.6
      vertex 4.30363 -58.0599 1.6
      vertex 4.55 -58.1813 1.6
    endloop
  endfacet
  facet normal -0 0 1
    outer loop
      vertex 4.04352 -5.52844 1.6
      vertex 4.30363 -58.0599 1.6
      vertex 4.30363 -5.44015 1.6
    endloop
  endfacet
  facet normal 0 0 1
    outer loop
      vertex 4.04352 -5.52844 1.6
      vertex 4.04352 -57.9716 1.6
      vertex 4.30363 -58.0599 1.6
    endloop
  endfacet
  facet normal -0 0 1
    outer loop
      vertex 3.7741 -5.58203 1.6
      vertex 4.04352 -57.9716 1.6
      vertex 4.04352 -5.52844 1.6
    endloop
  endfacet
  facet normal 0 0 1
    outer loop
      vertex 3.7741 -5.58203 1.6
      vertex 3.7741 -57.918 1.6
      vertex 4.04352 -57.9716 1.6
    endloop
  endfacet
  facet normal -0 0 1
    outer loop
      vertex 3.5 -5.6 1.6
      vertex 3.7741 -57.918 1.6
      vertex 3.7741 -5.58203 1.6
    endloop
  endfacet
  facet normal 0 0 1
    outer loop
      vertex 3.5 -5.6 1.6
      vertex 3.5 -57.9 1.6
      vertex 3.7741 -57.918 1.6
    endloop
  endfacet
  facet normal 0 0 1
    outer loop
      vertex 3.22589 -5.58203 1.6
      vertex 3.5 -57.9 1.6
      vertex 3.5 -5.6 1.6
    endloop
  endfacet
  facet normal 0 0 1
    outer loop
      vertex 3.22589 -5.58203 1.6
      vertex 3.22589 -57.918 1.6
      vertex 3.5 -57.9 1.6
    endloop
  endfacet
  facet normal 0 0 1
    outer loop
      vertex 2.95648 -5.52844 1.6
      vertex 3.22589 -57.918 1.6
      vertex 3.22589 -5.58203 1.6
    endloop
  endfacet
  facet normal 0 0 1
    outer loop
      vertex 2.95648 -5.52844 1.6
      vertex 2.95648 -57.9716 1.6
      vertex 3.22589 -57.918 1.6
    endloop
  endfacet
  facet normal 0 0 1
    outer loop
      vertex 2.69636 -5.44015 1.6
      vertex 2.95648 -57.9716 1.6
      vertex 2.95648 -5.52844 1.6
    endloop
  endfacet
  facet normal 0 0 1
    outer loop
      vertex 2.69636 -5.44015 1.6
      vertex 2.69636 -58.0599 1.6
      vertex 2.95648 -57.9716 1.6
    endloop
  endfacet
  facet normal 0 0 1
    outer loop
      vertex 2.45 -5.31865 1.6
      vertex 2.69636 -58.0599 1.6
      vertex 2.69636 -5.44015 1.6
    endloop
  endfacet
  facet normal 0 0 1
    outer loop
      vertex 2.45 -5.31865 1.6
      vertex 2.45 -58.1813 1.6
      vertex 2.69636 -58.0599 1.6
    endloop
  endfacet
  facet normal 0 0 1
    outer loop
      vertex 2.2216 -5.16604 1.6
      vertex 2.45 -58.1813 1.6
      vertex 2.45 -5.31865 1.6
    endloop
  endfacet
  facet normal 0 0 1
    outer loop
      vertex 2.2216 -5.16604 1.6
      vertex 2.2216 -58.334 1.6
      vertex 2.45 -58.1813 1.6
    endloop
  endfacet
  facet normal 0 0 1
    outer loop
      vertex 2.01508 -4.98492 1.6
      vertex 2.2216 -58.334 1.6
      vertex 2.2216 -5.16604 1.6
    endloop
  endfacet
  facet normal 0 0 1
    outer loop
      vertex 2.01508 -4.98492 1.6
      vertex 2.01508 -58.5151 1.6
      vertex 2.2216 -58.334 1.6
    endloop
  endfacet
  facet normal 0 0 1
    outer loop
      vertex 1.83396 -4.7784 1.6
      vertex 2.01508 -58.5151 1.6
      vertex 2.01508 -4.98492 1.6
    endloop
  endfacet
  facet normal 0 0 1
    outer loop
      vertex 1.83396 -4.7784 1.6
      vertex 1.83396 -58.7216 1.6
      vertex 2.01508 -58.5151 1.6
    endloop
  endfacet
  facet normal 0 0 1
    outer loop
      vertex 1.68135 -4.55 1.6
      vertex 1.83396 -58.7216 1.6
      vertex 1.83396 -4.7784 1.6
    endloop
  endfacet
  facet normal 0 0 1
    outer loop
      vertex 1.68135 -4.55 1.6
      vertex 1.68135 -58.95 1.6
      vertex 1.83396 -58.7216 1.6
    endloop
  endfacet
  facet normal 0 0 1
    outer loop
      vertex 1.55985 -4.30363 1.6
      vertex 1.68135 -58.95 1.6
      vertex 1.68135 -4.55 1.6
    endloop
  endfacet
  facet normal 0 0 1
    outer loop
      vertex 1.55985 -4.30363 1.6
      vertex 1.55985 -59.1964 1.6
      vertex 1.68135 -58.95 1.6
    endloop
  endfacet
  facet normal 0 0 1
    outer loop
      vertex 1.47156 -4.04352 1.6
      vertex 1.55985 -59.1964 1.6
      vertex 1.55985 -4.30363 1.6
    endloop
  endfacet
  facet normal 0 0 1
    outer loop
      vertex 1.47156 -4.04352 1.6
      vertex 1.47156 -59.4565 1.6
      vertex 1.55985 -59.1964 1.6
    endloop
  endfacet
  facet normal 0 0 1
    outer loop
      vertex 1.41796 -3.7741 1.6
      vertex 1.47156 -59.4565 1.6
      vertex 1.47156 -4.04352 1.6
    endloop
  endfacet
  facet normal 0 0 1
    outer loop
      vertex 1.41796 -3.7741 1.6
      vertex 1.41796 -59.7259 1.6
      vertex 1.47156 -59.4565 1.6
    endloop
  endfacet
  facet normal 0 0 1
    outer loop
      vertex -0.299999 0.299999 1.6
      vertex 1.41796 -3.7741 1.6
      vertex 1.4 -3.5 1.6
    endloop
  endfacet
  facet normal 0 0 1
    outer loop
      vertex 1.41796 -3.7741 1.6
      vertex 1.00556 -62.7356 1.6
      vertex 1.41796 -59.7259 1.6
    endloop
  endfacet
  facet normal 0 0 1
    outer loop
      vertex 44.3171 -10.1389 1.6
      vertex 5.52844 -4.04352 1.6
      vertex 44.3 -10.4 1.6
    endloop
  endfacet
  facet normal -0 0 1
    outer loop
      vertex 5.58203 -60.2741 1.6
      vertex 8.39444 -62.7356 1.6
      vertex 5.6 -60 1.6
    endloop
  endfacet
  facet normal -0 0 1
    outer loop
      vertex 5.52844 -60.5435 1.6
      vertex 8.39444 -62.7356 1.6
      vertex 5.58203 -60.2741 1.6
    endloop
  endfacet
  facet normal -0 0 1
    outer loop
      vertex 5.44015 -60.8036 1.6
      vertex 8.39444 -62.7356 1.6
      vertex 5.52844 -60.5435 1.6
    endloop
  endfacet
  facet normal -0 0 1
    outer loop
      vertex 5.31865 -61.05 1.6
      vertex 8.39444 -62.7356 1.6
      vertex 5.44015 -60.8036 1.6
    endloop
  endfacet
  facet normal -0 0 1
    outer loop
      vertex 5.16604 -61.2784 1.6
      vertex 8.39444 -62.7356 1.6
      vertex 5.31865 -61.05 1.6
    endloop
  endfacet
  facet normal -0 0 1
    outer loop
      vertex 4.98492 -61.4849 1.6
      vertex 8.39444 -62.7356 1.6
      vertex 5.16604 -61.2784 1.6
    endloop
  endfacet
  facet normal -0 0 1
    outer loop
      vertex 4.7784 -61.666 1.6
      vertex 8.39444 -62.7356 1.6
      vertex 4.98492 -61.4849 1.6
    endloop
  endfacet
  facet normal -0 0 1
    outer loop
      vertex 4.55 -61.8187 1.6
      vertex 8.39444 -62.7356 1.6
      vertex 4.7784 -61.666 1.6
    endloop
  endfacet
  facet normal -0 0 1
    outer loop
      vertex 4.30363 -61.9401 1.6
      vertex 8.39444 -62.7356 1.6
      vertex 4.55 -61.8187 1.6
    endloop
  endfacet
  facet normal -0 0 1
    outer loop
      vertex 4.04352 -62.0284 1.6
      vertex 8.39444 -62.7356 1.6
      vertex 4.30363 -61.9401 1.6
    endloop
  endfacet
  facet normal -0 0 1
    outer loop
      vertex 3.7741 -62.082 1.6
      vertex 8.39444 -62.7356 1.6
      vertex 4.04352 -62.0284 1.6
    endloop
  endfacet
  facet normal 0 0 1
    outer loop
      vertex 1.00556 -62.7356 1.6
      vertex 3.7741 -62.082 1.6
      vertex 3.5 -62.1 1.6
    endloop
  endfacet
  facet normal 0 0 1
    outer loop
      vertex 1.00556 -62.7356 1.6
      vertex 3.5 -62.1 1.6
      vertex 3.22589 -62.082 1.6
    endloop
  endfacet
  facet normal 0 0 1
    outer loop
      vertex 3.7741 -62.082 1.6
      vertex 1.00556 -62.7356 1.6
      vertex 8.39444 -62.7356 1.6
    endloop
  endfacet
  facet normal 0 0 1
    outer loop
      vertex 2.95648 -62.0284 1.6
      vertex 1.00556 -62.7356 1.6
      vertex 3.22589 -62.082 1.6
    endloop
  endfacet
  facet normal 0 0 1
    outer loop
      vertex 2.69636 -61.9401 1.6
      vertex 1.00556 -62.7356 1.6
      vertex 2.95648 -62.0284 1.6
    endloop
  endfacet
  facet normal 0 0 1
    outer loop
      vertex 2.45 -61.8187 1.6
      vertex 1.00556 -62.7356 1.6
      vertex 2.69636 -61.9401 1.6
    endloop
  endfacet
  facet normal 0 0 1
    outer loop
      vertex 2.2216 -61.666 1.6
      vertex 1.00556 -62.7356 1.6
      vertex 2.45 -61.8187 1.6
    endloop
  endfacet
  facet normal 0 0 1
    outer loop
      vertex 2.01508 -61.4849 1.6
      vertex 1.00556 -62.7356 1.6
      vertex 2.2216 -61.666 1.6
    endloop
  endfacet
  facet normal 0 0 1
    outer loop
      vertex 1.83396 -61.2784 1.6
      vertex 1.00556 -62.7356 1.6
      vertex 2.01508 -61.4849 1.6
    endloop
  endfacet
  facet normal 0 0 1
    outer loop
      vertex 1.68135 -61.05 1.6
      vertex 1.00556 -62.7356 1.6
      vertex 1.83396 -61.2784 1.6
    endloop
  endfacet
  facet normal 0 0 1
    outer loop
      vertex 1.55985 -60.8036 1.6
      vertex 1.00556 -62.7356 1.6
      vertex 1.68135 -61.05 1.6
    endloop
  endfacet
  facet normal 0 0 1
    outer loop
      vertex 1.47156 -60.5435 1.6
      vertex 1.00556 -62.7356 1.6
      vertex 1.55985 -60.8036 1.6
    endloop
  endfacet
  facet normal 0 0 1
    outer loop
      vertex 1.41796 -60.2741 1.6
      vertex 1.00556 -62.7356 1.6
      vertex 1.47156 -60.5435 1.6
    endloop
  endfacet
  facet normal 0 0 1
    outer loop
      vertex 1.00556 -62.7356 1.6
      vertex 1.41796 -60.2741 1.6
      vertex 1.4 -60 1.6
    endloop
  endfacet
  facet normal -0 0 1
    outer loop
      vertex 50.0828 -72.5627 1.6
      vertex 50.3 -73 1.6
      vertex 50.3 -72.3722 1.6
    endloop
  endfacet
  facet normal -0 0 1
    outer loop
      vertex 49.8 -72.7517 1.6
      vertex 50.3 -73 1.6
      vertex 50.0828 -72.5627 1.6
    endloop
  endfacet
  facet normal -0 0 1
    outer loop
      vertex 49.495 -72.9021 1.6
      vertex 50.3 -73 1.6
      vertex 49.8 -72.7517 1.6
    endloop
  endfacet
  facet normal 0 0 1
    outer loop
      vertex 50.3 -73 1.6
      vertex 49.495 -72.9021 1.6
      vertex 49.2065 -73 1.6
    endloop
  endfacet
  facet normal 0 0 1
    outer loop
      vertex 0.505023 -72.9021 1.6
      vertex -0.299999 -73 1.6
      vertex 0.793467 -73 1.6
    endloop
  endfacet
  facet normal 0 0 1
    outer loop
      vertex 0.2 -72.7517 1.6
      vertex -0.299999 -73 1.6
      vertex 0.505023 -72.9021 1.6
    endloop
  endfacet
  facet normal 0 0 1
    outer loop
      vertex -0.0827789 -72.5627 1.6
      vertex -0.299999 -73 1.6
      vertex 0.2 -72.7517 1.6
    endloop
  endfacet
  facet normal 0 0 1
    outer loop
      vertex -0.299999 -73 1.6
      vertex -0.0827789 -72.5627 1.6
      vertex -0.299999 -72.3722 1.6
    endloop
  endfacet
  facet normal -1 0 0
    outer loop
      vertex 50.3 -24 4.8
      vertex 50.3 0.299999 1.6
      vertex 50.3 -24 3.2
    endloop
  endfacet
  facet normal -1 0 0
    outer loop
      vertex 50.3 0.299999 1.6
      vertex 50.3 -30 3.2
      vertex 50.3 -24 3.2
    endloop
  endfacet
  facet normal -1 0 0
    outer loop
      vertex 50.3 -30 3.2
      vertex 50.3 -32 3.2
      vertex 50.3 -30 4.8
    endloop
  endfacet
  facet normal -1 0 0
    outer loop
      vertex 50.3 0.299999 1.6
      vertex 50.3 -32 3.2
      vertex 50.3 -30 3.2
    endloop
  endfacet
  facet normal -1 0 0
    outer loop
      vertex 50.3 0.299999 1.6
      vertex 50.3 -38 3.2
      vertex 50.3 -32 3.2
    endloop
  endfacet
  facet normal -1 -0 0
    outer loop
      vertex 50.3 -38 3.2
      vertex 50.3 -68.6278 1.6
      vertex 50.3 -38 4.8
    endloop
  endfacet
  facet normal -1 0 0
    outer loop
      vertex 50.3 -68.6278 1.6
      vertex 50.3 -38 3.2
      vertex 50.3 0.299999 1.6
    endloop
  endfacet
  facet normal -1 0 0
    outer loop
      vertex 50.3 0.299999 1.6
      vertex 50.3 -24 4.8
      vertex 50.3 0.299999 7.2
    endloop
  endfacet
  facet normal -1 0 0
    outer loop
      vertex 50.3 -30 4.8
      vertex 50.3 0.299999 7.2
      vertex 50.3 -24 4.8
    endloop
  endfacet
  facet normal -1 0 0
    outer loop
      vertex 50.3 -32 4.8
      vertex 50.3 -30 4.8
      vertex 50.3 -32 3.2
    endloop
  endfacet
  facet normal -1 0 0
    outer loop
      vertex 50.3 -32 4.8
      vertex 50.3 0.299999 7.2
      vertex 50.3 -30 4.8
    endloop
  endfacet
  facet normal -1 0 0
    outer loop
      vertex 50.3 -38 4.8
      vertex 50.3 0.299999 7.2
      vertex 50.3 -32 4.8
    endloop
  endfacet
  facet normal -1 0 0
    outer loop
      vertex 50.3 -38 4.8
      vertex 50.3 -68.6278 7.2
      vertex 50.3 0.299999 7.2
    endloop
  endfacet
  facet normal -1 0 0
    outer loop
      vertex 50.3 -68.6278 7.2
      vertex 50.3 -38 4.8
      vertex 50.3 -68.6278 1.6
    endloop
  endfacet
  facet normal -1 0 0
    outer loop
      vertex 50.3 -73 1.6
      vertex 50.3 -72.3722 7.2
      vertex 50.3 -72.3722 1.6
    endloop
  endfacet
  facet normal -1 -0 0
    outer loop
      vertex 50.3 -72.3722 7.2
      vertex 50.3 -73 1.6
      vertex 50.3 -73 7.2
    endloop
  endfacet
  facet normal 0 1 -0
    outer loop
      vertex 50.3 -73 1.6
      vertex 49.2065 -73 7.2
      vertex 50.3 -73 7.2
    endloop
  endfacet
  facet normal 0 1 0
    outer loop
      vertex 49.2065 -73 7.2
      vertex 50.3 -73 1.6
      vertex 49.2065 -73 1.6
    endloop
  endfacet
  facet normal 0 1 -0
    outer loop
      vertex 0.793467 -73 1.6
      vertex -0.299999 -73 7.2
      vertex 0.793467 -73 7.2
    endloop
  endfacet
  facet normal 0 1 0
    outer loop
      vertex -0.299999 -73 7.2
      vertex 0.793467 -73 1.6
      vertex -0.299999 -73 1.6
    endloop
  endfacet
  facet normal 0 1 -0
    outer loop
      vertex 21.5 -73 3.2
      vertex 18 -73 4.8
      vertex 21.5 -73 4.8
    endloop
  endfacet
  facet normal 0 1 0
    outer loop
      vertex 18 -73 4.8
      vertex 21.5 -73 3.2
      vertex 18 -73 3.2
    endloop
  endfacet
  facet normal 0 1 -0
    outer loop
      vertex 32 -73 3.2
      vertex 28.5 -73 4.8
      vertex 32 -73 4.8
    endloop
  endfacet
  facet normal 0 1 0
    outer loop
      vertex 28.5 -73 4.8
      vertex 32 -73 3.2
      vertex 28.5 -73 3.2
    endloop
  endfacet
  facet normal 0 1 0
    outer loop
      vertex 32 -73 4.8
      vertex 47.7935 -73 7.2
      vertex 39 -73 4.8
    endloop
  endfacet
  facet normal 0 1 -0
    outer loop
      vertex 47.7935 -73 1.6
      vertex 39 -73 4.8
      vertex 47.7935 -73 7.2
    endloop
  endfacet
  facet normal 0 1 0
    outer loop
      vertex 47.7935 -73 1.6
      vertex 32 -73 3.2
      vertex 39 -73 3.2
    endloop
  endfacet
  facet normal 0 1 0
    outer loop
      vertex 32 -73 3.2
      vertex 47.7935 -73 1.6
      vertex 28.5 -73 3.2
    endloop
  endfacet
  facet normal 0 1 0
    outer loop
      vertex 28.5 -73 3.2
      vertex 47.7935 -73 1.6
      vertex 21.5 -73 3.2
    endloop
  endfacet
  facet normal 0 1 0
    outer loop
      vertex 2.20653 -73 1.6
      vertex 21.5 -73 3.2
      vertex 47.7935 -73 1.6
    endloop
  endfacet
  facet normal 0 1 0
    outer loop
      vertex 21.5 -73 3.2
      vertex 2.20653 -73 1.6
      vertex 18 -73 3.2
    endloop
  endfacet
  facet normal 0 1 0
    outer loop
      vertex 39 -73 4.8
      vertex 47.7935 -73 1.6
      vertex 39 -73 3.2
    endloop
  endfacet
  facet normal 0 1 0
    outer loop
      vertex 28.5 -73 4.8
      vertex 47.7935 -73 7.2
      vertex 32 -73 4.8
    endloop
  endfacet
  facet normal 0 1 0
    outer loop
      vertex 47.7935 -73 7.2
      vertex 28.5 -73 4.8
      vertex 2.20653 -73 7.2
    endloop
  endfacet
  facet normal 0 1 -0
    outer loop
      vertex 21.5 -73 4.8
      vertex 2.20653 -73 7.2
      vertex 28.5 -73 4.8
    endloop
  endfacet
  facet normal 0 1 -0
    outer loop
      vertex 18 -73 4.8
      vertex 2.20653 -73 7.2
      vertex 21.5 -73 4.8
    endloop
  endfacet
  facet normal 0 1 -0
    outer loop
      vertex 11 -73 4.8
      vertex 2.20653 -73 7.2
      vertex 18 -73 4.8
    endloop
  endfacet
  facet normal 0 1 0
    outer loop
      vertex 2.20653 -73 1.6
      vertex 11 -73 4.8
      vertex 11 -73 3.2
    endloop
  endfacet
  facet normal 0 1 0
    outer loop
      vertex 11 -73 4.8
      vertex 2.20653 -73 1.6
      vertex 2.20653 -73 7.2
    endloop
  endfacet
  facet normal 0 1 0
    outer loop
      vertex 18 -73 3.2
      vertex 2.20653 -73 1.6
      vertex 11 -73 3.2
    endloop
  endfacet
  facet normal 0 -1 0
    outer loop
      vertex -0.299999 0.299999 1.6
      vertex 50.3 0.299999 7.2
      vertex -0.299999 0.299999 7.2
    endloop
  endfacet
  facet normal 0 -1 -0
    outer loop
      vertex 50.3 0.299999 7.2
      vertex -0.299999 0.299999 1.6
      vertex 50.3 0.299999 1.6
    endloop
  endfacet
  facet normal 0.997856 -0.0654402 0
    outer loop
      vertex -1.5 0.5 8.9
      vertex -1.49144 0.630526 7.2
      vertex -1.49144 0.630526 8.9
    endloop
  endfacet
  facet normal 0.997856 -0.0654402 0
    outer loop
      vertex -1.49144 0.630526 7.2
      vertex -1.5 0.5 8.9
      vertex -1.5 0.5 7.2
    endloop
  endfacet
  facet normal 0 0 1
    outer loop
      vertex -0.299999 -72.3722 7.2
      vertex -0.338477 -72.3385 7.2
      vertex -0.299999 -73 7.2
    endloop
  endfacet
  facet normal 0 0 1
    outer loop
      vertex 50.3 0.299999 7.2
      vertex 51.5 0.5 7.2
      vertex 51.4914 0.630526 7.2
    endloop
  endfacet
  facet normal 0 0 1
    outer loop
      vertex 51.5 0.5 7.2
      vertex 51.0778 -70.1606 7.2
      vertex 51.5 -73.2 7.2
    endloop
  endfacet
  facet normal 0 0 1
    outer loop
      vertex 50.3 0.299999 7.2
      vertex 51.4914 0.630526 7.2
      vertex 51.4659 0.758819 7.2
    endloop
  endfacet
  facet normal -0 -0 1
    outer loop
      vertex 51.1 -70.5 7.2
      vertex 51.5 -73.2 7.2
      vertex 51.0778 -70.1606 7.2
    endloop
  endfacet
  facet normal 0 0 1
    outer loop
      vertex 50.3 0.299999 7.2
      vertex 51.4659 0.758819 7.2
      vertex 51.4239 0.882683 7.2
    endloop
  endfacet
  facet normal -0 0 1
    outer loop
      vertex 51.0778 -70.8394 7.2
      vertex 51.5 -73.2 7.2
      vertex 51.1 -70.5 7.2
    endloop
  endfacet
  facet normal 0 0 1
    outer loop
      vertex 50.3 0.299999 7.2
      vertex 51.4239 0.882683 7.2
      vertex 51.366 1 7.2
    endloop
  endfacet
  facet normal -0 0 1
    outer loop
      vertex 51.0114 -71.1729 7.2
      vertex 51.5 -73.2 7.2
      vertex 51.0778 -70.8394 7.2
    endloop
  endfacet
  facet normal 0 0 1
    outer loop
      vertex 50.3 0.299999 7.2
      vertex 51.366 1 7.2
      vertex 51.2934 1.10876 7.2
    endloop
  endfacet
  facet normal -0 0 1
    outer loop
      vertex 50.9021 -71.495 7.2
      vertex 51.5 -73.2 7.2
      vertex 51.0114 -71.1729 7.2
    endloop
  endfacet
  facet normal 0 0 1
    outer loop
      vertex 50.3 0.299999 7.2
      vertex 51.2934 1.10876 7.2
      vertex 51.2071 1.20711 7.2
    endloop
  endfacet
  facet normal -0 0 1
    outer loop
      vertex 50.5627 -72.0828 7.2
      vertex 51.5 -73.2 7.2
      vertex 50.7517 -71.8 7.2
    endloop
  endfacet
  facet normal 0 0 1
    outer loop
      vertex 50.3 0.299999 7.2
      vertex 51.2071 1.20711 7.2
      vertex 51.1088 1.29335 7.2
    endloop
  endfacet
  facet normal -0 0 1
    outer loop
      vertex 50.3385 -72.3385 7.2
      vertex 51.5 -73.2 7.2
      vertex 50.5627 -72.0828 7.2
    endloop
  endfacet
  facet normal 0 0 1
    outer loop
      vertex 51.5 -73.2 7.2
      vertex 50.3 -73 7.2
      vertex 51.4914 -73.3305 7.2
    endloop
  endfacet
  facet normal -0 0 1
    outer loop
      vertex 50.7517 -71.8 7.2
      vertex 51.5 -73.2 7.2
      vertex 50.9021 -71.495 7.2
    endloop
  endfacet
  facet normal 0 0 1
    outer loop
      vertex 51.5 0.5 7.2
      vertex 51.0114 -69.8271 7.2
      vertex 51.0778 -70.1606 7.2
    endloop
  endfacet
  facet normal 0 0 1
    outer loop
      vertex 50.3 0.299999 7.2
      vertex 51.1088 1.29335 7.2
      vertex 51 1.36602 7.2
    endloop
  endfacet
  facet normal 0 0 1
    outer loop
      vertex 51.5 0.5 7.2
      vertex 50.9021 -69.505 7.2
      vertex 51.0114 -69.8271 7.2
    endloop
  endfacet
  facet normal 0 0 1
    outer loop
      vertex 50.3 0.299999 7.2
      vertex 51 1.36602 7.2
      vertex 50.8827 1.42388 7.2
    endloop
  endfacet
  facet normal 0 0 1
    outer loop
      vertex 50.3 0.299999 7.2
      vertex 50.8827 1.42388 7.2
      vertex 50.7588 1.46593 7.2
    endloop
  endfacet
  facet normal 0 0 1
    outer loop
      vertex 51.5 0.5 7.2
      vertex 50.3 0.299999 7.2
      vertex 50.3 -68.6278 7.2
    endloop
  endfacet
  facet normal 0 0 1
    outer loop
      vertex 50.3 0.299999 7.2
      vertex 50.7588 1.46593 7.2
      vertex 50.6305 1.49144 7.2
    endloop
  endfacet
  facet normal 0 0 1
    outer loop
      vertex 51.5 0.5 7.2
      vertex 50.7517 -69.2 7.2
      vertex 50.9021 -69.505 7.2
    endloop
  endfacet
  facet normal 0 0 1
    outer loop
      vertex 50.3 0.299999 7.2
      vertex 50.6305 1.49144 7.2
      vertex 50.5 1.5 7.2
    endloop
  endfacet
  facet normal 0 0 1
    outer loop
      vertex 51.5 0.5 7.2
      vertex 50.5627 -68.9172 7.2
      vertex 50.7517 -69.2 7.2
    endloop
  endfacet
  facet normal 0 0 1
    outer loop
      vertex 51.5 0.5 7.2
      vertex 50.3385 -68.6615 7.2
      vertex 50.5627 -68.9172 7.2
    endloop
  endfacet
  facet normal 0 0 1
    outer loop
      vertex 50.5 1.5 7.2
      vertex -0.299999 0.299999 7.2
      vertex 50.3 0.299999 7.2
    endloop
  endfacet
  facet normal -0 0 1
    outer loop
      vertex -0.5 1.5 7.2
      vertex -0.299999 0.299999 7.2
      vertex 50.5 1.5 7.2
    endloop
  endfacet
  facet normal -0 0 1
    outer loop
      vertex -0.630526 1.49144 7.2
      vertex -0.299999 0.299999 7.2
      vertex -0.5 1.5 7.2
    endloop
  endfacet
  facet normal -0 0 1
    outer loop
      vertex -0.758819 1.46593 7.2
      vertex -0.299999 0.299999 7.2
      vertex -0.630526 1.49144 7.2
    endloop
  endfacet
  facet normal -0 0 1
    outer loop
      vertex -0.882683 1.42388 7.2
      vertex -0.299999 0.299999 7.2
      vertex -0.758819 1.46593 7.2
    endloop
  endfacet
  facet normal -0 0 1
    outer loop
      vertex -1 1.36602 7.2
      vertex -0.299999 0.299999 7.2
      vertex -0.882683 1.42388 7.2
    endloop
  endfacet
  facet normal -0 0 1
    outer loop
      vertex -1.10876 1.29335 7.2
      vertex -0.299999 0.299999 7.2
      vertex -1 1.36602 7.2
    endloop
  endfacet
  facet normal -0 0 1
    outer loop
      vertex -1.20711 1.20711 7.2
      vertex -0.299999 0.299999 7.2
      vertex -1.10876 1.29335 7.2
    endloop
  endfacet
  facet normal -0 0 1
    outer loop
      vertex -1.29335 1.10876 7.2
      vertex -0.299999 0.299999 7.2
      vertex -1.20711 1.20711 7.2
    endloop
  endfacet
  facet normal -0 0 1
    outer loop
      vertex -1.36602 1 7.2
      vertex -0.299999 0.299999 7.2
      vertex -1.29335 1.10876 7.2
    endloop
  endfacet
  facet normal -0 0 1
    outer loop
      vertex -1.42388 0.882683 7.2
      vertex -0.299999 0.299999 7.2
      vertex -1.36602 1 7.2
    endloop
  endfacet
  facet normal -0 0 1
    outer loop
      vertex -1.46593 0.758819 7.2
      vertex -0.299999 0.299999 7.2
      vertex -1.42388 0.882683 7.2
    endloop
  endfacet
  facet normal -0 0 1
    outer loop
      vertex -1.49144 0.630526 7.2
      vertex -0.299999 0.299999 7.2
      vertex -1.46593 0.758819 7.2
    endloop
  endfacet
  facet normal 0 0 1
    outer loop
      vertex -0.299999 0.299999 7.2
      vertex -1.49144 0.630526 7.2
      vertex -1.5 0.5 7.2
    endloop
  endfacet
  facet normal 0 0 1
    outer loop
      vertex -1.5 -42.2 7.2
      vertex -0.299999 0.299999 7.2
      vertex -1.5 0.5 7.2
    endloop
  endfacet
  facet normal 0 0 1
    outer loop
      vertex -0.299999 0.299999 7.2
      vertex -1.5 -42.2 7.2
      vertex -0.299999 -42.2 7.2
    endloop
  endfacet
  facet normal 0 0 1
    outer loop
      vertex 51.4914 -73.3305 7.2
      vertex 50.3 -73 7.2
      vertex 51.4659 -73.4588 7.2
    endloop
  endfacet
  facet normal 0 0 1
    outer loop
      vertex 51.4659 -73.4588 7.2
      vertex 50.3 -73 7.2
      vertex 51.4239 -73.5827 7.2
    endloop
  endfacet
  facet normal 0 0 1
    outer loop
      vertex 51.4239 -73.5827 7.2
      vertex 50.3 -73 7.2
      vertex 51.366 -73.7 7.2
    endloop
  endfacet
  facet normal 0 0 1
    outer loop
      vertex 51.366 -73.7 7.2
      vertex 50.3 -73 7.2
      vertex 51.2934 -73.8088 7.2
    endloop
  endfacet
  facet normal 0 0 1
    outer loop
      vertex 51.2934 -73.8088 7.2
      vertex 50.3 -73 7.2
      vertex 51.2071 -73.9071 7.2
    endloop
  endfacet
  facet normal 0 0 1
    outer loop
      vertex 51.2071 -73.9071 7.2
      vertex 50.3 -73 7.2
      vertex 51.1088 -73.9934 7.2
    endloop
  endfacet
  facet normal 0 0 1
    outer loop
      vertex 51.1088 -73.9934 7.2
      vertex 50.3 -73 7.2
      vertex 51 -74.066 7.2
    endloop
  endfacet
  facet normal 0 0 1
    outer loop
      vertex 51 -74.066 7.2
      vertex 50.3 -73 7.2
      vertex 50.8827 -74.1239 7.2
    endloop
  endfacet
  facet normal 0 0 1
    outer loop
      vertex 50.8827 -74.1239 7.2
      vertex 50.3 -73 7.2
      vertex 50.7588 -74.1659 7.2
    endloop
  endfacet
  facet normal 0 0 1
    outer loop
      vertex 50.7588 -74.1659 7.2
      vertex 50.3 -73 7.2
      vertex 50.6305 -74.1914 7.2
    endloop
  endfacet
  facet normal 0 0 1
    outer loop
      vertex 51.5 -73.2 7.2
      vertex 50.3385 -72.3385 7.2
      vertex 50.3 -73 7.2
    endloop
  endfacet
  facet normal 0 0 1
    outer loop
      vertex 50.3 -73 7.2
      vertex 50.3385 -72.3385 7.2
      vertex 50.3 -72.3722 7.2
    endloop
  endfacet
  facet normal 0 0 1
    outer loop
      vertex 50.6305 -74.1914 7.2
      vertex 50.3 -73 7.2
      vertex 50.5 -74.2 7.2
    endloop
  endfacet
  facet normal -0 0 1
    outer loop
      vertex 49.2065 -73 7.2
      vertex 50.5 -74.2 7.2
      vertex 50.3 -73 7.2
    endloop
  endfacet
  facet normal -0 0 1
    outer loop
      vertex 49.1729 -73.0114 7.2
      vertex 50.5 -74.2 7.2
      vertex 49.2065 -73 7.2
    endloop
  endfacet
  facet normal -0 0 1
    outer loop
      vertex 48.8394 -73.0778 7.2
      vertex 50.5 -74.2 7.2
      vertex 49.1729 -73.0114 7.2
    endloop
  endfacet
  facet normal -0 0 1
    outer loop
      vertex 48.5 -73.1 7.2
      vertex 50.5 -74.2 7.2
      vertex 48.8394 -73.0778 7.2
    endloop
  endfacet
  facet normal 0 0 1
    outer loop
      vertex 48.1606 -73.0778 7.2
      vertex 50.5 -74.2 7.2
      vertex 48.5 -73.1 7.2
    endloop
  endfacet
  facet normal 0 0 1
    outer loop
      vertex 47.8271 -73.0114 7.2
      vertex 50.5 -74.2 7.2
      vertex 48.1606 -73.0778 7.2
    endloop
  endfacet
  facet normal 0 0 1
    outer loop
      vertex 47.7935 -73 7.2
      vertex 50.5 -74.2 7.2
      vertex 47.8271 -73.0114 7.2
    endloop
  endfacet
  facet normal -0 0 1
    outer loop
      vertex 2.20653 -73 7.2
      vertex 50.5 -74.2 7.2
      vertex 47.7935 -73 7.2
    endloop
  endfacet
  facet normal 0 0 1
    outer loop
      vertex -0.5 -74.2 7.2
      vertex 2.20653 -73 7.2
      vertex 2.17293 -73.0114 7.2
    endloop
  endfacet
  facet normal 0 0 1
    outer loop
      vertex -0.5 -74.2 7.2
      vertex 2.17293 -73.0114 7.2
      vertex 1.83937 -73.0778 7.2
    endloop
  endfacet
  facet normal 0 0 1
    outer loop
      vertex -0.5 -74.2 7.2
      vertex 1.83937 -73.0778 7.2
      vertex 1.5 -73.1 7.2
    endloop
  endfacet
  facet normal 0 0 1
    outer loop
      vertex -0.5 -74.2 7.2
      vertex 0.793467 -73 7.2
      vertex -0.299999 -73 7.2
    endloop
  endfacet
  facet normal 0 0 1
    outer loop
      vertex 0.793467 -73 7.2
      vertex -0.5 -74.2 7.2
      vertex 0.82707 -73.0114 7.2
    endloop
  endfacet
  facet normal 0 0 1
    outer loop
      vertex 0.82707 -73.0114 7.2
      vertex -0.5 -74.2 7.2
      vertex 1.16063 -73.0778 7.2
    endloop
  endfacet
  facet normal 0 0 1
    outer loop
      vertex 2.20653 -73 7.2
      vertex -0.5 -74.2 7.2
      vertex 50.5 -74.2 7.2
    endloop
  endfacet
  facet normal 0 0 1
    outer loop
      vertex 1.16063 -73.0778 7.2
      vertex -0.5 -74.2 7.2
      vertex 1.5 -73.1 7.2
    endloop
  endfacet
  facet normal 0 0 1
    outer loop
      vertex -1.5 -73.2 7.2
      vertex -0.299999 -73 7.2
      vertex -0.338477 -72.3385 7.2
    endloop
  endfacet
  facet normal 0 0 1
    outer loop
      vertex -1.5 -73.2 7.2
      vertex -0.338477 -72.3385 7.2
      vertex -0.562718 -72.0828 7.2
    endloop
  endfacet
  facet normal 0 0 1
    outer loop
      vertex -0.299999 -73 7.2
      vertex -1.5 -73.2 7.2
      vertex -1.49144 -73.3305 7.2
    endloop
  endfacet
  facet normal 0 0 1
    outer loop
      vertex -1.5 -73.2 7.2
      vertex -0.562718 -72.0828 7.2
      vertex -0.751665 -71.8 7.2
    endloop
  endfacet
  facet normal 0 0 1
    outer loop
      vertex -0.299999 -73 7.2
      vertex -0.630526 -74.1914 7.2
      vertex -0.5 -74.2 7.2
    endloop
  endfacet
  facet normal 0 0 1
    outer loop
      vertex -0.299999 -73 7.2
      vertex -0.758819 -74.1659 7.2
      vertex -0.630526 -74.1914 7.2
    endloop
  endfacet
  facet normal 0 0 1
    outer loop
      vertex -1.5 -73.2 7.2
      vertex -0.751665 -71.8 7.2
      vertex -0.902086 -71.495 7.2
    endloop
  endfacet
  facet normal 0 0 1
    outer loop
      vertex -0.299999 -73 7.2
      vertex -0.882683 -74.1239 7.2
      vertex -0.758819 -74.1659 7.2
    endloop
  endfacet
  facet normal 0 0 1
    outer loop
      vertex -1.5 -73.2 7.2
      vertex -0.902086 -71.495 7.2
      vertex -1.01141 -71.1729 7.2
    endloop
  endfacet
  facet normal 0 0 1
    outer loop
      vertex -1.5 -73.2 7.2
      vertex -1.01141 -71.1729 7.2
      vertex -1.07776 -70.8394 7.2
    endloop
  endfacet
  facet normal 0 0 1
    outer loop
      vertex -1.5 -73.2 7.2
      vertex -1.07776 -70.8394 7.2
      vertex -1.1 -70.5 7.2
    endloop
  endfacet
  facet normal 0 0 1
    outer loop
      vertex -0.299999 -73 7.2
      vertex -1 -74.066 7.2
      vertex -0.882683 -74.1239 7.2
    endloop
  endfacet
  facet normal 0 0 1
    outer loop
      vertex 51.5 0.5 7.2
      vertex 50.3 -68.6278 7.2
      vertex 50.3385 -68.6615 7.2
    endloop
  endfacet
  facet normal -0 0 1
    outer loop
      vertex -1.5 -57.9 7.2
      vertex -0.299999 -68.6278 7.2
      vertex -0.299999 -57.9 7.2
    endloop
  endfacet
  facet normal 0 0 1
    outer loop
      vertex -0.299999 -68.6278 7.2
      vertex -1.5 -57.9 7.2
      vertex -0.338477 -68.6615 7.2
    endloop
  endfacet
  facet normal 0 0 1
    outer loop
      vertex -0.338477 -68.6615 7.2
      vertex -1.5 -57.9 7.2
      vertex -0.562718 -68.9172 7.2
    endloop
  endfacet
  facet normal 0 0 1
    outer loop
      vertex -0.562718 -68.9172 7.2
      vertex -1.5 -57.9 7.2
      vertex -0.751665 -69.2 7.2
    endloop
  endfacet
  facet normal 0 0 1
    outer loop
      vertex -0.751665 -69.2 7.2
      vertex -1.5 -57.9 7.2
      vertex -0.902086 -69.505 7.2
    endloop
  endfacet
  facet normal 0 0 1
    outer loop
      vertex -0.902086 -69.505 7.2
      vertex -1.5 -57.9 7.2
      vertex -1.01141 -69.8271 7.2
    endloop
  endfacet
  facet normal 0 0 1
    outer loop
      vertex -1.01141 -69.8271 7.2
      vertex -1.5 -57.9 7.2
      vertex -1.07776 -70.1606 7.2
    endloop
  endfacet
  facet normal 0 0 1
    outer loop
      vertex -0.299999 -73 7.2
      vertex -1.10876 -73.9934 7.2
      vertex -1 -74.066 7.2
    endloop
  endfacet
  facet normal 0 0 1
    outer loop
      vertex -0.299999 -73 7.2
      vertex -1.20711 -73.9071 7.2
      vertex -1.10876 -73.9934 7.2
    endloop
  endfacet
  facet normal 0 0 1
    outer loop
      vertex -0.299999 -73 7.2
      vertex -1.29335 -73.8088 7.2
      vertex -1.20711 -73.9071 7.2
    endloop
  endfacet
  facet normal 0 0 1
    outer loop
      vertex -1.5 -73.2 7.2
      vertex -1.07776 -70.1606 7.2
      vertex -1.5 -57.9 7.2
    endloop
  endfacet
  facet normal 0 0 1
    outer loop
      vertex -0.299999 -73 7.2
      vertex -1.36602 -73.7 7.2
      vertex -1.29335 -73.8088 7.2
    endloop
  endfacet
  facet normal 0 0 1
    outer loop
      vertex -0.299999 -73 7.2
      vertex -1.42388 -73.5827 7.2
      vertex -1.36602 -73.7 7.2
    endloop
  endfacet
  facet normal 0 0 1
    outer loop
      vertex -0.299999 -73 7.2
      vertex -1.46593 -73.4588 7.2
      vertex -1.42388 -73.5827 7.2
    endloop
  endfacet
  facet normal 0 0 1
    outer loop
      vertex -1.07776 -70.1606 7.2
      vertex -1.5 -73.2 7.2
      vertex -1.1 -70.5 7.2
    endloop
  endfacet
  facet normal 0 0 1
    outer loop
      vertex -0.299999 -73 7.2
      vertex -1.49144 -73.3305 7.2
      vertex -1.46593 -73.4588 7.2
    endloop
  endfacet
  facet normal -0 0 1
    outer loop
      vertex -1.5 -54.2 7.2
      vertex -0.299999 -54.3 7.2
      vertex -0.299999 -54.2 7.2
    endloop
  endfacet
  facet normal 0 0 1
    outer loop
      vertex -0.299999 -54.3 7.2
      vertex -1.5 -54.2 7.2
      vertex -1.5 -54.3 7.2
    endloop
  endfacet
  facet normal 0.89683 0.442375 0
    outer loop
      vertex -1.36602 -73.7 8.9
      vertex -1.42388 -73.5827 7.2
      vertex -1.42388 -73.5827 8.9
    endloop
  endfacet
  facet normal 0.89683 0.442375 0
    outer loop
      vertex -1.42388 -73.5827 7.2
      vertex -1.36602 -73.7 8.9
      vertex -1.36602 -73.7 7.2
    endloop
  endfacet
  facet normal 0.6593 -0.75188 0
    outer loop
      vertex -1.20711 1.20711 7.2
      vertex -1.10876 1.29335 8.9
      vertex -1.20711 1.20711 8.9
    endloop
  endfacet
  facet normal 0.6593 -0.75188 0
    outer loop
      vertex -1.10876 1.29335 8.9
      vertex -1.20711 1.20711 7.2
      vertex -1.10876 1.29335 7.2
    endloop
  endfacet
  facet normal -0.980813 -0.19495 0
    outer loop
      vertex 51.4914 0.630526 7.2
      vertex 51.4659 0.758819 8.9
      vertex 51.4659 0.758819 7.2
    endloop
  endfacet
  facet normal -0.980813 -0.19495 0
    outer loop
      vertex 51.4659 0.758819 8.9
      vertex 51.4914 0.630526 7.2
      vertex 51.4914 0.630526 8.9
    endloop
  endfacet
  facet normal -1 0 0
    outer loop
      vertex 51.5 -73.2 7.2
      vertex 51.5 0.5 8.9
      vertex 51.5 0.5 7.2
    endloop
  endfacet
  facet normal -1 -0 0
    outer loop
      vertex 51.5 0.5 8.9
      vertex 51.5 -73.2 7.2
      vertex 51.5 -73.2 8.9
    endloop
  endfacet
  facet normal 0.980799 -0.195024 0
    outer loop
      vertex -1.49144 0.630526 8.9
      vertex -1.46593 0.758819 7.2
      vertex -1.46593 0.758819 8.9
    endloop
  endfacet
  facet normal 0.980799 -0.195024 0
    outer loop
      vertex -1.46593 0.758819 7.2
      vertex -1.49144 0.630526 8.9
      vertex -1.49144 0.630526 7.2
    endloop
  endfacet
  facet normal 0.896856 -0.442323 0
    outer loop
      vertex -1.42388 0.882683 8.9
      vertex -1.36602 1 7.2
      vertex -1.36602 1 8.9
    endloop
  endfacet
  facet normal 0.896856 -0.442323 0
    outer loop
      vertex -1.36602 1 7.2
      vertex -1.42388 0.882683 8.9
      vertex -1.42388 0.882683 7.2
    endloop
  endfacet
  facet normal 0.946921 -0.321466 0
    outer loop
      vertex -1.46593 0.758819 8.9
      vertex -1.42388 0.882683 7.2
      vertex -1.42388 0.882683 8.9
    endloop
  endfacet
  facet normal 0.946921 -0.321466 0
    outer loop
      vertex -1.42388 0.882683 7.2
      vertex -1.46593 0.758819 8.9
      vertex -1.46593 0.758819 7.2
    endloop
  endfacet
  facet normal 0 -1 0
    outer loop
      vertex -0.5 1.5 7.2
      vertex 50.5 1.5 8.9
      vertex -0.5 1.5 8.9
    endloop
  endfacet
  facet normal 0 -1 -0
    outer loop
      vertex 50.5 1.5 8.9
      vertex -0.5 1.5 7.2
      vertex 50.5 1.5 7.2
    endloop
  endfacet
  facet normal -0.751486 0.659749 0
    outer loop
      vertex 51.2071 -73.9071 7.2
      vertex 51.2934 -73.8088 8.9
      vertex 51.2934 -73.8088 7.2
    endloop
  endfacet
  facet normal -0.751486 0.659749 0
    outer loop
      vertex 51.2934 -73.8088 8.9
      vertex 51.2071 -73.9071 7.2
      vertex 51.2071 -73.9071 8.9
    endloop
  endfacet
  facet normal 1 -0 0
    outer loop
      vertex -1.5 -42.2 8.9
      vertex -1.5 0.5 7.2
      vertex -1.5 0.5 8.9
    endloop
  endfacet
  facet normal 1 0 0
    outer loop
      vertex -1.5 0.5 7.2
      vertex -1.5 -42.2 8.9
      vertex -1.5 -42.2 7.2
    endloop
  endfacet
  facet normal 1 -0 0
    outer loop
      vertex -1.5 -73.2 8.9
      vertex -1.5 -57.9 7.2
      vertex -1.5 -57.9 8.9
    endloop
  endfacet
  facet normal 1 0 0
    outer loop
      vertex -1.5 -57.9 7.2
      vertex -1.5 -73.2 8.9
      vertex -1.5 -73.2 7.2
    endloop
  endfacet
  facet normal 1 -0 0
    outer loop
      vertex -1.5 -54.3 8.9
      vertex -1.5 -54.2 7.2
      vertex -1.5 -54.2 8.9
    endloop
  endfacet
  facet normal 1 0 0
    outer loop
      vertex -1.5 -54.2 7.2
      vertex -1.5 -54.3 8.9
      vertex -1.5 -54.3 7.2
    endloop
  endfacet
  facet normal 0.75188 -0.6593 0
    outer loop
      vertex -1.29335 1.10876 8.9
      vertex -1.20711 1.20711 7.2
      vertex -1.20711 1.20711 8.9
    endloop
  endfacet
  facet normal 0.75188 -0.6593 0
    outer loop
      vertex -1.20711 1.20711 7.2
      vertex -1.29335 1.10876 8.9
      vertex -1.29335 1.10876 7.2
    endloop
  endfacet
  facet normal 0.442323 -0.896856 0
    outer loop
      vertex -1 1.36602 7.2
      vertex -0.882683 1.42388 8.9
      vertex -1 1.36602 8.9
    endloop
  endfacet
  facet normal 0.442323 -0.896856 0
    outer loop
      vertex -0.882683 1.42388 8.9
      vertex -1 1.36602 7.2
      vertex -0.882683 1.42388 7.2
    endloop
  endfacet
  facet normal 0.195024 -0.980799 0
    outer loop
      vertex -0.758819 1.46593 7.2
      vertex -0.630526 1.49144 8.9
      vertex -0.758819 1.46593 8.9
    endloop
  endfacet
  facet normal 0.195024 -0.980799 0
    outer loop
      vertex -0.630526 1.49144 8.9
      vertex -0.758819 1.46593 7.2
      vertex -0.630526 1.49144 7.2
    endloop
  endfacet
  facet normal 0.555194 0.831721 -0
    outer loop
      vertex -1 -74.066 7.2
      vertex -1.10876 -73.9934 8.9
      vertex -1 -74.066 8.9
    endloop
  endfacet
  facet normal 0.555194 0.831721 0
    outer loop
      vertex -1.10876 -73.9934 8.9
      vertex -1 -74.066 7.2
      vertex -1.10876 -73.9934 7.2
    endloop
  endfacet
  facet normal 0 1 -0
    outer loop
      vertex 50.5 -74.2 7.2
      vertex -0.5 -74.2 8.9
      vertex 50.5 -74.2 8.9
    endloop
  endfacet
  facet normal 0 1 0
    outer loop
      vertex -0.5 -74.2 8.9
      vertex 50.5 -74.2 7.2
      vertex -0.5 -74.2 7.2
    endloop
  endfacet
  facet normal -0.0657577 0.997836 0
    outer loop
      vertex 50.6305 -74.1914 7.2
      vertex 50.5 -74.2 8.9
      vertex 50.6305 -74.1914 8.9
    endloop
  endfacet
  facet normal -0.0657577 0.997836 0
    outer loop
      vertex 50.5 -74.2 8.9
      vertex 50.6305 -74.1914 7.2
      vertex 50.5 -74.2 7.2
    endloop
  endfacet
  facet normal 0.997856 0.0654532 0
    outer loop
      vertex -1.49144 -73.3305 8.9
      vertex -1.5 -73.2 7.2
      vertex -1.5 -73.2 8.9
    endloop
  endfacet
  facet normal 0.997856 0.0654532 0
    outer loop
      vertex -1.5 -73.2 7.2
      vertex -1.49144 -73.3305 8.9
      vertex -1.49144 -73.3305 7.2
    endloop
  endfacet
  facet normal 0.555564 -0.831474 0
    outer loop
      vertex -1.10876 1.29335 7.2
      vertex -1 1.36602 8.9
      vertex -1.10876 1.29335 8.9
    endloop
  endfacet
  facet normal 0.555564 -0.831474 0
    outer loop
      vertex -1 1.36602 8.9
      vertex -1.10876 1.29335 7.2
      vertex -1 1.36602 7.2
    endloop
  endfacet
  facet normal 0.831474 -0.555564 0
    outer loop
      vertex -1.36602 1 8.9
      vertex -1.29335 1.10876 7.2
      vertex -1.29335 1.10876 8.9
    endloop
  endfacet
  facet normal 0.831474 -0.555564 0
    outer loop
      vertex -1.29335 1.10876 7.2
      vertex -1.36602 1 8.9
      vertex -1.36602 1 7.2
    endloop
  endfacet
  facet normal 0.321466 -0.946921 0
    outer loop
      vertex -0.882683 1.42388 7.2
      vertex -0.758819 1.46593 8.9
      vertex -0.882683 1.42388 8.9
    endloop
  endfacet
  facet normal 0.321466 -0.946921 0
    outer loop
      vertex -0.758819 1.46593 8.9
      vertex -0.882683 1.42388 7.2
      vertex -0.758819 1.46593 7.2
    endloop
  endfacet
  facet normal 0.0654402 -0.997856 0
    outer loop
      vertex -0.630526 1.49144 7.2
      vertex -0.5 1.5 8.9
      vertex -0.630526 1.49144 8.9
    endloop
  endfacet
  facet normal 0.0654402 -0.997856 0
    outer loop
      vertex -0.5 1.5 8.9
      vertex -0.630526 1.49144 7.2
      vertex -0.5 1.5 7.2
    endloop
  endfacet
  facet normal -0.321382 -0.94695 0
    outer loop
      vertex 50.7588 1.46593 7.2
      vertex 50.8827 1.42388 8.9
      vertex 50.7588 1.46593 8.9
    endloop
  endfacet
  facet normal -0.321382 -0.94695 -0
    outer loop
      vertex 50.8827 1.42388 8.9
      vertex 50.7588 1.46593 7.2
      vertex 50.8827 1.42388 7.2
    endloop
  endfacet
  facet normal -0.442621 0.896709 0
    outer loop
      vertex 51 -74.066 7.2
      vertex 50.8827 -74.1239 8.9
      vertex 51 -74.066 8.9
    endloop
  endfacet
  facet normal -0.442621 0.896709 0
    outer loop
      vertex 50.8827 -74.1239 8.9
      vertex 51 -74.066 7.2
      vertex 50.8827 -74.1239 7.2
    endloop
  endfacet
  facet normal -0.19494 0.980815 0
    outer loop
      vertex 50.7588 -74.1659 7.2
      vertex 50.6305 -74.1914 8.9
      vertex 50.7588 -74.1659 8.9
    endloop
  endfacet
  facet normal -0.19494 0.980815 0
    outer loop
      vertex 50.6305 -74.1914 8.9
      vertex 50.7588 -74.1659 7.2
      vertex 50.6305 -74.1914 7.2
    endloop
  endfacet
  facet normal -0.751653 -0.659559 0
    outer loop
      vertex 51.2934 1.10876 7.2
      vertex 51.2071 1.20711 8.9
      vertex 51.2071 1.20711 7.2
    endloop
  endfacet
  facet normal -0.751653 -0.659559 0
    outer loop
      vertex 51.2071 1.20711 8.9
      vertex 51.2934 1.10876 7.2
      vertex 51.2934 1.10876 8.9
    endloop
  endfacet
  facet normal -0.980815 0.19494 0
    outer loop
      vertex 51.4659 -73.4588 7.2
      vertex 51.4914 -73.3305 8.9
      vertex 51.4914 -73.3305 7.2
    endloop
  endfacet
  facet normal -0.980815 0.19494 0
    outer loop
      vertex 51.4914 -73.3305 8.9
      vertex 51.4659 -73.4588 7.2
      vertex 51.4659 -73.4588 8.9
    endloop
  endfacet
  facet normal 0.94695 0.321382 0
    outer loop
      vertex -1.42388 -73.5827 8.9
      vertex -1.46593 -73.4588 7.2
      vertex -1.46593 -73.4588 8.9
    endloop
  endfacet
  facet normal 0.94695 0.321382 0
    outer loop
      vertex -1.46593 -73.4588 7.2
      vertex -1.42388 -73.5827 8.9
      vertex -1.42388 -73.5827 7.2
    endloop
  endfacet
  facet normal 0.442569 0.896734 -0
    outer loop
      vertex -0.882683 -74.1239 7.2
      vertex -1 -74.066 8.9
      vertex -0.882683 -74.1239 8.9
    endloop
  endfacet
  facet normal 0.442569 0.896734 0
    outer loop
      vertex -1 -74.066 8.9
      vertex -0.882683 -74.1239 7.2
      vertex -1 -74.066 7.2
    endloop
  endfacet
  facet normal -0.321039 0.947066 0
    outer loop
      vertex 50.8827 -74.1239 7.2
      vertex 50.7588 -74.1659 8.9
      vertex 50.8827 -74.1239 8.9
    endloop
  endfacet
  facet normal -0.321039 0.947066 0
    outer loop
      vertex 50.7588 -74.1659 8.9
      vertex 50.8827 -74.1239 7.2
      vertex 50.7588 -74.1659 7.2
    endloop
  endfacet
  facet normal -0.896734 -0.442569 0
    outer loop
      vertex 51.4239 0.882683 7.2
      vertex 51.366 1 8.9
      vertex 51.366 1 7.2
    endloop
  endfacet
  facet normal -0.896734 -0.442569 0
    outer loop
      vertex 51.366 1 8.9
      vertex 51.4239 0.882683 7.2
      vertex 51.4239 0.882683 8.9
    endloop
  endfacet
  facet normal -0.997836 -0.0657447 0
    outer loop
      vertex 51.5 0.5 7.2
      vertex 51.4914 0.630526 8.9
      vertex 51.4914 0.630526 7.2
    endloop
  endfacet
  facet normal -0.997836 -0.0657447 0
    outer loop
      vertex 51.4914 0.630526 8.9
      vertex 51.5 0.5 7.2
      vertex 51.5 0.5 8.9
    endloop
  endfacet
  facet normal -0.831721 -0.555194 0
    outer loop
      vertex 51.366 1 7.2
      vertex 51.2934 1.10876 8.9
      vertex 51.2934 1.10876 7.2
    endloop
  endfacet
  facet normal -0.831721 -0.555194 0
    outer loop
      vertex 51.2934 1.10876 8.9
      vertex 51.366 1 7.2
      vertex 51.366 1 8.9
    endloop
  endfacet
  facet normal -0.555423 -0.831568 0
    outer loop
      vertex 51 1.36602 7.2
      vertex 51.1088 1.29335 8.9
      vertex 51 1.36602 8.9
    endloop
  endfacet
  facet normal -0.555423 -0.831568 -0
    outer loop
      vertex 51.1088 1.29335 8.9
      vertex 51 1.36602 7.2
      vertex 51.1088 1.29335 7.2
    endloop
  endfacet
  facet normal -0.896709 0.442621 0
    outer loop
      vertex 51.366 -73.7 7.2
      vertex 51.4239 -73.5827 8.9
      vertex 51.4239 -73.5827 7.2
    endloop
  endfacet
  facet normal -0.896709 0.442621 0
    outer loop
      vertex 51.4239 -73.5827 8.9
      vertex 51.366 -73.7 7.2
      vertex 51.366 -73.7 8.9
    endloop
  endfacet
  facet normal -0.947066 0.321039 0
    outer loop
      vertex 51.4239 -73.5827 7.2
      vertex 51.4659 -73.4588 8.9
      vertex 51.4659 -73.4588 7.2
    endloop
  endfacet
  facet normal -0.947066 0.321039 0
    outer loop
      vertex 51.4659 -73.4588 8.9
      vertex 51.4239 -73.5827 7.2
      vertex 51.4239 -73.5827 8.9
    endloop
  endfacet
  facet normal -0.997836 0.0657577 0
    outer loop
      vertex 51.4914 -73.3305 7.2
      vertex 51.5 -73.2 8.9
      vertex 51.5 -73.2 7.2
    endloop
  endfacet
  facet normal -0.997836 0.0657577 0
    outer loop
      vertex 51.5 -73.2 8.9
      vertex 51.4914 -73.3305 7.2
      vertex 51.4914 -73.3305 8.9
    endloop
  endfacet
  facet normal -0.831815 0.555053 0
    outer loop
      vertex 51.2934 -73.8088 7.2
      vertex 51.366 -73.7 8.9
      vertex 51.366 -73.7 7.2
    endloop
  endfacet
  facet normal -0.831815 0.555053 0
    outer loop
      vertex 51.366 -73.7 8.9
      vertex 51.2934 -73.8088 7.2
      vertex 51.2934 -73.8088 8.9
    endloop
  endfacet
  facet normal 0.980801 0.195013 0
    outer loop
      vertex -1.46593 -73.4588 8.9
      vertex -1.49144 -73.3305 7.2
      vertex -1.49144 -73.3305 8.9
    endloop
  endfacet
  facet normal 0.980801 0.195013 0
    outer loop
      vertex -1.49144 -73.3305 7.2
      vertex -1.46593 -73.4588 8.9
      vertex -1.46593 -73.4588 7.2
    endloop
  endfacet
  facet normal 0.659559 0.751653 -0
    outer loop
      vertex -1.10876 -73.9934 7.2
      vertex -1.20711 -73.9071 8.9
      vertex -1.10876 -73.9934 8.9
    endloop
  endfacet
  facet normal 0.659559 0.751653 0
    outer loop
      vertex -1.20711 -73.9071 8.9
      vertex -1.10876 -73.9934 7.2
      vertex -1.20711 -73.9071 7.2
    endloop
  endfacet
  facet normal 0.0657447 0.997836 -0
    outer loop
      vertex -0.5 -74.2 7.2
      vertex -0.630526 -74.1914 8.9
      vertex -0.5 -74.2 8.9
    endloop
  endfacet
  facet normal 0.0657447 0.997836 0
    outer loop
      vertex -0.630526 -74.1914 8.9
      vertex -0.5 -74.2 7.2
      vertex -0.630526 -74.1914 7.2
    endloop
  endfacet
  facet normal -0.555053 0.831815 0
    outer loop
      vertex 51.1088 -73.9934 7.2
      vertex 51 -74.066 8.9
      vertex 51.1088 -73.9934 8.9
    endloop
  endfacet
  facet normal -0.555053 0.831815 0
    outer loop
      vertex 51 -74.066 8.9
      vertex 51.1088 -73.9934 7.2
      vertex 51 -74.066 7.2
    endloop
  endfacet
  facet normal -0.659749 0.751486 0
    outer loop
      vertex 51.2071 -73.9071 7.2
      vertex 51.1088 -73.9934 8.9
      vertex 51.2071 -73.9071 8.9
    endloop
  endfacet
  facet normal -0.659749 0.751486 0
    outer loop
      vertex 51.1088 -73.9934 8.9
      vertex 51.2071 -73.9071 7.2
      vertex 51.1088 -73.9934 7.2
    endloop
  endfacet
  facet normal -0.947038 -0.321123 0
    outer loop
      vertex 51.4659 0.758819 7.2
      vertex 51.4239 0.882683 8.9
      vertex 51.4239 0.882683 7.2
    endloop
  endfacet
  facet normal -0.947038 -0.321123 0
    outer loop
      vertex 51.4239 0.882683 8.9
      vertex 51.4659 0.758819 7.2
      vertex 51.4659 0.758819 8.9
    endloop
  endfacet
  facet normal -0.659489 -0.751714 0
    outer loop
      vertex 51.1088 1.29335 7.2
      vertex 51.2071 1.20711 8.9
      vertex 51.1088 1.29335 8.9
    endloop
  endfacet
  facet normal -0.659489 -0.751714 -0
    outer loop
      vertex 51.2071 1.20711 8.9
      vertex 51.1088 1.29335 7.2
      vertex 51.2071 1.20711 7.2
    endloop
  endfacet
  facet normal -0.442375 -0.89683 0
    outer loop
      vertex 50.8827 1.42388 7.2
      vertex 51 1.36602 8.9
      vertex 50.8827 1.42388 8.9
    endloop
  endfacet
  facet normal -0.442375 -0.89683 -0
    outer loop
      vertex 51 1.36602 8.9
      vertex 50.8827 1.42388 7.2
      vertex 51 1.36602 7.2
    endloop
  endfacet
  facet normal -0.195013 -0.980801 0
    outer loop
      vertex 50.6305 1.49144 7.2
      vertex 50.7588 1.46593 8.9
      vertex 50.6305 1.49144 8.9
    endloop
  endfacet
  facet normal -0.195013 -0.980801 -0
    outer loop
      vertex 50.7588 1.46593 8.9
      vertex 50.6305 1.49144 7.2
      vertex 50.7588 1.46593 7.2
    endloop
  endfacet
  facet normal -0.0654532 -0.997856 0
    outer loop
      vertex 50.5 1.5 7.2
      vertex 50.6305 1.49144 8.9
      vertex 50.5 1.5 8.9
    endloop
  endfacet
  facet normal -0.0654532 -0.997856 -0
    outer loop
      vertex 50.6305 1.49144 8.9
      vertex 50.5 1.5 7.2
      vertex 50.6305 1.49144 7.2
    endloop
  endfacet
  facet normal 0.831568 0.555423 0
    outer loop
      vertex -1.29335 -73.8088 8.9
      vertex -1.36602 -73.7 7.2
      vertex -1.36602 -73.7 8.9
    endloop
  endfacet
  facet normal 0.831568 0.555423 0
    outer loop
      vertex -1.36602 -73.7 7.2
      vertex -1.29335 -73.8088 8.9
      vertex -1.29335 -73.8088 7.2
    endloop
  endfacet
  facet normal 0.751714 0.659489 0
    outer loop
      vertex -1.20711 -73.9071 8.9
      vertex -1.29335 -73.8088 7.2
      vertex -1.29335 -73.8088 8.9
    endloop
  endfacet
  facet normal 0.751714 0.659489 0
    outer loop
      vertex -1.29335 -73.8088 7.2
      vertex -1.20711 -73.9071 8.9
      vertex -1.20711 -73.9071 7.2
    endloop
  endfacet
  facet normal 0.321123 0.947038 -0
    outer loop
      vertex -0.758819 -74.1659 7.2
      vertex -0.882683 -74.1239 8.9
      vertex -0.758819 -74.1659 8.9
    endloop
  endfacet
  facet normal 0.321123 0.947038 0
    outer loop
      vertex -0.882683 -74.1239 8.9
      vertex -0.758819 -74.1659 7.2
      vertex -0.882683 -74.1239 7.2
    endloop
  endfacet
  facet normal 0.19495 0.980813 -0
    outer loop
      vertex -0.630526 -74.1914 7.2
      vertex -0.758819 -74.1659 8.9
      vertex -0.630526 -74.1914 8.9
    endloop
  endfacet
  facet normal 0.19495 0.980813 0
    outer loop
      vertex -0.758819 -74.1659 8.9
      vertex -0.630526 -74.1914 7.2
      vertex -0.758819 -74.1659 7.2
    endloop
  endfacet
  facet normal 0.997858 -0.0654196 0
    outer loop
      vertex 5.58203 -3.7741 9.1
      vertex 5.6 -3.5 1.6
      vertex 5.6 -3.5 9.1
    endloop
  endfacet
  facet normal 0.997858 -0.0654196 0
    outer loop
      vertex 5.6 -3.5 1.6
      vertex 5.58203 -3.7741 9.1
      vertex 5.58203 -3.7741 1.6
    endloop
  endfacet
  facet normal -0.0654172 -0.997858 0
    outer loop
      vertex 3.22589 -5.58203 1.6
      vertex 3.5 -5.6 9.1
      vertex 3.22589 -5.58203 9.1
    endloop
  endfacet
  facet normal -0.0654172 -0.997858 -0
    outer loop
      vertex 3.5 -5.6 9.1
      vertex 3.22589 -5.58203 1.6
      vertex 3.5 -5.6 1.6
    endloop
  endfacet
  facet normal 0.0653833 0.99786 -0
    outer loop
      vertex 3.7741 -1.41796 1.6
      vertex 3.5 -1.4 9.1
      vertex 3.7741 -1.41796 9.1
    endloop
  endfacet
  facet normal 0.0653833 0.99786 0
    outer loop
      vertex 3.5 -1.4 9.1
      vertex 3.7741 -1.41796 1.6
      vertex 3.5 -1.4 1.6
    endloop
  endfacet
  facet normal 0.65936 -0.751827 0
    outer loop
      vertex 4.7784 -5.16604 1.6
      vertex 4.98492 -4.98492 9.1
      vertex 4.7784 -5.16604 9.1
    endloop
  endfacet
  facet normal 0.65936 -0.751827 0
    outer loop
      vertex 4.98492 -4.98492 9.1
      vertex 4.7784 -5.16604 1.6
      vertex 4.98492 -4.98492 1.6
    endloop
  endfacet
  facet normal -0.751827 -0.65936 0
    outer loop
      vertex 2.01508 -4.98492 1.6
      vertex 1.83396 -4.7784 9.1
      vertex 1.83396 -4.7784 1.6
    endloop
  endfacet
  facet normal -0.751827 -0.65936 0
    outer loop
      vertex 1.83396 -4.7784 9.1
      vertex 2.01508 -4.98492 1.6
      vertex 2.01508 -4.98492 9.1
    endloop
  endfacet
  facet normal -0.442314 -0.89686 0
    outer loop
      vertex 2.45 -5.31865 1.6
      vertex 2.69636 -5.44015 9.1
      vertex 2.45 -5.31865 9.1
    endloop
  endfacet
  facet normal -0.442314 -0.89686 -0
    outer loop
      vertex 2.69636 -5.44015 9.1
      vertex 2.45 -5.31865 1.6
      vertex 2.69636 -5.44015 1.6
    endloop
  endfacet
  facet normal 0.896867 -0.4423 0
    outer loop
      vertex 5.31865 -4.55 9.1
      vertex 5.44015 -4.30363 1.6
      vertex 5.44015 -4.30363 9.1
    endloop
  endfacet
  facet normal 0.896867 -0.4423 0
    outer loop
      vertex 5.44015 -4.30363 1.6
      vertex 5.31865 -4.55 9.1
      vertex 5.31865 -4.55 1.6
    endloop
  endfacet
  facet normal 0.831473 -0.555565 0
    outer loop
      vertex 5.16604 -4.7784 9.1
      vertex 5.31865 -4.55 1.6
      vertex 5.31865 -4.55 9.1
    endloop
  endfacet
  facet normal 0.831473 -0.555565 0
    outer loop
      vertex 5.31865 -4.55 1.6
      vertex 5.16604 -4.7784 9.1
      vertex 5.16604 -4.7784 1.6
    endloop
  endfacet
  facet normal 0.321422 -0.946936 0
    outer loop
      vertex 4.04352 -5.52844 1.6
      vertex 4.30363 -5.44015 9.1
      vertex 4.04352 -5.52844 9.1
    endloop
  endfacet
  facet normal 0.321422 -0.946936 0
    outer loop
      vertex 4.30363 -5.44015 9.1
      vertex 4.04352 -5.52844 1.6
      vertex 4.30363 -5.44015 1.6
    endloop
  endfacet
  facet normal 0.195087 -0.980786 0
    outer loop
      vertex 3.7741 -5.58203 1.6
      vertex 4.04352 -5.52844 9.1
      vertex 3.7741 -5.58203 9.1
    endloop
  endfacet
  facet normal 0.195087 -0.980786 0
    outer loop
      vertex 4.04352 -5.52844 9.1
      vertex 3.7741 -5.58203 1.6
      vertex 4.04352 -5.52844 1.6
    endloop
  endfacet
  facet normal 0.555565 -0.831473 0
    outer loop
      vertex 4.55 -5.31865 1.6
      vertex 4.7784 -5.16604 9.1
      vertex 4.55 -5.31865 9.1
    endloop
  endfacet
  facet normal 0.555565 -0.831473 0
    outer loop
      vertex 4.7784 -5.16604 9.1
      vertex 4.55 -5.31865 1.6
      vertex 4.7784 -5.16604 1.6
    endloop
  endfacet
  facet normal -0.946936 -0.321422 0
    outer loop
      vertex 1.55985 -4.30363 1.6
      vertex 1.47156 -4.04352 9.1
      vertex 1.47156 -4.04352 1.6
    endloop
  endfacet
  facet normal -0.946936 -0.321422 0
    outer loop
      vertex 1.47156 -4.04352 9.1
      vertex 1.55985 -4.30363 1.6
      vertex 1.55985 -4.30363 9.1
    endloop
  endfacet
  facet normal -0.831473 -0.555565 0
    outer loop
      vertex 1.83396 -4.7784 1.6
      vertex 1.68135 -4.55 9.1
      vertex 1.68135 -4.55 1.6
    endloop
  endfacet
  facet normal -0.831473 -0.555565 0
    outer loop
      vertex 1.68135 -4.55 9.1
      vertex 1.83396 -4.7784 1.6
      vertex 1.83396 -4.7784 9.1
    endloop
  endfacet
  facet normal -0.980779 -0.195122 0
    outer loop
      vertex 1.47156 -4.04352 1.6
      vertex 1.41796 -3.7741 9.1
      vertex 1.41796 -3.7741 1.6
    endloop
  endfacet
  facet normal -0.980779 -0.195122 0
    outer loop
      vertex 1.41796 -3.7741 9.1
      vertex 1.47156 -4.04352 1.6
      vertex 1.47156 -4.04352 9.1
    endloop
  endfacet
  facet normal -0.555565 -0.831473 0
    outer loop
      vertex 2.2216 -5.16604 1.6
      vertex 2.45 -5.31865 9.1
      vertex 2.2216 -5.16604 9.1
    endloop
  endfacet
  facet normal -0.555565 -0.831473 -0
    outer loop
      vertex 2.45 -5.31865 9.1
      vertex 2.2216 -5.16604 1.6
      vertex 2.45 -5.31865 1.6
    endloop
  endfacet
  facet normal -0.321411 -0.94694 0
    outer loop
      vertex 2.69636 -5.44015 1.6
      vertex 2.95648 -5.52844 9.1
      vertex 2.69636 -5.44015 9.1
    endloop
  endfacet
  facet normal -0.321411 -0.94694 -0
    outer loop
      vertex 2.95648 -5.52844 9.1
      vertex 2.69636 -5.44015 1.6
      vertex 2.95648 -5.52844 1.6
    endloop
  endfacet
  facet normal 0.555565 0.831473 -0
    outer loop
      vertex 4.7784 -1.83396 1.6
      vertex 4.55 -1.68135 9.1
      vertex 4.7784 -1.83396 9.1
    endloop
  endfacet
  facet normal 0.555565 0.831473 0
    outer loop
      vertex 4.55 -1.68135 9.1
      vertex 4.7784 -1.83396 1.6
      vertex 4.55 -1.68135 1.6
    endloop
  endfacet
  facet normal 0.831473 0.555565 0
    outer loop
      vertex 5.31865 -2.45 9.1
      vertex 5.16604 -2.2216 1.6
      vertex 5.16604 -2.2216 9.1
    endloop
  endfacet
  facet normal 0.831473 0.555565 0
    outer loop
      vertex 5.16604 -2.2216 1.6
      vertex 5.31865 -2.45 9.1
      vertex 5.31865 -2.45 1.6
    endloop
  endfacet
  facet normal 0.980785 0.195094 0
    outer loop
      vertex 5.58203 -3.22589 9.1
      vertex 5.52844 -2.95648 1.6
      vertex 5.52844 -2.95648 9.1
    endloop
  endfacet
  facet normal 0.980785 0.195094 0
    outer loop
      vertex 5.52844 -2.95648 1.6
      vertex 5.58203 -3.22589 9.1
      vertex 5.58203 -3.22589 1.6
    endloop
  endfacet
  facet normal -0.321411 0.94694 0
    outer loop
      vertex 2.95648 -1.47156 1.6
      vertex 2.69636 -1.55985 9.1
      vertex 2.95648 -1.47156 9.1
    endloop
  endfacet
  facet normal -0.321411 0.94694 0
    outer loop
      vertex 2.69636 -1.55985 9.1
      vertex 2.95648 -1.47156 1.6
      vertex 2.69636 -1.55985 1.6
    endloop
  endfacet
  facet normal -0.555565 0.831473 0
    outer loop
      vertex 2.45 -1.68135 1.6
      vertex 2.2216 -1.83396 9.1
      vertex 2.45 -1.68135 9.1
    endloop
  endfacet
  facet normal -0.555565 0.831473 0
    outer loop
      vertex 2.2216 -1.83396 9.1
      vertex 2.45 -1.68135 1.6
      vertex 2.2216 -1.83396 1.6
    endloop
  endfacet
  facet normal -0.195129 0.980778 0
    outer loop
      vertex 3.22589 -1.41796 1.6
      vertex 2.95648 -1.47156 9.1
      vertex 3.22589 -1.41796 9.1
    endloop
  endfacet
  facet normal -0.195129 0.980778 0
    outer loop
      vertex 2.95648 -1.47156 9.1
      vertex 3.22589 -1.41796 1.6
      vertex 2.95648 -1.47156 1.6
    endloop
  endfacet
  facet normal -0.831473 0.555565 0
    outer loop
      vertex 1.68135 -2.45 1.6
      vertex 1.83396 -2.2216 9.1
      vertex 1.83396 -2.2216 1.6
    endloop
  endfacet
  facet normal -0.831473 0.555565 0
    outer loop
      vertex 1.83396 -2.2216 9.1
      vertex 1.68135 -2.45 1.6
      vertex 1.68135 -2.45 9.1
    endloop
  endfacet
  facet normal 0.946936 -0.321422 0
    outer loop
      vertex 5.44015 -4.30363 9.1
      vertex 5.52844 -4.04352 1.6
      vertex 5.52844 -4.04352 9.1
    endloop
  endfacet
  facet normal 0.946936 -0.321422 0
    outer loop
      vertex 5.52844 -4.04352 1.6
      vertex 5.44015 -4.30363 9.1
      vertex 5.44015 -4.30363 1.6
    endloop
  endfacet
  facet normal 0.980786 -0.195087 0
    outer loop
      vertex 5.52844 -4.04352 9.1
      vertex 5.58203 -3.7741 1.6
      vertex 5.58203 -3.7741 9.1
    endloop
  endfacet
  facet normal 0.980786 -0.195087 0
    outer loop
      vertex 5.58203 -3.7741 1.6
      vertex 5.52844 -4.04352 9.1
      vertex 5.52844 -4.04352 1.6
    endloop
  endfacet
  facet normal 0.751827 -0.65936 0
    outer loop
      vertex 4.98492 -4.98492 9.1
      vertex 5.16604 -4.7784 1.6
      vertex 5.16604 -4.7784 9.1
    endloop
  endfacet
  facet normal 0.751827 -0.65936 0
    outer loop
      vertex 5.16604 -4.7784 1.6
      vertex 4.98492 -4.98492 9.1
      vertex 4.98492 -4.98492 1.6
    endloop
  endfacet
  facet normal 0.0654196 -0.997858 0
    outer loop
      vertex 3.5 -5.6 1.6
      vertex 3.7741 -5.58203 9.1
      vertex 3.5 -5.6 9.1
    endloop
  endfacet
  facet normal 0.0654196 -0.997858 0
    outer loop
      vertex 3.7741 -5.58203 9.1
      vertex 3.5 -5.6 1.6
      vertex 3.7741 -5.58203 1.6
    endloop
  endfacet
  facet normal 0.4423 -0.896867 0
    outer loop
      vertex 4.30363 -5.44015 1.6
      vertex 4.55 -5.31865 9.1
      vertex 4.30363 -5.44015 9.1
    endloop
  endfacet
  facet normal 0.4423 -0.896867 0
    outer loop
      vertex 4.55 -5.31865 9.1
      vertex 4.30363 -5.44015 1.6
      vertex 4.55 -5.31865 1.6
    endloop
  endfacet
  facet normal 0 0 1
    outer loop
      vertex 4.35 -3.5 9.1
      vertex 5.6 -3.5 9.1
      vertex 5.58203 -3.22589 9.1
    endloop
  endfacet
  facet normal 0 0 1
    outer loop
      vertex 4.3084 -3.23734 9.1
      vertex 5.58203 -3.22589 9.1
      vertex 5.52844 -2.95648 9.1
    endloop
  endfacet
  facet normal 0 0 1
    outer loop
      vertex 5.6 -3.5 9.1
      vertex 4.35 -3.5 9.1
      vertex 5.58203 -3.7741 9.1
    endloop
  endfacet
  facet normal 0 0 1
    outer loop
      vertex 4.3084 -3.23734 9.1
      vertex 5.52844 -2.95648 9.1
      vertex 5.44015 -2.69636 9.1
    endloop
  endfacet
  facet normal -0 0 1
    outer loop
      vertex 4.3084 -3.76266 9.1
      vertex 5.58203 -3.7741 9.1
      vertex 4.35 -3.5 9.1
    endloop
  endfacet
  facet normal 0 0 1
    outer loop
      vertex 4.3084 -3.23734 9.1
      vertex 5.44015 -2.69636 9.1
      vertex 5.31865 -2.45 9.1
    endloop
  endfacet
  facet normal 0 0 1
    outer loop
      vertex 5.58203 -3.7741 9.1
      vertex 4.3084 -3.76266 9.1
      vertex 5.52844 -4.04352 9.1
    endloop
  endfacet
  facet normal 0 0 1
    outer loop
      vertex 4.18766 -3.00038 9.1
      vertex 5.31865 -2.45 9.1
      vertex 5.16604 -2.2216 9.1
    endloop
  endfacet
  facet normal 0 0 1
    outer loop
      vertex 5.52844 -4.04352 9.1
      vertex 4.3084 -3.76266 9.1
      vertex 5.44015 -4.30363 9.1
    endloop
  endfacet
  facet normal 0 0 1
    outer loop
      vertex 4.18766 -3.00038 9.1
      vertex 5.16604 -2.2216 9.1
      vertex 4.98492 -2.01508 9.1
    endloop
  endfacet
  facet normal 0 0 1
    outer loop
      vertex 5.44015 -4.30363 9.1
      vertex 4.3084 -3.76266 9.1
      vertex 5.31865 -4.55 9.1
    endloop
  endfacet
  facet normal 0 0 1
    outer loop
      vertex 3.99962 -2.81234 9.1
      vertex 4.98492 -2.01508 9.1
      vertex 4.7784 -1.83396 9.1
    endloop
  endfacet
  facet normal -0 0 1
    outer loop
      vertex 4.18766 -3.99962 9.1
      vertex 5.31865 -4.55 9.1
      vertex 4.3084 -3.76266 9.1
    endloop
  endfacet
  facet normal 0 0 1
    outer loop
      vertex 3.99962 -2.81234 9.1
      vertex 4.7784 -1.83396 9.1
      vertex 4.55 -1.68135 9.1
    endloop
  endfacet
  facet normal 0 0 1
    outer loop
      vertex 5.31865 -4.55 9.1
      vertex 4.18766 -3.99962 9.1
      vertex 5.16604 -4.7784 9.1
    endloop
  endfacet
  facet normal 0 0 1
    outer loop
      vertex 5.16604 -4.7784 9.1
      vertex 4.18766 -3.99962 9.1
      vertex 4.98492 -4.98492 9.1
    endloop
  endfacet
  facet normal 0 0 1
    outer loop
      vertex 5.58203 -3.22589 9.1
      vertex 4.3084 -3.23734 9.1
      vertex 4.35 -3.5 9.1
    endloop
  endfacet
  facet normal 0 0 1
    outer loop
      vertex 3.76266 -2.6916 9.1
      vertex 4.55 -1.68135 9.1
      vertex 4.30363 -1.55985 9.1
    endloop
  endfacet
  facet normal 0 0 1
    outer loop
      vertex 5.31865 -2.45 9.1
      vertex 4.18766 -3.00038 9.1
      vertex 4.3084 -3.23734 9.1
    endloop
  endfacet
  facet normal 0 0 1
    outer loop
      vertex 3.76266 -2.6916 9.1
      vertex 4.30363 -1.55985 9.1
      vertex 4.04352 -1.47156 9.1
    endloop
  endfacet
  facet normal 0 0 1
    outer loop
      vertex 4.98492 -2.01508 9.1
      vertex 3.99962 -2.81234 9.1
      vertex 4.18766 -3.00038 9.1
    endloop
  endfacet
  facet normal 0 0 1
    outer loop
      vertex 3.76266 -2.6916 9.1
      vertex 4.04352 -1.47156 9.1
      vertex 3.7741 -1.41796 9.1
    endloop
  endfacet
  facet normal 0 0 1
    outer loop
      vertex 4.55 -1.68135 9.1
      vertex 3.76266 -2.6916 9.1
      vertex 3.99962 -2.81234 9.1
    endloop
  endfacet
  facet normal 0 0 1
    outer loop
      vertex 3.5 -2.65 9.1
      vertex 3.7741 -1.41796 9.1
      vertex 3.5 -1.4 9.1
    endloop
  endfacet
  facet normal 0 0 1
    outer loop
      vertex 3.7741 -1.41796 9.1
      vertex 3.5 -2.65 9.1
      vertex 3.76266 -2.6916 9.1
    endloop
  endfacet
  facet normal -0 0 1
    outer loop
      vertex 3.22589 -1.41796 9.1
      vertex 3.5 -2.65 9.1
      vertex 3.5 -1.4 9.1
    endloop
  endfacet
  facet normal 0 0 1
    outer loop
      vertex 3.5 -2.65 9.1
      vertex 3.22589 -1.41796 9.1
      vertex 3.23734 -2.6916 9.1
    endloop
  endfacet
  facet normal -0 0 1
    outer loop
      vertex 2.95648 -1.47156 9.1
      vertex 3.23734 -2.6916 9.1
      vertex 3.22589 -1.41796 9.1
    endloop
  endfacet
  facet normal -0 0 1
    outer loop
      vertex 2.69636 -1.55985 9.1
      vertex 3.23734 -2.6916 9.1
      vertex 2.95648 -1.47156 9.1
    endloop
  endfacet
  facet normal -0 0 1
    outer loop
      vertex 2.45 -1.68135 9.1
      vertex 3.23734 -2.6916 9.1
      vertex 2.69636 -1.55985 9.1
    endloop
  endfacet
  facet normal 0 0 1
    outer loop
      vertex 3.23734 -2.6916 9.1
      vertex 2.45 -1.68135 9.1
      vertex 3.00038 -2.81234 9.1
    endloop
  endfacet
  facet normal -0 0 1
    outer loop
      vertex 2.2216 -1.83396 9.1
      vertex 3.00038 -2.81234 9.1
      vertex 2.45 -1.68135 9.1
    endloop
  endfacet
  facet normal -0 0 1
    outer loop
      vertex 2.01508 -2.01508 9.1
      vertex 3.00038 -2.81234 9.1
      vertex 2.2216 -1.83396 9.1
    endloop
  endfacet
  facet normal 0 0 1
    outer loop
      vertex 3.00038 -2.81234 9.1
      vertex 2.01508 -2.01508 9.1
      vertex 2.81234 -3.00038 9.1
    endloop
  endfacet
  facet normal -0 0 1
    outer loop
      vertex 3.99962 -4.18766 9.1
      vertex 4.98492 -4.98492 9.1
      vertex 4.18766 -3.99962 9.1
    endloop
  endfacet
  facet normal 0 0 1
    outer loop
      vertex 4.98492 -4.98492 9.1
      vertex 3.99962 -4.18766 9.1
      vertex 4.7784 -5.16604 9.1
    endloop
  endfacet
  facet normal 0 0 1
    outer loop
      vertex 4.7784 -5.16604 9.1
      vertex 3.99962 -4.18766 9.1
      vertex 4.55 -5.31865 9.1
    endloop
  endfacet
  facet normal -0 0 1
    outer loop
      vertex 3.76266 -4.3084 9.1
      vertex 4.55 -5.31865 9.1
      vertex 3.99962 -4.18766 9.1
    endloop
  endfacet
  facet normal 0 0 1
    outer loop
      vertex 4.55 -5.31865 9.1
      vertex 3.76266 -4.3084 9.1
      vertex 4.30363 -5.44015 9.1
    endloop
  endfacet
  facet normal 0 0 1
    outer loop
      vertex 4.30363 -5.44015 9.1
      vertex 3.76266 -4.3084 9.1
      vertex 4.04352 -5.52844 9.1
    endloop
  endfacet
  facet normal 0 0 1
    outer loop
      vertex 4.04352 -5.52844 9.1
      vertex 3.76266 -4.3084 9.1
      vertex 3.7741 -5.58203 9.1
    endloop
  endfacet
  facet normal -0 0 1
    outer loop
      vertex 3.5 -4.35 9.1
      vertex 3.7741 -5.58203 9.1
      vertex 3.76266 -4.3084 9.1
    endloop
  endfacet
  facet normal 0 0 1
    outer loop
      vertex 3.5 -4.35 9.1
      vertex 3.5 -5.6 9.1
      vertex 3.7741 -5.58203 9.1
    endloop
  endfacet
  facet normal 0 0 1
    outer loop
      vertex 3.22589 -5.58203 9.1
      vertex 3.5 -4.35 9.1
      vertex 3.23734 -4.3084 9.1
    endloop
  endfacet
  facet normal 0 0 1
    outer loop
      vertex 3.5 -4.35 9.1
      vertex 3.22589 -5.58203 9.1
      vertex 3.5 -5.6 9.1
    endloop
  endfacet
  facet normal 0 0 1
    outer loop
      vertex 2.45 -5.31865 9.1
      vertex 3.23734 -4.3084 9.1
      vertex 3.00038 -4.18766 9.1
    endloop
  endfacet
  facet normal 0 0 1
    outer loop
      vertex 3.23734 -4.3084 9.1
      vertex 2.95648 -5.52844 9.1
      vertex 3.22589 -5.58203 9.1
    endloop
  endfacet
  facet normal 0 0 1
    outer loop
      vertex 2.01508 -4.98492 9.1
      vertex 3.00038 -4.18766 9.1
      vertex 2.81234 -3.99962 9.1
    endloop
  endfacet
  facet normal 0 0 1
    outer loop
      vertex 3.23734 -4.3084 9.1
      vertex 2.69636 -5.44015 9.1
      vertex 2.95648 -5.52844 9.1
    endloop
  endfacet
  facet normal 0 0 1
    outer loop
      vertex 1.68135 -4.55 9.1
      vertex 2.81234 -3.99962 9.1
      vertex 2.6916 -3.76266 9.1
    endloop
  endfacet
  facet normal 0 0 1
    outer loop
      vertex 1.41796 -3.7741 9.1
      vertex 2.6916 -3.76266 9.1
      vertex 2.65 -3.5 9.1
    endloop
  endfacet
  facet normal -0 0 1
    outer loop
      vertex 1.83396 -2.2216 9.1
      vertex 2.81234 -3.00038 9.1
      vertex 2.01508 -2.01508 9.1
    endloop
  endfacet
  facet normal 0 0 1
    outer loop
      vertex 3.23734 -4.3084 9.1
      vertex 2.45 -5.31865 9.1
      vertex 2.69636 -5.44015 9.1
    endloop
  endfacet
  facet normal -0 0 1
    outer loop
      vertex 1.68135 -2.45 9.1
      vertex 2.81234 -3.00038 9.1
      vertex 1.83396 -2.2216 9.1
    endloop
  endfacet
  facet normal 0 0 1
    outer loop
      vertex 3.00038 -4.18766 9.1
      vertex 2.2216 -5.16604 9.1
      vertex 2.45 -5.31865 9.1
    endloop
  endfacet
  facet normal 0 0 1
    outer loop
      vertex 2.81234 -3.00038 9.1
      vertex 1.68135 -2.45 9.1
      vertex 2.6916 -3.23734 9.1
    endloop
  endfacet
  facet normal 0 0 1
    outer loop
      vertex 3.00038 -4.18766 9.1
      vertex 2.01508 -4.98492 9.1
      vertex 2.2216 -5.16604 9.1
    endloop
  endfacet
  facet normal -0 0 1
    outer loop
      vertex 1.55985 -2.69636 9.1
      vertex 2.6916 -3.23734 9.1
      vertex 1.68135 -2.45 9.1
    endloop
  endfacet
  facet normal 0 0 1
    outer loop
      vertex 2.81234 -3.99962 9.1
      vertex 1.83396 -4.7784 9.1
      vertex 2.01508 -4.98492 9.1
    endloop
  endfacet
  facet normal -0 0 1
    outer loop
      vertex 1.47156 -2.95648 9.1
      vertex 2.6916 -3.23734 9.1
      vertex 1.55985 -2.69636 9.1
    endloop
  endfacet
  facet normal 0 0 1
    outer loop
      vertex 2.81234 -3.99962 9.1
      vertex 1.68135 -4.55 9.1
      vertex 1.83396 -4.7784 9.1
    endloop
  endfacet
  facet normal -0 0 1
    outer loop
      vertex 1.41796 -3.22589 9.1
      vertex 2.6916 -3.23734 9.1
      vertex 1.47156 -2.95648 9.1
    endloop
  endfacet
  facet normal 0 0 1
    outer loop
      vertex 2.6916 -3.76266 9.1
      vertex 1.55985 -4.30363 9.1
      vertex 1.68135 -4.55 9.1
    endloop
  endfacet
  facet normal 0 0 1
    outer loop
      vertex 2.6916 -3.23734 9.1
      vertex 1.41796 -3.22589 9.1
      vertex 2.65 -3.5 9.1
    endloop
  endfacet
  facet normal 0 0 1
    outer loop
      vertex 2.6916 -3.76266 9.1
      vertex 1.47156 -4.04352 9.1
      vertex 1.55985 -4.30363 9.1
    endloop
  endfacet
  facet normal 0 0 1
    outer loop
      vertex 1.4 -3.5 9.1
      vertex 2.65 -3.5 9.1
      vertex 1.41796 -3.22589 9.1
    endloop
  endfacet
  facet normal 0 0 1
    outer loop
      vertex 2.6916 -3.76266 9.1
      vertex 1.41796 -3.7741 9.1
      vertex 1.47156 -4.04352 9.1
    endloop
  endfacet
  facet normal 0 0 1
    outer loop
      vertex 2.65 -3.5 9.1
      vertex 1.4 -3.5 9.1
      vertex 1.41796 -3.7741 9.1
    endloop
  endfacet
  facet normal -0.896867 -0.4423 0
    outer loop
      vertex 1.68135 -4.55 1.6
      vertex 1.55985 -4.30363 9.1
      vertex 1.55985 -4.30363 1.6
    endloop
  endfacet
  facet normal -0.896867 -0.4423 0
    outer loop
      vertex 1.55985 -4.30363 9.1
      vertex 1.68135 -4.55 1.6
      vertex 1.68135 -4.55 9.1
    endloop
  endfacet
  facet normal -0.99786 -0.0653833 0
    outer loop
      vertex 1.41796 -3.7741 1.6
      vertex 1.4 -3.5 9.1
      vertex 1.4 -3.5 1.6
    endloop
  endfacet
  facet normal -0.99786 -0.0653833 0
    outer loop
      vertex 1.4 -3.5 9.1
      vertex 1.41796 -3.7741 1.6
      vertex 1.41796 -3.7741 9.1
    endloop
  endfacet
  facet normal -0.65936 -0.751827 0
    outer loop
      vertex 2.01508 -4.98492 1.6
      vertex 2.2216 -5.16604 9.1
      vertex 2.01508 -4.98492 9.1
    endloop
  endfacet
  facet normal -0.65936 -0.751827 -0
    outer loop
      vertex 2.2216 -5.16604 9.1
      vertex 2.01508 -4.98492 1.6
      vertex 2.2216 -5.16604 1.6
    endloop
  endfacet
  facet normal -0.195094 -0.980785 0
    outer loop
      vertex 2.95648 -5.52844 1.6
      vertex 3.22589 -5.58203 9.1
      vertex 2.95648 -5.52844 9.1
    endloop
  endfacet
  facet normal -0.195094 -0.980785 -0
    outer loop
      vertex 3.22589 -5.58203 9.1
      vertex 2.95648 -5.52844 1.6
      vertex 3.22589 -5.58203 1.6
    endloop
  endfacet
  facet normal 0.997858 0.0654172 0
    outer loop
      vertex 5.6 -3.5 9.1
      vertex 5.58203 -3.22589 1.6
      vertex 5.58203 -3.22589 9.1
    endloop
  endfacet
  facet normal 0.997858 0.0654172 0
    outer loop
      vertex 5.58203 -3.22589 1.6
      vertex 5.6 -3.5 9.1
      vertex 5.6 -3.5 1.6
    endloop
  endfacet
  facet normal 0.195122 0.980779 -0
    outer loop
      vertex 4.04352 -1.47156 1.6
      vertex 3.7741 -1.41796 9.1
      vertex 4.04352 -1.47156 9.1
    endloop
  endfacet
  facet normal 0.195122 0.980779 0
    outer loop
      vertex 3.7741 -1.41796 9.1
      vertex 4.04352 -1.47156 1.6
      vertex 3.7741 -1.41796 1.6
    endloop
  endfacet
  facet normal 0.4423 0.896867 -0
    outer loop
      vertex 4.55 -1.68135 1.6
      vertex 4.30363 -1.55985 9.1
      vertex 4.55 -1.68135 9.1
    endloop
  endfacet
  facet normal 0.4423 0.896867 0
    outer loop
      vertex 4.30363 -1.55985 9.1
      vertex 4.55 -1.68135 1.6
      vertex 4.30363 -1.55985 1.6
    endloop
  endfacet
  facet normal 0.65936 0.751827 -0
    outer loop
      vertex 4.98492 -2.01508 1.6
      vertex 4.7784 -1.83396 9.1
      vertex 4.98492 -2.01508 9.1
    endloop
  endfacet
  facet normal 0.65936 0.751827 0
    outer loop
      vertex 4.7784 -1.83396 9.1
      vertex 4.98492 -2.01508 1.6
      vertex 4.7784 -1.83396 1.6
    endloop
  endfacet
  facet normal 0.89686 0.442314 0
    outer loop
      vertex 5.44015 -2.69636 9.1
      vertex 5.31865 -2.45 1.6
      vertex 5.31865 -2.45 9.1
    endloop
  endfacet
  facet normal 0.89686 0.442314 0
    outer loop
      vertex 5.31865 -2.45 1.6
      vertex 5.44015 -2.69636 9.1
      vertex 5.44015 -2.69636 1.6
    endloop
  endfacet
  facet normal -0.442314 0.89686 0
    outer loop
      vertex 2.69636 -1.55985 1.6
      vertex 2.45 -1.68135 9.1
      vertex 2.69636 -1.55985 9.1
    endloop
  endfacet
  facet normal -0.442314 0.89686 0
    outer loop
      vertex 2.45 -1.68135 9.1
      vertex 2.69636 -1.55985 1.6
      vertex 2.45 -1.68135 1.6
    endloop
  endfacet
  facet normal -0.065381 0.99786 0
    outer loop
      vertex 3.5 -1.4 1.6
      vertex 3.22589 -1.41796 9.1
      vertex 3.5 -1.4 9.1
    endloop
  endfacet
  facet normal -0.065381 0.99786 0
    outer loop
      vertex 3.22589 -1.41796 9.1
      vertex 3.5 -1.4 1.6
      vertex 3.22589 -1.41796 1.6
    endloop
  endfacet
  facet normal -0.751827 0.65936 0
    outer loop
      vertex 1.83396 -2.2216 1.6
      vertex 2.01508 -2.01508 9.1
      vertex 2.01508 -2.01508 1.6
    endloop
  endfacet
  facet normal -0.751827 0.65936 0
    outer loop
      vertex 2.01508 -2.01508 9.1
      vertex 1.83396 -2.2216 1.6
      vertex 1.83396 -2.2216 9.1
    endloop
  endfacet
  facet normal -0.89686 0.442314 0
    outer loop
      vertex 1.55985 -2.69636 1.6
      vertex 1.68135 -2.45 9.1
      vertex 1.68135 -2.45 1.6
    endloop
  endfacet
  facet normal -0.89686 0.442314 0
    outer loop
      vertex 1.68135 -2.45 9.1
      vertex 1.55985 -2.69636 1.6
      vertex 1.55985 -2.69636 9.1
    endloop
  endfacet
  facet normal -0.980778 0.195129 0
    outer loop
      vertex 1.41796 -3.22589 1.6
      vertex 1.47156 -2.95648 9.1
      vertex 1.47156 -2.95648 1.6
    endloop
  endfacet
  facet normal -0.980778 0.195129 0
    outer loop
      vertex 1.47156 -2.95648 9.1
      vertex 1.41796 -3.22589 1.6
      vertex 1.41796 -3.22589 9.1
    endloop
  endfacet
  facet normal -0.99786 0.065381 0
    outer loop
      vertex 1.4 -3.5 1.6
      vertex 1.41796 -3.22589 9.1
      vertex 1.41796 -3.22589 1.6
    endloop
  endfacet
  facet normal -0.99786 0.065381 0
    outer loop
      vertex 1.41796 -3.22589 9.1
      vertex 1.4 -3.5 1.6
      vertex 1.4 -3.5 9.1
    endloop
  endfacet
  facet normal 0.321422 0.946936 -0
    outer loop
      vertex 4.30363 -1.55985 1.6
      vertex 4.04352 -1.47156 9.1
      vertex 4.30363 -1.55985 9.1
    endloop
  endfacet
  facet normal 0.321422 0.946936 0
    outer loop
      vertex 4.04352 -1.47156 9.1
      vertex 4.30363 -1.55985 1.6
      vertex 4.04352 -1.47156 1.6
    endloop
  endfacet
  facet normal 0.751827 0.65936 0
    outer loop
      vertex 5.16604 -2.2216 9.1
      vertex 4.98492 -2.01508 1.6
      vertex 4.98492 -2.01508 9.1
    endloop
  endfacet
  facet normal 0.751827 0.65936 0
    outer loop
      vertex 4.98492 -2.01508 1.6
      vertex 5.16604 -2.2216 9.1
      vertex 5.16604 -2.2216 1.6
    endloop
  endfacet
  facet normal 0.94694 0.321411 0
    outer loop
      vertex 5.52844 -2.95648 9.1
      vertex 5.44015 -2.69636 1.6
      vertex 5.44015 -2.69636 9.1
    endloop
  endfacet
  facet normal 0.94694 0.321411 0
    outer loop
      vertex 5.44015 -2.69636 1.6
      vertex 5.52844 -2.95648 9.1
      vertex 5.52844 -2.95648 1.6
    endloop
  endfacet
  facet normal -0.65936 0.751827 0
    outer loop
      vertex 2.2216 -1.83396 1.6
      vertex 2.01508 -2.01508 9.1
      vertex 2.2216 -1.83396 9.1
    endloop
  endfacet
  facet normal -0.65936 0.751827 0
    outer loop
      vertex 2.01508 -2.01508 9.1
      vertex 2.2216 -1.83396 1.6
      vertex 2.01508 -2.01508 1.6
    endloop
  endfacet
  facet normal -0.94694 0.321411 0
    outer loop
      vertex 1.47156 -2.95648 1.6
      vertex 1.55985 -2.69636 9.1
      vertex 1.55985 -2.69636 1.6
    endloop
  endfacet
  facet normal -0.94694 0.321411 0
    outer loop
      vertex 1.55985 -2.69636 9.1
      vertex 1.47156 -2.95648 1.6
      vertex 1.47156 -2.95648 9.1
    endloop
  endfacet
  facet normal 0.997851 -0.0655283 0
    outer loop
      vertex 48.582 -3.7741 9.1
      vertex 48.6 -3.5 1.6
      vertex 48.6 -3.5 9.1
    endloop
  endfacet
  facet normal 0.997851 -0.0655283 0
    outer loop
      vertex 48.6 -3.5 1.6
      vertex 48.582 -3.7741 9.1
      vertex 48.582 -3.7741 1.6
    endloop
  endfacet
  facet normal -0.0654196 -0.997858 0
    outer loop
      vertex 46.2259 -5.58203 1.6
      vertex 46.5 -5.6 9.1
      vertex 46.2259 -5.58203 9.1
    endloop
  endfacet
  facet normal -0.0654196 -0.997858 -0
    outer loop
      vertex 46.5 -5.6 9.1
      vertex 46.2259 -5.58203 1.6
      vertex 46.5 -5.6 1.6
    endloop
  endfacet
  facet normal 0.659396 -0.751796 0
    outer loop
      vertex 47.7784 -5.16604 1.6
      vertex 47.9849 -4.98492 9.1
      vertex 47.7784 -5.16604 9.1
    endloop
  endfacet
  facet normal 0.659396 -0.751796 0
    outer loop
      vertex 47.9849 -4.98492 9.1
      vertex 47.7784 -5.16604 1.6
      vertex 47.9849 -4.98492 1.6
    endloop
  endfacet
  facet normal -0.751864 -0.659319 0
    outer loop
      vertex 45.0151 -4.98492 1.6
      vertex 44.834 -4.7784 9.1
      vertex 44.834 -4.7784 1.6
    endloop
  endfacet
  facet normal -0.751864 -0.659319 0
    outer loop
      vertex 44.834 -4.7784 9.1
      vertex 45.0151 -4.98492 1.6
      vertex 45.0151 -4.98492 9.1
    endloop
  endfacet
  facet normal -0.442256 -0.896889 0
    outer loop
      vertex 45.45 -5.31865 1.6
      vertex 45.6964 -5.44015 9.1
      vertex 45.45 -5.31865 9.1
    endloop
  endfacet
  facet normal -0.442256 -0.896889 -0
    outer loop
      vertex 45.6964 -5.44015 9.1
      vertex 45.45 -5.31865 1.6
      vertex 45.6964 -5.44015 1.6
    endloop
  endfacet
  facet normal 0.751864 0.659319 0
    outer loop
      vertex 48.166 -2.2216 9.1
      vertex 47.9849 -2.01508 1.6
      vertex 47.9849 -2.01508 9.1
    endloop
  endfacet
  facet normal 0.751864 0.659319 0
    outer loop
      vertex 47.9849 -2.01508 1.6
      vertex 48.166 -2.2216 9.1
      vertex 48.166 -2.2216 1.6
    endloop
  endfacet
  facet normal 0.897012 -0.442007 0
    outer loop
      vertex 48.3187 -4.55 9.1
      vertex 48.4401 -4.30363 1.6
      vertex 48.4401 -4.30363 9.1
    endloop
  endfacet
  facet normal 0.897012 -0.442007 0
    outer loop
      vertex 48.4401 -4.30363 1.6
      vertex 48.3187 -4.55 9.1
      vertex 48.3187 -4.55 1.6
    endloop
  endfacet
  facet normal 0.831322 -0.555792 0
    outer loop
      vertex 48.166 -4.7784 9.1
      vertex 48.3187 -4.55 1.6
      vertex 48.3187 -4.55 9.1
    endloop
  endfacet
  facet normal 0.831322 -0.555792 0
    outer loop
      vertex 48.3187 -4.55 1.6
      vertex 48.166 -4.7784 9.1
      vertex 48.166 -4.7784 1.6
    endloop
  endfacet
  facet normal 0.321433 -0.946932 0
    outer loop
      vertex 47.0435 -5.52844 1.6
      vertex 47.3036 -5.44015 9.1
      vertex 47.0435 -5.52844 9.1
    endloop
  endfacet
  facet normal 0.321433 -0.946932 0
    outer loop
      vertex 47.3036 -5.44015 9.1
      vertex 47.0435 -5.52844 1.6
      vertex 47.3036 -5.44015 1.6
    endloop
  endfacet
  facet normal 0.195101 -0.980783 0
    outer loop
      vertex 46.7741 -5.58203 1.6
      vertex 47.0435 -5.52844 9.1
      vertex 46.7741 -5.58203 9.1
    endloop
  endfacet
  facet normal 0.195101 -0.980783 0
    outer loop
      vertex 47.0435 -5.52844 9.1
      vertex 46.7741 -5.58203 1.6
      vertex 47.0435 -5.52844 1.6
    endloop
  endfacet
  facet normal 0.555565 -0.831473 0
    outer loop
      vertex 47.55 -5.31865 1.6
      vertex 47.7784 -5.16604 9.1
      vertex 47.55 -5.31865 9.1
    endloop
  endfacet
  facet normal 0.555565 -0.831473 0
    outer loop
      vertex 47.7784 -5.16604 9.1
      vertex 47.55 -5.31865 1.6
      vertex 47.7784 -5.16604 1.6
    endloop
  endfacet
  facet normal -0.946925 -0.321454 0
    outer loop
      vertex 44.5599 -4.30363 1.6
      vertex 44.4716 -4.04352 9.1
      vertex 44.4716 -4.04352 1.6
    endloop
  endfacet
  facet normal -0.946925 -0.321454 0
    outer loop
      vertex 44.4716 -4.04352 9.1
      vertex 44.5599 -4.30363 1.6
      vertex 44.5599 -4.30363 9.1
    endloop
  endfacet
  facet normal -0.831322 -0.555792 0
    outer loop
      vertex 44.834 -4.7784 1.6
      vertex 44.6813 -4.55 9.1
      vertex 44.6813 -4.55 1.6
    endloop
  endfacet
  facet normal -0.831322 -0.555792 0
    outer loop
      vertex 44.6813 -4.55 9.1
      vertex 44.834 -4.7784 1.6
      vertex 44.834 -4.7784 9.1
    endloop
  endfacet
  facet normal -0.980779 -0.195122 0
    outer loop
      vertex 44.4716 -4.04352 1.6
      vertex 44.418 -3.7741 9.1
      vertex 44.418 -3.7741 1.6
    endloop
  endfacet
  facet normal -0.980779 -0.195122 0
    outer loop
      vertex 44.418 -3.7741 9.1
      vertex 44.4716 -4.04352 1.6
      vertex 44.4716 -4.04352 9.1
    endloop
  endfacet
  facet normal -0.555565 -0.831473 0
    outer loop
      vertex 45.2216 -5.16604 1.6
      vertex 45.45 -5.31865 9.1
      vertex 45.2216 -5.16604 9.1
    endloop
  endfacet
  facet normal -0.555565 -0.831473 -0
    outer loop
      vertex 45.45 -5.31865 9.1
      vertex 45.2216 -5.16604 1.6
      vertex 45.45 -5.31865 1.6
    endloop
  endfacet
  facet normal -0.321433 -0.946932 0
    outer loop
      vertex 45.6964 -5.44015 1.6
      vertex 45.9565 -5.52844 9.1
      vertex 45.6964 -5.44015 9.1
    endloop
  endfacet
  facet normal -0.321433 -0.946932 -0
    outer loop
      vertex 45.9565 -5.52844 9.1
      vertex 45.6964 -5.44015 1.6
      vertex 45.9565 -5.52844 1.6
    endloop
  endfacet
  facet normal 0.946929 0.321443 0
    outer loop
      vertex 48.5284 -2.95648 9.1
      vertex 48.4401 -2.69636 1.6
      vertex 48.4401 -2.69636 9.1
    endloop
  endfacet
  facet normal 0.946929 0.321443 0
    outer loop
      vertex 48.4401 -2.69636 1.6
      vertex 48.5284 -2.95648 9.1
      vertex 48.5284 -2.95648 1.6
    endloop
  endfacet
  facet normal 0.555565 0.831473 -0
    outer loop
      vertex 47.7784 -1.83396 1.6
      vertex 47.55 -1.68135 9.1
      vertex 47.7784 -1.83396 9.1
    endloop
  endfacet
  facet normal 0.555565 0.831473 0
    outer loop
      vertex 47.55 -1.68135 9.1
      vertex 47.7784 -1.83396 1.6
      vertex 47.55 -1.68135 1.6
    endloop
  endfacet
  facet normal 0.831322 0.555792 0
    outer loop
      vertex 48.3187 -2.45 9.1
      vertex 48.166 -2.2216 1.6
      vertex 48.166 -2.2216 9.1
    endloop
  endfacet
  facet normal 0.831322 0.555792 0
    outer loop
      vertex 48.166 -2.2216 1.6
      vertex 48.3187 -2.45 9.1
      vertex 48.3187 -2.45 1.6
    endloop
  endfacet
  facet normal 0.980778 0.195129 0
    outer loop
      vertex 48.582 -3.22589 9.1
      vertex 48.5284 -2.95648 1.6
      vertex 48.5284 -2.95648 9.1
    endloop
  endfacet
  facet normal 0.980778 0.195129 0
    outer loop
      vertex 48.5284 -2.95648 1.6
      vertex 48.582 -3.22589 9.1
      vertex 48.582 -3.22589 1.6
    endloop
  endfacet
  facet normal -0.555565 0.831473 0
    outer loop
      vertex 45.45 -1.68135 1.6
      vertex 45.2216 -1.83396 9.1
      vertex 45.45 -1.68135 9.1
    endloop
  endfacet
  facet normal -0.555565 0.831473 0
    outer loop
      vertex 45.2216 -1.83396 9.1
      vertex 45.45 -1.68135 1.6
      vertex 45.2216 -1.83396 1.6
    endloop
  endfacet
  facet normal -0.195136 0.980776 0
    outer loop
      vertex 46.2259 -1.41796 1.6
      vertex 45.9565 -1.47156 9.1
      vertex 46.2259 -1.41796 9.1
    endloop
  endfacet
  facet normal -0.195136 0.980776 0
    outer loop
      vertex 45.9565 -1.47156 9.1
      vertex 46.2259 -1.41796 1.6
      vertex 45.9565 -1.47156 1.6
    endloop
  endfacet
  facet normal -0.831322 0.555792 0
    outer loop
      vertex 44.6813 -2.45 1.6
      vertex 44.834 -2.2216 9.1
      vertex 44.834 -2.2216 1.6
    endloop
  endfacet
  facet normal -0.831322 0.555792 0
    outer loop
      vertex 44.834 -2.2216 9.1
      vertex 44.6813 -2.45 1.6
      vertex 44.6813 -2.45 9.1
    endloop
  endfacet
  facet normal 0.946925 -0.321454 0
    outer loop
      vertex 48.4401 -4.30363 9.1
      vertex 48.5284 -4.04352 1.6
      vertex 48.5284 -4.04352 9.1
    endloop
  endfacet
  facet normal 0.946925 -0.321454 0
    outer loop
      vertex 48.5284 -4.04352 1.6
      vertex 48.4401 -4.30363 9.1
      vertex 48.4401 -4.30363 1.6
    endloop
  endfacet
  facet normal 0.980779 -0.195122 0
    outer loop
      vertex 48.5284 -4.04352 9.1
      vertex 48.582 -3.7741 1.6
      vertex 48.582 -3.7741 9.1
    endloop
  endfacet
  facet normal 0.980779 -0.195122 0
    outer loop
      vertex 48.582 -3.7741 1.6
      vertex 48.5284 -4.04352 9.1
      vertex 48.5284 -4.04352 1.6
    endloop
  endfacet
  facet normal 0.751864 -0.659319 0
    outer loop
      vertex 47.9849 -4.98492 9.1
      vertex 48.166 -4.7784 1.6
      vertex 48.166 -4.7784 9.1
    endloop
  endfacet
  facet normal 0.751864 -0.659319 0
    outer loop
      vertex 48.166 -4.7784 1.6
      vertex 47.9849 -4.98492 9.1
      vertex 47.9849 -4.98492 1.6
    endloop
  endfacet
  facet normal 0.0654196 -0.997858 0
    outer loop
      vertex 46.5 -5.6 1.6
      vertex 46.7741 -5.58203 9.1
      vertex 46.5 -5.6 9.1
    endloop
  endfacet
  facet normal 0.0654196 -0.997858 0
    outer loop
      vertex 46.7741 -5.58203 9.1
      vertex 46.5 -5.6 1.6
      vertex 46.7741 -5.58203 1.6
    endloop
  endfacet
  facet normal 0.442256 -0.896889 0
    outer loop
      vertex 47.3036 -5.44015 1.6
      vertex 47.55 -5.31865 9.1
      vertex 47.3036 -5.44015 9.1
    endloop
  endfacet
  facet normal 0.442256 -0.896889 0
    outer loop
      vertex 47.55 -5.31865 9.1
      vertex 47.3036 -5.44015 1.6
      vertex 47.55 -5.31865 1.6
    endloop
  endfacet
  facet normal 0 0 1
    outer loop
      vertex 47.35 -3.5 9.1
      vertex 48.6 -3.5 9.1
      vertex 48.582 -3.22589 9.1
    endloop
  endfacet
  facet normal 0 0 1
    outer loop
      vertex 47.3084 -3.23734 9.1
      vertex 48.582 -3.22589 9.1
      vertex 48.5284 -2.95648 9.1
    endloop
  endfacet
  facet normal 0 0 1
    outer loop
      vertex 48.6 -3.5 9.1
      vertex 47.35 -3.5 9.1
      vertex 48.582 -3.7741 9.1
    endloop
  endfacet
  facet normal 0 0 1
    outer loop
      vertex 47.3084 -3.23734 9.1
      vertex 48.5284 -2.95648 9.1
      vertex 48.4401 -2.69636 9.1
    endloop
  endfacet
  facet normal -0 0 1
    outer loop
      vertex 47.3084 -3.76266 9.1
      vertex 48.582 -3.7741 9.1
      vertex 47.35 -3.5 9.1
    endloop
  endfacet
  facet normal 0 0 1
    outer loop
      vertex 47.3084 -3.23734 9.1
      vertex 48.4401 -2.69636 9.1
      vertex 48.3187 -2.45 9.1
    endloop
  endfacet
  facet normal 0 0 1
    outer loop
      vertex 48.582 -3.7741 9.1
      vertex 47.3084 -3.76266 9.1
      vertex 48.5284 -4.04352 9.1
    endloop
  endfacet
  facet normal 0 0 1
    outer loop
      vertex 47.1877 -3.00038 9.1
      vertex 48.3187 -2.45 9.1
      vertex 48.166 -2.2216 9.1
    endloop
  endfacet
  facet normal 0 0 1
    outer loop
      vertex 48.5284 -4.04352 9.1
      vertex 47.3084 -3.76266 9.1
      vertex 48.4401 -4.30363 9.1
    endloop
  endfacet
  facet normal 0 0 1
    outer loop
      vertex 47.1877 -3.00038 9.1
      vertex 48.166 -2.2216 9.1
      vertex 47.9849 -2.01508 9.1
    endloop
  endfacet
  facet normal 0 0 1
    outer loop
      vertex 48.4401 -4.30363 9.1
      vertex 47.3084 -3.76266 9.1
      vertex 48.3187 -4.55 9.1
    endloop
  endfacet
  facet normal 0 0 1
    outer loop
      vertex 46.9996 -2.81234 9.1
      vertex 47.9849 -2.01508 9.1
      vertex 47.7784 -1.83396 9.1
    endloop
  endfacet
  facet normal -0 0 1
    outer loop
      vertex 47.1877 -3.99962 9.1
      vertex 48.3187 -4.55 9.1
      vertex 47.3084 -3.76266 9.1
    endloop
  endfacet
  facet normal 0 0 1
    outer loop
      vertex 46.9996 -2.81234 9.1
      vertex 47.7784 -1.83396 9.1
      vertex 47.55 -1.68135 9.1
    endloop
  endfacet
  facet normal 0 0 1
    outer loop
      vertex 48.3187 -4.55 9.1
      vertex 47.1877 -3.99962 9.1
      vertex 48.166 -4.7784 9.1
    endloop
  endfacet
  facet normal 0 0 1
    outer loop
      vertex 48.166 -4.7784 9.1
      vertex 47.1877 -3.99962 9.1
      vertex 47.9849 -4.98492 9.1
    endloop
  endfacet
  facet normal 0 0 1
    outer loop
      vertex 48.582 -3.22589 9.1
      vertex 47.3084 -3.23734 9.1
      vertex 47.35 -3.5 9.1
    endloop
  endfacet
  facet normal 0 0 1
    outer loop
      vertex 46.7627 -2.6916 9.1
      vertex 47.55 -1.68135 9.1
      vertex 47.3036 -1.55985 9.1
    endloop
  endfacet
  facet normal 0 0 1
    outer loop
      vertex 48.3187 -2.45 9.1
      vertex 47.1877 -3.00038 9.1
      vertex 47.3084 -3.23734 9.1
    endloop
  endfacet
  facet normal 0 0 1
    outer loop
      vertex 46.7627 -2.6916 9.1
      vertex 47.3036 -1.55985 9.1
      vertex 47.0435 -1.47156 9.1
    endloop
  endfacet
  facet normal 0 0 1
    outer loop
      vertex 47.9849 -2.01508 9.1
      vertex 46.9996 -2.81234 9.1
      vertex 47.1877 -3.00038 9.1
    endloop
  endfacet
  facet normal 0 0 1
    outer loop
      vertex 46.7627 -2.6916 9.1
      vertex 47.0435 -1.47156 9.1
      vertex 46.7741 -1.41796 9.1
    endloop
  endfacet
  facet normal 0 0 1
    outer loop
      vertex 47.55 -1.68135 9.1
      vertex 46.7627 -2.6916 9.1
      vertex 46.9996 -2.81234 9.1
    endloop
  endfacet
  facet normal 0 0 1
    outer loop
      vertex 46.5 -2.65 9.1
      vertex 46.7741 -1.41796 9.1
      vertex 46.5 -1.4 9.1
    endloop
  endfacet
  facet normal 0 0 1
    outer loop
      vertex 46.7741 -1.41796 9.1
      vertex 46.5 -2.65 9.1
      vertex 46.7627 -2.6916 9.1
    endloop
  endfacet
  facet normal -0 0 1
    outer loop
      vertex 46.2259 -1.41796 9.1
      vertex 46.5 -2.65 9.1
      vertex 46.5 -1.4 9.1
    endloop
  endfacet
  facet normal 0 0 1
    outer loop
      vertex 46.5 -2.65 9.1
      vertex 46.2259 -1.41796 9.1
      vertex 46.2373 -2.6916 9.1
    endloop
  endfacet
  facet normal -0 0 1
    outer loop
      vertex 45.9565 -1.47156 9.1
      vertex 46.2373 -2.6916 9.1
      vertex 46.2259 -1.41796 9.1
    endloop
  endfacet
  facet normal -0 0 1
    outer loop
      vertex 45.6964 -1.55985 9.1
      vertex 46.2373 -2.6916 9.1
      vertex 45.9565 -1.47156 9.1
    endloop
  endfacet
  facet normal -0 0 1
    outer loop
      vertex 45.45 -1.68135 9.1
      vertex 46.2373 -2.6916 9.1
      vertex 45.6964 -1.55985 9.1
    endloop
  endfacet
  facet normal 0 0 1
    outer loop
      vertex 46.2373 -2.6916 9.1
      vertex 45.45 -1.68135 9.1
      vertex 46.0004 -2.81234 9.1
    endloop
  endfacet
  facet normal -0 0 1
    outer loop
      vertex 45.2216 -1.83396 9.1
      vertex 46.0004 -2.81234 9.1
      vertex 45.45 -1.68135 9.1
    endloop
  endfacet
  facet normal -0 0 1
    outer loop
      vertex 45.0151 -2.01508 9.1
      vertex 46.0004 -2.81234 9.1
      vertex 45.2216 -1.83396 9.1
    endloop
  endfacet
  facet normal 0 0 1
    outer loop
      vertex 46.0004 -2.81234 9.1
      vertex 45.0151 -2.01508 9.1
      vertex 45.8123 -3.00038 9.1
    endloop
  endfacet
  facet normal -0 0 1
    outer loop
      vertex 46.9996 -4.18766 9.1
      vertex 47.9849 -4.98492 9.1
      vertex 47.1877 -3.99962 9.1
    endloop
  endfacet
  facet normal 0 0 1
    outer loop
      vertex 47.9849 -4.98492 9.1
      vertex 46.9996 -4.18766 9.1
      vertex 47.7784 -5.16604 9.1
    endloop
  endfacet
  facet normal 0 0 1
    outer loop
      vertex 47.7784 -5.16604 9.1
      vertex 46.9996 -4.18766 9.1
      vertex 47.55 -5.31865 9.1
    endloop
  endfacet
  facet normal -0 0 1
    outer loop
      vertex 46.7627 -4.3084 9.1
      vertex 47.55 -5.31865 9.1
      vertex 46.9996 -4.18766 9.1
    endloop
  endfacet
  facet normal 0 0 1
    outer loop
      vertex 47.55 -5.31865 9.1
      vertex 46.7627 -4.3084 9.1
      vertex 47.3036 -5.44015 9.1
    endloop
  endfacet
  facet normal 0 0 1
    outer loop
      vertex 47.3036 -5.44015 9.1
      vertex 46.7627 -4.3084 9.1
      vertex 47.0435 -5.52844 9.1
    endloop
  endfacet
  facet normal 0 0 1
    outer loop
      vertex 47.0435 -5.52844 9.1
      vertex 46.7627 -4.3084 9.1
      vertex 46.7741 -5.58203 9.1
    endloop
  endfacet
  facet normal -0 0 1
    outer loop
      vertex 46.5 -4.35 9.1
      vertex 46.7741 -5.58203 9.1
      vertex 46.7627 -4.3084 9.1
    endloop
  endfacet
  facet normal 0 0 1
    outer loop
      vertex 46.5 -4.35 9.1
      vertex 46.5 -5.6 9.1
      vertex 46.7741 -5.58203 9.1
    endloop
  endfacet
  facet normal 0 0 1
    outer loop
      vertex 46.2259 -5.58203 9.1
      vertex 46.5 -4.35 9.1
      vertex 46.2373 -4.3084 9.1
    endloop
  endfacet
  facet normal 0 0 1
    outer loop
      vertex 46.5 -4.35 9.1
      vertex 46.2259 -5.58203 9.1
      vertex 46.5 -5.6 9.1
    endloop
  endfacet
  facet normal 0 0 1
    outer loop
      vertex 45.45 -5.31865 9.1
      vertex 46.2373 -4.3084 9.1
      vertex 46.0004 -4.18766 9.1
    endloop
  endfacet
  facet normal 0 0 1
    outer loop
      vertex 46.2373 -4.3084 9.1
      vertex 45.9565 -5.52844 9.1
      vertex 46.2259 -5.58203 9.1
    endloop
  endfacet
  facet normal 0 0 1
    outer loop
      vertex 45.0151 -4.98492 9.1
      vertex 46.0004 -4.18766 9.1
      vertex 45.8123 -3.99962 9.1
    endloop
  endfacet
  facet normal 0 0 1
    outer loop
      vertex 46.2373 -4.3084 9.1
      vertex 45.6964 -5.44015 9.1
      vertex 45.9565 -5.52844 9.1
    endloop
  endfacet
  facet normal 0 0 1
    outer loop
      vertex 44.6813 -4.55 9.1
      vertex 45.8123 -3.99962 9.1
      vertex 45.6916 -3.76266 9.1
    endloop
  endfacet
  facet normal 0 0 1
    outer loop
      vertex 44.418 -3.7741 9.1
      vertex 45.6916 -3.76266 9.1
      vertex 45.65 -3.5 9.1
    endloop
  endfacet
  facet normal -0 0 1
    outer loop
      vertex 44.834 -2.2216 9.1
      vertex 45.8123 -3.00038 9.1
      vertex 45.0151 -2.01508 9.1
    endloop
  endfacet
  facet normal 0 0 1
    outer loop
      vertex 46.2373 -4.3084 9.1
      vertex 45.45 -5.31865 9.1
      vertex 45.6964 -5.44015 9.1
    endloop
  endfacet
  facet normal -0 0 1
    outer loop
      vertex 44.6813 -2.45 9.1
      vertex 45.8123 -3.00038 9.1
      vertex 44.834 -2.2216 9.1
    endloop
  endfacet
  facet normal 0 0 1
    outer loop
      vertex 46.0004 -4.18766 9.1
      vertex 45.2216 -5.16604 9.1
      vertex 45.45 -5.31865 9.1
    endloop
  endfacet
  facet normal 0 0 1
    outer loop
      vertex 45.8123 -3.00038 9.1
      vertex 44.6813 -2.45 9.1
      vertex 45.6916 -3.23734 9.1
    endloop
  endfacet
  facet normal 0 0 1
    outer loop
      vertex 46.0004 -4.18766 9.1
      vertex 45.0151 -4.98492 9.1
      vertex 45.2216 -5.16604 9.1
    endloop
  endfacet
  facet normal -0 0 1
    outer loop
      vertex 44.5599 -2.69636 9.1
      vertex 45.6916 -3.23734 9.1
      vertex 44.6813 -2.45 9.1
    endloop
  endfacet
  facet normal 0 0 1
    outer loop
      vertex 45.8123 -3.99962 9.1
      vertex 44.834 -4.7784 9.1
      vertex 45.0151 -4.98492 9.1
    endloop
  endfacet
  facet normal -0 0 1
    outer loop
      vertex 44.4716 -2.95648 9.1
      vertex 45.6916 -3.23734 9.1
      vertex 44.5599 -2.69636 9.1
    endloop
  endfacet
  facet normal 0 0 1
    outer loop
      vertex 45.8123 -3.99962 9.1
      vertex 44.6813 -4.55 9.1
      vertex 44.834 -4.7784 9.1
    endloop
  endfacet
  facet normal -0 0 1
    outer loop
      vertex 44.418 -3.22589 9.1
      vertex 45.6916 -3.23734 9.1
      vertex 44.4716 -2.95648 9.1
    endloop
  endfacet
  facet normal 0 0 1
    outer loop
      vertex 45.6916 -3.76266 9.1
      vertex 44.5599 -4.30363 9.1
      vertex 44.6813 -4.55 9.1
    endloop
  endfacet
  facet normal 0 0 1
    outer loop
      vertex 45.6916 -3.23734 9.1
      vertex 44.418 -3.22589 9.1
      vertex 45.65 -3.5 9.1
    endloop
  endfacet
  facet normal 0 0 1
    outer loop
      vertex 45.6916 -3.76266 9.1
      vertex 44.4716 -4.04352 9.1
      vertex 44.5599 -4.30363 9.1
    endloop
  endfacet
  facet normal 0 0 1
    outer loop
      vertex 44.4 -3.5 9.1
      vertex 45.65 -3.5 9.1
      vertex 44.418 -3.22589 9.1
    endloop
  endfacet
  facet normal 0 0 1
    outer loop
      vertex 45.6916 -3.76266 9.1
      vertex 44.418 -3.7741 9.1
      vertex 44.4716 -4.04352 9.1
    endloop
  endfacet
  facet normal 0 0 1
    outer loop
      vertex 45.65 -3.5 9.1
      vertex 44.4 -3.5 9.1
      vertex 44.418 -3.7741 9.1
    endloop
  endfacet
  facet normal -0.897012 -0.442007 0
    outer loop
      vertex 44.6813 -4.55 1.6
      vertex 44.5599 -4.30363 9.1
      vertex 44.5599 -4.30363 1.6
    endloop
  endfacet
  facet normal -0.897012 -0.442007 0
    outer loop
      vertex 44.5599 -4.30363 9.1
      vertex 44.6813 -4.55 1.6
      vertex 44.6813 -4.55 9.1
    endloop
  endfacet
  facet normal -0.997851 -0.0655283 0
    outer loop
      vertex 44.418 -3.7741 1.6
      vertex 44.4 -3.5 9.1
      vertex 44.4 -3.5 1.6
    endloop
  endfacet
  facet normal -0.997851 -0.0655283 0
    outer loop
      vertex 44.4 -3.5 9.1
      vertex 44.418 -3.7741 1.6
      vertex 44.418 -3.7741 9.1
    endloop
  endfacet
  facet normal -0.659396 -0.751796 0
    outer loop
      vertex 45.0151 -4.98492 1.6
      vertex 45.2216 -5.16604 9.1
      vertex 45.0151 -4.98492 9.1
    endloop
  endfacet
  facet normal -0.659396 -0.751796 -0
    outer loop
      vertex 45.2216 -5.16604 9.1
      vertex 45.0151 -4.98492 1.6
      vertex 45.2216 -5.16604 1.6
    endloop
  endfacet
  facet normal -0.195101 -0.980783 0
    outer loop
      vertex 45.9565 -5.52844 1.6
      vertex 46.2259 -5.58203 9.1
      vertex 45.9565 -5.52844 9.1
    endloop
  endfacet
  facet normal -0.195101 -0.980783 -0
    outer loop
      vertex 46.2259 -5.58203 9.1
      vertex 45.9565 -5.52844 1.6
      vertex 46.2259 -5.58203 1.6
    endloop
  endfacet
  facet normal 0.997851 0.0655259 0
    outer loop
      vertex 48.6 -3.5 9.1
      vertex 48.582 -3.22589 1.6
      vertex 48.582 -3.22589 9.1
    endloop
  endfacet
  facet normal 0.997851 0.0655259 0
    outer loop
      vertex 48.582 -3.22589 1.6
      vertex 48.6 -3.5 9.1
      vertex 48.6 -3.5 1.6
    endloop
  endfacet
  facet normal 0.195136 0.980776 -0
    outer loop
      vertex 47.0435 -1.47156 1.6
      vertex 46.7741 -1.41796 9.1
      vertex 47.0435 -1.47156 9.1
    endloop
  endfacet
  facet normal 0.195136 0.980776 0
    outer loop
      vertex 46.7741 -1.41796 9.1
      vertex 47.0435 -1.47156 1.6
      vertex 46.7741 -1.41796 1.6
    endloop
  endfacet
  facet normal 0.442256 0.896889 -0
    outer loop
      vertex 47.55 -1.68135 1.6
      vertex 47.3036 -1.55985 9.1
      vertex 47.55 -1.68135 9.1
    endloop
  endfacet
  facet normal 0.442256 0.896889 0
    outer loop
      vertex 47.3036 -1.55985 9.1
      vertex 47.55 -1.68135 1.6
      vertex 47.3036 -1.55985 1.6
    endloop
  endfacet
  facet normal 0.659396 0.751796 -0
    outer loop
      vertex 47.9849 -2.01508 1.6
      vertex 47.7784 -1.83396 9.1
      vertex 47.9849 -2.01508 9.1
    endloop
  endfacet
  facet normal 0.659396 0.751796 0
    outer loop
      vertex 47.7784 -1.83396 9.1
      vertex 47.9849 -2.01508 1.6
      vertex 47.7784 -1.83396 1.6
    endloop
  endfacet
  facet normal 0.897005 0.442021 0
    outer loop
      vertex 48.4401 -2.69636 9.1
      vertex 48.3187 -2.45 1.6
      vertex 48.3187 -2.45 9.1
    endloop
  endfacet
  facet normal 0.897005 0.442021 0
    outer loop
      vertex 48.3187 -2.45 1.6
      vertex 48.4401 -2.69636 9.1
      vertex 48.4401 -2.69636 1.6
    endloop
  endfacet
  facet normal -0.442256 0.896889 0
    outer loop
      vertex 45.6964 -1.55985 1.6
      vertex 45.45 -1.68135 9.1
      vertex 45.6964 -1.55985 9.1
    endloop
  endfacet
  facet normal -0.442256 0.896889 0
    outer loop
      vertex 45.45 -1.68135 9.1
      vertex 45.6964 -1.55985 1.6
      vertex 45.45 -1.68135 1.6
    endloop
  endfacet
  facet normal -0.0653833 0.99786 0
    outer loop
      vertex 46.5 -1.4 1.6
      vertex 46.2259 -1.41796 9.1
      vertex 46.5 -1.4 9.1
    endloop
  endfacet
  facet normal -0.0653833 0.99786 0
    outer loop
      vertex 46.2259 -1.41796 9.1
      vertex 46.5 -1.4 1.6
      vertex 46.2259 -1.41796 1.6
    endloop
  endfacet
  facet normal -0.751864 0.659319 0
    outer loop
      vertex 44.834 -2.2216 1.6
      vertex 45.0151 -2.01508 9.1
      vertex 45.0151 -2.01508 1.6
    endloop
  endfacet
  facet normal -0.751864 0.659319 0
    outer loop
      vertex 45.0151 -2.01508 9.1
      vertex 44.834 -2.2216 1.6
      vertex 44.834 -2.2216 9.1
    endloop
  endfacet
  facet normal -0.897005 0.442021 0
    outer loop
      vertex 44.5599 -2.69636 1.6
      vertex 44.6813 -2.45 9.1
      vertex 44.6813 -2.45 1.6
    endloop
  endfacet
  facet normal -0.897005 0.442021 0
    outer loop
      vertex 44.6813 -2.45 9.1
      vertex 44.5599 -2.69636 1.6
      vertex 44.5599 -2.69636 9.1
    endloop
  endfacet
  facet normal -0.980778 0.195129 0
    outer loop
      vertex 44.418 -3.22589 1.6
      vertex 44.4716 -2.95648 9.1
      vertex 44.4716 -2.95648 1.6
    endloop
  endfacet
  facet normal -0.980778 0.195129 0
    outer loop
      vertex 44.4716 -2.95648 9.1
      vertex 44.418 -3.22589 1.6
      vertex 44.418 -3.22589 9.1
    endloop
  endfacet
  facet normal -0.997851 0.0655259 0
    outer loop
      vertex 44.4 -3.5 1.6
      vertex 44.418 -3.22589 9.1
      vertex 44.418 -3.22589 1.6
    endloop
  endfacet
  facet normal -0.997851 0.0655259 0
    outer loop
      vertex 44.418 -3.22589 9.1
      vertex 44.4 -3.5 1.6
      vertex 44.4 -3.5 9.1
    endloop
  endfacet
  facet normal 0.321433 0.946932 -0
    outer loop
      vertex 47.3036 -1.55985 1.6
      vertex 47.0435 -1.47156 9.1
      vertex 47.3036 -1.55985 9.1
    endloop
  endfacet
  facet normal 0.321433 0.946932 0
    outer loop
      vertex 47.0435 -1.47156 9.1
      vertex 47.3036 -1.55985 1.6
      vertex 47.0435 -1.47156 1.6
    endloop
  endfacet
  facet normal -0.321433 0.946932 0
    outer loop
      vertex 45.9565 -1.47156 1.6
      vertex 45.6964 -1.55985 9.1
      vertex 45.9565 -1.47156 9.1
    endloop
  endfacet
  facet normal -0.321433 0.946932 0
    outer loop
      vertex 45.6964 -1.55985 9.1
      vertex 45.9565 -1.47156 1.6
      vertex 45.6964 -1.55985 1.6
    endloop
  endfacet
  facet normal 0.0653833 0.99786 -0
    outer loop
      vertex 46.7741 -1.41796 1.6
      vertex 46.5 -1.4 9.1
      vertex 46.7741 -1.41796 9.1
    endloop
  endfacet
  facet normal 0.0653833 0.99786 0
    outer loop
      vertex 46.5 -1.4 9.1
      vertex 46.7741 -1.41796 1.6
      vertex 46.5 -1.4 1.6
    endloop
  endfacet
  facet normal -0.659396 0.751796 0
    outer loop
      vertex 45.2216 -1.83396 1.6
      vertex 45.0151 -2.01508 9.1
      vertex 45.2216 -1.83396 9.1
    endloop
  endfacet
  facet normal -0.659396 0.751796 0
    outer loop
      vertex 45.0151 -2.01508 9.1
      vertex 45.2216 -1.83396 1.6
      vertex 45.0151 -2.01508 1.6
    endloop
  endfacet
  facet normal -0.946929 0.321443 0
    outer loop
      vertex 44.4716 -2.95648 1.6
      vertex 44.5599 -2.69636 9.1
      vertex 44.5599 -2.69636 1.6
    endloop
  endfacet
  facet normal -0.946929 0.321443 0
    outer loop
      vertex 44.5599 -2.69636 9.1
      vertex 44.4716 -2.95648 1.6
      vertex 44.4716 -2.95648 9.1
    endloop
  endfacet
  facet normal 0.555792 -0.831322 0
    outer loop
      vertex 4.55 -61.8187 1.6
      vertex 4.7784 -61.666 9.1
      vertex 4.55 -61.8187 9.1
    endloop
  endfacet
  facet normal 0.555792 -0.831322 0
    outer loop
      vertex 4.7784 -61.666 9.1
      vertex 4.55 -61.8187 1.6
      vertex 4.7784 -61.666 1.6
    endloop
  endfacet
  facet normal 0.980783 0.195101 0
    outer loop
      vertex 5.58203 -59.7259 9.1
      vertex 5.52844 -59.4565 1.6
      vertex 5.52844 -59.4565 9.1
    endloop
  endfacet
  facet normal 0.980783 0.195101 0
    outer loop
      vertex 5.52844 -59.4565 1.6
      vertex 5.58203 -59.7259 9.1
      vertex 5.58203 -59.7259 1.6
    endloop
  endfacet
  facet normal -0.195129 0.980778 0
    outer loop
      vertex 3.22589 -57.918 1.6
      vertex 2.95648 -57.9716 9.1
      vertex 3.22589 -57.918 9.1
    endloop
  endfacet
  facet normal -0.195129 0.980778 0
    outer loop
      vertex 2.95648 -57.9716 9.1
      vertex 3.22589 -57.918 1.6
      vertex 2.95648 -57.9716 1.6
    endloop
  endfacet
  facet normal -0.442021 -0.897005 0
    outer loop
      vertex 2.45 -61.8187 1.6
      vertex 2.69636 -61.9401 9.1
      vertex 2.45 -61.8187 9.1
    endloop
  endfacet
  facet normal -0.442021 -0.897005 -0
    outer loop
      vertex 2.69636 -61.9401 9.1
      vertex 2.45 -61.8187 1.6
      vertex 2.69636 -61.9401 1.6
    endloop
  endfacet
  facet normal -0.946932 -0.321433 0
    outer loop
      vertex 1.55985 -60.8036 1.6
      vertex 1.47156 -60.5435 9.1
      vertex 1.47156 -60.5435 1.6
    endloop
  endfacet
  facet normal -0.946932 -0.321433 0
    outer loop
      vertex 1.47156 -60.5435 9.1
      vertex 1.55985 -60.8036 1.6
      vertex 1.55985 -60.8036 9.1
    endloop
  endfacet
  facet normal 0.997858 0.0654196 0
    outer loop
      vertex 5.6 -60 9.1
      vertex 5.58203 -59.7259 1.6
      vertex 5.58203 -59.7259 9.1
    endloop
  endfacet
  facet normal 0.997858 0.0654196 0
    outer loop
      vertex 5.58203 -59.7259 1.6
      vertex 5.6 -60 9.1
      vertex 5.6 -60 1.6
    endloop
  endfacet
  facet normal -0.321443 0.946929 0
    outer loop
      vertex 2.95648 -57.9716 1.6
      vertex 2.69636 -58.0599 9.1
      vertex 2.95648 -57.9716 9.1
    endloop
  endfacet
  facet normal -0.321443 0.946929 0
    outer loop
      vertex 2.69636 -58.0599 9.1
      vertex 2.95648 -57.9716 1.6
      vertex 2.69636 -58.0599 1.6
    endloop
  endfacet
  facet normal 0.896889 -0.442256 0
    outer loop
      vertex 5.31865 -61.05 9.1
      vertex 5.44015 -60.8036 1.6
      vertex 5.44015 -60.8036 9.1
    endloop
  endfacet
  facet normal 0.896889 -0.442256 0
    outer loop
      vertex 5.44015 -60.8036 1.6
      vertex 5.31865 -61.05 9.1
      vertex 5.31865 -61.05 1.6
    endloop
  endfacet
  facet normal 0.831473 -0.555565 0
    outer loop
      vertex 5.16604 -61.2784 9.1
      vertex 5.31865 -61.05 1.6
      vertex 5.31865 -61.05 9.1
    endloop
  endfacet
  facet normal 0.831473 -0.555565 0
    outer loop
      vertex 5.31865 -61.05 1.6
      vertex 5.16604 -61.2784 9.1
      vertex 5.16604 -61.2784 1.6
    endloop
  endfacet
  facet normal 0.321454 -0.946925 0
    outer loop
      vertex 4.04352 -62.0284 1.6
      vertex 4.30363 -61.9401 9.1
      vertex 4.04352 -62.0284 9.1
    endloop
  endfacet
  facet normal 0.321454 -0.946925 0
    outer loop
      vertex 4.30363 -61.9401 9.1
      vertex 4.04352 -62.0284 1.6
      vertex 4.30363 -61.9401 1.6
    endloop
  endfacet
  facet normal 0.0655283 -0.997851 0
    outer loop
      vertex 3.5 -62.1 1.6
      vertex 3.7741 -62.082 9.1
      vertex 3.5 -62.1 9.1
    endloop
  endfacet
  facet normal 0.0655283 -0.997851 0
    outer loop
      vertex 3.7741 -62.082 9.1
      vertex 3.5 -62.1 1.6
      vertex 3.7741 -62.082 1.6
    endloop
  endfacet
  facet normal 0 0 1
    outer loop
      vertex 5.58203 -59.7259 9.1
      vertex 5.58203 -60.2741 9.1
      vertex 5.6 -60 9.1
    endloop
  endfacet
  facet normal 0 0 1
    outer loop
      vertex 5.52844 -59.4565 9.1
      vertex 5.58203 -60.2741 9.1
      vertex 5.58203 -59.7259 9.1
    endloop
  endfacet
  facet normal 0 0 1
    outer loop
      vertex 5.52844 -59.4565 9.1
      vertex 5.52844 -60.5435 9.1
      vertex 5.58203 -60.2741 9.1
    endloop
  endfacet
  facet normal 0 0 1
    outer loop
      vertex 5.44015 -59.1964 9.1
      vertex 5.52844 -60.5435 9.1
      vertex 5.52844 -59.4565 9.1
    endloop
  endfacet
  facet normal 0 0 1
    outer loop
      vertex 5.44015 -59.1964 9.1
      vertex 5.44015 -60.8036 9.1
      vertex 5.52844 -60.5435 9.1
    endloop
  endfacet
  facet normal 0 0 1
    outer loop
      vertex 5.31865 -58.95 9.1
      vertex 5.44015 -60.8036 9.1
      vertex 5.44015 -59.1964 9.1
    endloop
  endfacet
  facet normal 0 0 1
    outer loop
      vertex 5.31865 -58.95 9.1
      vertex 5.31865 -61.05 9.1
      vertex 5.44015 -60.8036 9.1
    endloop
  endfacet
  facet normal 0 0 1
    outer loop
      vertex 5.16604 -58.7216 9.1
      vertex 5.31865 -61.05 9.1
      vertex 5.31865 -58.95 9.1
    endloop
  endfacet
  facet normal 0 0 1
    outer loop
      vertex 5.16604 -58.7216 9.1
      vertex 5.16604 -61.2784 9.1
      vertex 5.31865 -61.05 9.1
    endloop
  endfacet
  facet normal 0 0 1
    outer loop
      vertex 4.98492 -58.5151 9.1
      vertex 5.16604 -61.2784 9.1
      vertex 5.16604 -58.7216 9.1
    endloop
  endfacet
  facet normal 0 0 1
    outer loop
      vertex 4.98492 -58.5151 9.1
      vertex 4.98492 -61.4849 9.1
      vertex 5.16604 -61.2784 9.1
    endloop
  endfacet
  facet normal 0 0 1
    outer loop
      vertex 4.7784 -58.334 9.1
      vertex 4.98492 -61.4849 9.1
      vertex 4.98492 -58.5151 9.1
    endloop
  endfacet
  facet normal 0 0 1
    outer loop
      vertex 4.7784 -58.334 9.1
      vertex 4.7784 -61.666 9.1
      vertex 4.98492 -61.4849 9.1
    endloop
  endfacet
  facet normal 0 0 1
    outer loop
      vertex 4.55 -58.1813 9.1
      vertex 4.7784 -61.666 9.1
      vertex 4.7784 -58.334 9.1
    endloop
  endfacet
  facet normal 0 0 1
    outer loop
      vertex 4.55 -58.1813 9.1
      vertex 4.55 -61.8187 9.1
      vertex 4.7784 -61.666 9.1
    endloop
  endfacet
  facet normal 0 0 1
    outer loop
      vertex 4.30363 -58.0599 9.1
      vertex 4.55 -61.8187 9.1
      vertex 4.55 -58.1813 9.1
    endloop
  endfacet
  facet normal 0 0 1
    outer loop
      vertex 4.30363 -58.0599 9.1
      vertex 4.30363 -61.9401 9.1
      vertex 4.55 -61.8187 9.1
    endloop
  endfacet
  facet normal 0 0 1
    outer loop
      vertex 4.04352 -57.9716 9.1
      vertex 4.30363 -61.9401 9.1
      vertex 4.30363 -58.0599 9.1
    endloop
  endfacet
  facet normal 0 0 1
    outer loop
      vertex 4.04352 -57.9716 9.1
      vertex 4.04352 -62.0284 9.1
      vertex 4.30363 -61.9401 9.1
    endloop
  endfacet
  facet normal 0 0 1
    outer loop
      vertex 3.7741 -57.918 9.1
      vertex 4.04352 -62.0284 9.1
      vertex 4.04352 -57.9716 9.1
    endloop
  endfacet
  facet normal 0 0 1
    outer loop
      vertex 3.7741 -57.918 9.1
      vertex 3.7741 -62.082 9.1
      vertex 4.04352 -62.0284 9.1
    endloop
  endfacet
  facet normal 0 0 1
    outer loop
      vertex 3.5 -57.9 9.1
      vertex 3.7741 -62.082 9.1
      vertex 3.7741 -57.918 9.1
    endloop
  endfacet
  facet normal 0 0 1
    outer loop
      vertex 3.5 -57.9 9.1
      vertex 3.5 -62.1 9.1
      vertex 3.7741 -62.082 9.1
    endloop
  endfacet
  facet normal -0 0 1
    outer loop
      vertex 3.22589 -57.918 9.1
      vertex 3.5 -62.1 9.1
      vertex 3.5 -57.9 9.1
    endloop
  endfacet
  facet normal 0 0 1
    outer loop
      vertex 3.22589 -57.918 9.1
      vertex 3.22589 -62.082 9.1
      vertex 3.5 -62.1 9.1
    endloop
  endfacet
  facet normal -0 0 1
    outer loop
      vertex 2.95648 -57.9716 9.1
      vertex 3.22589 -62.082 9.1
      vertex 3.22589 -57.918 9.1
    endloop
  endfacet
  facet normal 0 0 1
    outer loop
      vertex 2.95648 -57.9716 9.1
      vertex 2.95648 -62.0284 9.1
      vertex 3.22589 -62.082 9.1
    endloop
  endfacet
  facet normal -0 0 1
    outer loop
      vertex 2.69636 -58.0599 9.1
      vertex 2.95648 -62.0284 9.1
      vertex 2.95648 -57.9716 9.1
    endloop
  endfacet
  facet normal 0 0 1
    outer loop
      vertex 2.69636 -58.0599 9.1
      vertex 2.69636 -61.9401 9.1
      vertex 2.95648 -62.0284 9.1
    endloop
  endfacet
  facet normal -0 0 1
    outer loop
      vertex 2.45 -58.1813 9.1
      vertex 2.69636 -61.9401 9.1
      vertex 2.69636 -58.0599 9.1
    endloop
  endfacet
  facet normal 0 0 1
    outer loop
      vertex 2.45 -58.1813 9.1
      vertex 2.45 -61.8187 9.1
      vertex 2.69636 -61.9401 9.1
    endloop
  endfacet
  facet normal -0 0 1
    outer loop
      vertex 2.2216 -58.334 9.1
      vertex 2.45 -61.8187 9.1
      vertex 2.45 -58.1813 9.1
    endloop
  endfacet
  facet normal 0 0 1
    outer loop
      vertex 2.2216 -58.334 9.1
      vertex 2.2216 -61.666 9.1
      vertex 2.45 -61.8187 9.1
    endloop
  endfacet
  facet normal -0 0 1
    outer loop
      vertex 2.01508 -58.5151 9.1
      vertex 2.2216 -61.666 9.1
      vertex 2.2216 -58.334 9.1
    endloop
  endfacet
  facet normal 0 0 1
    outer loop
      vertex 2.01508 -58.5151 9.1
      vertex 2.01508 -61.4849 9.1
      vertex 2.2216 -61.666 9.1
    endloop
  endfacet
  facet normal -0 0 1
    outer loop
      vertex 1.83396 -58.7216 9.1
      vertex 2.01508 -61.4849 9.1
      vertex 2.01508 -58.5151 9.1
    endloop
  endfacet
  facet normal 0 0 1
    outer loop
      vertex 1.83396 -58.7216 9.1
      vertex 1.83396 -61.2784 9.1
      vertex 2.01508 -61.4849 9.1
    endloop
  endfacet
  facet normal -0 0 1
    outer loop
      vertex 1.68135 -58.95 9.1
      vertex 1.83396 -61.2784 9.1
      vertex 1.83396 -58.7216 9.1
    endloop
  endfacet
  facet normal 0 0 1
    outer loop
      vertex 1.68135 -58.95 9.1
      vertex 1.68135 -61.05 9.1
      vertex 1.83396 -61.2784 9.1
    endloop
  endfacet
  facet normal -0 0 1
    outer loop
      vertex 1.55985 -59.1964 9.1
      vertex 1.68135 -61.05 9.1
      vertex 1.68135 -58.95 9.1
    endloop
  endfacet
  facet normal 0 0 1
    outer loop
      vertex 1.55985 -59.1964 9.1
      vertex 1.55985 -60.8036 9.1
      vertex 1.68135 -61.05 9.1
    endloop
  endfacet
  facet normal -0 0 1
    outer loop
      vertex 1.47156 -59.4565 9.1
      vertex 1.55985 -60.8036 9.1
      vertex 1.55985 -59.1964 9.1
    endloop
  endfacet
  facet normal 0 0 1
    outer loop
      vertex 1.47156 -59.4565 9.1
      vertex 1.47156 -60.5435 9.1
      vertex 1.55985 -60.8036 9.1
    endloop
  endfacet
  facet normal -0 0 1
    outer loop
      vertex 1.41796 -59.7259 9.1
      vertex 1.47156 -60.5435 9.1
      vertex 1.47156 -59.4565 9.1
    endloop
  endfacet
  facet normal 0 0 1
    outer loop
      vertex 1.41796 -59.7259 9.1
      vertex 1.41796 -60.2741 9.1
      vertex 1.47156 -60.5435 9.1
    endloop
  endfacet
  facet normal 0 -0 1
    outer loop
      vertex 1.41796 -60.2741 9.1
      vertex 1.41796 -59.7259 9.1
      vertex 1.4 -60 9.1
    endloop
  endfacet
  facet normal -0.99786 -0.0653833 0
    outer loop
      vertex 1.41796 -60.2741 1.6
      vertex 1.4 -60 9.1
      vertex 1.4 -60 1.6
    endloop
  endfacet
  facet normal -0.99786 -0.0653833 0
    outer loop
      vertex 1.4 -60 9.1
      vertex 1.41796 -60.2741 1.6
      vertex 1.41796 -60.2741 9.1
    endloop
  endfacet
  facet normal -0.831473 -0.555565 0
    outer loop
      vertex 1.83396 -61.2784 1.6
      vertex 1.68135 -61.05 9.1
      vertex 1.68135 -61.05 1.6
    endloop
  endfacet
  facet normal -0.831473 -0.555565 0
    outer loop
      vertex 1.68135 -61.05 9.1
      vertex 1.83396 -61.2784 1.6
      vertex 1.83396 -61.2784 9.1
    endloop
  endfacet
  facet normal -0.555792 -0.831322 0
    outer loop
      vertex 2.2216 -61.666 1.6
      vertex 2.45 -61.8187 9.1
      vertex 2.2216 -61.666 9.1
    endloop
  endfacet
  facet normal -0.555792 -0.831322 -0
    outer loop
      vertex 2.45 -61.8187 9.1
      vertex 2.2216 -61.666 1.6
      vertex 2.45 -61.8187 1.6
    endloop
  endfacet
  facet normal -0.321443 -0.946929 0
    outer loop
      vertex 2.69636 -61.9401 1.6
      vertex 2.95648 -62.0284 9.1
      vertex 2.69636 -61.9401 9.1
    endloop
  endfacet
  facet normal -0.321443 -0.946929 -0
    outer loop
      vertex 2.95648 -62.0284 9.1
      vertex 2.69636 -61.9401 1.6
      vertex 2.95648 -62.0284 1.6
    endloop
  endfacet
  facet normal 0.946932 0.321433 0
    outer loop
      vertex 5.52844 -59.4565 9.1
      vertex 5.44015 -59.1964 1.6
      vertex 5.44015 -59.1964 9.1
    endloop
  endfacet
  facet normal 0.946932 0.321433 0
    outer loop
      vertex 5.44015 -59.1964 1.6
      vertex 5.52844 -59.4565 9.1
      vertex 5.52844 -59.4565 1.6
    endloop
  endfacet
  facet normal 0.442007 0.897012 -0
    outer loop
      vertex 4.55 -58.1813 1.6
      vertex 4.30363 -58.0599 9.1
      vertex 4.55 -58.1813 9.1
    endloop
  endfacet
  facet normal 0.442007 0.897012 0
    outer loop
      vertex 4.30363 -58.0599 9.1
      vertex 4.55 -58.1813 1.6
      vertex 4.30363 -58.0599 1.6
    endloop
  endfacet
  facet normal 0.555792 0.831322 -0
    outer loop
      vertex 4.7784 -58.334 1.6
      vertex 4.55 -58.1813 9.1
      vertex 4.7784 -58.334 9.1
    endloop
  endfacet
  facet normal 0.555792 0.831322 0
    outer loop
      vertex 4.55 -58.1813 9.1
      vertex 4.7784 -58.334 1.6
      vertex 4.55 -58.1813 1.6
    endloop
  endfacet
  facet normal -0.0655259 0.997851 0
    outer loop
      vertex 3.5 -57.9 1.6
      vertex 3.22589 -57.918 9.1
      vertex 3.5 -57.9 9.1
    endloop
  endfacet
  facet normal -0.0655259 0.997851 0
    outer loop
      vertex 3.22589 -57.918 9.1
      vertex 3.5 -57.9 1.6
      vertex 3.22589 -57.918 1.6
    endloop
  endfacet
  facet normal -0.555792 0.831322 0
    outer loop
      vertex 2.45 -58.1813 1.6
      vertex 2.2216 -58.334 9.1
      vertex 2.45 -58.1813 9.1
    endloop
  endfacet
  facet normal -0.555792 0.831322 0
    outer loop
      vertex 2.2216 -58.334 9.1
      vertex 2.45 -58.1813 1.6
      vertex 2.2216 -58.334 1.6
    endloop
  endfacet
  facet normal -0.831473 0.555565 0
    outer loop
      vertex 1.68135 -58.95 1.6
      vertex 1.83396 -58.7216 9.1
      vertex 1.83396 -58.7216 1.6
    endloop
  endfacet
  facet normal -0.831473 0.555565 0
    outer loop
      vertex 1.83396 -58.7216 9.1
      vertex 1.68135 -58.95 1.6
      vertex 1.68135 -58.95 9.1
    endloop
  endfacet
  facet normal 0.980783 -0.195101 0
    outer loop
      vertex 5.52844 -60.5435 9.1
      vertex 5.58203 -60.2741 1.6
      vertex 5.58203 -60.2741 9.1
    endloop
  endfacet
  facet normal 0.980783 -0.195101 0
    outer loop
      vertex 5.58203 -60.2741 1.6
      vertex 5.52844 -60.5435 9.1
      vertex 5.52844 -60.5435 1.6
    endloop
  endfacet
  facet normal 0.946932 -0.321433 0
    outer loop
      vertex 5.44015 -60.8036 9.1
      vertex 5.52844 -60.5435 1.6
      vertex 5.52844 -60.5435 9.1
    endloop
  endfacet
  facet normal 0.946932 -0.321433 0
    outer loop
      vertex 5.52844 -60.5435 1.6
      vertex 5.44015 -60.8036 9.1
      vertex 5.44015 -60.8036 1.6
    endloop
  endfacet
  facet normal 0.751796 -0.659396 0
    outer loop
      vertex 4.98492 -61.4849 9.1
      vertex 5.16604 -61.2784 1.6
      vertex 5.16604 -61.2784 9.1
    endloop
  endfacet
  facet normal 0.751796 -0.659396 0
    outer loop
      vertex 5.16604 -61.2784 1.6
      vertex 4.98492 -61.4849 9.1
      vertex 4.98492 -61.4849 1.6
    endloop
  endfacet
  facet normal 0.659319 -0.751864 0
    outer loop
      vertex 4.7784 -61.666 1.6
      vertex 4.98492 -61.4849 9.1
      vertex 4.7784 -61.666 9.1
    endloop
  endfacet
  facet normal 0.659319 -0.751864 0
    outer loop
      vertex 4.98492 -61.4849 9.1
      vertex 4.7784 -61.666 1.6
      vertex 4.98492 -61.4849 1.6
    endloop
  endfacet
  facet normal -0.0655259 -0.997851 0
    outer loop
      vertex 3.22589 -62.082 1.6
      vertex 3.5 -62.1 9.1
      vertex 3.22589 -62.082 9.1
    endloop
  endfacet
  facet normal -0.0655259 -0.997851 -0
    outer loop
      vertex 3.5 -62.1 9.1
      vertex 3.22589 -62.082 1.6
      vertex 3.5 -62.1 1.6
    endloop
  endfacet
  facet normal 0.442007 -0.897012 0
    outer loop
      vertex 4.30363 -61.9401 1.6
      vertex 4.55 -61.8187 9.1
      vertex 4.30363 -61.9401 9.1
    endloop
  endfacet
  facet normal 0.442007 -0.897012 0
    outer loop
      vertex 4.55 -61.8187 9.1
      vertex 4.30363 -61.9401 1.6
      vertex 4.55 -61.8187 1.6
    endloop
  endfacet
  facet normal 0.195122 -0.980779 0
    outer loop
      vertex 3.7741 -62.082 1.6
      vertex 4.04352 -62.0284 9.1
      vertex 3.7741 -62.082 9.1
    endloop
  endfacet
  facet normal 0.195122 -0.980779 0
    outer loop
      vertex 4.04352 -62.0284 9.1
      vertex 3.7741 -62.082 1.6
      vertex 4.04352 -62.0284 1.6
    endloop
  endfacet
  facet normal -0.980776 -0.195136 0
    outer loop
      vertex 1.47156 -60.5435 1.6
      vertex 1.41796 -60.2741 9.1
      vertex 1.41796 -60.2741 1.6
    endloop
  endfacet
  facet normal -0.980776 -0.195136 0
    outer loop
      vertex 1.41796 -60.2741 9.1
      vertex 1.47156 -60.5435 1.6
      vertex 1.47156 -60.5435 9.1
    endloop
  endfacet
  facet normal -0.896889 -0.442256 0
    outer loop
      vertex 1.68135 -61.05 1.6
      vertex 1.55985 -60.8036 9.1
      vertex 1.55985 -60.8036 1.6
    endloop
  endfacet
  facet normal -0.896889 -0.442256 0
    outer loop
      vertex 1.55985 -60.8036 9.1
      vertex 1.68135 -61.05 1.6
      vertex 1.68135 -61.05 9.1
    endloop
  endfacet
  facet normal -0.195129 -0.980778 0
    outer loop
      vertex 2.95648 -62.0284 1.6
      vertex 3.22589 -62.082 9.1
      vertex 2.95648 -62.0284 9.1
    endloop
  endfacet
  facet normal -0.195129 -0.980778 -0
    outer loop
      vertex 3.22589 -62.082 9.1
      vertex 2.95648 -62.0284 1.6
      vertex 3.22589 -62.082 1.6
    endloop
  endfacet
  facet normal -0.659319 -0.751864 0
    outer loop
      vertex 2.01508 -61.4849 1.6
      vertex 2.2216 -61.666 9.1
      vertex 2.01508 -61.4849 9.1
    endloop
  endfacet
  facet normal -0.659319 -0.751864 -0
    outer loop
      vertex 2.2216 -61.666 9.1
      vertex 2.01508 -61.4849 1.6
      vertex 2.2216 -61.666 1.6
    endloop
  endfacet
  facet normal -0.751796 -0.659396 0
    outer loop
      vertex 2.01508 -61.4849 1.6
      vertex 1.83396 -61.2784 9.1
      vertex 1.83396 -61.2784 1.6
    endloop
  endfacet
  facet normal -0.751796 -0.659396 0
    outer loop
      vertex 1.83396 -61.2784 9.1
      vertex 2.01508 -61.4849 1.6
      vertex 2.01508 -61.4849 9.1
    endloop
  endfacet
  facet normal 0.997858 -0.0654196 0
    outer loop
      vertex 5.58203 -60.2741 9.1
      vertex 5.6 -60 1.6
      vertex 5.6 -60 9.1
    endloop
  endfacet
  facet normal 0.997858 -0.0654196 0
    outer loop
      vertex 5.6 -60 1.6
      vertex 5.58203 -60.2741 9.1
      vertex 5.58203 -60.2741 1.6
    endloop
  endfacet
  facet normal 0.195122 0.980779 -0
    outer loop
      vertex 4.04352 -57.9716 1.6
      vertex 3.7741 -57.918 9.1
      vertex 4.04352 -57.9716 9.1
    endloop
  endfacet
  facet normal 0.195122 0.980779 0
    outer loop
      vertex 3.7741 -57.918 9.1
      vertex 4.04352 -57.9716 1.6
      vertex 3.7741 -57.918 1.6
    endloop
  endfacet
  facet normal 0.831473 0.555565 0
    outer loop
      vertex 5.31865 -58.95 9.1
      vertex 5.16604 -58.7216 1.6
      vertex 5.16604 -58.7216 9.1
    endloop
  endfacet
  facet normal 0.831473 0.555565 0
    outer loop
      vertex 5.16604 -58.7216 1.6
      vertex 5.31865 -58.95 9.1
      vertex 5.31865 -58.95 1.6
    endloop
  endfacet
  facet normal 0.896889 0.442256 0
    outer loop
      vertex 5.44015 -59.1964 9.1
      vertex 5.31865 -58.95 1.6
      vertex 5.31865 -58.95 9.1
    endloop
  endfacet
  facet normal 0.896889 0.442256 0
    outer loop
      vertex 5.31865 -58.95 1.6
      vertex 5.44015 -59.1964 9.1
      vertex 5.44015 -59.1964 1.6
    endloop
  endfacet
  facet normal 0.751796 0.659396 0
    outer loop
      vertex 5.16604 -58.7216 9.1
      vertex 4.98492 -58.5151 1.6
      vertex 4.98492 -58.5151 9.1
    endloop
  endfacet
  facet normal 0.751796 0.659396 0
    outer loop
      vertex 4.98492 -58.5151 1.6
      vertex 5.16604 -58.7216 9.1
      vertex 5.16604 -58.7216 1.6
    endloop
  endfacet
  facet normal 0.659319 0.751864 -0
    outer loop
      vertex 4.98492 -58.5151 1.6
      vertex 4.7784 -58.334 9.1
      vertex 4.98492 -58.5151 9.1
    endloop
  endfacet
  facet normal 0.659319 0.751864 0
    outer loop
      vertex 4.7784 -58.334 9.1
      vertex 4.98492 -58.5151 1.6
      vertex 4.7784 -58.334 1.6
    endloop
  endfacet
  facet normal 0.0655283 0.997851 -0
    outer loop
      vertex 3.7741 -57.918 1.6
      vertex 3.5 -57.9 9.1
      vertex 3.7741 -57.918 9.1
    endloop
  endfacet
  facet normal 0.0655283 0.997851 0
    outer loop
      vertex 3.5 -57.9 9.1
      vertex 3.7741 -57.918 1.6
      vertex 3.5 -57.9 1.6
    endloop
  endfacet
  facet normal -0.442021 0.897005 0
    outer loop
      vertex 2.69636 -58.0599 1.6
      vertex 2.45 -58.1813 9.1
      vertex 2.69636 -58.0599 9.1
    endloop
  endfacet
  facet normal -0.442021 0.897005 0
    outer loop
      vertex 2.45 -58.1813 9.1
      vertex 2.69636 -58.0599 1.6
      vertex 2.45 -58.1813 1.6
    endloop
  endfacet
  facet normal -0.896889 0.442256 0
    outer loop
      vertex 1.55985 -59.1964 1.6
      vertex 1.68135 -58.95 9.1
      vertex 1.68135 -58.95 1.6
    endloop
  endfacet
  facet normal -0.896889 0.442256 0
    outer loop
      vertex 1.68135 -58.95 9.1
      vertex 1.55985 -59.1964 1.6
      vertex 1.55985 -59.1964 9.1
    endloop
  endfacet
  facet normal -0.980776 0.195136 0
    outer loop
      vertex 1.41796 -59.7259 1.6
      vertex 1.47156 -59.4565 9.1
      vertex 1.47156 -59.4565 1.6
    endloop
  endfacet
  facet normal -0.980776 0.195136 0
    outer loop
      vertex 1.47156 -59.4565 9.1
      vertex 1.41796 -59.7259 1.6
      vertex 1.41796 -59.7259 9.1
    endloop
  endfacet
  facet normal -0.751796 0.659396 0
    outer loop
      vertex 1.83396 -58.7216 1.6
      vertex 2.01508 -58.5151 9.1
      vertex 2.01508 -58.5151 1.6
    endloop
  endfacet
  facet normal -0.751796 0.659396 0
    outer loop
      vertex 2.01508 -58.5151 9.1
      vertex 1.83396 -58.7216 1.6
      vertex 1.83396 -58.7216 9.1
    endloop
  endfacet
  facet normal -0.659319 0.751864 0
    outer loop
      vertex 2.2216 -58.334 1.6
      vertex 2.01508 -58.5151 9.1
      vertex 2.2216 -58.334 9.1
    endloop
  endfacet
  facet normal -0.659319 0.751864 0
    outer loop
      vertex 2.01508 -58.5151 9.1
      vertex 2.2216 -58.334 1.6
      vertex 2.01508 -58.5151 1.6
    endloop
  endfacet
  facet normal -0.99786 0.0653833 0
    outer loop
      vertex 1.4 -60 1.6
      vertex 1.41796 -59.7259 9.1
      vertex 1.41796 -59.7259 1.6
    endloop
  endfacet
  facet normal -0.99786 0.0653833 0
    outer loop
      vertex 1.41796 -59.7259 9.1
      vertex 1.4 -60 1.6
      vertex 1.4 -60 9.1
    endloop
  endfacet
  facet normal 0.321454 0.946925 -0
    outer loop
      vertex 4.30363 -58.0599 1.6
      vertex 4.04352 -57.9716 9.1
      vertex 4.30363 -58.0599 9.1
    endloop
  endfacet
  facet normal 0.321454 0.946925 0
    outer loop
      vertex 4.04352 -57.9716 9.1
      vertex 4.30363 -58.0599 1.6
      vertex 4.04352 -57.9716 1.6
    endloop
  endfacet
  facet normal -0.946932 0.321433 0
    outer loop
      vertex 1.47156 -59.4565 1.6
      vertex 1.55985 -59.1964 9.1
      vertex 1.55985 -59.1964 1.6
    endloop
  endfacet
  facet normal -0.946932 0.321433 0
    outer loop
      vertex 1.55985 -59.1964 9.1
      vertex 1.47156 -59.4565 1.6
      vertex 1.47156 -59.4565 9.1
    endloop
  endfacet
  facet normal 0.997851 -0.0655283 0
    outer loop
      vertex 48.582 -60.2741 9.1
      vertex 48.6 -60 1.6
      vertex 48.6 -60 9.1
    endloop
  endfacet
  facet normal 0.997851 -0.0655283 0
    outer loop
      vertex 48.6 -60 1.6
      vertex 48.582 -60.2741 9.1
      vertex 48.582 -60.2741 1.6
    endloop
  endfacet
  facet normal -0.0655283 -0.997851 0
    outer loop
      vertex 46.2259 -62.082 1.6
      vertex 46.5 -62.1 9.1
      vertex 46.2259 -62.082 9.1
    endloop
  endfacet
  facet normal -0.0655283 -0.997851 -0
    outer loop
      vertex 46.5 -62.1 9.1
      vertex 46.2259 -62.082 1.6
      vertex 46.5 -62.1 1.6
    endloop
  endfacet
  facet normal 0.659355 -0.751832 0
    outer loop
      vertex 47.7784 -61.666 1.6
      vertex 47.9849 -61.4849 9.1
      vertex 47.7784 -61.666 9.1
    endloop
  endfacet
  facet normal 0.659355 -0.751832 0
    outer loop
      vertex 47.9849 -61.4849 9.1
      vertex 47.7784 -61.666 1.6
      vertex 47.9849 -61.4849 1.6
    endloop
  endfacet
  facet normal -0.751832 -0.659355 0
    outer loop
      vertex 45.0151 -61.4849 1.6
      vertex 44.834 -61.2784 9.1
      vertex 44.834 -61.2784 1.6
    endloop
  endfacet
  facet normal -0.751832 -0.659355 0
    outer loop
      vertex 44.834 -61.2784 9.1
      vertex 45.0151 -61.4849 1.6
      vertex 45.0151 -61.4849 9.1
    endloop
  endfacet
  facet normal -0.441964 -0.897033 0
    outer loop
      vertex 45.45 -61.8187 1.6
      vertex 45.6964 -61.9401 9.1
      vertex 45.45 -61.8187 9.1
    endloop
  endfacet
  facet normal -0.441964 -0.897033 -0
    outer loop
      vertex 45.6964 -61.9401 9.1
      vertex 45.45 -61.8187 1.6
      vertex 45.6964 -61.9401 1.6
    endloop
  endfacet
  facet normal 0.897033 -0.441964 0
    outer loop
      vertex 48.3187 -61.05 9.1
      vertex 48.4401 -60.8036 1.6
      vertex 48.4401 -60.8036 9.1
    endloop
  endfacet
  facet normal 0.897033 -0.441964 0
    outer loop
      vertex 48.4401 -60.8036 1.6
      vertex 48.3187 -61.05 9.1
      vertex 48.3187 -61.05 1.6
    endloop
  endfacet
  facet normal 0.831322 -0.555792 0
    outer loop
      vertex 48.166 -61.2784 9.1
      vertex 48.3187 -61.05 1.6
      vertex 48.3187 -61.05 9.1
    endloop
  endfacet
  facet normal 0.831322 -0.555792 0
    outer loop
      vertex 48.3187 -61.05 1.6
      vertex 48.166 -61.2784 9.1
      vertex 48.166 -61.2784 1.6
    endloop
  endfacet
  facet normal 0.321465 -0.946921 0
    outer loop
      vertex 47.0435 -62.0284 1.6
      vertex 47.3036 -61.9401 9.1
      vertex 47.0435 -62.0284 9.1
    endloop
  endfacet
  facet normal 0.321465 -0.946921 0
    outer loop
      vertex 47.3036 -61.9401 9.1
      vertex 47.0435 -62.0284 1.6
      vertex 47.3036 -61.9401 1.6
    endloop
  endfacet
  facet normal 0.195136 -0.980776 0
    outer loop
      vertex 46.7741 -62.082 1.6
      vertex 47.0435 -62.0284 9.1
      vertex 46.7741 -62.082 9.1
    endloop
  endfacet
  facet normal 0.195136 -0.980776 0
    outer loop
      vertex 47.0435 -62.0284 9.1
      vertex 46.7741 -62.082 1.6
      vertex 47.0435 -62.0284 1.6
    endloop
  endfacet
  facet normal 0.555792 -0.831322 0
    outer loop
      vertex 47.55 -61.8187 1.6
      vertex 47.7784 -61.666 9.1
      vertex 47.55 -61.8187 9.1
    endloop
  endfacet
  facet normal 0.555792 -0.831322 0
    outer loop
      vertex 47.7784 -61.666 9.1
      vertex 47.55 -61.8187 1.6
      vertex 47.7784 -61.666 1.6
    endloop
  endfacet
  facet normal -0.946921 -0.321465 0
    outer loop
      vertex 44.5599 -60.8036 1.6
      vertex 44.4716 -60.5435 9.1
      vertex 44.4716 -60.5435 1.6
    endloop
  endfacet
  facet normal -0.946921 -0.321465 0
    outer loop
      vertex 44.4716 -60.5435 9.1
      vertex 44.5599 -60.8036 1.6
      vertex 44.5599 -60.8036 9.1
    endloop
  endfacet
  facet normal -0.831322 -0.555792 0
    outer loop
      vertex 44.834 -61.2784 1.6
      vertex 44.6813 -61.05 9.1
      vertex 44.6813 -61.05 1.6
    endloop
  endfacet
  facet normal -0.831322 -0.555792 0
    outer loop
      vertex 44.6813 -61.05 9.1
      vertex 44.834 -61.2784 1.6
      vertex 44.834 -61.2784 9.1
    endloop
  endfacet
  facet normal -0.980776 -0.195136 0
    outer loop
      vertex 44.4716 -60.5435 1.6
      vertex 44.418 -60.2741 9.1
      vertex 44.418 -60.2741 1.6
    endloop
  endfacet
  facet normal -0.980776 -0.195136 0
    outer loop
      vertex 44.418 -60.2741 9.1
      vertex 44.4716 -60.5435 1.6
      vertex 44.4716 -60.5435 9.1
    endloop
  endfacet
  facet normal -0.555792 -0.831322 0
    outer loop
      vertex 45.2216 -61.666 1.6
      vertex 45.45 -61.8187 9.1
      vertex 45.2216 -61.666 9.1
    endloop
  endfacet
  facet normal -0.555792 -0.831322 -0
    outer loop
      vertex 45.45 -61.8187 9.1
      vertex 45.2216 -61.666 1.6
      vertex 45.45 -61.8187 1.6
    endloop
  endfacet
  facet normal -0.321465 -0.946921 0
    outer loop
      vertex 45.6964 -61.9401 1.6
      vertex 45.9565 -62.0284 9.1
      vertex 45.6964 -61.9401 9.1
    endloop
  endfacet
  facet normal -0.321465 -0.946921 -0
    outer loop
      vertex 45.9565 -62.0284 9.1
      vertex 45.6964 -61.9401 1.6
      vertex 45.9565 -62.0284 1.6
    endloop
  endfacet
  facet normal 0.555792 0.831322 -0
    outer loop
      vertex 47.7784 -58.334 1.6
      vertex 47.55 -58.1813 9.1
      vertex 47.7784 -58.334 9.1
    endloop
  endfacet
  facet normal 0.555792 0.831322 0
    outer loop
      vertex 47.55 -58.1813 9.1
      vertex 47.7784 -58.334 1.6
      vertex 47.55 -58.1813 1.6
    endloop
  endfacet
  facet normal 0.831322 0.555792 0
    outer loop
      vertex 48.3187 -58.95 9.1
      vertex 48.166 -58.7216 1.6
      vertex 48.166 -58.7216 9.1
    endloop
  endfacet
  facet normal 0.831322 0.555792 0
    outer loop
      vertex 48.166 -58.7216 1.6
      vertex 48.3187 -58.95 9.1
      vertex 48.3187 -58.95 1.6
    endloop
  endfacet
  facet normal 0.980776 0.195136 0
    outer loop
      vertex 48.582 -59.7259 9.1
      vertex 48.5284 -59.4565 1.6
      vertex 48.5284 -59.4565 9.1
    endloop
  endfacet
  facet normal 0.980776 0.195136 0
    outer loop
      vertex 48.5284 -59.4565 1.6
      vertex 48.582 -59.7259 9.1
      vertex 48.582 -59.7259 1.6
    endloop
  endfacet
  facet normal -0.555792 0.831322 0
    outer loop
      vertex 45.45 -58.1813 1.6
      vertex 45.2216 -58.334 9.1
      vertex 45.45 -58.1813 9.1
    endloop
  endfacet
  facet normal -0.555792 0.831322 0
    outer loop
      vertex 45.2216 -58.334 9.1
      vertex 45.45 -58.1813 1.6
      vertex 45.2216 -58.334 1.6
    endloop
  endfacet
  facet normal -0.195136 0.980776 0
    outer loop
      vertex 46.2259 -57.918 1.6
      vertex 45.9565 -57.9716 9.1
      vertex 46.2259 -57.918 9.1
    endloop
  endfacet
  facet normal -0.195136 0.980776 0
    outer loop
      vertex 45.9565 -57.9716 9.1
      vertex 46.2259 -57.918 1.6
      vertex 45.9565 -57.9716 1.6
    endloop
  endfacet
  facet normal -0.831322 0.555792 0
    outer loop
      vertex 44.6813 -58.95 1.6
      vertex 44.834 -58.7216 9.1
      vertex 44.834 -58.7216 1.6
    endloop
  endfacet
  facet normal -0.831322 0.555792 0
    outer loop
      vertex 44.834 -58.7216 9.1
      vertex 44.6813 -58.95 1.6
      vertex 44.6813 -58.95 9.1
    endloop
  endfacet
  facet normal 0.946921 -0.321465 0
    outer loop
      vertex 48.4401 -60.8036 9.1
      vertex 48.5284 -60.5435 1.6
      vertex 48.5284 -60.5435 9.1
    endloop
  endfacet
  facet normal 0.946921 -0.321465 0
    outer loop
      vertex 48.5284 -60.5435 1.6
      vertex 48.4401 -60.8036 9.1
      vertex 48.4401 -60.8036 1.6
    endloop
  endfacet
  facet normal 0.980776 -0.195136 0
    outer loop
      vertex 48.5284 -60.5435 9.1
      vertex 48.582 -60.2741 1.6
      vertex 48.582 -60.2741 9.1
    endloop
  endfacet
  facet normal 0.980776 -0.195136 0
    outer loop
      vertex 48.582 -60.2741 1.6
      vertex 48.5284 -60.5435 9.1
      vertex 48.5284 -60.5435 1.6
    endloop
  endfacet
  facet normal 0.751832 -0.659355 0
    outer loop
      vertex 47.9849 -61.4849 9.1
      vertex 48.166 -61.2784 1.6
      vertex 48.166 -61.2784 9.1
    endloop
  endfacet
  facet normal 0.751832 -0.659355 0
    outer loop
      vertex 48.166 -61.2784 1.6
      vertex 47.9849 -61.4849 9.1
      vertex 47.9849 -61.4849 1.6
    endloop
  endfacet
  facet normal 0.0655283 -0.997851 0
    outer loop
      vertex 46.5 -62.1 1.6
      vertex 46.7741 -62.082 9.1
      vertex 46.5 -62.1 9.1
    endloop
  endfacet
  facet normal 0.0655283 -0.997851 0
    outer loop
      vertex 46.7741 -62.082 9.1
      vertex 46.5 -62.1 1.6
      vertex 46.7741 -62.082 1.6
    endloop
  endfacet
  facet normal 0.441964 -0.897033 0
    outer loop
      vertex 47.3036 -61.9401 1.6
      vertex 47.55 -61.8187 9.1
      vertex 47.3036 -61.9401 9.1
    endloop
  endfacet
  facet normal 0.441964 -0.897033 0
    outer loop
      vertex 47.55 -61.8187 9.1
      vertex 47.3036 -61.9401 1.6
      vertex 47.55 -61.8187 1.6
    endloop
  endfacet
  facet normal 0 0 1
    outer loop
      vertex 48.582 -59.7259 9.1
      vertex 48.582 -60.2741 9.1
      vertex 48.6 -60 9.1
    endloop
  endfacet
  facet normal 0 0 1
    outer loop
      vertex 48.5284 -59.4565 9.1
      vertex 48.582 -60.2741 9.1
      vertex 48.582 -59.7259 9.1
    endloop
  endfacet
  facet normal 0 0 1
    outer loop
      vertex 48.5284 -59.4565 9.1
      vertex 48.5284 -60.5435 9.1
      vertex 48.582 -60.2741 9.1
    endloop
  endfacet
  facet normal 0 0 1
    outer loop
      vertex 48.4401 -59.1964 9.1
      vertex 48.5284 -60.5435 9.1
      vertex 48.5284 -59.4565 9.1
    endloop
  endfacet
  facet normal 0 0 1
    outer loop
      vertex 48.4401 -59.1964 9.1
      vertex 48.4401 -60.8036 9.1
      vertex 48.5284 -60.5435 9.1
    endloop
  endfacet
  facet normal 0 0 1
    outer loop
      vertex 48.3187 -58.95 9.1
      vertex 48.4401 -60.8036 9.1
      vertex 48.4401 -59.1964 9.1
    endloop
  endfacet
  facet normal 0 0 1
    outer loop
      vertex 48.3187 -58.95 9.1
      vertex 48.3187 -61.05 9.1
      vertex 48.4401 -60.8036 9.1
    endloop
  endfacet
  facet normal 0 0 1
    outer loop
      vertex 48.166 -58.7216 9.1
      vertex 48.3187 -61.05 9.1
      vertex 48.3187 -58.95 9.1
    endloop
  endfacet
  facet normal 0 0 1
    outer loop
      vertex 48.166 -58.7216 9.1
      vertex 48.166 -61.2784 9.1
      vertex 48.3187 -61.05 9.1
    endloop
  endfacet
  facet normal 0 0 1
    outer loop
      vertex 47.9849 -58.5151 9.1
      vertex 48.166 -61.2784 9.1
      vertex 48.166 -58.7216 9.1
    endloop
  endfacet
  facet normal 0 0 1
    outer loop
      vertex 47.9849 -58.5151 9.1
      vertex 47.9849 -61.4849 9.1
      vertex 48.166 -61.2784 9.1
    endloop
  endfacet
  facet normal 0 0 1
    outer loop
      vertex 47.7784 -58.334 9.1
      vertex 47.9849 -61.4849 9.1
      vertex 47.9849 -58.5151 9.1
    endloop
  endfacet
  facet normal 0 0 1
    outer loop
      vertex 47.7784 -58.334 9.1
      vertex 47.7784 -61.666 9.1
      vertex 47.9849 -61.4849 9.1
    endloop
  endfacet
  facet normal 0 0 1
    outer loop
      vertex 47.55 -58.1813 9.1
      vertex 47.7784 -61.666 9.1
      vertex 47.7784 -58.334 9.1
    endloop
  endfacet
  facet normal 0 0 1
    outer loop
      vertex 47.55 -58.1813 9.1
      vertex 47.55 -61.8187 9.1
      vertex 47.7784 -61.666 9.1
    endloop
  endfacet
  facet normal 0 0 1
    outer loop
      vertex 47.3036 -58.0599 9.1
      vertex 47.55 -61.8187 9.1
      vertex 47.55 -58.1813 9.1
    endloop
  endfacet
  facet normal 0 0 1
    outer loop
      vertex 47.3036 -58.0599 9.1
      vertex 47.3036 -61.9401 9.1
      vertex 47.55 -61.8187 9.1
    endloop
  endfacet
  facet normal 0 0 1
    outer loop
      vertex 47.0435 -57.9716 9.1
      vertex 47.3036 -61.9401 9.1
      vertex 47.3036 -58.0599 9.1
    endloop
  endfacet
  facet normal 0 0 1
    outer loop
      vertex 47.0435 -57.9716 9.1
      vertex 47.0435 -62.0284 9.1
      vertex 47.3036 -61.9401 9.1
    endloop
  endfacet
  facet normal 0 0 1
    outer loop
      vertex 46.7741 -57.918 9.1
      vertex 47.0435 -62.0284 9.1
      vertex 47.0435 -57.9716 9.1
    endloop
  endfacet
  facet normal 0 0 1
    outer loop
      vertex 46.7741 -57.918 9.1
      vertex 46.7741 -62.082 9.1
      vertex 47.0435 -62.0284 9.1
    endloop
  endfacet
  facet normal 0 0 1
    outer loop
      vertex 46.5 -57.9 9.1
      vertex 46.7741 -62.082 9.1
      vertex 46.7741 -57.918 9.1
    endloop
  endfacet
  facet normal 0 0 1
    outer loop
      vertex 46.5 -57.9 9.1
      vertex 46.5 -62.1 9.1
      vertex 46.7741 -62.082 9.1
    endloop
  endfacet
  facet normal -0 0 1
    outer loop
      vertex 46.2259 -57.918 9.1
      vertex 46.5 -62.1 9.1
      vertex 46.5 -57.9 9.1
    endloop
  endfacet
  facet normal 0 0 1
    outer loop
      vertex 46.2259 -57.918 9.1
      vertex 46.2259 -62.082 9.1
      vertex 46.5 -62.1 9.1
    endloop
  endfacet
  facet normal -0 0 1
    outer loop
      vertex 45.9565 -57.9716 9.1
      vertex 46.2259 -62.082 9.1
      vertex 46.2259 -57.918 9.1
    endloop
  endfacet
  facet normal 0 0 1
    outer loop
      vertex 45.9565 -57.9716 9.1
      vertex 45.9565 -62.0284 9.1
      vertex 46.2259 -62.082 9.1
    endloop
  endfacet
  facet normal -0 0 1
    outer loop
      vertex 45.6964 -58.0599 9.1
      vertex 45.9565 -62.0284 9.1
      vertex 45.9565 -57.9716 9.1
    endloop
  endfacet
  facet normal 0 0 1
    outer loop
      vertex 45.6964 -58.0599 9.1
      vertex 45.6964 -61.9401 9.1
      vertex 45.9565 -62.0284 9.1
    endloop
  endfacet
  facet normal -0 0 1
    outer loop
      vertex 45.45 -58.1813 9.1
      vertex 45.6964 -61.9401 9.1
      vertex 45.6964 -58.0599 9.1
    endloop
  endfacet
  facet normal 0 0 1
    outer loop
      vertex 45.45 -58.1813 9.1
      vertex 45.45 -61.8187 9.1
      vertex 45.6964 -61.9401 9.1
    endloop
  endfacet
  facet normal -0 0 1
    outer loop
      vertex 45.2216 -58.334 9.1
      vertex 45.45 -61.8187 9.1
      vertex 45.45 -58.1813 9.1
    endloop
  endfacet
  facet normal 0 0 1
    outer loop
      vertex 45.2216 -58.334 9.1
      vertex 45.2216 -61.666 9.1
      vertex 45.45 -61.8187 9.1
    endloop
  endfacet
  facet normal -0 0 1
    outer loop
      vertex 45.0151 -58.5151 9.1
      vertex 45.2216 -61.666 9.1
      vertex 45.2216 -58.334 9.1
    endloop
  endfacet
  facet normal 0 0 1
    outer loop
      vertex 45.0151 -58.5151 9.1
      vertex 45.0151 -61.4849 9.1
      vertex 45.2216 -61.666 9.1
    endloop
  endfacet
  facet normal -0 0 1
    outer loop
      vertex 44.834 -58.7216 9.1
      vertex 45.0151 -61.4849 9.1
      vertex 45.0151 -58.5151 9.1
    endloop
  endfacet
  facet normal 0 0 1
    outer loop
      vertex 44.834 -58.7216 9.1
      vertex 44.834 -61.2784 9.1
      vertex 45.0151 -61.4849 9.1
    endloop
  endfacet
  facet normal -0 0 1
    outer loop
      vertex 44.6813 -58.95 9.1
      vertex 44.834 -61.2784 9.1
      vertex 44.834 -58.7216 9.1
    endloop
  endfacet
  facet normal 0 0 1
    outer loop
      vertex 44.6813 -58.95 9.1
      vertex 44.6813 -61.05 9.1
      vertex 44.834 -61.2784 9.1
    endloop
  endfacet
  facet normal -0 0 1
    outer loop
      vertex 44.5599 -59.1964 9.1
      vertex 44.6813 -61.05 9.1
      vertex 44.6813 -58.95 9.1
    endloop
  endfacet
  facet normal 0 0 1
    outer loop
      vertex 44.5599 -59.1964 9.1
      vertex 44.5599 -60.8036 9.1
      vertex 44.6813 -61.05 9.1
    endloop
  endfacet
  facet normal -0 0 1
    outer loop
      vertex 44.4716 -59.4565 9.1
      vertex 44.5599 -60.8036 9.1
      vertex 44.5599 -59.1964 9.1
    endloop
  endfacet
  facet normal 0 0 1
    outer loop
      vertex 44.4716 -59.4565 9.1
      vertex 44.4716 -60.5435 9.1
      vertex 44.5599 -60.8036 9.1
    endloop
  endfacet
  facet normal -0 0 1
    outer loop
      vertex 44.418 -59.7259 9.1
      vertex 44.4716 -60.5435 9.1
      vertex 44.4716 -59.4565 9.1
    endloop
  endfacet
  facet normal 0 0 1
    outer loop
      vertex 44.418 -59.7259 9.1
      vertex 44.418 -60.2741 9.1
      vertex 44.4716 -60.5435 9.1
    endloop
  endfacet
  facet normal 0 -0 1
    outer loop
      vertex 44.418 -60.2741 9.1
      vertex 44.418 -59.7259 9.1
      vertex 44.4 -60 9.1
    endloop
  endfacet
  facet normal -0.897033 -0.441964 0
    outer loop
      vertex 44.6813 -61.05 1.6
      vertex 44.5599 -60.8036 9.1
      vertex 44.5599 -60.8036 1.6
    endloop
  endfacet
  facet normal -0.897033 -0.441964 0
    outer loop
      vertex 44.5599 -60.8036 9.1
      vertex 44.6813 -61.05 1.6
      vertex 44.6813 -61.05 9.1
    endloop
  endfacet
  facet normal -0.997851 -0.0655283 0
    outer loop
      vertex 44.418 -60.2741 1.6
      vertex 44.4 -60 9.1
      vertex 44.4 -60 1.6
    endloop
  endfacet
  facet normal -0.997851 -0.0655283 0
    outer loop
      vertex 44.4 -60 9.1
      vertex 44.418 -60.2741 1.6
      vertex 44.418 -60.2741 9.1
    endloop
  endfacet
  facet normal -0.659355 -0.751832 0
    outer loop
      vertex 45.0151 -61.4849 1.6
      vertex 45.2216 -61.666 9.1
      vertex 45.0151 -61.4849 9.1
    endloop
  endfacet
  facet normal -0.659355 -0.751832 -0
    outer loop
      vertex 45.2216 -61.666 9.1
      vertex 45.0151 -61.4849 1.6
      vertex 45.2216 -61.666 1.6
    endloop
  endfacet
  facet normal -0.195136 -0.980776 0
    outer loop
      vertex 45.9565 -62.0284 1.6
      vertex 46.2259 -62.082 9.1
      vertex 45.9565 -62.0284 9.1
    endloop
  endfacet
  facet normal -0.195136 -0.980776 -0
    outer loop
      vertex 46.2259 -62.082 9.1
      vertex 45.9565 -62.0284 1.6
      vertex 46.2259 -62.082 1.6
    endloop
  endfacet
  facet normal 0.997851 0.0655283 0
    outer loop
      vertex 48.6 -60 9.1
      vertex 48.582 -59.7259 1.6
      vertex 48.582 -59.7259 9.1
    endloop
  endfacet
  facet normal 0.997851 0.0655283 0
    outer loop
      vertex 48.582 -59.7259 1.6
      vertex 48.6 -60 9.1
      vertex 48.6 -60 1.6
    endloop
  endfacet
  facet normal 0.195136 0.980776 -0
    outer loop
      vertex 47.0435 -57.9716 1.6
      vertex 46.7741 -57.918 9.1
      vertex 47.0435 -57.9716 9.1
    endloop
  endfacet
  facet normal 0.195136 0.980776 0
    outer loop
      vertex 46.7741 -57.918 9.1
      vertex 47.0435 -57.9716 1.6
      vertex 46.7741 -57.918 1.6
    endloop
  endfacet
  facet normal 0.441964 0.897033 -0
    outer loop
      vertex 47.55 -58.1813 1.6
      vertex 47.3036 -58.0599 9.1
      vertex 47.55 -58.1813 9.1
    endloop
  endfacet
  facet normal 0.441964 0.897033 0
    outer loop
      vertex 47.3036 -58.0599 9.1
      vertex 47.55 -58.1813 1.6
      vertex 47.3036 -58.0599 1.6
    endloop
  endfacet
  facet normal 0.659355 0.751832 -0
    outer loop
      vertex 47.9849 -58.5151 1.6
      vertex 47.7784 -58.334 9.1
      vertex 47.9849 -58.5151 9.1
    endloop
  endfacet
  facet normal 0.659355 0.751832 0
    outer loop
      vertex 47.7784 -58.334 9.1
      vertex 47.9849 -58.5151 1.6
      vertex 47.7784 -58.334 1.6
    endloop
  endfacet
  facet normal 0.897033 0.441964 0
    outer loop
      vertex 48.4401 -59.1964 9.1
      vertex 48.3187 -58.95 1.6
      vertex 48.3187 -58.95 9.1
    endloop
  endfacet
  facet normal 0.897033 0.441964 0
    outer loop
      vertex 48.3187 -58.95 1.6
      vertex 48.4401 -59.1964 9.1
      vertex 48.4401 -59.1964 1.6
    endloop
  endfacet
  facet normal -0.441964 0.897033 0
    outer loop
      vertex 45.6964 -58.0599 1.6
      vertex 45.45 -58.1813 9.1
      vertex 45.6964 -58.0599 9.1
    endloop
  endfacet
  facet normal -0.441964 0.897033 0
    outer loop
      vertex 45.45 -58.1813 9.1
      vertex 45.6964 -58.0599 1.6
      vertex 45.45 -58.1813 1.6
    endloop
  endfacet
  facet normal -0.0655283 0.997851 0
    outer loop
      vertex 46.5 -57.9 1.6
      vertex 46.2259 -57.918 9.1
      vertex 46.5 -57.9 9.1
    endloop
  endfacet
  facet normal -0.0655283 0.997851 0
    outer loop
      vertex 46.2259 -57.918 9.1
      vertex 46.5 -57.9 1.6
      vertex 46.2259 -57.918 1.6
    endloop
  endfacet
  facet normal -0.751832 0.659355 0
    outer loop
      vertex 44.834 -58.7216 1.6
      vertex 45.0151 -58.5151 9.1
      vertex 45.0151 -58.5151 1.6
    endloop
  endfacet
  facet normal -0.751832 0.659355 0
    outer loop
      vertex 45.0151 -58.5151 9.1
      vertex 44.834 -58.7216 1.6
      vertex 44.834 -58.7216 9.1
    endloop
  endfacet
  facet normal -0.897033 0.441964 0
    outer loop
      vertex 44.5599 -59.1964 1.6
      vertex 44.6813 -58.95 9.1
      vertex 44.6813 -58.95 1.6
    endloop
  endfacet
  facet normal -0.897033 0.441964 0
    outer loop
      vertex 44.6813 -58.95 9.1
      vertex 44.5599 -59.1964 1.6
      vertex 44.5599 -59.1964 9.1
    endloop
  endfacet
  facet normal -0.980776 0.195136 0
    outer loop
      vertex 44.418 -59.7259 1.6
      vertex 44.4716 -59.4565 9.1
      vertex 44.4716 -59.4565 1.6
    endloop
  endfacet
  facet normal -0.980776 0.195136 0
    outer loop
      vertex 44.4716 -59.4565 9.1
      vertex 44.418 -59.7259 1.6
      vertex 44.418 -59.7259 9.1
    endloop
  endfacet
  facet normal -0.997851 0.0655283 0
    outer loop
      vertex 44.4 -60 1.6
      vertex 44.418 -59.7259 9.1
      vertex 44.418 -59.7259 1.6
    endloop
  endfacet
  facet normal -0.997851 0.0655283 0
    outer loop
      vertex 44.418 -59.7259 9.1
      vertex 44.4 -60 1.6
      vertex 44.4 -60 9.1
    endloop
  endfacet
  facet normal 0.321465 0.946921 -0
    outer loop
      vertex 47.3036 -58.0599 1.6
      vertex 47.0435 -57.9716 9.1
      vertex 47.3036 -58.0599 9.1
    endloop
  endfacet
  facet normal 0.321465 0.946921 0
    outer loop
      vertex 47.0435 -57.9716 9.1
      vertex 47.3036 -58.0599 1.6
      vertex 47.0435 -57.9716 1.6
    endloop
  endfacet
  facet normal 0.751832 0.659355 0
    outer loop
      vertex 48.166 -58.7216 9.1
      vertex 47.9849 -58.5151 1.6
      vertex 47.9849 -58.5151 9.1
    endloop
  endfacet
  facet normal 0.751832 0.659355 0
    outer loop
      vertex 47.9849 -58.5151 1.6
      vertex 48.166 -58.7216 9.1
      vertex 48.166 -58.7216 1.6
    endloop
  endfacet
  facet normal 0.946921 0.321465 0
    outer loop
      vertex 48.5284 -59.4565 9.1
      vertex 48.4401 -59.1964 1.6
      vertex 48.4401 -59.1964 9.1
    endloop
  endfacet
  facet normal 0.946921 0.321465 0
    outer loop
      vertex 48.4401 -59.1964 1.6
      vertex 48.5284 -59.4565 9.1
      vertex 48.5284 -59.4565 1.6
    endloop
  endfacet
  facet normal -0.321465 0.946921 0
    outer loop
      vertex 45.9565 -57.9716 1.6
      vertex 45.6964 -58.0599 9.1
      vertex 45.9565 -57.9716 9.1
    endloop
  endfacet
  facet normal -0.321465 0.946921 0
    outer loop
      vertex 45.6964 -58.0599 9.1
      vertex 45.9565 -57.9716 1.6
      vertex 45.6964 -58.0599 1.6
    endloop
  endfacet
  facet normal 0.0655283 0.997851 -0
    outer loop
      vertex 46.7741 -57.918 1.6
      vertex 46.5 -57.9 9.1
      vertex 46.7741 -57.918 9.1
    endloop
  endfacet
  facet normal 0.0655283 0.997851 0
    outer loop
      vertex 46.5 -57.9 9.1
      vertex 46.7741 -57.918 1.6
      vertex 46.5 -57.9 1.6
    endloop
  endfacet
  facet normal -0.659355 0.751832 0
    outer loop
      vertex 45.2216 -58.334 1.6
      vertex 45.0151 -58.5151 9.1
      vertex 45.2216 -58.334 9.1
    endloop
  endfacet
  facet normal -0.659355 0.751832 0
    outer loop
      vertex 45.0151 -58.5151 9.1
      vertex 45.2216 -58.334 1.6
      vertex 45.0151 -58.5151 1.6
    endloop
  endfacet
  facet normal -0.946921 0.321465 0
    outer loop
      vertex 44.4716 -59.4565 1.6
      vertex 44.5599 -59.1964 9.1
      vertex 44.5599 -59.1964 1.6
    endloop
  endfacet
  facet normal -0.946921 0.321465 0
    outer loop
      vertex 44.5599 -59.1964 9.1
      vertex 44.4716 -59.4565 1.6
      vertex 44.4716 -59.4565 9.1
    endloop
  endfacet
  facet normal 0 0 1
    outer loop
      vertex 2.35 -70.5 9
      vertex 4.1 -70.5 9
      vertex 4.07776 -70.1606 9
    endloop
  endfacet
  facet normal 0 0 1
    outer loop
      vertex 2.3084 -70.2373 9
      vertex 4.07776 -70.1606 9
      vertex 4.01141 -69.8271 9
    endloop
  endfacet
  facet normal 0 0 1
    outer loop
      vertex 4.1 -70.5 9
      vertex 2.35 -70.5 9
      vertex 4.07776 -70.8394 9
    endloop
  endfacet
  facet normal 0 0 1
    outer loop
      vertex 2.3084 -70.2373 9
      vertex 4.01141 -69.8271 9
      vertex 3.90209 -69.505 9
    endloop
  endfacet
  facet normal -0 0 1
    outer loop
      vertex 2.3084 -70.7627 9
      vertex 4.07776 -70.8394 9
      vertex 2.35 -70.5 9
    endloop
  endfacet
  facet normal 0 0 1
    outer loop
      vertex 2.3084 -70.2373 9
      vertex 3.90209 -69.505 9
      vertex 3.75167 -69.2 9
    endloop
  endfacet
  facet normal 0 0 1
    outer loop
      vertex 4.07776 -70.8394 9
      vertex 2.3084 -70.7627 9
      vertex 4.01141 -71.1729 9
    endloop
  endfacet
  facet normal 0 0 1
    outer loop
      vertex 2.18766 -70.0004 9
      vertex 3.75167 -69.2 9
      vertex 3.56272 -68.9172 9
    endloop
  endfacet
  facet normal 0 0 1
    outer loop
      vertex 4.01141 -71.1729 9
      vertex 2.3084 -70.7627 9
      vertex 3.90209 -71.495 9
    endloop
  endfacet
  facet normal 0 0 1
    outer loop
      vertex 2.18766 -70.0004 9
      vertex 3.56272 -68.9172 9
      vertex 3.33848 -68.6615 9
    endloop
  endfacet
  facet normal 0 0 1
    outer loop
      vertex 3.90209 -71.495 9
      vertex 2.3084 -70.7627 9
      vertex 3.75167 -71.8 9
    endloop
  endfacet
  facet normal 0 0 1
    outer loop
      vertex 1.99962 -69.8123 9
      vertex 3.33848 -68.6615 9
      vertex 3.08278 -68.4373 9
    endloop
  endfacet
  facet normal -0 0 1
    outer loop
      vertex 2.18766 -70.9996 9
      vertex 3.75167 -71.8 9
      vertex 2.3084 -70.7627 9
    endloop
  endfacet
  facet normal 0 0 1
    outer loop
      vertex 1.99962 -69.8123 9
      vertex 3.08278 -68.4373 9
      vertex 2.8 -68.2483 9
    endloop
  endfacet
  facet normal 0 0 1
    outer loop
      vertex 3.75167 -71.8 9
      vertex 2.18766 -70.9996 9
      vertex 3.56272 -72.0828 9
    endloop
  endfacet
  facet normal 0 0 1
    outer loop
      vertex 1.76266 -69.6916 9
      vertex 2.8 -68.2483 9
      vertex 2.49498 -68.0979 9
    endloop
  endfacet
  facet normal 0 0 1
    outer loop
      vertex 3.56272 -72.0828 9
      vertex 2.18766 -70.9996 9
      vertex 3.33848 -72.3385 9
    endloop
  endfacet
  facet normal -0 0 1
    outer loop
      vertex 1.99962 -71.1877 9
      vertex 3.33848 -72.3385 9
      vertex 2.18766 -70.9996 9
    endloop
  endfacet
  facet normal 0 0 1
    outer loop
      vertex 4.07776 -70.1606 9
      vertex 2.3084 -70.2373 9
      vertex 2.35 -70.5 9
    endloop
  endfacet
  facet normal 0 0 1
    outer loop
      vertex 3.75167 -69.2 9
      vertex 2.18766 -70.0004 9
      vertex 2.3084 -70.2373 9
    endloop
  endfacet
  facet normal 0 0 1
    outer loop
      vertex 1.76266 -69.6916 9
      vertex 2.49498 -68.0979 9
      vertex 2.17293 -67.9886 9
    endloop
  endfacet
  facet normal 0 0 1
    outer loop
      vertex 3.33848 -68.6615 9
      vertex 1.99962 -69.8123 9
      vertex 2.18766 -70.0004 9
    endloop
  endfacet
  facet normal 0 0 1
    outer loop
      vertex 1.76266 -69.6916 9
      vertex 2.17293 -67.9886 9
      vertex 1.83937 -67.9222 9
    endloop
  endfacet
  facet normal 0 0 1
    outer loop
      vertex 2.8 -68.2483 9
      vertex 1.76266 -69.6916 9
      vertex 1.99962 -69.8123 9
    endloop
  endfacet
  facet normal 0 0 1
    outer loop
      vertex 1.5 -69.65 9
      vertex 1.83937 -67.9222 9
      vertex 1.5 -67.9 9
    endloop
  endfacet
  facet normal 0 0 1
    outer loop
      vertex 1.83937 -67.9222 9
      vertex 1.5 -69.65 9
      vertex 1.76266 -69.6916 9
    endloop
  endfacet
  facet normal -0 0 1
    outer loop
      vertex 1.16063 -67.9222 9
      vertex 1.5 -69.65 9
      vertex 1.5 -67.9 9
    endloop
  endfacet
  facet normal 0 0 1
    outer loop
      vertex 1.5 -69.65 9
      vertex 1.16063 -67.9222 9
      vertex 1.23734 -69.6916 9
    endloop
  endfacet
  facet normal -0 0 1
    outer loop
      vertex 0.82707 -67.9886 9
      vertex 1.23734 -69.6916 9
      vertex 1.16063 -67.9222 9
    endloop
  endfacet
  facet normal -0 0 1
    outer loop
      vertex 0.505023 -68.0979 9
      vertex 1.23734 -69.6916 9
      vertex 0.82707 -67.9886 9
    endloop
  endfacet
  facet normal -0 0 1
    outer loop
      vertex 0.2 -68.2483 9
      vertex 1.23734 -69.6916 9
      vertex 0.505023 -68.0979 9
    endloop
  endfacet
  facet normal 0 0 1
    outer loop
      vertex 1.23734 -69.6916 9
      vertex 0.2 -68.2483 9
      vertex 1.00038 -69.8123 9
    endloop
  endfacet
  facet normal -0 0 1
    outer loop
      vertex -0.0827789 -68.4373 9
      vertex 1.00038 -69.8123 9
      vertex 0.2 -68.2483 9
    endloop
  endfacet
  facet normal -0 0 1
    outer loop
      vertex -0.338477 -68.6615 9
      vertex 1.00038 -69.8123 9
      vertex -0.0827789 -68.4373 9
    endloop
  endfacet
  facet normal 0 0 1
    outer loop
      vertex 3.33848 -72.3385 9
      vertex 1.99962 -71.1877 9
      vertex 3.08278 -72.5627 9
    endloop
  endfacet
  facet normal 0 0 1
    outer loop
      vertex 3.08278 -72.5627 9
      vertex 1.99962 -71.1877 9
      vertex 2.8 -72.7517 9
    endloop
  endfacet
  facet normal -0 0 1
    outer loop
      vertex 1.76266 -71.3084 9
      vertex 2.8 -72.7517 9
      vertex 1.99962 -71.1877 9
    endloop
  endfacet
  facet normal 0 0 1
    outer loop
      vertex 2.8 -72.7517 9
      vertex 1.76266 -71.3084 9
      vertex 2.49498 -72.9021 9
    endloop
  endfacet
  facet normal 0 0 1
    outer loop
      vertex 2.49498 -72.9021 9
      vertex 1.76266 -71.3084 9
      vertex 2.17293 -73.0114 9
    endloop
  endfacet
  facet normal 0 0 1
    outer loop
      vertex 2.17293 -73.0114 9
      vertex 1.76266 -71.3084 9
      vertex 1.83937 -73.0778 9
    endloop
  endfacet
  facet normal -0 0 1
    outer loop
      vertex 1.5 -71.35 9
      vertex 1.83937 -73.0778 9
      vertex 1.76266 -71.3084 9
    endloop
  endfacet
  facet normal 0 0 1
    outer loop
      vertex 1.5 -71.35 9
      vertex 1.5 -73.1 9
      vertex 1.83937 -73.0778 9
    endloop
  endfacet
  facet normal 0 0 1
    outer loop
      vertex 1.16063 -73.0778 9
      vertex 1.5 -71.35 9
      vertex 1.23734 -71.3084 9
    endloop
  endfacet
  facet normal 0 0 1
    outer loop
      vertex 1.5 -71.35 9
      vertex 1.16063 -73.0778 9
      vertex 1.5 -73.1 9
    endloop
  endfacet
  facet normal 0 0 1
    outer loop
      vertex 0.2 -72.7517 9
      vertex 1.23734 -71.3084 9
      vertex 1.00038 -71.1877 9
    endloop
  endfacet
  facet normal 0 0 1
    outer loop
      vertex 1.23734 -71.3084 9
      vertex 0.82707 -73.0114 9
      vertex 1.16063 -73.0778 9
    endloop
  endfacet
  facet normal 0 0 1
    outer loop
      vertex -0.338477 -72.3385 9
      vertex 1.00038 -71.1877 9
      vertex 0.812335 -70.9996 9
    endloop
  endfacet
  facet normal 0 0 1
    outer loop
      vertex -0.751665 -71.8 9
      vertex 0.812335 -70.9996 9
      vertex 0.691602 -70.7627 9
    endloop
  endfacet
  facet normal 0 0 1
    outer loop
      vertex -1.07776 -70.8394 9
      vertex 0.691602 -70.7627 9
      vertex 0.65 -70.5 9
    endloop
  endfacet
  facet normal 0 0 1
    outer loop
      vertex 1.23734 -71.3084 9
      vertex 0.505023 -72.9021 9
      vertex 0.82707 -73.0114 9
    endloop
  endfacet
  facet normal 0 0 1
    outer loop
      vertex 1.00038 -69.8123 9
      vertex -0.338477 -68.6615 9
      vertex 0.812335 -70.0004 9
    endloop
  endfacet
  facet normal -0 0 1
    outer loop
      vertex -0.562718 -68.9172 9
      vertex 0.812335 -70.0004 9
      vertex -0.338477 -68.6615 9
    endloop
  endfacet
  facet normal 0 0 1
    outer loop
      vertex 1.23734 -71.3084 9
      vertex 0.2 -72.7517 9
      vertex 0.505023 -72.9021 9
    endloop
  endfacet
  facet normal -0 0 1
    outer loop
      vertex -0.751665 -69.2 9
      vertex 0.812335 -70.0004 9
      vertex -0.562718 -68.9172 9
    endloop
  endfacet
  facet normal 0 0 1
    outer loop
      vertex 1.00038 -71.1877 9
      vertex -0.0827789 -72.5627 9
      vertex 0.2 -72.7517 9
    endloop
  endfacet
  facet normal 0 0 1
    outer loop
      vertex 0.812335 -70.0004 9
      vertex -0.751665 -69.2 9
      vertex 0.691602 -70.2373 9
    endloop
  endfacet
  facet normal 0 0 1
    outer loop
      vertex 1.00038 -71.1877 9
      vertex -0.338477 -72.3385 9
      vertex -0.0827789 -72.5627 9
    endloop
  endfacet
  facet normal -0 0 1
    outer loop
      vertex -0.902086 -69.505 9
      vertex 0.691602 -70.2373 9
      vertex -0.751665 -69.2 9
    endloop
  endfacet
  facet normal 0 0 1
    outer loop
      vertex 0.812335 -70.9996 9
      vertex -0.562718 -72.0828 9
      vertex -0.338477 -72.3385 9
    endloop
  endfacet
  facet normal -0 0 1
    outer loop
      vertex -1.01141 -69.8271 9
      vertex 0.691602 -70.2373 9
      vertex -0.902086 -69.505 9
    endloop
  endfacet
  facet normal 0 0 1
    outer loop
      vertex 0.812335 -70.9996 9
      vertex -0.751665 -71.8 9
      vertex -0.562718 -72.0828 9
    endloop
  endfacet
  facet normal -0 0 1
    outer loop
      vertex -1.07776 -70.1606 9
      vertex 0.691602 -70.2373 9
      vertex -1.01141 -69.8271 9
    endloop
  endfacet
  facet normal 0 0 1
    outer loop
      vertex 0.691602 -70.7627 9
      vertex -0.902086 -71.495 9
      vertex -0.751665 -71.8 9
    endloop
  endfacet
  facet normal 0 0 1
    outer loop
      vertex 0.691602 -70.2373 9
      vertex -1.07776 -70.1606 9
      vertex 0.65 -70.5 9
    endloop
  endfacet
  facet normal 0 0 1
    outer loop
      vertex 0.691602 -70.7627 9
      vertex -1.01141 -71.1729 9
      vertex -0.902086 -71.495 9
    endloop
  endfacet
  facet normal 0 0 1
    outer loop
      vertex -1.1 -70.5 9
      vertex 0.65 -70.5 9
      vertex -1.07776 -70.1606 9
    endloop
  endfacet
  facet normal 0 0 1
    outer loop
      vertex 0.691602 -70.7627 9
      vertex -1.07776 -70.8394 9
      vertex -1.01141 -71.1729 9
    endloop
  endfacet
  facet normal 0 0 1
    outer loop
      vertex 0.65 -70.5 9
      vertex -1.1 -70.5 9
      vertex -1.07776 -70.8394 9
    endloop
  endfacet
  facet normal 0.831484 -0.555548 0
    outer loop
      vertex 3.56272 -72.0828 9
      vertex 3.75167 -71.8 1.6
      vertex 3.75167 -71.8 9
    endloop
  endfacet
  facet normal 0.831484 -0.555548 0
    outer loop
      vertex 3.75167 -71.8 1.6
      vertex 3.56272 -72.0828 9
      vertex 3.56272 -72.0828 1.6
    endloop
  endfacet
  facet normal 0.321296 -0.946979 0
    outer loop
      vertex 2.20653 -73 7.2
      vertex 2.17293 -73.0114 9
      vertex 2.17293 -73.0114 7.2
    endloop
  endfacet
  facet normal 0.321383 -0.946949 1.81323e-06
    outer loop
      vertex 2.17293 -73.0114 9
      vertex 2.20653 -73 7.2
      vertex 2.49498 -72.9021 9
    endloop
  endfacet
  facet normal 0.321394 -0.946946 0
    outer loop
      vertex 2.49498 -72.9021 1.6
      vertex 2.20653 -73 7.2
      vertex 2.20653 -73 1.6
    endloop
  endfacet
  facet normal 0.321394 -0.946946 0
    outer loop
      vertex 2.20653 -73 7.2
      vertex 2.49498 -72.9021 1.6
      vertex 2.49498 -72.9021 9
    endloop
  endfacet
  facet normal -0.44224 -0.896897 0
    outer loop
      vertex 0.2 -72.7517 1.6
      vertex 0.505023 -72.9021 9
      vertex 0.2 -72.7517 9
    endloop
  endfacet
  facet normal -0.44224 -0.896897 -0
    outer loop
      vertex 0.505023 -72.9021 9
      vertex 0.2 -72.7517 1.6
      vertex 0.505023 -72.9021 1.6
    endloop
  endfacet
  facet normal -0.946943 -0.321402 0
    outer loop
      vertex -0.902086 -71.495 7.2
      vertex -1.01141 -71.1729 9
      vertex -1.01141 -71.1729 7.2
    endloop
  endfacet
  facet normal -0.946943 -0.321402 0
    outer loop
      vertex -1.01141 -71.1729 9
      vertex -0.902086 -71.495 7.2
      vertex -0.902086 -71.495 9
    endloop
  endfacet
  facet normal 0.99786 0.0653872 0
    outer loop
      vertex 4.1 -70.5 9
      vertex 4.07776 -70.1606 1.6
      vertex 4.07776 -70.1606 9
    endloop
  endfacet
  facet normal 0.99786 0.0653872 0
    outer loop
      vertex 4.07776 -70.1606 1.6
      vertex 4.1 -70.5 9
      vertex 4.1 -70.5 1.6
    endloop
  endfacet
  facet normal 0.442243 0.896895 -0
    outer loop
      vertex 2.8 -68.2483 1.6
      vertex 2.49498 -68.0979 9
      vertex 2.8 -68.2483 9
    endloop
  endfacet
  facet normal 0.442243 0.896895 0
    outer loop
      vertex 2.49498 -68.0979 9
      vertex 2.8 -68.2483 1.6
      vertex 2.49498 -68.0979 1.6
    endloop
  endfacet
  facet normal -0.0652758 -0.997867 0
    outer loop
      vertex 1.16063 -73.0778 7.2
      vertex 1.5 -73.1 9
      vertex 1.16063 -73.0778 9
    endloop
  endfacet
  facet normal -0.0652758 -0.997867 -0
    outer loop
      vertex 1.5 -73.1 9
      vertex 1.16063 -73.0778 7.2
      vertex 1.5 -73.1 7.2
    endloop
  endfacet
  facet normal -0.99786 -0.0653872 0
    outer loop
      vertex -1.07776 -70.8394 7.2
      vertex -1.1 -70.5 9
      vertex -1.1 -70.5 7.2
    endloop
  endfacet
  facet normal -0.99786 -0.0653872 0
    outer loop
      vertex -1.1 -70.5 9
      vertex -1.07776 -70.8394 7.2
      vertex -1.07776 -70.8394 9
    endloop
  endfacet
  facet normal -0.831489 -0.555542 0
    outer loop
      vertex -0.562718 -72.0828 7.2
      vertex -0.751665 -71.8 9
      vertex -0.751665 -71.8 7.2
    endloop
  endfacet
  facet normal -0.831489 -0.555542 0
    outer loop
      vertex -0.751665 -71.8 9
      vertex -0.562718 -72.0828 7.2
      vertex -0.562718 -72.0828 9
    endloop
  endfacet
  facet normal -0.195234 -0.980757 0
    outer loop
      vertex 0.82707 -73.0114 7.2
      vertex 1.16063 -73.0778 9
      vertex 0.82707 -73.0114 9
    endloop
  endfacet
  facet normal -0.195234 -0.980757 -0
    outer loop
      vertex 1.16063 -73.0778 9
      vertex 0.82707 -73.0114 7.2
      vertex 1.16063 -73.0778 7.2
    endloop
  endfacet
  facet normal -0.751843 -0.659343 0
    outer loop
      vertex -0.338477 -72.3385 7.2
      vertex -0.562718 -72.0828 9
      vertex -0.562718 -72.0828 7.2
    endloop
  endfacet
  facet normal -0.751843 -0.659343 0
    outer loop
      vertex -0.562718 -72.0828 9
      vertex -0.338477 -72.3385 7.2
      vertex -0.338477 -72.3385 9
    endloop
  endfacet
  facet normal 0.99786 -0.0653872 0
    outer loop
      vertex 4.07776 -70.8394 9
      vertex 4.1 -70.5 1.6
      vertex 4.1 -70.5 9
    endloop
  endfacet
  facet normal 0.99786 -0.0653872 0
    outer loop
      vertex 4.1 -70.5 1.6
      vertex 4.07776 -70.8394 9
      vertex 4.07776 -70.8394 1.6
    endloop
  endfacet
  facet normal 0.946946 0.321391 0
    outer loop
      vertex 4.01141 -69.8271 9
      vertex 3.90209 -69.505 1.6
      vertex 3.90209 -69.505 9
    endloop
  endfacet
  facet normal 0.946946 0.321391 0
    outer loop
      vertex 3.90209 -69.505 1.6
      vertex 4.01141 -69.8271 9
      vertex 4.01141 -69.8271 1.6
    endloop
  endfacet
  facet normal 0.321383 0.946949 -0
    outer loop
      vertex 2.49498 -68.0979 1.6
      vertex 2.17293 -67.9886 9
      vertex 2.49498 -68.0979 9
    endloop
  endfacet
  facet normal 0.321383 0.946949 0
    outer loop
      vertex 2.17293 -67.9886 9
      vertex 2.49498 -68.0979 1.6
      vertex 2.17293 -67.9886 1.6
    endloop
  endfacet
  facet normal 0.555677 0.831398 -0
    outer loop
      vertex 3.08278 -68.4373 1.6
      vertex 2.8 -68.2483 9
      vertex 3.08278 -68.4373 9
    endloop
  endfacet
  facet normal 0.555677 0.831398 0
    outer loop
      vertex 2.8 -68.2483 9
      vertex 3.08278 -68.4373 1.6
      vertex 2.8 -68.2483 1.6
    endloop
  endfacet
  facet normal 0.659275 -0.751902 0
    outer loop
      vertex 3.08278 -72.5627 1.6
      vertex 3.33848 -72.3385 9
      vertex 3.08278 -72.5627 9
    endloop
  endfacet
  facet normal 0.659275 -0.751902 0
    outer loop
      vertex 3.33848 -72.3385 9
      vertex 3.08278 -72.5627 1.6
      vertex 3.33848 -72.3385 1.6
    endloop
  endfacet
  facet normal 0.195234 -0.980757 0
    outer loop
      vertex 1.83937 -73.0778 7.2
      vertex 2.17293 -73.0114 9
      vertex 1.83937 -73.0778 9
    endloop
  endfacet
  facet normal 0.195234 -0.980757 0
    outer loop
      vertex 2.17293 -73.0114 9
      vertex 1.83937 -73.0778 7.2
      vertex 2.17293 -73.0114 7.2
    endloop
  endfacet
  facet normal 0.0652758 -0.997867 0
    outer loop
      vertex 1.5 -73.1 7.2
      vertex 1.83937 -73.0778 9
      vertex 1.5 -73.1 9
    endloop
  endfacet
  facet normal 0.0652758 -0.997867 0
    outer loop
      vertex 1.83937 -73.0778 9
      vertex 1.5 -73.1 7.2
      vertex 1.83937 -73.0778 7.2
    endloop
  endfacet
  facet normal 0.555677 -0.831398 0
    outer loop
      vertex 2.8 -72.7517 1.6
      vertex 3.08278 -72.5627 9
      vertex 2.8 -72.7517 9
    endloop
  endfacet
  facet normal 0.555677 -0.831398 0
    outer loop
      vertex 3.08278 -72.5627 9
      vertex 2.8 -72.7517 1.6
      vertex 3.08278 -72.5627 1.6
    endloop
  endfacet
  facet normal 0.442243 -0.896895 0
    outer loop
      vertex 2.49498 -72.9021 1.6
      vertex 2.8 -72.7517 9
      vertex 2.49498 -72.9021 9
    endloop
  endfacet
  facet normal 0.442243 -0.896895 0
    outer loop
      vertex 2.8 -72.7517 9
      vertex 2.49498 -72.9021 1.6
      vertex 2.8 -72.7517 1.6
    endloop
  endfacet
  facet normal -0.99786 0.0653872 0
    outer loop
      vertex -1.1 -70.5 7.2
      vertex -1.07776 -70.1606 9
      vertex -1.07776 -70.1606 7.2
    endloop
  endfacet
  facet normal -0.99786 0.0653872 0
    outer loop
      vertex -1.07776 -70.1606 9
      vertex -1.1 -70.5 7.2
      vertex -1.1 -70.5 9
    endloop
  endfacet
  facet normal -0.896859 -0.442316 0
    outer loop
      vertex -0.751665 -71.8 7.2
      vertex -0.902086 -71.495 9
      vertex -0.902086 -71.495 7.2
    endloop
  endfacet
  facet normal -0.896859 -0.442316 0
    outer loop
      vertex -0.902086 -71.495 9
      vertex -0.751665 -71.8 7.2
      vertex -0.751665 -71.8 9
    endloop
  endfacet
  facet normal -0.555678 -0.831397 0
    outer loop
      vertex -0.0827789 -72.5627 1.6
      vertex 0.2 -72.7517 9
      vertex -0.0827789 -72.5627 9
    endloop
  endfacet
  facet normal -0.555678 -0.831397 -0
    outer loop
      vertex 0.2 -72.7517 9
      vertex -0.0827789 -72.5627 1.6
      vertex 0.2 -72.7517 1.6
    endloop
  endfacet
  facet normal -0.658856 -0.752269 0
    outer loop
      vertex -0.299999 -72.3722 7.2
      vertex -0.338477 -72.3385 9
      vertex -0.338477 -72.3385 7.2
    endloop
  endfacet
  facet normal -0.659277 -0.7519 -1.59145e-05
    outer loop
      vertex -0.338477 -72.3385 9
      vertex -0.299999 -72.3722 7.2
      vertex -0.0827789 -72.5627 9
    endloop
  endfacet
  facet normal -0.659352 -0.751835 0
    outer loop
      vertex -0.0827789 -72.5627 1.6
      vertex -0.299999 -72.3722 7.2
      vertex -0.299999 -72.3722 1.6
    endloop
  endfacet
  facet normal -0.659352 -0.751835 0
    outer loop
      vertex -0.299999 -72.3722 7.2
      vertex -0.0827789 -72.5627 1.6
      vertex -0.0827789 -72.5627 9
    endloop
  endfacet
  facet normal 0.980778 0.195126 0
    outer loop
      vertex 4.07776 -70.1606 9
      vertex 4.01141 -69.8271 1.6
      vertex 4.01141 -69.8271 9
    endloop
  endfacet
  facet normal 0.980778 0.195126 0
    outer loop
      vertex 4.01141 -69.8271 1.6
      vertex 4.07776 -70.1606 9
      vertex 4.07776 -70.1606 1.6
    endloop
  endfacet
  facet normal -0.980778 0.195126 0
    outer loop
      vertex -1.07776 -70.1606 7.2
      vertex -1.01141 -69.8271 9
      vertex -1.01141 -69.8271 7.2
    endloop
  endfacet
  facet normal -0.980778 0.195126 0
    outer loop
      vertex -1.01141 -69.8271 9
      vertex -1.07776 -70.1606 7.2
      vertex -1.07776 -70.1606 9
    endloop
  endfacet
  facet normal 0.195234 0.980757 -0
    outer loop
      vertex 2.17293 -67.9886 1.6
      vertex 1.83937 -67.9222 9
      vertex 2.17293 -67.9886 9
    endloop
  endfacet
  facet normal 0.195234 0.980757 0
    outer loop
      vertex 1.83937 -67.9222 9
      vertex 2.17293 -67.9886 1.6
      vertex 1.83937 -67.9222 1.6
    endloop
  endfacet
  facet normal 0.89686 -0.442314 0
    outer loop
      vertex 3.75167 -71.8 9
      vertex 3.90209 -71.495 1.6
      vertex 3.90209 -71.495 9
    endloop
  endfacet
  facet normal 0.89686 -0.442314 0
    outer loop
      vertex 3.90209 -71.495 1.6
      vertex 3.75167 -71.8 9
      vertex 3.75167 -71.8 1.6
    endloop
  endfacet
  facet normal 0.946946 -0.321391 0
    outer loop
      vertex 3.90209 -71.495 9
      vertex 4.01141 -71.1729 1.6
      vertex 4.01141 -71.1729 9
    endloop
  endfacet
  facet normal 0.946946 -0.321391 0
    outer loop
      vertex 4.01141 -71.1729 1.6
      vertex 3.90209 -71.495 9
      vertex 3.90209 -71.495 1.6
    endloop
  endfacet
  facet normal 0.980778 -0.195126 0
    outer loop
      vertex 4.01141 -71.1729 9
      vertex 4.07776 -70.8394 1.6
      vertex 4.07776 -70.8394 9
    endloop
  endfacet
  facet normal 0.980778 -0.195126 0
    outer loop
      vertex 4.07776 -70.8394 1.6
      vertex 4.01141 -71.1729 9
      vertex 4.01141 -71.1729 1.6
    endloop
  endfacet
  facet normal 0.751844 -0.659341 0
    outer loop
      vertex 3.33848 -72.3385 9
      vertex 3.56272 -72.0828 1.6
      vertex 3.56272 -72.0828 9
    endloop
  endfacet
  facet normal 0.751844 -0.659341 0
    outer loop
      vertex 3.56272 -72.0828 1.6
      vertex 3.33848 -72.3385 9
      vertex 3.33848 -72.3385 1.6
    endloop
  endfacet
  facet normal -0.980778 -0.195126 0
    outer loop
      vertex -1.01141 -71.1729 7.2
      vertex -1.07776 -70.8394 9
      vertex -1.07776 -70.8394 7.2
    endloop
  endfacet
  facet normal -0.980778 -0.195126 0
    outer loop
      vertex -1.07776 -70.8394 9
      vertex -1.01141 -71.1729 7.2
      vertex -1.01141 -71.1729 9
    endloop
  endfacet
  facet normal -0.321386 -0.946948 2.40476e-06
    outer loop
      vertex 0.505023 -72.9021 9
      vertex 0.793467 -73 7.2
      vertex 0.82707 -73.0114 9
    endloop
  endfacet
  facet normal -0.3214 -0.946944 0
    outer loop
      vertex 0.505023 -72.9021 1.6
      vertex 0.793467 -73 7.2
      vertex 0.505023 -72.9021 9
    endloop
  endfacet
  facet normal -0.3214 -0.946944 -0
    outer loop
      vertex 0.793467 -73 7.2
      vertex 0.505023 -72.9021 1.6
      vertex 0.793467 -73 1.6
    endloop
  endfacet
  facet normal -0.321271 -0.946987 -0
    outer loop
      vertex 0.82707 -73.0114 9
      vertex 0.793467 -73 7.2
      vertex 0.82707 -73.0114 7.2
    endloop
  endfacet
  facet normal 0.659275 0.751902 -0
    outer loop
      vertex 3.33848 -68.6615 1.6
      vertex 3.08278 -68.4373 9
      vertex 3.33848 -68.6615 9
    endloop
  endfacet
  facet normal 0.659275 0.751902 0
    outer loop
      vertex 3.08278 -68.4373 9
      vertex 3.33848 -68.6615 1.6
      vertex 3.08278 -68.4373 1.6
    endloop
  endfacet
  facet normal 0.831484 0.555548 0
    outer loop
      vertex 3.75167 -69.2 9
      vertex 3.56272 -68.9172 1.6
      vertex 3.56272 -68.9172 9
    endloop
  endfacet
  facet normal 0.831484 0.555548 0
    outer loop
      vertex 3.56272 -68.9172 1.6
      vertex 3.75167 -69.2 9
      vertex 3.75167 -69.2 1.6
    endloop
  endfacet
  facet normal -0.321386 0.946948 0
    outer loop
      vertex 0.82707 -67.9886 1.6
      vertex 0.505023 -68.0979 9
      vertex 0.82707 -67.9886 9
    endloop
  endfacet
  facet normal -0.321386 0.946948 0
    outer loop
      vertex 0.505023 -68.0979 9
      vertex 0.82707 -67.9886 1.6
      vertex 0.505023 -68.0979 1.6
    endloop
  endfacet
  facet normal 0.0652758 0.997867 -0
    outer loop
      vertex 1.83937 -67.9222 1.6
      vertex 1.5 -67.9 9
      vertex 1.83937 -67.9222 9
    endloop
  endfacet
  facet normal 0.0652758 0.997867 0
    outer loop
      vertex 1.5 -67.9 9
      vertex 1.83937 -67.9222 1.6
      vertex 1.5 -67.9 1.6
    endloop
  endfacet
  facet normal -0.896859 0.442316 0
    outer loop
      vertex -0.902086 -69.505 7.2
      vertex -0.751665 -69.2 9
      vertex -0.751665 -69.2 7.2
    endloop
  endfacet
  facet normal -0.896859 0.442316 0
    outer loop
      vertex -0.751665 -69.2 9
      vertex -0.902086 -69.505 7.2
      vertex -0.902086 -69.505 9
    endloop
  endfacet
  facet normal -0.946943 0.321402 0
    outer loop
      vertex -1.01141 -69.8271 7.2
      vertex -0.902086 -69.505 9
      vertex -0.902086 -69.505 7.2
    endloop
  endfacet
  facet normal -0.946943 0.321402 0
    outer loop
      vertex -0.902086 -69.505 9
      vertex -1.01141 -69.8271 7.2
      vertex -1.01141 -69.8271 9
    endloop
  endfacet
  facet normal 0.89686 0.442314 0
    outer loop
      vertex 3.90209 -69.505 9
      vertex 3.75167 -69.2 1.6
      vertex 3.75167 -69.2 9
    endloop
  endfacet
  facet normal 0.89686 0.442314 0
    outer loop
      vertex 3.75167 -69.2 1.6
      vertex 3.90209 -69.505 9
      vertex 3.90209 -69.505 1.6
    endloop
  endfacet
  facet normal -0.555678 0.831397 0
    outer loop
      vertex 0.2 -68.2483 1.6
      vertex -0.0827789 -68.4373 9
      vertex 0.2 -68.2483 9
    endloop
  endfacet
  facet normal -0.555678 0.831397 0
    outer loop
      vertex -0.0827789 -68.4373 9
      vertex 0.2 -68.2483 1.6
      vertex -0.0827789 -68.4373 1.6
    endloop
  endfacet
  facet normal -0.195234 0.980757 0
    outer loop
      vertex 1.16063 -67.9222 1.6
      vertex 0.82707 -67.9886 9
      vertex 1.16063 -67.9222 9
    endloop
  endfacet
  facet normal -0.195234 0.980757 0
    outer loop
      vertex 0.82707 -67.9886 9
      vertex 1.16063 -67.9222 1.6
      vertex 0.82707 -67.9886 1.6
    endloop
  endfacet
  facet normal -0.659277 0.7519 -1.59145e-05
    outer loop
      vertex -0.0827789 -68.4373 9
      vertex -0.299999 -68.6278 7.2
      vertex -0.338477 -68.6615 9
    endloop
  endfacet
  facet normal -0.659352 0.751835 0
    outer loop
      vertex -0.0827789 -68.4373 1.6
      vertex -0.299999 -68.6278 7.2
      vertex -0.0827789 -68.4373 9
    endloop
  endfacet
  facet normal -0.659352 0.751835 0
    outer loop
      vertex -0.299999 -68.6278 7.2
      vertex -0.0827789 -68.4373 1.6
      vertex -0.299999 -68.6278 1.6
    endloop
  endfacet
  facet normal -0.658856 0.752269 0
    outer loop
      vertex -0.338477 -68.6615 9
      vertex -0.299999 -68.6278 7.2
      vertex -0.338477 -68.6615 7.2
    endloop
  endfacet
  facet normal -0.751843 0.659343 0
    outer loop
      vertex -0.562718 -68.9172 7.2
      vertex -0.338477 -68.6615 9
      vertex -0.338477 -68.6615 7.2
    endloop
  endfacet
  facet normal -0.751843 0.659343 0
    outer loop
      vertex -0.338477 -68.6615 9
      vertex -0.562718 -68.9172 7.2
      vertex -0.562718 -68.9172 9
    endloop
  endfacet
  facet normal 0.751844 0.659341 0
    outer loop
      vertex 3.56272 -68.9172 9
      vertex 3.33848 -68.6615 1.6
      vertex 3.33848 -68.6615 9
    endloop
  endfacet
  facet normal 0.751844 0.659341 0
    outer loop
      vertex 3.33848 -68.6615 1.6
      vertex 3.56272 -68.9172 9
      vertex 3.56272 -68.9172 1.6
    endloop
  endfacet
  facet normal -0.0652758 0.997867 0
    outer loop
      vertex 1.5 -67.9 1.6
      vertex 1.16063 -67.9222 9
      vertex 1.5 -67.9 9
    endloop
  endfacet
  facet normal -0.0652758 0.997867 0
    outer loop
      vertex 1.16063 -67.9222 9
      vertex 1.5 -67.9 1.6
      vertex 1.16063 -67.9222 1.6
    endloop
  endfacet
  facet normal -0.831489 0.555542 0
    outer loop
      vertex -0.751665 -69.2 7.2
      vertex -0.562718 -68.9172 9
      vertex -0.562718 -68.9172 7.2
    endloop
  endfacet
  facet normal -0.831489 0.555542 0
    outer loop
      vertex -0.562718 -68.9172 9
      vertex -0.751665 -69.2 7.2
      vertex -0.751665 -69.2 9
    endloop
  endfacet
  facet normal -0.44224 0.896897 0
    outer loop
      vertex 0.505023 -68.0979 1.6
      vertex 0.2 -68.2483 9
      vertex 0.505023 -68.0979 9
    endloop
  endfacet
  facet normal -0.44224 0.896897 0
    outer loop
      vertex 0.2 -68.2483 9
      vertex 0.505023 -68.0979 1.6
      vertex 0.2 -68.2483 1.6
    endloop
  endfacet
  facet normal 0 0 1
    outer loop
      vertex 49.35 -70.5 9
      vertex 51.1 -70.5 9
      vertex 51.0778 -70.1606 9
    endloop
  endfacet
  facet normal 0 0 1
    outer loop
      vertex 49.3084 -70.2373 9
      vertex 51.0778 -70.1606 9
      vertex 51.0114 -69.8271 9
    endloop
  endfacet
  facet normal 0 0 1
    outer loop
      vertex 51.1 -70.5 9
      vertex 49.35 -70.5 9
      vertex 51.0778 -70.8394 9
    endloop
  endfacet
  facet normal 0 0 1
    outer loop
      vertex 49.3084 -70.2373 9
      vertex 51.0114 -69.8271 9
      vertex 50.9021 -69.505 9
    endloop
  endfacet
  facet normal -0 0 1
    outer loop
      vertex 49.3084 -70.7627 9
      vertex 51.0778 -70.8394 9
      vertex 49.35 -70.5 9
    endloop
  endfacet
  facet normal 0 0 1
    outer loop
      vertex 49.3084 -70.2373 9
      vertex 50.9021 -69.505 9
      vertex 50.7517 -69.2 9
    endloop
  endfacet
  facet normal 0 0 1
    outer loop
      vertex 51.0778 -70.8394 9
      vertex 49.3084 -70.7627 9
      vertex 51.0114 -71.1729 9
    endloop
  endfacet
  facet normal 0 0 1
    outer loop
      vertex 49.1877 -70.0004 9
      vertex 50.7517 -69.2 9
      vertex 50.5627 -68.9172 9
    endloop
  endfacet
  facet normal 0 0 1
    outer loop
      vertex 51.0114 -71.1729 9
      vertex 49.3084 -70.7627 9
      vertex 50.9021 -71.495 9
    endloop
  endfacet
  facet normal 0 0 1
    outer loop
      vertex 49.1877 -70.0004 9
      vertex 50.5627 -68.9172 9
      vertex 50.3385 -68.6615 9
    endloop
  endfacet
  facet normal 0 0 1
    outer loop
      vertex 50.9021 -71.495 9
      vertex 49.3084 -70.7627 9
      vertex 50.7517 -71.8 9
    endloop
  endfacet
  facet normal 0 0 1
    outer loop
      vertex 48.9996 -69.8123 9
      vertex 50.3385 -68.6615 9
      vertex 50.0828 -68.4373 9
    endloop
  endfacet
  facet normal -0 0 1
    outer loop
      vertex 49.1877 -70.9996 9
      vertex 50.7517 -71.8 9
      vertex 49.3084 -70.7627 9
    endloop
  endfacet
  facet normal 0 0 1
    outer loop
      vertex 48.9996 -69.8123 9
      vertex 50.0828 -68.4373 9
      vertex 49.8 -68.2483 9
    endloop
  endfacet
  facet normal 0 0 1
    outer loop
      vertex 50.7517 -71.8 9
      vertex 49.1877 -70.9996 9
      vertex 50.5627 -72.0828 9
    endloop
  endfacet
  facet normal 0 0 1
    outer loop
      vertex 48.7627 -69.6916 9
      vertex 49.8 -68.2483 9
      vertex 49.495 -68.0979 9
    endloop
  endfacet
  facet normal 0 0 1
    outer loop
      vertex 50.5627 -72.0828 9
      vertex 49.1877 -70.9996 9
      vertex 50.3385 -72.3385 9
    endloop
  endfacet
  facet normal -0 0 1
    outer loop
      vertex 48.9996 -71.1877 9
      vertex 50.3385 -72.3385 9
      vertex 49.1877 -70.9996 9
    endloop
  endfacet
  facet normal 0 0 1
    outer loop
      vertex 51.0778 -70.1606 9
      vertex 49.3084 -70.2373 9
      vertex 49.35 -70.5 9
    endloop
  endfacet
  facet normal 0 0 1
    outer loop
      vertex 50.7517 -69.2 9
      vertex 49.1877 -70.0004 9
      vertex 49.3084 -70.2373 9
    endloop
  endfacet
  facet normal 0 0 1
    outer loop
      vertex 48.7627 -69.6916 9
      vertex 49.495 -68.0979 9
      vertex 49.1729 -67.9886 9
    endloop
  endfacet
  facet normal 0 0 1
    outer loop
      vertex 50.3385 -68.6615 9
      vertex 48.9996 -69.8123 9
      vertex 49.1877 -70.0004 9
    endloop
  endfacet
  facet normal 0 0 1
    outer loop
      vertex 48.7627 -69.6916 9
      vertex 49.1729 -67.9886 9
      vertex 48.8394 -67.9222 9
    endloop
  endfacet
  facet normal 0 0 1
    outer loop
      vertex 49.8 -68.2483 9
      vertex 48.7627 -69.6916 9
      vertex 48.9996 -69.8123 9
    endloop
  endfacet
  facet normal 0 0 1
    outer loop
      vertex 48.5 -69.65 9
      vertex 48.8394 -67.9222 9
      vertex 48.5 -67.9 9
    endloop
  endfacet
  facet normal 0 0 1
    outer loop
      vertex 48.8394 -67.9222 9
      vertex 48.5 -69.65 9
      vertex 48.7627 -69.6916 9
    endloop
  endfacet
  facet normal -0 0 1
    outer loop
      vertex 48.1606 -67.9222 9
      vertex 48.5 -69.65 9
      vertex 48.5 -67.9 9
    endloop
  endfacet
  facet normal 0 0 1
    outer loop
      vertex 48.5 -69.65 9
      vertex 48.1606 -67.9222 9
      vertex 48.2373 -69.6916 9
    endloop
  endfacet
  facet normal -0 0 1
    outer loop
      vertex 47.8271 -67.9886 9
      vertex 48.2373 -69.6916 9
      vertex 48.1606 -67.9222 9
    endloop
  endfacet
  facet normal -0 0 1
    outer loop
      vertex 47.505 -68.0979 9
      vertex 48.2373 -69.6916 9
      vertex 47.8271 -67.9886 9
    endloop
  endfacet
  facet normal -0 0 1
    outer loop
      vertex 47.2 -68.2483 9
      vertex 48.2373 -69.6916 9
      vertex 47.505 -68.0979 9
    endloop
  endfacet
  facet normal 0 0 1
    outer loop
      vertex 48.2373 -69.6916 9
      vertex 47.2 -68.2483 9
      vertex 48.0004 -69.8123 9
    endloop
  endfacet
  facet normal -0 0 1
    outer loop
      vertex 46.9172 -68.4373 9
      vertex 48.0004 -69.8123 9
      vertex 47.2 -68.2483 9
    endloop
  endfacet
  facet normal -0 0 1
    outer loop
      vertex 46.6615 -68.6615 9
      vertex 48.0004 -69.8123 9
      vertex 46.9172 -68.4373 9
    endloop
  endfacet
  facet normal 0 0 1
    outer loop
      vertex 50.3385 -72.3385 9
      vertex 48.9996 -71.1877 9
      vertex 50.0828 -72.5627 9
    endloop
  endfacet
  facet normal 0 0 1
    outer loop
      vertex 50.0828 -72.5627 9
      vertex 48.9996 -71.1877 9
      vertex 49.8 -72.7517 9
    endloop
  endfacet
  facet normal -0 0 1
    outer loop
      vertex 48.7627 -71.3084 9
      vertex 49.8 -72.7517 9
      vertex 48.9996 -71.1877 9
    endloop
  endfacet
  facet normal 0 0 1
    outer loop
      vertex 49.8 -72.7517 9
      vertex 48.7627 -71.3084 9
      vertex 49.495 -72.9021 9
    endloop
  endfacet
  facet normal 0 0 1
    outer loop
      vertex 49.495 -72.9021 9
      vertex 48.7627 -71.3084 9
      vertex 49.1729 -73.0114 9
    endloop
  endfacet
  facet normal 0 0 1
    outer loop
      vertex 49.1729 -73.0114 9
      vertex 48.7627 -71.3084 9
      vertex 48.8394 -73.0778 9
    endloop
  endfacet
  facet normal -0 0 1
    outer loop
      vertex 48.5 -71.35 9
      vertex 48.8394 -73.0778 9
      vertex 48.7627 -71.3084 9
    endloop
  endfacet
  facet normal 0 0 1
    outer loop
      vertex 48.5 -71.35 9
      vertex 48.5 -73.1 9
      vertex 48.8394 -73.0778 9
    endloop
  endfacet
  facet normal 0 0 1
    outer loop
      vertex 48.1606 -73.0778 9
      vertex 48.5 -71.35 9
      vertex 48.2373 -71.3084 9
    endloop
  endfacet
  facet normal 0 0 1
    outer loop
      vertex 48.5 -71.35 9
      vertex 48.1606 -73.0778 9
      vertex 48.5 -73.1 9
    endloop
  endfacet
  facet normal 0 0 1
    outer loop
      vertex 47.2 -72.7517 9
      vertex 48.2373 -71.3084 9
      vertex 48.0004 -71.1877 9
    endloop
  endfacet
  facet normal 0 0 1
    outer loop
      vertex 48.2373 -71.3084 9
      vertex 47.8271 -73.0114 9
      vertex 48.1606 -73.0778 9
    endloop
  endfacet
  facet normal 0 0 1
    outer loop
      vertex 46.6615 -72.3385 9
      vertex 48.0004 -71.1877 9
      vertex 47.8123 -70.9996 9
    endloop
  endfacet
  facet normal 0 0 1
    outer loop
      vertex 46.2483 -71.8 9
      vertex 47.8123 -70.9996 9
      vertex 47.6916 -70.7627 9
    endloop
  endfacet
  facet normal 0 0 1
    outer loop
      vertex 45.9222 -70.8394 9
      vertex 47.6916 -70.7627 9
      vertex 47.65 -70.5 9
    endloop
  endfacet
  facet normal 0 0 1
    outer loop
      vertex 48.2373 -71.3084 9
      vertex 47.505 -72.9021 9
      vertex 47.8271 -73.0114 9
    endloop
  endfacet
  facet normal 0 0 1
    outer loop
      vertex 48.0004 -69.8123 9
      vertex 46.6615 -68.6615 9
      vertex 47.8123 -70.0004 9
    endloop
  endfacet
  facet normal -0 0 1
    outer loop
      vertex 46.4373 -68.9172 9
      vertex 47.8123 -70.0004 9
      vertex 46.6615 -68.6615 9
    endloop
  endfacet
  facet normal 0 0 1
    outer loop
      vertex 48.2373 -71.3084 9
      vertex 47.2 -72.7517 9
      vertex 47.505 -72.9021 9
    endloop
  endfacet
  facet normal -0 0 1
    outer loop
      vertex 46.2483 -69.2 9
      vertex 47.8123 -70.0004 9
      vertex 46.4373 -68.9172 9
    endloop
  endfacet
  facet normal 0 0 1
    outer loop
      vertex 48.0004 -71.1877 9
      vertex 46.9172 -72.5627 9
      vertex 47.2 -72.7517 9
    endloop
  endfacet
  facet normal 0 0 1
    outer loop
      vertex 47.8123 -70.0004 9
      vertex 46.2483 -69.2 9
      vertex 47.6916 -70.2373 9
    endloop
  endfacet
  facet normal 0 0 1
    outer loop
      vertex 48.0004 -71.1877 9
      vertex 46.6615 -72.3385 9
      vertex 46.9172 -72.5627 9
    endloop
  endfacet
  facet normal -0 0 1
    outer loop
      vertex 46.0979 -69.505 9
      vertex 47.6916 -70.2373 9
      vertex 46.2483 -69.2 9
    endloop
  endfacet
  facet normal 0 0 1
    outer loop
      vertex 47.8123 -70.9996 9
      vertex 46.4373 -72.0828 9
      vertex 46.6615 -72.3385 9
    endloop
  endfacet
  facet normal -0 0 1
    outer loop
      vertex 45.9886 -69.8271 9
      vertex 47.6916 -70.2373 9
      vertex 46.0979 -69.505 9
    endloop
  endfacet
  facet normal 0 0 1
    outer loop
      vertex 47.8123 -70.9996 9
      vertex 46.2483 -71.8 9
      vertex 46.4373 -72.0828 9
    endloop
  endfacet
  facet normal -0 0 1
    outer loop
      vertex 45.9222 -70.1606 9
      vertex 47.6916 -70.2373 9
      vertex 45.9886 -69.8271 9
    endloop
  endfacet
  facet normal 0 0 1
    outer loop
      vertex 47.6916 -70.7627 9
      vertex 46.0979 -71.495 9
      vertex 46.2483 -71.8 9
    endloop
  endfacet
  facet normal 0 0 1
    outer loop
      vertex 47.6916 -70.2373 9
      vertex 45.9222 -70.1606 9
      vertex 47.65 -70.5 9
    endloop
  endfacet
  facet normal 0 0 1
    outer loop
      vertex 47.6916 -70.7627 9
      vertex 45.9886 -71.1729 9
      vertex 46.0979 -71.495 9
    endloop
  endfacet
  facet normal 0 0 1
    outer loop
      vertex 45.9 -70.5 9
      vertex 47.65 -70.5 9
      vertex 45.9222 -70.1606 9
    endloop
  endfacet
  facet normal 0 0 1
    outer loop
      vertex 47.6916 -70.7627 9
      vertex 45.9222 -70.8394 9
      vertex 45.9886 -71.1729 9
    endloop
  endfacet
  facet normal 0 0 1
    outer loop
      vertex 47.65 -70.5 9
      vertex 45.9 -70.5 9
      vertex 45.9222 -70.8394 9
    endloop
  endfacet
  facet normal 0.831417 -0.55565 0
    outer loop
      vertex 50.5627 -72.0828 9
      vertex 50.7517 -71.8 7.2
      vertex 50.7517 -71.8 9
    endloop
  endfacet
  facet normal 0.831417 -0.55565 0
    outer loop
      vertex 50.7517 -71.8 7.2
      vertex 50.5627 -72.0828 9
      vertex 50.5627 -72.0828 7.2
    endloop
  endfacet
  facet normal 0.321296 -0.946979 0
    outer loop
      vertex 49.2065 -73 7.2
      vertex 49.1729 -73.0114 9
      vertex 49.1729 -73.0114 7.2
    endloop
  endfacet
  facet normal 0.321339 -0.946964 8.81991e-07
    outer loop
      vertex 49.1729 -73.0114 9
      vertex 49.2065 -73 7.2
      vertex 49.495 -72.9021 9
    endloop
  endfacet
  facet normal 0.321344 -0.946963 0
    outer loop
      vertex 49.495 -72.9021 1.6
      vertex 49.2065 -73 7.2
      vertex 49.2065 -73 1.6
    endloop
  endfacet
  facet normal 0.321344 -0.946963 0
    outer loop
      vertex 49.2065 -73 7.2
      vertex 49.495 -72.9021 1.6
      vertex 49.495 -72.9021 9
    endloop
  endfacet
  facet normal -0.442267 -0.896884 0
    outer loop
      vertex 47.2 -72.7517 1.6
      vertex 47.505 -72.9021 9
      vertex 47.2 -72.7517 9
    endloop
  endfacet
  facet normal -0.442267 -0.896884 -0
    outer loop
      vertex 47.505 -72.9021 9
      vertex 47.2 -72.7517 1.6
      vertex 47.505 -72.9021 1.6
    endloop
  endfacet
  facet normal -0.946964 -0.321339 0
    outer loop
      vertex 46.0979 -71.495 1.6
      vertex 45.9886 -71.1729 9
      vertex 45.9886 -71.1729 1.6
    endloop
  endfacet
  facet normal -0.946964 -0.321339 0
    outer loop
      vertex 45.9886 -71.1729 9
      vertex 46.0979 -71.495 1.6
      vertex 46.0979 -71.495 9
    endloop
  endfacet
  facet normal 0.98075 0.195268 0
    outer loop
      vertex 51.0778 -70.1606 9
      vertex 51.0114 -69.8271 7.2
      vertex 51.0114 -69.8271 9
    endloop
  endfacet
  facet normal 0.98075 0.195268 0
    outer loop
      vertex 51.0114 -69.8271 7.2
      vertex 51.0778 -70.1606 9
      vertex 51.0778 -70.1606 7.2
    endloop
  endfacet
  facet normal -0.0652701 -0.997868 0
    outer loop
      vertex 48.1606 -73.0778 7.2
      vertex 48.5 -73.1 9
      vertex 48.1606 -73.0778 9
    endloop
  endfacet
  facet normal -0.0652701 -0.997868 -0
    outer loop
      vertex 48.5 -73.1 9
      vertex 48.1606 -73.0778 7.2
      vertex 48.5 -73.1 7.2
    endloop
  endfacet
  facet normal 0.442267 -0.896884 0
    outer loop
      vertex 49.495 -72.9021 1.6
      vertex 49.8 -72.7517 9
      vertex 49.495 -72.9021 9
    endloop
  endfacet
  facet normal 0.442267 -0.896884 0
    outer loop
      vertex 49.8 -72.7517 9
      vertex 49.495 -72.9021 1.6
      vertex 49.8 -72.7517 1.6
    endloop
  endfacet
  facet normal -0.997868 0.0652701 0
    outer loop
      vertex 45.9 -70.5 1.6
      vertex 45.9222 -70.1606 9
      vertex 45.9222 -70.1606 1.6
    endloop
  endfacet
  facet normal -0.997868 0.0652701 0
    outer loop
      vertex 45.9222 -70.1606 9
      vertex 45.9 -70.5 1.6
      vertex 45.9 -70.5 9
    endloop
  endfacet
  facet normal -0.831417 -0.55565 0
    outer loop
      vertex 46.4373 -72.0828 1.6
      vertex 46.2483 -71.8 9
      vertex 46.2483 -71.8 1.6
    endloop
  endfacet
  facet normal -0.831417 -0.55565 0
    outer loop
      vertex 46.2483 -71.8 9
      vertex 46.4373 -72.0828 1.6
      vertex 46.4373 -72.0828 9
    endloop
  endfacet
  facet normal -0.55565 -0.831417 0
    outer loop
      vertex 46.9172 -72.5627 1.6
      vertex 47.2 -72.7517 9
      vertex 46.9172 -72.5627 9
    endloop
  endfacet
  facet normal -0.55565 -0.831417 -0
    outer loop
      vertex 47.2 -72.7517 9
      vertex 46.9172 -72.5627 1.6
      vertex 47.2 -72.7517 1.6
    endloop
  endfacet
  facet normal -0.195268 -0.98075 0
    outer loop
      vertex 47.8271 -73.0114 7.2
      vertex 48.1606 -73.0778 9
      vertex 47.8271 -73.0114 9
    endloop
  endfacet
  facet normal -0.195268 -0.98075 -0
    outer loop
      vertex 48.1606 -73.0778 9
      vertex 47.8271 -73.0114 7.2
      vertex 48.1606 -73.0778 7.2
    endloop
  endfacet
  facet normal 0.997868 -0.0652701 0
    outer loop
      vertex 51.0778 -70.8394 9
      vertex 51.1 -70.5 7.2
      vertex 51.1 -70.5 9
    endloop
  endfacet
  facet normal 0.997868 -0.0652701 0
    outer loop
      vertex 51.1 -70.5 7.2
      vertex 51.0778 -70.8394 9
      vertex 51.0778 -70.8394 7.2
    endloop
  endfacet
  facet normal 0.55565 0.831417 -0
    outer loop
      vertex 50.0828 -68.4373 1.6
      vertex 49.8 -68.2483 9
      vertex 50.0828 -68.4373 9
    endloop
  endfacet
  facet normal 0.55565 0.831417 0
    outer loop
      vertex 49.8 -68.2483 9
      vertex 50.0828 -68.4373 1.6
      vertex 49.8 -68.2483 1.6
    endloop
  endfacet
  facet normal 0.946964 0.321339 0
    outer loop
      vertex 51.0114 -69.8271 9
      vertex 50.9021 -69.505 7.2
      vertex 50.9021 -69.505 9
    endloop
  endfacet
  facet normal 0.946964 0.321339 0
    outer loop
      vertex 50.9021 -69.505 7.2
      vertex 51.0114 -69.8271 9
      vertex 51.0114 -69.8271 7.2
    endloop
  endfacet
  facet normal -0.55565 0.831417 0
    outer loop
      vertex 47.2 -68.2483 1.6
      vertex 46.9172 -68.4373 9
      vertex 47.2 -68.2483 9
    endloop
  endfacet
  facet normal -0.55565 0.831417 0
    outer loop
      vertex 46.9172 -68.4373 9
      vertex 47.2 -68.2483 1.6
      vertex 46.9172 -68.4373 1.6
    endloop
  endfacet
  facet normal -0.831417 0.55565 0
    outer loop
      vertex 46.2483 -69.2 1.6
      vertex 46.4373 -68.9172 9
      vertex 46.4373 -68.9172 1.6
    endloop
  endfacet
  facet normal -0.831417 0.55565 0
    outer loop
      vertex 46.4373 -68.9172 9
      vertex 46.2483 -69.2 1.6
      vertex 46.2483 -69.2 9
    endloop
  endfacet
  facet normal 0.659275 -0.751902 -2.38676e-05
    outer loop
      vertex 50.0828 -72.5627 9
      vertex 50.3 -72.3722 7.2
      vertex 50.3385 -72.3385 9
    endloop
  endfacet
  facet normal 0.659386 -0.751804 0
    outer loop
      vertex 50.0828 -72.5627 1.6
      vertex 50.3 -72.3722 7.2
      vertex 50.0828 -72.5627 9
    endloop
  endfacet
  facet normal 0.659386 -0.751804 0
    outer loop
      vertex 50.3 -72.3722 7.2
      vertex 50.0828 -72.5627 1.6
      vertex 50.3 -72.3722 1.6
    endloop
  endfacet
  facet normal 0.658643 -0.752456 0
    outer loop
      vertex 50.3385 -72.3385 9
      vertex 50.3 -72.3722 7.2
      vertex 50.3385 -72.3385 7.2
    endloop
  endfacet
  facet normal 0.195268 -0.98075 0
    outer loop
      vertex 48.8394 -73.0778 7.2
      vertex 49.1729 -73.0114 9
      vertex 48.8394 -73.0778 9
    endloop
  endfacet
  facet normal 0.195268 -0.98075 0
    outer loop
      vertex 49.1729 -73.0114 9
      vertex 48.8394 -73.0778 7.2
      vertex 49.1729 -73.0114 7.2
    endloop
  endfacet
  facet normal 0.0652701 -0.997868 0
    outer loop
      vertex 48.5 -73.1 7.2
      vertex 48.8394 -73.0778 9
      vertex 48.5 -73.1 9
    endloop
  endfacet
  facet normal 0.0652701 -0.997868 0
    outer loop
      vertex 48.8394 -73.0778 9
      vertex 48.5 -73.1 7.2
      vertex 48.8394 -73.0778 7.2
    endloop
  endfacet
  facet normal 0.55565 -0.831417 0
    outer loop
      vertex 49.8 -72.7517 1.6
      vertex 50.0828 -72.5627 9
      vertex 49.8 -72.7517 9
    endloop
  endfacet
  facet normal 0.55565 -0.831417 0
    outer loop
      vertex 50.0828 -72.5627 9
      vertex 49.8 -72.7517 1.6
      vertex 50.0828 -72.5627 1.6
    endloop
  endfacet
  facet normal -0.98075 -0.195268 0
    outer loop
      vertex 45.9886 -71.1729 1.6
      vertex 45.9222 -70.8394 9
      vertex 45.9222 -70.8394 1.6
    endloop
  endfacet
  facet normal -0.98075 -0.195268 0
    outer loop
      vertex 45.9222 -70.8394 9
      vertex 45.9886 -71.1729 1.6
      vertex 45.9886 -71.1729 9
    endloop
  endfacet
  facet normal -0.997868 -0.0652701 0
    outer loop
      vertex 45.9222 -70.8394 1.6
      vertex 45.9 -70.5 9
      vertex 45.9 -70.5 1.6
    endloop
  endfacet
  facet normal -0.997868 -0.0652701 0
    outer loop
      vertex 45.9 -70.5 9
      vertex 45.9222 -70.8394 1.6
      vertex 45.9222 -70.8394 9
    endloop
  endfacet
  facet normal -0.896884 -0.442267 0
    outer loop
      vertex 46.2483 -71.8 1.6
      vertex 46.0979 -71.495 9
      vertex 46.0979 -71.495 1.6
    endloop
  endfacet
  facet normal -0.896884 -0.442267 0
    outer loop
      vertex 46.0979 -71.495 9
      vertex 46.2483 -71.8 1.6
      vertex 46.2483 -71.8 9
    endloop
  endfacet
  facet normal -0.321339 -0.946964 8.81991e-07
    outer loop
      vertex 47.505 -72.9021 9
      vertex 47.7935 -73 7.2
      vertex 47.8271 -73.0114 9
    endloop
  endfacet
  facet normal -0.321344 -0.946963 0
    outer loop
      vertex 47.505 -72.9021 1.6
      vertex 47.7935 -73 7.2
      vertex 47.505 -72.9021 9
    endloop
  endfacet
  facet normal -0.321344 -0.946963 -0
    outer loop
      vertex 47.7935 -73 7.2
      vertex 47.505 -72.9021 1.6
      vertex 47.7935 -73 1.6
    endloop
  endfacet
  facet normal -0.321296 -0.946979 -0
    outer loop
      vertex 47.8271 -73.0114 9
      vertex 47.7935 -73 7.2
      vertex 47.8271 -73.0114 7.2
    endloop
  endfacet
  facet normal -0.659275 -0.751902 0
    outer loop
      vertex 46.6615 -72.3385 1.6
      vertex 46.9172 -72.5627 9
      vertex 46.6615 -72.3385 9
    endloop
  endfacet
  facet normal -0.659275 -0.751902 -0
    outer loop
      vertex 46.9172 -72.5627 9
      vertex 46.6615 -72.3385 1.6
      vertex 46.9172 -72.5627 1.6
    endloop
  endfacet
  facet normal -0.751902 -0.659275 0
    outer loop
      vertex 46.6615 -72.3385 1.6
      vertex 46.4373 -72.0828 9
      vertex 46.4373 -72.0828 1.6
    endloop
  endfacet
  facet normal -0.751902 -0.659275 0
    outer loop
      vertex 46.4373 -72.0828 9
      vertex 46.6615 -72.3385 1.6
      vertex 46.6615 -72.3385 9
    endloop
  endfacet
  facet normal 0.997868 0.0652701 0
    outer loop
      vertex 51.1 -70.5 9
      vertex 51.0778 -70.1606 7.2
      vertex 51.0778 -70.1606 9
    endloop
  endfacet
  facet normal 0.997868 0.0652701 0
    outer loop
      vertex 51.0778 -70.1606 7.2
      vertex 51.1 -70.5 9
      vertex 51.1 -70.5 7.2
    endloop
  endfacet
  facet normal -0.98075 0.195268 0
    outer loop
      vertex 45.9222 -70.1606 1.6
      vertex 45.9886 -69.8271 9
      vertex 45.9886 -69.8271 1.6
    endloop
  endfacet
  facet normal -0.98075 0.195268 0
    outer loop
      vertex 45.9886 -69.8271 9
      vertex 45.9222 -70.1606 1.6
      vertex 45.9222 -70.1606 9
    endloop
  endfacet
  facet normal -0.751902 0.659275 0
    outer loop
      vertex 46.4373 -68.9172 1.6
      vertex 46.6615 -68.6615 9
      vertex 46.6615 -68.6615 1.6
    endloop
  endfacet
  facet normal -0.751902 0.659275 0
    outer loop
      vertex 46.6615 -68.6615 9
      vertex 46.4373 -68.9172 1.6
      vertex 46.4373 -68.9172 9
    endloop
  endfacet
  facet normal 0.195268 0.98075 -0
    outer loop
      vertex 49.1729 -67.9886 1.6
      vertex 48.8394 -67.9222 9
      vertex 49.1729 -67.9886 9
    endloop
  endfacet
  facet normal 0.195268 0.98075 0
    outer loop
      vertex 48.8394 -67.9222 9
      vertex 49.1729 -67.9886 1.6
      vertex 48.8394 -67.9222 1.6
    endloop
  endfacet
  facet normal 0.442267 0.896884 -0
    outer loop
      vertex 49.8 -68.2483 1.6
      vertex 49.495 -68.0979 9
      vertex 49.8 -68.2483 9
    endloop
  endfacet
  facet normal 0.442267 0.896884 0
    outer loop
      vertex 49.495 -68.0979 9
      vertex 49.8 -68.2483 1.6
      vertex 49.495 -68.0979 1.6
    endloop
  endfacet
  facet normal 0.896884 -0.442267 0
    outer loop
      vertex 50.7517 -71.8 9
      vertex 50.9021 -71.495 7.2
      vertex 50.9021 -71.495 9
    endloop
  endfacet
  facet normal 0.896884 -0.442267 0
    outer loop
      vertex 50.9021 -71.495 7.2
      vertex 50.7517 -71.8 9
      vertex 50.7517 -71.8 7.2
    endloop
  endfacet
  facet normal 0.946964 -0.321339 0
    outer loop
      vertex 50.9021 -71.495 9
      vertex 51.0114 -71.1729 7.2
      vertex 51.0114 -71.1729 9
    endloop
  endfacet
  facet normal 0.946964 -0.321339 0
    outer loop
      vertex 51.0114 -71.1729 7.2
      vertex 50.9021 -71.495 9
      vertex 50.9021 -71.495 7.2
    endloop
  endfacet
  facet normal 0.98075 -0.195268 0
    outer loop
      vertex 51.0114 -71.1729 9
      vertex 51.0778 -70.8394 7.2
      vertex 51.0778 -70.8394 9
    endloop
  endfacet
  facet normal 0.98075 -0.195268 0
    outer loop
      vertex 51.0778 -70.8394 7.2
      vertex 51.0114 -71.1729 9
      vertex 51.0114 -71.1729 7.2
    endloop
  endfacet
  facet normal 0.751902 -0.659275 0
    outer loop
      vertex 50.3385 -72.3385 9
      vertex 50.5627 -72.0828 7.2
      vertex 50.5627 -72.0828 9
    endloop
  endfacet
  facet normal 0.751902 -0.659275 0
    outer loop
      vertex 50.5627 -72.0828 7.2
      vertex 50.3385 -72.3385 9
      vertex 50.3385 -72.3385 7.2
    endloop
  endfacet
  facet normal 0.831417 0.55565 0
    outer loop
      vertex 50.7517 -69.2 9
      vertex 50.5627 -68.9172 7.2
      vertex 50.5627 -68.9172 9
    endloop
  endfacet
  facet normal 0.831417 0.55565 0
    outer loop
      vertex 50.5627 -68.9172 7.2
      vertex 50.7517 -69.2 9
      vertex 50.7517 -69.2 7.2
    endloop
  endfacet
  facet normal 0.896884 0.442267 0
    outer loop
      vertex 50.9021 -69.505 9
      vertex 50.7517 -69.2 7.2
      vertex 50.7517 -69.2 9
    endloop
  endfacet
  facet normal 0.896884 0.442267 0
    outer loop
      vertex 50.7517 -69.2 7.2
      vertex 50.9021 -69.505 9
      vertex 50.9021 -69.505 7.2
    endloop
  endfacet
  facet normal 0.0652701 0.997868 -0
    outer loop
      vertex 48.8394 -67.9222 1.6
      vertex 48.5 -67.9 9
      vertex 48.8394 -67.9222 9
    endloop
  endfacet
  facet normal 0.0652701 0.997868 0
    outer loop
      vertex 48.5 -67.9 9
      vertex 48.8394 -67.9222 1.6
      vertex 48.5 -67.9 1.6
    endloop
  endfacet
  facet normal -0.896884 0.442267 0
    outer loop
      vertex 46.0979 -69.505 1.6
      vertex 46.2483 -69.2 9
      vertex 46.2483 -69.2 1.6
    endloop
  endfacet
  facet normal -0.896884 0.442267 0
    outer loop
      vertex 46.2483 -69.2 9
      vertex 46.0979 -69.505 1.6
      vertex 46.0979 -69.505 9
    endloop
  endfacet
  facet normal -0.946964 0.321339 0
    outer loop
      vertex 45.9886 -69.8271 1.6
      vertex 46.0979 -69.505 9
      vertex 46.0979 -69.505 1.6
    endloop
  endfacet
  facet normal -0.946964 0.321339 0
    outer loop
      vertex 46.0979 -69.505 9
      vertex 45.9886 -69.8271 1.6
      vertex 45.9886 -69.8271 9
    endloop
  endfacet
  facet normal -0.659275 0.751902 0
    outer loop
      vertex 46.9172 -68.4373 1.6
      vertex 46.6615 -68.6615 9
      vertex 46.9172 -68.4373 9
    endloop
  endfacet
  facet normal -0.659275 0.751902 0
    outer loop
      vertex 46.6615 -68.6615 9
      vertex 46.9172 -68.4373 1.6
      vertex 46.6615 -68.6615 1.6
    endloop
  endfacet
  facet normal 0.321339 0.946964 -0
    outer loop
      vertex 49.495 -68.0979 1.6
      vertex 49.1729 -67.9886 9
      vertex 49.495 -68.0979 9
    endloop
  endfacet
  facet normal 0.321339 0.946964 0
    outer loop
      vertex 49.1729 -67.9886 9
      vertex 49.495 -68.0979 1.6
      vertex 49.1729 -67.9886 1.6
    endloop
  endfacet
  facet normal 0.658643 0.752456 0
    outer loop
      vertex 50.3 -68.6278 7.2
      vertex 50.3385 -68.6615 9
      vertex 50.3385 -68.6615 7.2
    endloop
  endfacet
  facet normal 0.659275 0.751902 -2.38676e-05
    outer loop
      vertex 50.3385 -68.6615 9
      vertex 50.3 -68.6278 7.2
      vertex 50.0828 -68.4373 9
    endloop
  endfacet
  facet normal 0.659386 0.751804 0
    outer loop
      vertex 50.0828 -68.4373 1.6
      vertex 50.3 -68.6278 7.2
      vertex 50.3 -68.6278 1.6
    endloop
  endfacet
  facet normal 0.659386 0.751804 0
    outer loop
      vertex 50.3 -68.6278 7.2
      vertex 50.0828 -68.4373 1.6
      vertex 50.0828 -68.4373 9
    endloop
  endfacet
  facet normal -0.442267 0.896884 0
    outer loop
      vertex 47.505 -68.0979 1.6
      vertex 47.2 -68.2483 9
      vertex 47.505 -68.0979 9
    endloop
  endfacet
  facet normal -0.442267 0.896884 0
    outer loop
      vertex 47.2 -68.2483 9
      vertex 47.505 -68.0979 1.6
      vertex 47.2 -68.2483 1.6
    endloop
  endfacet
  facet normal -0.195268 0.98075 0
    outer loop
      vertex 48.1606 -67.9222 1.6
      vertex 47.8271 -67.9886 9
      vertex 48.1606 -67.9222 9
    endloop
  endfacet
  facet normal -0.195268 0.98075 0
    outer loop
      vertex 47.8271 -67.9886 9
      vertex 48.1606 -67.9222 1.6
      vertex 47.8271 -67.9886 1.6
    endloop
  endfacet
  facet normal -0.321339 0.946964 0
    outer loop
      vertex 47.8271 -67.9886 1.6
      vertex 47.505 -68.0979 9
      vertex 47.8271 -67.9886 9
    endloop
  endfacet
  facet normal -0.321339 0.946964 0
    outer loop
      vertex 47.505 -68.0979 9
      vertex 47.8271 -67.9886 1.6
      vertex 47.505 -68.0979 1.6
    endloop
  endfacet
  facet normal 0.751902 0.659275 0
    outer loop
      vertex 50.5627 -68.9172 9
      vertex 50.3385 -68.6615 7.2
      vertex 50.3385 -68.6615 9
    endloop
  endfacet
  facet normal 0.751902 0.659275 0
    outer loop
      vertex 50.3385 -68.6615 7.2
      vertex 50.5627 -68.9172 9
      vertex 50.5627 -68.9172 7.2
    endloop
  endfacet
  facet normal -0.0652701 0.997868 0
    outer loop
      vertex 48.5 -67.9 1.6
      vertex 48.1606 -67.9222 9
      vertex 48.5 -67.9 9
    endloop
  endfacet
  facet normal -0.0652701 0.997868 0
    outer loop
      vertex 48.1606 -67.9222 9
      vertex 48.5 -67.9 1.6
      vertex 48.1606 -67.9222 1.6
    endloop
  endfacet
  facet normal -0.94695 -0.321382 0
    outer loop
      vertex 44.4522 -18.9654 1.6
      vertex 44.3681 -18.7176 6.6
      vertex 44.3681 -18.7176 1.6
    endloop
  endfacet
  facet normal -0.94695 -0.321382 0
    outer loop
      vertex 44.3681 -18.7176 6.6
      vertex 44.4522 -18.9654 1.6
      vertex 44.4522 -18.9654 6.6
    endloop
  endfacet
  facet normal 0.831344 -0.555758 0
    outer loop
      vertex 47.8867 -19.4175 6.6
      vertex 48.0321 -19.2 1.6
      vertex 48.0321 -19.2 6.6
    endloop
  endfacet
  facet normal 0.831344 -0.555758 0
    outer loop
      vertex 48.0321 -19.2 1.6
      vertex 47.8867 -19.4175 6.6
      vertex 47.8867 -19.4175 1.6
    endloop
  endfacet
  facet normal 0.321382 -0.94695 0
    outer loop
      vertex 46.8176 -20.1319 1.6
      vertex 47.0654 -20.0478 6.6
      vertex 46.8176 -20.1319 6.6
    endloop
  endfacet
  facet normal 0.321382 -0.94695 0
    outer loop
      vertex 47.0654 -20.0478 6.6
      vertex 46.8176 -20.1319 1.6
      vertex 47.0654 -20.0478 1.6
    endloop
  endfacet
  facet normal 0.442314 -0.89686 0
    outer loop
      vertex 47.0654 -20.0478 1.6
      vertex 47.3 -19.9321 6.6
      vertex 47.0654 -20.0478 6.6
    endloop
  endfacet
  facet normal 0.442314 -0.89686 0
    outer loop
      vertex 47.3 -19.9321 6.6
      vertex 47.0654 -20.0478 1.6
      vertex 47.3 -19.9321 1.6
    endloop
  endfacet
  facet normal -0.321382 -0.94695 0
    outer loop
      vertex 45.5346 -20.0478 1.6
      vertex 45.7824 -20.1319 6.6
      vertex 45.5346 -20.0478 6.6
    endloop
  endfacet
  facet normal -0.321382 -0.94695 -0
    outer loop
      vertex 45.7824 -20.1319 6.6
      vertex 45.5346 -20.0478 1.6
      vertex 45.7824 -20.1319 1.6
    endloop
  endfacet
  facet normal -0.89686 -0.442314 0
    outer loop
      vertex 44.5679 -19.2 1.6
      vertex 44.4522 -18.9654 6.6
      vertex 44.4522 -18.9654 1.6
    endloop
  endfacet
  facet normal -0.89686 -0.442314 0
    outer loop
      vertex 44.4522 -18.9654 6.6
      vertex 44.5679 -19.2 1.6
      vertex 44.5679 -19.2 6.6
    endloop
  endfacet
  facet normal 0.980727 -0.195381 0
    outer loop
      vertex 48.2318 -18.7176 6.6
      vertex 48.2829 -18.4611 1.6
      vertex 48.2829 -18.4611 6.6
    endloop
  endfacet
  facet normal 0.980727 -0.195381 0
    outer loop
      vertex 48.2829 -18.4611 1.6
      vertex 48.2318 -18.7176 6.6
      vertex 48.2318 -18.7176 1.6
    endloop
  endfacet
  facet normal 0.195013 -0.980801 0
    outer loop
      vertex 46.5611 -20.1829 1.6
      vertex 46.8176 -20.1319 6.6
      vertex 46.5611 -20.1829 6.6
    endloop
  endfacet
  facet normal 0.195013 -0.980801 0
    outer loop
      vertex 46.8176 -20.1319 6.6
      vertex 46.5611 -20.1829 1.6
      vertex 46.8176 -20.1319 1.6
    endloop
  endfacet
  facet normal 0.555758 -0.831344 0
    outer loop
      vertex 47.3 -19.9321 1.6
      vertex 47.5175 -19.7867 6.6
      vertex 47.3 -19.9321 6.6
    endloop
  endfacet
  facet normal 0.555758 -0.831344 0
    outer loop
      vertex 47.5175 -19.7867 6.6
      vertex 47.3 -19.9321 1.6
      vertex 47.5175 -19.7867 1.6
    endloop
  endfacet
  facet normal -0.980801 -0.195013 0
    outer loop
      vertex 44.3681 -18.7176 1.6
      vertex 44.3171 -18.4611 6.6
      vertex 44.3171 -18.4611 1.6
    endloop
  endfacet
  facet normal -0.980801 -0.195013 0
    outer loop
      vertex 44.3171 -18.4611 6.6
      vertex 44.3681 -18.7176 1.6
      vertex 44.3681 -18.7176 6.6
    endloop
  endfacet
  facet normal -0.751842 -0.659343 0
    outer loop
      vertex 44.8858 -19.6142 1.6
      vertex 44.7133 -19.4175 6.6
      vertex 44.7133 -19.4175 1.6
    endloop
  endfacet
  facet normal -0.751842 -0.659343 0
    outer loop
      vertex 44.7133 -19.4175 6.6
      vertex 44.8858 -19.6142 1.6
      vertex 44.8858 -19.6142 6.6
    endloop
  endfacet
  facet normal -0.442314 -0.89686 0
    outer loop
      vertex 45.3 -19.9321 1.6
      vertex 45.5346 -20.0478 6.6
      vertex 45.3 -19.9321 6.6
    endloop
  endfacet
  facet normal -0.442314 -0.89686 -0
    outer loop
      vertex 45.5346 -20.0478 6.6
      vertex 45.3 -19.9321 1.6
      vertex 45.5346 -20.0478 1.6
    endloop
  endfacet
  facet normal -0.195013 -0.980801 0
    outer loop
      vertex 45.7824 -20.1319 1.6
      vertex 46.0389 -20.1829 6.6
      vertex 45.7824 -20.1319 6.6
    endloop
  endfacet
  facet normal -0.195013 -0.980801 -0
    outer loop
      vertex 46.0389 -20.1829 6.6
      vertex 45.7824 -20.1319 1.6
      vertex 46.0389 -20.1829 1.6
    endloop
  endfacet
  facet normal 0.947066 0.321039 0
    outer loop
      vertex 48.2318 -17.6824 6.6
      vertex 48.1478 -17.4346 1.6
      vertex 48.1478 -17.4346 6.6
    endloop
  endfacet
  facet normal 0.947066 0.321039 0
    outer loop
      vertex 48.1478 -17.4346 1.6
      vertex 48.2318 -17.6824 6.6
      vertex 48.2318 -17.6824 1.6
    endloop
  endfacet
  facet normal 0.659343 -0.751842 0
    outer loop
      vertex 47.5175 -19.7867 1.6
      vertex 47.7142 -19.6142 6.6
      vertex 47.5175 -19.7867 6.6
    endloop
  endfacet
  facet normal 0.659343 -0.751842 0
    outer loop
      vertex 47.7142 -19.6142 6.6
      vertex 47.5175 -19.7867 1.6
      vertex 47.7142 -19.6142 1.6
    endloop
  endfacet
  facet normal 0.751842 -0.659343 0
    outer loop
      vertex 47.7142 -19.6142 6.6
      vertex 47.8867 -19.4175 1.6
      vertex 47.8867 -19.4175 6.6
    endloop
  endfacet
  facet normal 0.751842 -0.659343 0
    outer loop
      vertex 47.8867 -19.4175 1.6
      vertex 47.7142 -19.6142 6.6
      vertex 47.7142 -19.6142 1.6
    endloop
  endfacet
  facet normal 0.0653521 -0.997862 0
    outer loop
      vertex 46.3 -20.2 1.6
      vertex 46.5611 -20.1829 6.6
      vertex 46.3 -20.2 6.6
    endloop
  endfacet
  facet normal 0.0653521 -0.997862 0
    outer loop
      vertex 46.5611 -20.1829 6.6
      vertex 46.3 -20.2 1.6
      vertex 46.5611 -20.1829 1.6
    endloop
  endfacet
  facet normal -0.997862 -0.0653521 0
    outer loop
      vertex 44.3171 -18.4611 1.6
      vertex 44.3 -18.2 6.6
      vertex 44.3 -18.2 1.6
    endloop
  endfacet
  facet normal -0.997862 -0.0653521 0
    outer loop
      vertex 44.3 -18.2 6.6
      vertex 44.3171 -18.4611 1.6
      vertex 44.3171 -18.4611 6.6
    endloop
  endfacet
  facet normal -0.831344 -0.555758 0
    outer loop
      vertex 44.7133 -19.4175 1.6
      vertex 44.5679 -19.2 6.6
      vertex 44.5679 -19.2 1.6
    endloop
  endfacet
  facet normal -0.831344 -0.555758 0
    outer loop
      vertex 44.5679 -19.2 6.6
      vertex 44.7133 -19.4175 1.6
      vertex 44.7133 -19.4175 6.6
    endloop
  endfacet
  facet normal -0.0653521 -0.997862 0
    outer loop
      vertex 46.0389 -20.1829 1.6
      vertex 46.3 -20.2 6.6
      vertex 46.0389 -20.1829 6.6
    endloop
  endfacet
  facet normal -0.0653521 -0.997862 -0
    outer loop
      vertex 46.3 -20.2 6.6
      vertex 46.0389 -20.1829 1.6
      vertex 46.3 -20.2 1.6
    endloop
  endfacet
  facet normal -0.555758 -0.831344 0
    outer loop
      vertex 45.0825 -19.7867 1.6
      vertex 45.3 -19.9321 6.6
      vertex 45.0825 -19.7867 6.6
    endloop
  endfacet
  facet normal -0.555758 -0.831344 -0
    outer loop
      vertex 45.3 -19.9321 6.6
      vertex 45.0825 -19.7867 1.6
      vertex 45.3 -19.9321 1.6
    endloop
  endfacet
  facet normal -0.659343 -0.751842 0
    outer loop
      vertex 44.8858 -19.6142 1.6
      vertex 45.0825 -19.7867 6.6
      vertex 44.8858 -19.6142 6.6
    endloop
  endfacet
  facet normal -0.659343 -0.751842 -0
    outer loop
      vertex 45.0825 -19.7867 6.6
      vertex 44.8858 -19.6142 1.6
      vertex 45.0825 -19.7867 1.6
    endloop
  endfacet
  facet normal 0.997862 -0.0653521 0
    outer loop
      vertex 48.2829 -18.4611 6.6
      vertex 48.3 -18.2 1.6
      vertex 48.3 -18.2 6.6
    endloop
  endfacet
  facet normal 0.997862 -0.0653521 0
    outer loop
      vertex 48.3 -18.2 1.6
      vertex 48.2829 -18.4611 6.6
      vertex 48.2829 -18.4611 1.6
    endloop
  endfacet
  facet normal 0.997862 0.0653521 0
    outer loop
      vertex 48.3 -18.2 6.6
      vertex 48.2829 -17.9389 1.6
      vertex 48.2829 -17.9389 6.6
    endloop
  endfacet
  facet normal 0.997862 0.0653521 0
    outer loop
      vertex 48.2829 -17.9389 1.6
      vertex 48.3 -18.2 6.6
      vertex 48.3 -18.2 1.6
    endloop
  endfacet
  facet normal 0.980727 0.195381 0
    outer loop
      vertex 48.2829 -17.9389 6.6
      vertex 48.2318 -17.6824 1.6
      vertex 48.2318 -17.6824 6.6
    endloop
  endfacet
  facet normal 0.980727 0.195381 0
    outer loop
      vertex 48.2318 -17.6824 1.6
      vertex 48.2829 -17.9389 6.6
      vertex 48.2829 -17.9389 1.6
    endloop
  endfacet
  facet normal -0.89686 0.442314 0
    outer loop
      vertex 44.4522 -17.4346 1.6
      vertex 44.5679 -17.2 6.6
      vertex 44.5679 -17.2 1.6
    endloop
  endfacet
  facet normal -0.89686 0.442314 0
    outer loop
      vertex 44.5679 -17.2 6.6
      vertex 44.4522 -17.4346 1.6
      vertex 44.4522 -17.4346 6.6
    endloop
  endfacet
  facet normal 0.195013 0.980801 -0
    outer loop
      vertex 46.8176 -16.2681 1.6
      vertex 46.5611 -16.2171 6.6
      vertex 46.8176 -16.2681 6.6
    endloop
  endfacet
  facet normal 0.195013 0.980801 0
    outer loop
      vertex 46.5611 -16.2171 6.6
      vertex 46.8176 -16.2681 1.6
      vertex 46.5611 -16.2171 1.6
    endloop
  endfacet
  facet normal 0.442314 0.89686 -0
    outer loop
      vertex 47.3 -16.4679 1.6
      vertex 47.0654 -16.3522 6.6
      vertex 47.3 -16.4679 6.6
    endloop
  endfacet
  facet normal 0.442314 0.89686 0
    outer loop
      vertex 47.0654 -16.3522 6.6
      vertex 47.3 -16.4679 1.6
      vertex 47.0654 -16.3522 1.6
    endloop
  endfacet
  facet normal 0.89686 -0.442314 0
    outer loop
      vertex 48.0321 -19.2 6.6
      vertex 48.1478 -18.9654 1.6
      vertex 48.1478 -18.9654 6.6
    endloop
  endfacet
  facet normal 0.89686 -0.442314 0
    outer loop
      vertex 48.1478 -18.9654 1.6
      vertex 48.0321 -19.2 6.6
      vertex 48.0321 -19.2 1.6
    endloop
  endfacet
  facet normal 0.947066 -0.321039 0
    outer loop
      vertex 48.1478 -18.9654 6.6
      vertex 48.2318 -18.7176 1.6
      vertex 48.2318 -18.7176 6.6
    endloop
  endfacet
  facet normal 0.947066 -0.321039 0
    outer loop
      vertex 48.2318 -18.7176 1.6
      vertex 48.1478 -18.9654 6.6
      vertex 48.1478 -18.9654 1.6
    endloop
  endfacet
  facet normal 0.831344 0.555758 0
    outer loop
      vertex 48.0321 -17.2 6.6
      vertex 47.8867 -16.9825 1.6
      vertex 47.8867 -16.9825 6.6
    endloop
  endfacet
  facet normal 0.831344 0.555758 0
    outer loop
      vertex 47.8867 -16.9825 1.6
      vertex 48.0321 -17.2 6.6
      vertex 48.0321 -17.2 1.6
    endloop
  endfacet
  facet normal 0.89686 0.442314 0
    outer loop
      vertex 48.1478 -17.4346 6.6
      vertex 48.0321 -17.2 1.6
      vertex 48.0321 -17.2 6.6
    endloop
  endfacet
  facet normal 0.89686 0.442314 0
    outer loop
      vertex 48.0321 -17.2 1.6
      vertex 48.1478 -17.4346 6.6
      vertex 48.1478 -17.4346 1.6
    endloop
  endfacet
  facet normal -0.195013 0.980801 0
    outer loop
      vertex 46.0389 -16.2171 1.6
      vertex 45.7824 -16.2681 6.6
      vertex 46.0389 -16.2171 6.6
    endloop
  endfacet
  facet normal -0.195013 0.980801 0
    outer loop
      vertex 45.7824 -16.2681 6.6
      vertex 46.0389 -16.2171 1.6
      vertex 45.7824 -16.2681 1.6
    endloop
  endfacet
  facet normal -0.0653521 0.997862 0
    outer loop
      vertex 46.3 -16.2 1.6
      vertex 46.0389 -16.2171 6.6
      vertex 46.3 -16.2 6.6
    endloop
  endfacet
  facet normal -0.0653521 0.997862 0
    outer loop
      vertex 46.0389 -16.2171 6.6
      vertex 46.3 -16.2 1.6
      vertex 46.0389 -16.2171 1.6
    endloop
  endfacet
  facet normal -0.997862 0.0653521 0
    outer loop
      vertex 44.3 -18.2 1.6
      vertex 44.3171 -17.9389 6.6
      vertex 44.3171 -17.9389 1.6
    endloop
  endfacet
  facet normal -0.997862 0.0653521 0
    outer loop
      vertex 44.3171 -17.9389 6.6
      vertex 44.3 -18.2 1.6
      vertex 44.3 -18.2 6.6
    endloop
  endfacet
  facet normal -0.94695 0.321382 0
    outer loop
      vertex 44.3681 -17.6824 1.6
      vertex 44.4522 -17.4346 6.6
      vertex 44.4522 -17.4346 1.6
    endloop
  endfacet
  facet normal -0.94695 0.321382 0
    outer loop
      vertex 44.4522 -17.4346 6.6
      vertex 44.3681 -17.6824 1.6
      vertex 44.3681 -17.6824 6.6
    endloop
  endfacet
  facet normal 0.321382 0.94695 -0
    outer loop
      vertex 47.0654 -16.3522 1.6
      vertex 46.8176 -16.2681 6.6
      vertex 47.0654 -16.3522 6.6
    endloop
  endfacet
  facet normal 0.321382 0.94695 0
    outer loop
      vertex 46.8176 -16.2681 6.6
      vertex 47.0654 -16.3522 1.6
      vertex 46.8176 -16.2681 1.6
    endloop
  endfacet
  facet normal 0.659343 0.751842 -0
    outer loop
      vertex 47.7142 -16.7858 1.6
      vertex 47.5175 -16.6133 6.6
      vertex 47.7142 -16.7858 6.6
    endloop
  endfacet
  facet normal 0.659343 0.751842 0
    outer loop
      vertex 47.5175 -16.6133 6.6
      vertex 47.7142 -16.7858 1.6
      vertex 47.5175 -16.6133 1.6
    endloop
  endfacet
  facet normal 0.555758 0.831344 -0
    outer loop
      vertex 47.5175 -16.6133 1.6
      vertex 47.3 -16.4679 6.6
      vertex 47.5175 -16.6133 6.6
    endloop
  endfacet
  facet normal 0.555758 0.831344 0
    outer loop
      vertex 47.3 -16.4679 6.6
      vertex 47.5175 -16.6133 1.6
      vertex 47.3 -16.4679 1.6
    endloop
  endfacet
  facet normal -0.555758 0.831344 0
    outer loop
      vertex 45.3 -16.4679 1.6
      vertex 45.0825 -16.6133 6.6
      vertex 45.3 -16.4679 6.6
    endloop
  endfacet
  facet normal -0.555758 0.831344 0
    outer loop
      vertex 45.0825 -16.6133 6.6
      vertex 45.3 -16.4679 1.6
      vertex 45.0825 -16.6133 1.6
    endloop
  endfacet
  facet normal -0.321382 0.94695 0
    outer loop
      vertex 45.7824 -16.2681 1.6
      vertex 45.5346 -16.3522 6.6
      vertex 45.7824 -16.2681 6.6
    endloop
  endfacet
  facet normal -0.321382 0.94695 0
    outer loop
      vertex 45.5346 -16.3522 6.6
      vertex 45.7824 -16.2681 1.6
      vertex 45.5346 -16.3522 1.6
    endloop
  endfacet
  facet normal 0.0653521 0.997862 -0
    outer loop
      vertex 46.5611 -16.2171 1.6
      vertex 46.3 -16.2 6.6
      vertex 46.5611 -16.2171 6.6
    endloop
  endfacet
  facet normal 0.0653521 0.997862 0
    outer loop
      vertex 46.3 -16.2 6.6
      vertex 46.5611 -16.2171 1.6
      vertex 46.3 -16.2 1.6
    endloop
  endfacet
  facet normal -0.751842 0.659343 0
    outer loop
      vertex 44.7133 -16.9825 1.6
      vertex 44.8858 -16.7858 6.6
      vertex 44.8858 -16.7858 1.6
    endloop
  endfacet
  facet normal -0.751842 0.659343 0
    outer loop
      vertex 44.8858 -16.7858 6.6
      vertex 44.7133 -16.9825 1.6
      vertex 44.7133 -16.9825 6.6
    endloop
  endfacet
  facet normal -0.659343 0.751842 0
    outer loop
      vertex 45.0825 -16.6133 1.6
      vertex 44.8858 -16.7858 6.6
      vertex 45.0825 -16.6133 6.6
    endloop
  endfacet
  facet normal -0.659343 0.751842 0
    outer loop
      vertex 44.8858 -16.7858 6.6
      vertex 45.0825 -16.6133 1.6
      vertex 44.8858 -16.7858 1.6
    endloop
  endfacet
  facet normal 0 0 1
    outer loop
      vertex 48.2829 -17.9389 6.6
      vertex 47.2659 -17.9412 6.6
      vertex 47.3 -18.2 6.6
    endloop
  endfacet
  facet normal 0 0 1
    outer loop
      vertex 47.5175 -16.6133 6.6
      vertex 47.166 -17.7 6.6
      vertex 47.2659 -17.9412 6.6
    endloop
  endfacet
  facet normal 0 0 1
    outer loop
      vertex 46.8 -17.334 6.6
      vertex 47.3 -16.4679 6.6
      vertex 47.0654 -16.3522 6.6
    endloop
  endfacet
  facet normal 0 0 1
    outer loop
      vertex 47.5175 -16.6133 6.6
      vertex 47.0071 -17.4929 6.6
      vertex 47.166 -17.7 6.6
    endloop
  endfacet
  facet normal 0 0 1
    outer loop
      vertex 46.5588 -17.2341 6.6
      vertex 47.0654 -16.3522 6.6
      vertex 46.8176 -16.2681 6.6
    endloop
  endfacet
  facet normal 0 0 1
    outer loop
      vertex 47.5175 -16.6133 6.6
      vertex 46.8 -17.334 6.6
      vertex 47.0071 -17.4929 6.6
    endloop
  endfacet
  facet normal 0 0 1
    outer loop
      vertex 46.5588 -17.2341 6.6
      vertex 46.8176 -16.2681 6.6
      vertex 46.5611 -16.2171 6.6
    endloop
  endfacet
  facet normal 0 0 1
    outer loop
      vertex 47.0654 -16.3522 6.6
      vertex 46.5588 -17.2341 6.6
      vertex 46.8 -17.334 6.6
    endloop
  endfacet
  facet normal 0 0 1
    outer loop
      vertex 46.3 -17.2 6.6
      vertex 46.5611 -16.2171 6.6
      vertex 46.3 -16.2 6.6
    endloop
  endfacet
  facet normal 0 0 1
    outer loop
      vertex 46.5611 -16.2171 6.6
      vertex 46.3 -17.2 6.6
      vertex 46.5588 -17.2341 6.6
    endloop
  endfacet
  facet normal -0 0 1
    outer loop
      vertex 46.0389 -16.2171 6.6
      vertex 46.3 -17.2 6.6
      vertex 46.3 -16.2 6.6
    endloop
  endfacet
  facet normal 0 0 1
    outer loop
      vertex 46.3 -17.2 6.6
      vertex 46.0389 -16.2171 6.6
      vertex 46.0412 -17.2341 6.6
    endloop
  endfacet
  facet normal -0 0 1
    outer loop
      vertex 45.7824 -16.2681 6.6
      vertex 46.0412 -17.2341 6.6
      vertex 46.0389 -16.2171 6.6
    endloop
  endfacet
  facet normal -0 0 1
    outer loop
      vertex 45.5346 -16.3522 6.6
      vertex 46.0412 -17.2341 6.6
      vertex 45.7824 -16.2681 6.6
    endloop
  endfacet
  facet normal 0 0 1
    outer loop
      vertex 46.0412 -17.2341 6.6
      vertex 45.5346 -16.3522 6.6
      vertex 45.8 -17.334 6.6
    endloop
  endfacet
  facet normal -0 0 1
    outer loop
      vertex 45.3 -16.4679 6.6
      vertex 45.8 -17.334 6.6
      vertex 45.5346 -16.3522 6.6
    endloop
  endfacet
  facet normal -0 0 1
    outer loop
      vertex 45.0825 -16.6133 6.6
      vertex 45.8 -17.334 6.6
      vertex 45.3 -16.4679 6.6
    endloop
  endfacet
  facet normal 0 0 1
    outer loop
      vertex 45.8 -17.334 6.6
      vertex 45.0825 -16.6133 6.6
      vertex 45.5929 -17.4929 6.6
    endloop
  endfacet
  facet normal -0 0 1
    outer loop
      vertex 44.8858 -16.7858 6.6
      vertex 45.5929 -17.4929 6.6
      vertex 45.0825 -16.6133 6.6
    endloop
  endfacet
  facet normal -0 0 1
    outer loop
      vertex 44.7133 -16.9825 6.6
      vertex 45.5929 -17.4929 6.6
      vertex 44.8858 -16.7858 6.6
    endloop
  endfacet
  facet normal 0 0 1
    outer loop
      vertex 45.5929 -17.4929 6.6
      vertex 44.7133 -16.9825 6.6
      vertex 45.434 -17.7 6.6
    endloop
  endfacet
  facet normal -0 0 1
    outer loop
      vertex 44.5679 -17.2 6.6
      vertex 45.434 -17.7 6.6
      vertex 44.7133 -16.9825 6.6
    endloop
  endfacet
  facet normal 0 0 1
    outer loop
      vertex 45.3 -18.2 6.6
      vertex 45.0825 -19.7867 6.6
      vertex 45.3 -19.9321 6.6
    endloop
  endfacet
  facet normal -0 0 1
    outer loop
      vertex 44.4522 -17.4346 6.6
      vertex 45.434 -17.7 6.6
      vertex 44.5679 -17.2 6.6
    endloop
  endfacet
  facet normal 0 0 1
    outer loop
      vertex 45.3 -18.2 6.6
      vertex 44.8858 -19.6142 6.6
      vertex 45.0825 -19.7867 6.6
    endloop
  endfacet
  facet normal 0 0 1
    outer loop
      vertex 45.434 -17.7 6.6
      vertex 44.4522 -17.4346 6.6
      vertex 45.3341 -17.9412 6.6
    endloop
  endfacet
  facet normal 0 0 1
    outer loop
      vertex 45.3 -18.2 6.6
      vertex 44.7133 -19.4175 6.6
      vertex 44.8858 -19.6142 6.6
    endloop
  endfacet
  facet normal -0 0 1
    outer loop
      vertex 44.3681 -17.6824 6.6
      vertex 45.3341 -17.9412 6.6
      vertex 44.4522 -17.4346 6.6
    endloop
  endfacet
  facet normal 0 0 1
    outer loop
      vertex 45.3 -18.2 6.6
      vertex 44.5679 -19.2 6.6
      vertex 44.7133 -19.4175 6.6
    endloop
  endfacet
  facet normal -0 0 1
    outer loop
      vertex 44.3171 -17.9389 6.6
      vertex 45.3341 -17.9412 6.6
      vertex 44.3681 -17.6824 6.6
    endloop
  endfacet
  facet normal 0 0 1
    outer loop
      vertex 45.3 -18.2 6.6
      vertex 44.4522 -18.9654 6.6
      vertex 44.5679 -19.2 6.6
    endloop
  endfacet
  facet normal 0 0 1
    outer loop
      vertex 45.3341 -17.9412 6.6
      vertex 44.3171 -17.9389 6.6
      vertex 45.3 -18.2 6.6
    endloop
  endfacet
  facet normal 0 0 1
    outer loop
      vertex 45.3 -18.2 6.6
      vertex 44.3681 -18.7176 6.6
      vertex 44.4522 -18.9654 6.6
    endloop
  endfacet
  facet normal 0 0 1
    outer loop
      vertex 44.3 -18.2 6.6
      vertex 45.3 -18.2 6.6
      vertex 44.3171 -17.9389 6.6
    endloop
  endfacet
  facet normal 0 0 1
    outer loop
      vertex 45.3 -18.2 6.6
      vertex 44.3171 -18.4611 6.6
      vertex 44.3681 -18.7176 6.6
    endloop
  endfacet
  facet normal 0 0 1
    outer loop
      vertex 45.3 -18.2 6.6
      vertex 44.3 -18.2 6.6
      vertex 44.3171 -18.4611 6.6
    endloop
  endfacet
  facet normal 0 0 1
    outer loop
      vertex 47.3 -18.2 6.6
      vertex 48.3 -18.2 6.6
      vertex 48.2829 -17.9389 6.6
    endloop
  endfacet
  facet normal 0 0 1
    outer loop
      vertex 47.2659 -17.9412 6.6
      vertex 48.2829 -17.9389 6.6
      vertex 48.2318 -17.6824 6.6
    endloop
  endfacet
  facet normal 0 0 1
    outer loop
      vertex 48.3 -18.2 6.6
      vertex 47.3 -18.2 6.6
      vertex 48.2829 -18.4611 6.6
    endloop
  endfacet
  facet normal 0 0 1
    outer loop
      vertex 47.2659 -17.9412 6.6
      vertex 48.2318 -17.6824 6.6
      vertex 48.1478 -17.4346 6.6
    endloop
  endfacet
  facet normal -0 0 1
    outer loop
      vertex 47.2659 -18.4588 6.6
      vertex 48.2829 -18.4611 6.6
      vertex 47.3 -18.2 6.6
    endloop
  endfacet
  facet normal 0 0 1
    outer loop
      vertex 47.2659 -17.9412 6.6
      vertex 48.1478 -17.4346 6.6
      vertex 48.0321 -17.2 6.6
    endloop
  endfacet
  facet normal 0 0 1
    outer loop
      vertex 48.2829 -18.4611 6.6
      vertex 47.2659 -18.4588 6.6
      vertex 48.2318 -18.7176 6.6
    endloop
  endfacet
  facet normal 0 0 1
    outer loop
      vertex 47.2659 -17.9412 6.6
      vertex 48.0321 -17.2 6.6
      vertex 47.8867 -16.9825 6.6
    endloop
  endfacet
  facet normal 0 0 1
    outer loop
      vertex 48.2318 -18.7176 6.6
      vertex 47.2659 -18.4588 6.6
      vertex 48.1478 -18.9654 6.6
    endloop
  endfacet
  facet normal 0 0 1
    outer loop
      vertex 47.2659 -17.9412 6.6
      vertex 47.8867 -16.9825 6.6
      vertex 47.7142 -16.7858 6.6
    endloop
  endfacet
  facet normal -0 0 1
    outer loop
      vertex 47.166 -18.7 6.6
      vertex 48.1478 -18.9654 6.6
      vertex 47.2659 -18.4588 6.6
    endloop
  endfacet
  facet normal 0 0 1
    outer loop
      vertex 47.2659 -17.9412 6.6
      vertex 47.7142 -16.7858 6.6
      vertex 47.5175 -16.6133 6.6
    endloop
  endfacet
  facet normal 0 0 1
    outer loop
      vertex 48.1478 -18.9654 6.6
      vertex 47.166 -18.7 6.6
      vertex 48.0321 -19.2 6.6
    endloop
  endfacet
  facet normal 0 0 1
    outer loop
      vertex 46.8 -17.334 6.6
      vertex 47.5175 -16.6133 6.6
      vertex 47.3 -16.4679 6.6
    endloop
  endfacet
  facet normal 0 0 1
    outer loop
      vertex 48.0321 -19.2 6.6
      vertex 47.166 -18.7 6.6
      vertex 47.8867 -19.4175 6.6
    endloop
  endfacet
  facet normal -0 0 1
    outer loop
      vertex 47.0071 -18.9071 6.6
      vertex 47.8867 -19.4175 6.6
      vertex 47.166 -18.7 6.6
    endloop
  endfacet
  facet normal 0 0 1
    outer loop
      vertex 47.8867 -19.4175 6.6
      vertex 47.0071 -18.9071 6.6
      vertex 47.7142 -19.6142 6.6
    endloop
  endfacet
  facet normal 0 0 1
    outer loop
      vertex 47.7142 -19.6142 6.6
      vertex 47.0071 -18.9071 6.6
      vertex 47.5175 -19.7867 6.6
    endloop
  endfacet
  facet normal -0 0 1
    outer loop
      vertex 46.8 -19.066 6.6
      vertex 47.5175 -19.7867 6.6
      vertex 47.0071 -18.9071 6.6
    endloop
  endfacet
  facet normal 0 0 1
    outer loop
      vertex 47.5175 -19.7867 6.6
      vertex 46.8 -19.066 6.6
      vertex 47.3 -19.9321 6.6
    endloop
  endfacet
  facet normal 0 0 1
    outer loop
      vertex 47.3 -19.9321 6.6
      vertex 46.8 -19.066 6.6
      vertex 47.0654 -20.0478 6.6
    endloop
  endfacet
  facet normal -0 0 1
    outer loop
      vertex 46.5588 -19.1659 6.6
      vertex 47.0654 -20.0478 6.6
      vertex 46.8 -19.066 6.6
    endloop
  endfacet
  facet normal 0 0 1
    outer loop
      vertex 47.0654 -20.0478 6.6
      vertex 46.5588 -19.1659 6.6
      vertex 46.8176 -20.1319 6.6
    endloop
  endfacet
  facet normal 0 0 1
    outer loop
      vertex 46.8176 -20.1319 6.6
      vertex 46.5588 -19.1659 6.6
      vertex 46.5611 -20.1829 6.6
    endloop
  endfacet
  facet normal -0 0 1
    outer loop
      vertex 46.3 -19.2 6.6
      vertex 46.5611 -20.1829 6.6
      vertex 46.5588 -19.1659 6.6
    endloop
  endfacet
  facet normal 0 0 1
    outer loop
      vertex 46.3 -19.2 6.6
      vertex 46.3 -20.2 6.6
      vertex 46.5611 -20.1829 6.6
    endloop
  endfacet
  facet normal 0 0 1
    outer loop
      vertex 46.0389 -20.1829 6.6
      vertex 46.3 -19.2 6.6
      vertex 46.0412 -19.1659 6.6
    endloop
  endfacet
  facet normal 0 0 1
    outer loop
      vertex 46.3 -19.2 6.6
      vertex 46.0389 -20.1829 6.6
      vertex 46.3 -20.2 6.6
    endloop
  endfacet
  facet normal 0 0 1
    outer loop
      vertex 45.5346 -20.0478 6.6
      vertex 46.0412 -19.1659 6.6
      vertex 45.8 -19.066 6.6
    endloop
  endfacet
  facet normal 0 0 1
    outer loop
      vertex 46.0412 -19.1659 6.6
      vertex 45.7824 -20.1319 6.6
      vertex 46.0389 -20.1829 6.6
    endloop
  endfacet
  facet normal 0 0 1
    outer loop
      vertex 45.3 -19.9321 6.6
      vertex 45.8 -19.066 6.6
      vertex 45.5929 -18.9071 6.6
    endloop
  endfacet
  facet normal 0 0 1
    outer loop
      vertex 46.0412 -19.1659 6.6
      vertex 45.5346 -20.0478 6.6
      vertex 45.7824 -20.1319 6.6
    endloop
  endfacet
  facet normal 0 0 1
    outer loop
      vertex 45.3 -19.9321 6.6
      vertex 45.5929 -18.9071 6.6
      vertex 45.434 -18.7 6.6
    endloop
  endfacet
  facet normal 0 0 1
    outer loop
      vertex 45.3 -19.9321 6.6
      vertex 45.434 -18.7 6.6
      vertex 45.3341 -18.4588 6.6
    endloop
  endfacet
  facet normal 0 0 1
    outer loop
      vertex 45.3 -19.9321 6.6
      vertex 45.3341 -18.4588 6.6
      vertex 45.3 -18.2 6.6
    endloop
  endfacet
  facet normal 0 0 1
    outer loop
      vertex 45.8 -19.066 6.6
      vertex 45.3 -19.9321 6.6
      vertex 45.5346 -20.0478 6.6
    endloop
  endfacet
  facet normal -0.980801 0.195013 0
    outer loop
      vertex 44.3171 -17.9389 1.6
      vertex 44.3681 -17.6824 6.6
      vertex 44.3681 -17.6824 1.6
    endloop
  endfacet
  facet normal -0.980801 0.195013 0
    outer loop
      vertex 44.3681 -17.6824 6.6
      vertex 44.3171 -17.9389 1.6
      vertex 44.3171 -17.9389 6.6
    endloop
  endfacet
  facet normal 0.751842 0.659343 0
    outer loop
      vertex 47.8867 -16.9825 6.6
      vertex 47.7142 -16.7858 1.6
      vertex 47.7142 -16.7858 6.6
    endloop
  endfacet
  facet normal 0.751842 0.659343 0
    outer loop
      vertex 47.7142 -16.7858 1.6
      vertex 47.8867 -16.9825 6.6
      vertex 47.8867 -16.9825 1.6
    endloop
  endfacet
  facet normal -0.442314 0.89686 0
    outer loop
      vertex 45.5346 -16.3522 1.6
      vertex 45.3 -16.4679 6.6
      vertex 45.5346 -16.3522 6.6
    endloop
  endfacet
  facet normal -0.442314 0.89686 0
    outer loop
      vertex 45.3 -16.4679 6.6
      vertex 45.5346 -16.3522 1.6
      vertex 45.3 -16.4679 1.6
    endloop
  endfacet
  facet normal -0.831344 0.555758 0
    outer loop
      vertex 44.5679 -17.2 1.6
      vertex 44.7133 -16.9825 6.6
      vertex 44.7133 -16.9825 1.6
    endloop
  endfacet
  facet normal -0.831344 0.555758 0
    outer loop
      vertex 44.7133 -16.9825 6.6
      vertex 44.5679 -17.2 1.6
      vertex 44.5679 -17.2 6.6
    endloop
  endfacet
  facet normal -0.94695 -0.321382 0
    outer loop
      vertex 44.4522 -11.1654 1.6
      vertex 44.3681 -10.9176 6.6
      vertex 44.3681 -10.9176 1.6
    endloop
  endfacet
  facet normal -0.94695 -0.321382 0
    outer loop
      vertex 44.3681 -10.9176 6.6
      vertex 44.4522 -11.1654 1.6
      vertex 44.4522 -11.1654 6.6
    endloop
  endfacet
  facet normal 0.831344 -0.555758 0
    outer loop
      vertex 47.8867 -11.6175 6.6
      vertex 48.0321 -11.4 1.6
      vertex 48.0321 -11.4 6.6
    endloop
  endfacet
  facet normal 0.831344 -0.555758 0
    outer loop
      vertex 48.0321 -11.4 1.6
      vertex 47.8867 -11.6175 6.6
      vertex 47.8867 -11.6175 1.6
    endloop
  endfacet
  facet normal 0.442314 -0.89686 0
    outer loop
      vertex 47.0654 -12.2478 1.6
      vertex 47.3 -12.1321 6.6
      vertex 47.0654 -12.2478 6.6
    endloop
  endfacet
  facet normal 0.442314 -0.89686 0
    outer loop
      vertex 47.3 -12.1321 6.6
      vertex 47.0654 -12.2478 1.6
      vertex 47.3 -12.1321 1.6
    endloop
  endfacet
  facet normal -0.321382 -0.94695 0
    outer loop
      vertex 45.5346 -12.2478 1.6
      vertex 45.7824 -12.3319 6.6
      vertex 45.5346 -12.2478 6.6
    endloop
  endfacet
  facet normal -0.321382 -0.94695 -0
    outer loop
      vertex 45.7824 -12.3319 6.6
      vertex 45.5346 -12.2478 1.6
      vertex 45.7824 -12.3319 1.6
    endloop
  endfacet
  facet normal -0.89686 -0.442314 0
    outer loop
      vertex 44.5679 -11.4 1.6
      vertex 44.4522 -11.1654 6.6
      vertex 44.4522 -11.1654 1.6
    endloop
  endfacet
  facet normal -0.89686 -0.442314 0
    outer loop
      vertex 44.4522 -11.1654 6.6
      vertex 44.5679 -11.4 1.6
      vertex 44.5679 -11.4 6.6
    endloop
  endfacet
  facet normal 0.442344 0.896845 -0
    outer loop
      vertex 47.3 -8.66795 1.6
      vertex 47.0654 -8.55224 6.6
      vertex 47.3 -8.66795 6.6
    endloop
  endfacet
  facet normal 0.442344 0.896845 0
    outer loop
      vertex 47.0654 -8.55224 6.6
      vertex 47.3 -8.66795 1.6
      vertex 47.0654 -8.55224 1.6
    endloop
  endfacet
  facet normal 0.195013 -0.980801 0
    outer loop
      vertex 46.5611 -12.3829 1.6
      vertex 46.8176 -12.3319 6.6
      vertex 46.5611 -12.3829 6.6
    endloop
  endfacet
  facet normal 0.195013 -0.980801 0
    outer loop
      vertex 46.8176 -12.3319 6.6
      vertex 46.5611 -12.3829 1.6
      vertex 46.8176 -12.3319 1.6
    endloop
  endfacet
  facet normal 0.555758 -0.831344 0
    outer loop
      vertex 47.3 -12.1321 1.6
      vertex 47.5175 -11.9867 6.6
      vertex 47.3 -12.1321 6.6
    endloop
  endfacet
  facet normal 0.555758 -0.831344 0
    outer loop
      vertex 47.5175 -11.9867 6.6
      vertex 47.3 -12.1321 1.6
      vertex 47.5175 -11.9867 1.6
    endloop
  endfacet
  facet normal -0.751842 -0.659343 0
    outer loop
      vertex 44.8858 -11.8142 1.6
      vertex 44.7133 -11.6175 6.6
      vertex 44.7133 -11.6175 1.6
    endloop
  endfacet
  facet normal -0.751842 -0.659343 0
    outer loop
      vertex 44.7133 -11.6175 6.6
      vertex 44.8858 -11.8142 1.6
      vertex 44.8858 -11.8142 6.6
    endloop
  endfacet
  facet normal -0.442314 -0.89686 0
    outer loop
      vertex 45.3 -12.1321 1.6
      vertex 45.5346 -12.2478 6.6
      vertex 45.3 -12.1321 6.6
    endloop
  endfacet
  facet normal -0.442314 -0.89686 -0
    outer loop
      vertex 45.5346 -12.2478 6.6
      vertex 45.3 -12.1321 1.6
      vertex 45.5346 -12.2478 1.6
    endloop
  endfacet
  facet normal -0.555758 -0.831344 0
    outer loop
      vertex 45.0825 -11.9867 1.6
      vertex 45.3 -12.1321 6.6
      vertex 45.0825 -11.9867 6.6
    endloop
  endfacet
  facet normal -0.555758 -0.831344 -0
    outer loop
      vertex 45.3 -12.1321 6.6
      vertex 45.0825 -11.9867 1.6
      vertex 45.3 -12.1321 1.6
    endloop
  endfacet
  facet normal 0.321348 0.946961 -0
    outer loop
      vertex 47.0654 -8.55224 1.6
      vertex 46.8176 -8.46815 6.6
      vertex 47.0654 -8.55224 6.6
    endloop
  endfacet
  facet normal 0.321348 0.946961 0
    outer loop
      vertex 46.8176 -8.46815 6.6
      vertex 47.0654 -8.55224 1.6
      vertex 46.8176 -8.46815 1.6
    endloop
  endfacet
  facet normal 0.5556 0.83145 -0
    outer loop
      vertex 47.5175 -8.81329 1.6
      vertex 47.3 -8.66795 6.6
      vertex 47.5175 -8.81329 6.6
    endloop
  endfacet
  facet normal 0.5556 0.83145 0
    outer loop
      vertex 47.3 -8.66795 6.6
      vertex 47.5175 -8.81329 1.6
      vertex 47.3 -8.66795 1.6
    endloop
  endfacet
  facet normal 0.659343 -0.751842 0
    outer loop
      vertex 47.5175 -11.9867 1.6
      vertex 47.7142 -11.8142 6.6
      vertex 47.5175 -11.9867 6.6
    endloop
  endfacet
  facet normal 0.659343 -0.751842 0
    outer loop
      vertex 47.7142 -11.8142 6.6
      vertex 47.5175 -11.9867 1.6
      vertex 47.7142 -11.8142 1.6
    endloop
  endfacet
  facet normal 0.751842 -0.659343 0
    outer loop
      vertex 47.7142 -11.8142 6.6
      vertex 47.8867 -11.6175 1.6
      vertex 47.8867 -11.6175 6.6
    endloop
  endfacet
  facet normal 0.751842 -0.659343 0
    outer loop
      vertex 47.8867 -11.6175 1.6
      vertex 47.7142 -11.8142 6.6
      vertex 47.7142 -11.8142 1.6
    endloop
  endfacet
  facet normal 0.0653521 -0.997862 0
    outer loop
      vertex 46.3 -12.4 1.6
      vertex 46.5611 -12.3829 6.6
      vertex 46.3 -12.4 6.6
    endloop
  endfacet
  facet normal 0.0653521 -0.997862 0
    outer loop
      vertex 46.5611 -12.3829 6.6
      vertex 46.3 -12.4 1.6
      vertex 46.5611 -12.3829 1.6
    endloop
  endfacet
  facet normal 0.321382 -0.94695 0
    outer loop
      vertex 46.8176 -12.3319 1.6
      vertex 47.0654 -12.2478 6.6
      vertex 46.8176 -12.3319 6.6
    endloop
  endfacet
  facet normal 0.321382 -0.94695 0
    outer loop
      vertex 47.0654 -12.2478 6.6
      vertex 46.8176 -12.3319 1.6
      vertex 47.0654 -12.2478 1.6
    endloop
  endfacet
  facet normal -0.997862 -0.0653521 0
    outer loop
      vertex 44.3171 -10.6611 1.6
      vertex 44.3 -10.4 6.6
      vertex 44.3 -10.4 1.6
    endloop
  endfacet
  facet normal -0.997862 -0.0653521 0
    outer loop
      vertex 44.3 -10.4 6.6
      vertex 44.3171 -10.6611 1.6
      vertex 44.3171 -10.6611 6.6
    endloop
  endfacet
  facet normal -0.980801 -0.195013 0
    outer loop
      vertex 44.3681 -10.9176 1.6
      vertex 44.3171 -10.6611 6.6
      vertex 44.3171 -10.6611 1.6
    endloop
  endfacet
  facet normal -0.980801 -0.195013 0
    outer loop
      vertex 44.3171 -10.6611 6.6
      vertex 44.3681 -10.9176 1.6
      vertex 44.3681 -10.9176 6.6
    endloop
  endfacet
  facet normal -0.831344 -0.555758 0
    outer loop
      vertex 44.7133 -11.6175 1.6
      vertex 44.5679 -11.4 6.6
      vertex 44.5679 -11.4 1.6
    endloop
  endfacet
  facet normal -0.831344 -0.555758 0
    outer loop
      vertex 44.5679 -11.4 6.6
      vertex 44.7133 -11.6175 1.6
      vertex 44.7133 -11.6175 6.6
    endloop
  endfacet
  facet normal -0.0653521 -0.997862 0
    outer loop
      vertex 46.0389 -12.3829 1.6
      vertex 46.3 -12.4 6.6
      vertex 46.0389 -12.3829 6.6
    endloop
  endfacet
  facet normal -0.0653521 -0.997862 -0
    outer loop
      vertex 46.3 -12.4 6.6
      vertex 46.0389 -12.3829 1.6
      vertex 46.3 -12.4 1.6
    endloop
  endfacet
  facet normal -0.195013 -0.980801 0
    outer loop
      vertex 45.7824 -12.3319 1.6
      vertex 46.0389 -12.3829 6.6
      vertex 45.7824 -12.3319 6.6
    endloop
  endfacet
  facet normal -0.195013 -0.980801 -0
    outer loop
      vertex 46.0389 -12.3829 6.6
      vertex 45.7824 -12.3319 1.6
      vertex 46.0389 -12.3829 1.6
    endloop
  endfacet
  facet normal -0.659343 -0.751842 0
    outer loop
      vertex 44.8858 -11.8142 1.6
      vertex 45.0825 -11.9867 6.6
      vertex 44.8858 -11.8142 6.6
    endloop
  endfacet
  facet normal -0.659343 -0.751842 -0
    outer loop
      vertex 45.0825 -11.9867 6.6
      vertex 44.8858 -11.8142 1.6
      vertex 45.0825 -11.9867 1.6
    endloop
  endfacet
  facet normal 0.997862 -0.0653521 0
    outer loop
      vertex 48.2829 -10.6611 6.6
      vertex 48.3 -10.4 1.6
      vertex 48.3 -10.4 6.6
    endloop
  endfacet
  facet normal 0.997862 -0.0653521 0
    outer loop
      vertex 48.3 -10.4 1.6
      vertex 48.2829 -10.6611 6.6
      vertex 48.2829 -10.6611 1.6
    endloop
  endfacet
  facet normal 0.997862 0.0653521 0
    outer loop
      vertex 48.3 -10.4 6.6
      vertex 48.2829 -10.1389 1.6
      vertex 48.2829 -10.1389 6.6
    endloop
  endfacet
  facet normal 0.997862 0.0653521 0
    outer loop
      vertex 48.2829 -10.1389 1.6
      vertex 48.3 -10.4 6.6
      vertex 48.3 -10.4 1.6
    endloop
  endfacet
  facet normal 0.19516 0.980771 -0
    outer loop
      vertex 46.8176 -8.46815 1.6
      vertex 46.5611 -8.41711 6.6
      vertex 46.8176 -8.46815 6.6
    endloop
  endfacet
  facet normal 0.19516 0.980771 0
    outer loop
      vertex 46.5611 -8.41711 6.6
      vertex 46.8176 -8.46815 1.6
      vertex 46.5611 -8.41711 1.6
    endloop
  endfacet
  facet normal 0.89686 -0.442314 0
    outer loop
      vertex 48.0321 -11.4 6.6
      vertex 48.1478 -11.1654 1.6
      vertex 48.1478 -11.1654 6.6
    endloop
  endfacet
  facet normal 0.89686 -0.442314 0
    outer loop
      vertex 48.1478 -11.1654 1.6
      vertex 48.0321 -11.4 6.6
      vertex 48.0321 -11.4 1.6
    endloop
  endfacet
  facet normal 0.947066 -0.321039 0
    outer loop
      vertex 48.1478 -11.1654 6.6
      vertex 48.2318 -10.9176 1.6
      vertex 48.2318 -10.9176 6.6
    endloop
  endfacet
  facet normal 0.947066 -0.321039 0
    outer loop
      vertex 48.2318 -10.9176 1.6
      vertex 48.1478 -11.1654 6.6
      vertex 48.1478 -11.1654 1.6
    endloop
  endfacet
  facet normal 0.980727 -0.195381 0
    outer loop
      vertex 48.2318 -10.9176 6.6
      vertex 48.2829 -10.6611 1.6
      vertex 48.2829 -10.6611 6.6
    endloop
  endfacet
  facet normal 0.980727 -0.195381 0
    outer loop
      vertex 48.2829 -10.6611 1.6
      vertex 48.2318 -10.9176 6.6
      vertex 48.2318 -10.9176 1.6
    endloop
  endfacet
  facet normal 0.980733 0.195351 0
    outer loop
      vertex 48.2829 -10.1389 6.6
      vertex 48.2318 -9.88236 1.6
      vertex 48.2318 -9.88236 6.6
    endloop
  endfacet
  facet normal 0.980733 0.195351 0
    outer loop
      vertex 48.2318 -9.88236 1.6
      vertex 48.2829 -10.1389 6.6
      vertex 48.2829 -10.1389 1.6
    endloop
  endfacet
  facet normal 0.659343 0.751842 -0
    outer loop
      vertex 47.7142 -8.98579 1.6
      vertex 47.5175 -8.81329 6.6
      vertex 47.7142 -8.98579 6.6
    endloop
  endfacet
  facet normal 0.659343 0.751842 0
    outer loop
      vertex 47.5175 -8.81329 6.6
      vertex 47.7142 -8.98579 1.6
      vertex 47.5175 -8.81329 1.6
    endloop
  endfacet
  facet normal 0.831368 0.555723 0
    outer loop
      vertex 48.0321 -9.4 6.6
      vertex 47.8867 -9.18248 1.6
      vertex 47.8867 -9.18248 6.6
    endloop
  endfacet
  facet normal 0.831368 0.555723 0
    outer loop
      vertex 47.8867 -9.18248 1.6
      vertex 48.0321 -9.4 6.6
      vertex 48.0321 -9.4 1.6
    endloop
  endfacet
  facet normal 0.896883 0.442268 0
    outer loop
      vertex 48.1478 -9.63463 6.6
      vertex 48.0321 -9.4 1.6
      vertex 48.0321 -9.4 6.6
    endloop
  endfacet
  facet normal 0.896883 0.442268 0
    outer loop
      vertex 48.0321 -9.4 1.6
      vertex 48.1478 -9.63463 6.6
      vertex 48.1478 -9.63463 1.6
    endloop
  endfacet
  facet normal -0.321348 0.946961 0
    outer loop
      vertex 45.7824 -8.46815 1.6
      vertex 45.5346 -8.55224 6.6
      vertex 45.7824 -8.46815 6.6
    endloop
  endfacet
  facet normal -0.321348 0.946961 0
    outer loop
      vertex 45.5346 -8.55224 6.6
      vertex 45.7824 -8.46815 1.6
      vertex 45.5346 -8.55224 1.6
    endloop
  endfacet
  facet normal -0.997862 0.0653521 0
    outer loop
      vertex 44.3 -10.4 1.6
      vertex 44.3171 -10.1389 6.6
      vertex 44.3171 -10.1389 1.6
    endloop
  endfacet
  facet normal -0.997862 0.0653521 0
    outer loop
      vertex 44.3171 -10.1389 6.6
      vertex 44.3 -10.4 1.6
      vertex 44.3 -10.4 6.6
    endloop
  endfacet
  facet normal -0.896883 0.442268 0
    outer loop
      vertex 44.4522 -9.63463 1.6
      vertex 44.5679 -9.4 6.6
      vertex 44.5679 -9.4 1.6
    endloop
  endfacet
  facet normal -0.896883 0.442268 0
    outer loop
      vertex 44.5679 -9.4 6.6
      vertex 44.4522 -9.63463 1.6
      vertex 44.4522 -9.63463 6.6
    endloop
  endfacet
  facet normal -0.946922 0.321463 0
    outer loop
      vertex 44.3681 -9.88236 1.6
      vertex 44.4522 -9.63463 6.6
      vertex 44.4522 -9.63463 1.6
    endloop
  endfacet
  facet normal -0.946922 0.321463 0
    outer loop
      vertex 44.4522 -9.63463 6.6
      vertex 44.3681 -9.88236 1.6
      vertex 44.3681 -9.88236 6.6
    endloop
  endfacet
  facet normal -0.659343 0.751842 0
    outer loop
      vertex 45.0825 -8.81329 1.6
      vertex 44.8858 -8.98579 6.6
      vertex 45.0825 -8.81329 6.6
    endloop
  endfacet
  facet normal -0.659343 0.751842 0
    outer loop
      vertex 44.8858 -8.98579 6.6
      vertex 45.0825 -8.81329 1.6
      vertex 44.8858 -8.98579 1.6
    endloop
  endfacet
  facet normal 0.947038 0.321121 0
    outer loop
      vertex 48.2318 -9.88236 6.6
      vertex 48.1478 -9.63463 1.6
      vertex 48.1478 -9.63463 6.6
    endloop
  endfacet
  facet normal 0.947038 0.321121 0
    outer loop
      vertex 48.1478 -9.63463 1.6
      vertex 48.2318 -9.88236 6.6
      vertex 48.2318 -9.88236 1.6
    endloop
  endfacet
  facet normal -0.5556 0.83145 0
    outer loop
      vertex 45.3 -8.66795 1.6
      vertex 45.0825 -8.81329 6.6
      vertex 45.3 -8.66795 6.6
    endloop
  endfacet
  facet normal -0.5556 0.83145 0
    outer loop
      vertex 45.0825 -8.81329 6.6
      vertex 45.3 -8.66795 1.6
      vertex 45.0825 -8.81329 1.6
    endloop
  endfacet
  facet normal 0.0653902 0.99786 -0
    outer loop
      vertex 46.5611 -8.41711 1.6
      vertex 46.3 -8.4 6.6
      vertex 46.5611 -8.41711 6.6
    endloop
  endfacet
  facet normal 0.0653902 0.99786 0
    outer loop
      vertex 46.3 -8.4 6.6
      vertex 46.5611 -8.41711 1.6
      vertex 46.3 -8.4 1.6
    endloop
  endfacet
  facet normal -0.0653902 0.99786 0
    outer loop
      vertex 46.3 -8.4 1.6
      vertex 46.0389 -8.41711 6.6
      vertex 46.3 -8.4 6.6
    endloop
  endfacet
  facet normal -0.0653902 0.99786 0
    outer loop
      vertex 46.0389 -8.41711 6.6
      vertex 46.3 -8.4 1.6
      vertex 46.0389 -8.41711 1.6
    endloop
  endfacet
  facet normal -0.19516 0.980771 0
    outer loop
      vertex 46.0389 -8.41711 1.6
      vertex 45.7824 -8.46815 6.6
      vertex 46.0389 -8.41711 6.6
    endloop
  endfacet
  facet normal -0.19516 0.980771 0
    outer loop
      vertex 45.7824 -8.46815 6.6
      vertex 46.0389 -8.41711 1.6
      vertex 45.7824 -8.46815 1.6
    endloop
  endfacet
  facet normal 0 0 1
    outer loop
      vertex 48.2829 -10.1389 6.6
      vertex 47.2659 -10.1412 6.6
      vertex 47.3 -10.4 6.6
    endloop
  endfacet
  facet normal 0 0 1
    outer loop
      vertex 47.5175 -8.81329 6.6
      vertex 47.166 -9.9 6.6
      vertex 47.2659 -10.1412 6.6
    endloop
  endfacet
  facet normal 0 0 1
    outer loop
      vertex 46.8 -9.53397 6.6
      vertex 47.3 -8.66795 6.6
      vertex 47.0654 -8.55224 6.6
    endloop
  endfacet
  facet normal 0 0 1
    outer loop
      vertex 47.5175 -8.81329 6.6
      vertex 47.0071 -9.69289 6.6
      vertex 47.166 -9.9 6.6
    endloop
  endfacet
  facet normal 0 0 1
    outer loop
      vertex 46.5588 -9.43407 6.6
      vertex 47.0654 -8.55224 6.6
      vertex 46.8176 -8.46815 6.6
    endloop
  endfacet
  facet normal 0 0 1
    outer loop
      vertex 47.5175 -8.81329 6.6
      vertex 46.8 -9.53397 6.6
      vertex 47.0071 -9.69289 6.6
    endloop
  endfacet
  facet normal 0 0 1
    outer loop
      vertex 46.5588 -9.43407 6.6
      vertex 46.8176 -8.46815 6.6
      vertex 46.5611 -8.41711 6.6
    endloop
  endfacet
  facet normal 0 0 1
    outer loop
      vertex 47.0654 -8.55224 6.6
      vertex 46.5588 -9.43407 6.6
      vertex 46.8 -9.53397 6.6
    endloop
  endfacet
  facet normal 0 0 1
    outer loop
      vertex 46.3 -9.4 6.6
      vertex 46.5611 -8.41711 6.6
      vertex 46.3 -8.4 6.6
    endloop
  endfacet
  facet normal 0 0 1
    outer loop
      vertex 46.5611 -8.41711 6.6
      vertex 46.3 -9.4 6.6
      vertex 46.5588 -9.43407 6.6
    endloop
  endfacet
  facet normal -0 0 1
    outer loop
      vertex 46.0389 -8.41711 6.6
      vertex 46.3 -9.4 6.6
      vertex 46.3 -8.4 6.6
    endloop
  endfacet
  facet normal 0 0 1
    outer loop
      vertex 46.3 -9.4 6.6
      vertex 46.0389 -8.41711 6.6
      vertex 46.0412 -9.43407 6.6
    endloop
  endfacet
  facet normal -0 0 1
    outer loop
      vertex 45.7824 -8.46815 6.6
      vertex 46.0412 -9.43407 6.6
      vertex 46.0389 -8.41711 6.6
    endloop
  endfacet
  facet normal -0 0 1
    outer loop
      vertex 45.5346 -8.55224 6.6
      vertex 46.0412 -9.43407 6.6
      vertex 45.7824 -8.46815 6.6
    endloop
  endfacet
  facet normal 0 0 1
    outer loop
      vertex 46.0412 -9.43407 6.6
      vertex 45.5346 -8.55224 6.6
      vertex 45.8 -9.53397 6.6
    endloop
  endfacet
  facet normal -0 0 1
    outer loop
      vertex 45.3 -8.66795 6.6
      vertex 45.8 -9.53397 6.6
      vertex 45.5346 -8.55224 6.6
    endloop
  endfacet
  facet normal -0 0 1
    outer loop
      vertex 45.0825 -8.81329 6.6
      vertex 45.8 -9.53397 6.6
      vertex 45.3 -8.66795 6.6
    endloop
  endfacet
  facet normal 0 0 1
    outer loop
      vertex 45.8 -9.53397 6.6
      vertex 45.0825 -8.81329 6.6
      vertex 45.5929 -9.69289 6.6
    endloop
  endfacet
  facet normal -0 0 1
    outer loop
      vertex 44.8858 -8.98579 6.6
      vertex 45.5929 -9.69289 6.6
      vertex 45.0825 -8.81329 6.6
    endloop
  endfacet
  facet normal -0 0 1
    outer loop
      vertex 44.7133 -9.18248 6.6
      vertex 45.5929 -9.69289 6.6
      vertex 44.8858 -8.98579 6.6
    endloop
  endfacet
  facet normal 0 0 1
    outer loop
      vertex 45.5929 -9.69289 6.6
      vertex 44.7133 -9.18248 6.6
      vertex 45.434 -9.9 6.6
    endloop
  endfacet
  facet normal -0 0 1
    outer loop
      vertex 44.5679 -9.4 6.6
      vertex 45.434 -9.9 6.6
      vertex 44.7133 -9.18248 6.6
    endloop
  endfacet
  facet normal 0 0 1
    outer loop
      vertex 45.3 -10.4 6.6
      vertex 45.0825 -11.9867 6.6
      vertex 45.3 -12.1321 6.6
    endloop
  endfacet
  facet normal -0 0 1
    outer loop
      vertex 44.4522 -9.63463 6.6
      vertex 45.434 -9.9 6.6
      vertex 44.5679 -9.4 6.6
    endloop
  endfacet
  facet normal 0 0 1
    outer loop
      vertex 45.3 -10.4 6.6
      vertex 44.8858 -11.8142 6.6
      vertex 45.0825 -11.9867 6.6
    endloop
  endfacet
  facet normal 0 0 1
    outer loop
      vertex 45.434 -9.9 6.6
      vertex 44.4522 -9.63463 6.6
      vertex 45.3341 -10.1412 6.6
    endloop
  endfacet
  facet normal 0 0 1
    outer loop
      vertex 45.3 -10.4 6.6
      vertex 44.7133 -11.6175 6.6
      vertex 44.8858 -11.8142 6.6
    endloop
  endfacet
  facet normal -0 0 1
    outer loop
      vertex 44.3681 -9.88236 6.6
      vertex 45.3341 -10.1412 6.6
      vertex 44.4522 -9.63463 6.6
    endloop
  endfacet
  facet normal 0 0 1
    outer loop
      vertex 45.3 -10.4 6.6
      vertex 44.5679 -11.4 6.6
      vertex 44.7133 -11.6175 6.6
    endloop
  endfacet
  facet normal -0 0 1
    outer loop
      vertex 44.3171 -10.1389 6.6
      vertex 45.3341 -10.1412 6.6
      vertex 44.3681 -9.88236 6.6
    endloop
  endfacet
  facet normal 0 0 1
    outer loop
      vertex 45.3 -10.4 6.6
      vertex 44.4522 -11.1654 6.6
      vertex 44.5679 -11.4 6.6
    endloop
  endfacet
  facet normal 0 0 1
    outer loop
      vertex 45.3341 -10.1412 6.6
      vertex 44.3171 -10.1389 6.6
      vertex 45.3 -10.4 6.6
    endloop
  endfacet
  facet normal 0 0 1
    outer loop
      vertex 45.3 -10.4 6.6
      vertex 44.3681 -10.9176 6.6
      vertex 44.4522 -11.1654 6.6
    endloop
  endfacet
  facet normal 0 0 1
    outer loop
      vertex 44.3 -10.4 6.6
      vertex 45.3 -10.4 6.6
      vertex 44.3171 -10.1389 6.6
    endloop
  endfacet
  facet normal 0 0 1
    outer loop
      vertex 45.3 -10.4 6.6
      vertex 44.3171 -10.6611 6.6
      vertex 44.3681 -10.9176 6.6
    endloop
  endfacet
  facet normal 0 0 1
    outer loop
      vertex 45.3 -10.4 6.6
      vertex 44.3 -10.4 6.6
      vertex 44.3171 -10.6611 6.6
    endloop
  endfacet
  facet normal 0 0 1
    outer loop
      vertex 47.3 -10.4 6.6
      vertex 48.3 -10.4 6.6
      vertex 48.2829 -10.1389 6.6
    endloop
  endfacet
  facet normal 0 0 1
    outer loop
      vertex 47.2659 -10.1412 6.6
      vertex 48.2829 -10.1389 6.6
      vertex 48.2318 -9.88236 6.6
    endloop
  endfacet
  facet normal 0 0 1
    outer loop
      vertex 48.3 -10.4 6.6
      vertex 47.3 -10.4 6.6
      vertex 48.2829 -10.6611 6.6
    endloop
  endfacet
  facet normal 0 0 1
    outer loop
      vertex 47.2659 -10.1412 6.6
      vertex 48.2318 -9.88236 6.6
      vertex 48.1478 -9.63463 6.6
    endloop
  endfacet
  facet normal -0 0 1
    outer loop
      vertex 47.2659 -10.6588 6.6
      vertex 48.2829 -10.6611 6.6
      vertex 47.3 -10.4 6.6
    endloop
  endfacet
  facet normal 0 0 1
    outer loop
      vertex 47.2659 -10.1412 6.6
      vertex 48.1478 -9.63463 6.6
      vertex 48.0321 -9.4 6.6
    endloop
  endfacet
  facet normal 0 0 1
    outer loop
      vertex 48.2829 -10.6611 6.6
      vertex 47.2659 -10.6588 6.6
      vertex 48.2318 -10.9176 6.6
    endloop
  endfacet
  facet normal 0 0 1
    outer loop
      vertex 47.2659 -10.1412 6.6
      vertex 48.0321 -9.4 6.6
      vertex 47.8867 -9.18248 6.6
    endloop
  endfacet
  facet normal 0 0 1
    outer loop
      vertex 48.2318 -10.9176 6.6
      vertex 47.2659 -10.6588 6.6
      vertex 48.1478 -11.1654 6.6
    endloop
  endfacet
  facet normal 0 0 1
    outer loop
      vertex 47.2659 -10.1412 6.6
      vertex 47.8867 -9.18248 6.6
      vertex 47.7142 -8.98579 6.6
    endloop
  endfacet
  facet normal -0 0 1
    outer loop
      vertex 47.166 -10.9 6.6
      vertex 48.1478 -11.1654 6.6
      vertex 47.2659 -10.6588 6.6
    endloop
  endfacet
  facet normal 0 0 1
    outer loop
      vertex 47.2659 -10.1412 6.6
      vertex 47.7142 -8.98579 6.6
      vertex 47.5175 -8.81329 6.6
    endloop
  endfacet
  facet normal 0 0 1
    outer loop
      vertex 48.1478 -11.1654 6.6
      vertex 47.166 -10.9 6.6
      vertex 48.0321 -11.4 6.6
    endloop
  endfacet
  facet normal 0 0 1
    outer loop
      vertex 46.8 -9.53397 6.6
      vertex 47.5175 -8.81329 6.6
      vertex 47.3 -8.66795 6.6
    endloop
  endfacet
  facet normal 0 0 1
    outer loop
      vertex 48.0321 -11.4 6.6
      vertex 47.166 -10.9 6.6
      vertex 47.8867 -11.6175 6.6
    endloop
  endfacet
  facet normal -0 0 1
    outer loop
      vertex 47.0071 -11.1071 6.6
      vertex 47.8867 -11.6175 6.6
      vertex 47.166 -10.9 6.6
    endloop
  endfacet
  facet normal 0 0 1
    outer loop
      vertex 47.8867 -11.6175 6.6
      vertex 47.0071 -11.1071 6.6
      vertex 47.7142 -11.8142 6.6
    endloop
  endfacet
  facet normal 0 0 1
    outer loop
      vertex 47.7142 -11.8142 6.6
      vertex 47.0071 -11.1071 6.6
      vertex 47.5175 -11.9867 6.6
    endloop
  endfacet
  facet normal -0 0 1
    outer loop
      vertex 46.8 -11.266 6.6
      vertex 47.5175 -11.9867 6.6
      vertex 47.0071 -11.1071 6.6
    endloop
  endfacet
  facet normal 0 0 1
    outer loop
      vertex 47.5175 -11.9867 6.6
      vertex 46.8 -11.266 6.6
      vertex 47.3 -12.1321 6.6
    endloop
  endfacet
  facet normal 0 0 1
    outer loop
      vertex 47.3 -12.1321 6.6
      vertex 46.8 -11.266 6.6
      vertex 47.0654 -12.2478 6.6
    endloop
  endfacet
  facet normal -0 0 1
    outer loop
      vertex 46.5588 -11.3659 6.6
      vertex 47.0654 -12.2478 6.6
      vertex 46.8 -11.266 6.6
    endloop
  endfacet
  facet normal 0 0 1
    outer loop
      vertex 47.0654 -12.2478 6.6
      vertex 46.5588 -11.3659 6.6
      vertex 46.8176 -12.3319 6.6
    endloop
  endfacet
  facet normal 0 0 1
    outer loop
      vertex 46.8176 -12.3319 6.6
      vertex 46.5588 -11.3659 6.6
      vertex 46.5611 -12.3829 6.6
    endloop
  endfacet
  facet normal -0 0 1
    outer loop
      vertex 46.3 -11.4 6.6
      vertex 46.5611 -12.3829 6.6
      vertex 46.5588 -11.3659 6.6
    endloop
  endfacet
  facet normal 0 0 1
    outer loop
      vertex 46.3 -11.4 6.6
      vertex 46.3 -12.4 6.6
      vertex 46.5611 -12.3829 6.6
    endloop
  endfacet
  facet normal 0 0 1
    outer loop
      vertex 46.0389 -12.3829 6.6
      vertex 46.3 -11.4 6.6
      vertex 46.0412 -11.3659 6.6
    endloop
  endfacet
  facet normal 0 0 1
    outer loop
      vertex 46.3 -11.4 6.6
      vertex 46.0389 -12.3829 6.6
      vertex 46.3 -12.4 6.6
    endloop
  endfacet
  facet normal 0 0 1
    outer loop
      vertex 45.5346 -12.2478 6.6
      vertex 46.0412 -11.3659 6.6
      vertex 45.8 -11.266 6.6
    endloop
  endfacet
  facet normal 0 0 1
    outer loop
      vertex 46.0412 -11.3659 6.6
      vertex 45.7824 -12.3319 6.6
      vertex 46.0389 -12.3829 6.6
    endloop
  endfacet
  facet normal 0 0 1
    outer loop
      vertex 45.3 -12.1321 6.6
      vertex 45.8 -11.266 6.6
      vertex 45.5929 -11.1071 6.6
    endloop
  endfacet
  facet normal 0 0 1
    outer loop
      vertex 46.0412 -11.3659 6.6
      vertex 45.5346 -12.2478 6.6
      vertex 45.7824 -12.3319 6.6
    endloop
  endfacet
  facet normal 0 0 1
    outer loop
      vertex 45.3 -12.1321 6.6
      vertex 45.5929 -11.1071 6.6
      vertex 45.434 -10.9 6.6
    endloop
  endfacet
  facet normal 0 0 1
    outer loop
      vertex 45.3 -12.1321 6.6
      vertex 45.434 -10.9 6.6
      vertex 45.3341 -10.6588 6.6
    endloop
  endfacet
  facet normal 0 0 1
    outer loop
      vertex 45.3 -12.1321 6.6
      vertex 45.3341 -10.6588 6.6
      vertex 45.3 -10.4 6.6
    endloop
  endfacet
  facet normal 0 0 1
    outer loop
      vertex 45.8 -11.266 6.6
      vertex 45.3 -12.1321 6.6
      vertex 45.5346 -12.2478 6.6
    endloop
  endfacet
  facet normal -0.980806 0.194984 0
    outer loop
      vertex 44.3171 -10.1389 1.6
      vertex 44.3681 -9.88236 6.6
      vertex 44.3681 -9.88236 1.6
    endloop
  endfacet
  facet normal -0.980806 0.194984 0
    outer loop
      vertex 44.3681 -9.88236 6.6
      vertex 44.3171 -10.1389 1.6
      vertex 44.3171 -10.1389 6.6
    endloop
  endfacet
  facet normal -0.831368 0.555723 0
    outer loop
      vertex 44.5679 -9.4 1.6
      vertex 44.7133 -9.18248 6.6
      vertex 44.7133 -9.18248 1.6
    endloop
  endfacet
  facet normal -0.831368 0.555723 0
    outer loop
      vertex 44.7133 -9.18248 6.6
      vertex 44.5679 -9.4 1.6
      vertex 44.5679 -9.4 6.6
    endloop
  endfacet
  facet normal 0.751826 0.659362 0
    outer loop
      vertex 47.8867 -9.18248 6.6
      vertex 47.7142 -8.98579 1.6
      vertex 47.7142 -8.98579 6.6
    endloop
  endfacet
  facet normal 0.751826 0.659362 0
    outer loop
      vertex 47.7142 -8.98579 1.6
      vertex 47.8867 -9.18248 6.6
      vertex 47.8867 -9.18248 1.6
    endloop
  endfacet
  facet normal -0.442344 0.896845 0
    outer loop
      vertex 45.5346 -8.55224 1.6
      vertex 45.3 -8.66795 6.6
      vertex 45.5346 -8.55224 6.6
    endloop
  endfacet
  facet normal -0.442344 0.896845 0
    outer loop
      vertex 45.3 -8.66795 6.6
      vertex 45.5346 -8.55224 1.6
      vertex 45.3 -8.66795 1.6
    endloop
  endfacet
  facet normal -0.751826 0.659362 0
    outer loop
      vertex 44.7133 -9.18248 1.6
      vertex 44.8858 -8.98579 6.6
      vertex 44.8858 -8.98579 1.6
    endloop
  endfacet
  facet normal -0.751826 0.659362 0
    outer loop
      vertex 44.8858 -8.98579 6.6
      vertex 44.7133 -9.18248 1.6
      vertex 44.7133 -9.18248 6.6
    endloop
  endfacet
  facet normal -0.987689 0.15643 0
    outer loop
      vertex 4.3084 -3.76266 1
      vertex 4.35 -3.5 9.1
      vertex 4.35 -3.5 1
    endloop
  endfacet
  facet normal -0.987689 0.15643 0
    outer loop
      vertex 4.35 -3.5 9.1
      vertex 4.3084 -3.76266 1
      vertex 4.3084 -3.76266 9.1
    endloop
  endfacet
  facet normal 0.891002 -0.453999 0
    outer loop
      vertex 2.6916 -3.23734 9.1
      vertex 2.81234 -3.00038 1
      vertex 2.81234 -3.00038 9.1
    endloop
  endfacet
  facet normal 0.891002 -0.453999 0
    outer loop
      vertex 2.81234 -3.00038 1
      vertex 2.6916 -3.23734 9.1
      vertex 2.6916 -3.23734 1
    endloop
  endfacet
  facet normal 0.15643 0.987689 -0
    outer loop
      vertex 3.5 -4.35 1
      vertex 3.23734 -4.3084 9.1
      vertex 3.5 -4.35 9.1
    endloop
  endfacet
  facet normal 0.15643 0.987689 0
    outer loop
      vertex 3.23734 -4.3084 9.1
      vertex 3.5 -4.35 1
      vertex 3.23734 -4.3084 1
    endloop
  endfacet
  facet normal 0.987689 -0.15643 0
    outer loop
      vertex 2.65 -3.5 9.1
      vertex 2.6916 -3.23734 1
      vertex 2.6916 -3.23734 9.1
    endloop
  endfacet
  facet normal 0.987689 -0.15643 0
    outer loop
      vertex 2.6916 -3.23734 1
      vertex 2.65 -3.5 9.1
      vertex 2.65 -3.5 1
    endloop
  endfacet
  facet normal -0.707107 0.707107 0
    outer loop
      vertex 3.99962 -4.18766 1
      vertex 4.18766 -3.99962 9.1
      vertex 4.18766 -3.99962 1
    endloop
  endfacet
  facet normal -0.707107 0.707107 0
    outer loop
      vertex 4.18766 -3.99962 9.1
      vertex 3.99962 -4.18766 1
      vertex 3.99962 -4.18766 9.1
    endloop
  endfacet
  facet normal -0.891002 0.453999 0
    outer loop
      vertex 4.18766 -3.99962 1
      vertex 4.3084 -3.76266 9.1
      vertex 4.3084 -3.76266 1
    endloop
  endfacet
  facet normal -0.891002 0.453999 0
    outer loop
      vertex 4.3084 -3.76266 9.1
      vertex 4.18766 -3.99962 1
      vertex 4.18766 -3.99962 9.1
    endloop
  endfacet
  facet normal -0.15643 0.987689 0
    outer loop
      vertex 3.76266 -4.3084 1
      vertex 3.5 -4.35 9.1
      vertex 3.76266 -4.3084 9.1
    endloop
  endfacet
  facet normal -0.15643 0.987689 0
    outer loop
      vertex 3.5 -4.35 9.1
      vertex 3.76266 -4.3084 1
      vertex 3.5 -4.35 1
    endloop
  endfacet
  facet normal 0.453999 0.891002 -0
    outer loop
      vertex 3.23734 -4.3084 1
      vertex 3.00038 -4.18766 9.1
      vertex 3.23734 -4.3084 9.1
    endloop
  endfacet
  facet normal 0.453999 0.891002 0
    outer loop
      vertex 3.00038 -4.18766 9.1
      vertex 3.23734 -4.3084 1
      vertex 3.00038 -4.18766 1
    endloop
  endfacet
  facet normal 0.987689 0.15643 0
    outer loop
      vertex 2.6916 -3.76266 9.1
      vertex 2.65 -3.5 1
      vertex 2.65 -3.5 9.1
    endloop
  endfacet
  facet normal 0.987689 0.15643 0
    outer loop
      vertex 2.65 -3.5 1
      vertex 2.6916 -3.76266 9.1
      vertex 2.6916 -3.76266 1
    endloop
  endfacet
  facet normal 0.707107 0.707107 0
    outer loop
      vertex 3.00038 -4.18766 9.1
      vertex 2.81234 -3.99962 1
      vertex 2.81234 -3.99962 9.1
    endloop
  endfacet
  facet normal 0.707107 0.707107 0
    outer loop
      vertex 2.81234 -3.99962 1
      vertex 3.00038 -4.18766 9.1
      vertex 3.00038 -4.18766 1
    endloop
  endfacet
  facet normal -0.453999 0.891002 0
    outer loop
      vertex 3.99962 -4.18766 1
      vertex 3.76266 -4.3084 9.1
      vertex 3.99962 -4.18766 9.1
    endloop
  endfacet
  facet normal -0.453999 0.891002 0
    outer loop
      vertex 3.76266 -4.3084 9.1
      vertex 3.99962 -4.18766 1
      vertex 3.76266 -4.3084 1
    endloop
  endfacet
  facet normal 0 0 1
    outer loop
      vertex 4.3084 -3.23734 1
      vertex 4.3084 -3.76266 1
      vertex 4.35 -3.5 1
    endloop
  endfacet
  facet normal 0 0 1
    outer loop
      vertex 4.18766 -3.00038 1
      vertex 4.3084 -3.76266 1
      vertex 4.3084 -3.23734 1
    endloop
  endfacet
  facet normal 0 0 1
    outer loop
      vertex 4.18766 -3.00038 1
      vertex 4.18766 -3.99962 1
      vertex 4.3084 -3.76266 1
    endloop
  endfacet
  facet normal 0 0 1
    outer loop
      vertex 3.99962 -2.81234 1
      vertex 4.18766 -3.99962 1
      vertex 4.18766 -3.00038 1
    endloop
  endfacet
  facet normal 0 0 1
    outer loop
      vertex 3.99962 -2.81234 1
      vertex 3.99962 -4.18766 1
      vertex 4.18766 -3.99962 1
    endloop
  endfacet
  facet normal 0 0 1
    outer loop
      vertex 3.76266 -2.6916 1
      vertex 3.99962 -4.18766 1
      vertex 3.99962 -2.81234 1
    endloop
  endfacet
  facet normal 0 0 1
    outer loop
      vertex 3.76266 -2.6916 1
      vertex 3.76266 -4.3084 1
      vertex 3.99962 -4.18766 1
    endloop
  endfacet
  facet normal 0 0 1
    outer loop
      vertex 3.5 -2.65 1
      vertex 3.76266 -4.3084 1
      vertex 3.76266 -2.6916 1
    endloop
  endfacet
  facet normal 0 0 1
    outer loop
      vertex 3.5 -2.65 1
      vertex 3.5 -4.35 1
      vertex 3.76266 -4.3084 1
    endloop
  endfacet
  facet normal -0 0 1
    outer loop
      vertex 3.23734 -2.6916 1
      vertex 3.5 -4.35 1
      vertex 3.5 -2.65 1
    endloop
  endfacet
  facet normal 0 0 1
    outer loop
      vertex 3.23734 -2.6916 1
      vertex 3.23734 -4.3084 1
      vertex 3.5 -4.35 1
    endloop
  endfacet
  facet normal -0 0 1
    outer loop
      vertex 3.00038 -2.81234 1
      vertex 3.23734 -4.3084 1
      vertex 3.23734 -2.6916 1
    endloop
  endfacet
  facet normal 0 0 1
    outer loop
      vertex 3.00038 -2.81234 1
      vertex 3.00038 -4.18766 1
      vertex 3.23734 -4.3084 1
    endloop
  endfacet
  facet normal -0 0 1
    outer loop
      vertex 2.81234 -3.00038 1
      vertex 3.00038 -4.18766 1
      vertex 3.00038 -2.81234 1
    endloop
  endfacet
  facet normal 0 0 1
    outer loop
      vertex 2.81234 -3.00038 1
      vertex 2.81234 -3.99962 1
      vertex 3.00038 -4.18766 1
    endloop
  endfacet
  facet normal -0 0 1
    outer loop
      vertex 2.6916 -3.23734 1
      vertex 2.81234 -3.99962 1
      vertex 2.81234 -3.00038 1
    endloop
  endfacet
  facet normal 0 0 1
    outer loop
      vertex 2.6916 -3.23734 1
      vertex 2.6916 -3.76266 1
      vertex 2.81234 -3.99962 1
    endloop
  endfacet
  facet normal 0 -0 1
    outer loop
      vertex 2.6916 -3.76266 1
      vertex 2.6916 -3.23734 1
      vertex 2.65 -3.5 1
    endloop
  endfacet
  facet normal 0.891002 0.453999 0
    outer loop
      vertex 2.81234 -3.99962 9.1
      vertex 2.6916 -3.76266 1
      vertex 2.6916 -3.76266 9.1
    endloop
  endfacet
  facet normal 0.891002 0.453999 0
    outer loop
      vertex 2.6916 -3.76266 1
      vertex 2.81234 -3.99962 9.1
      vertex 2.81234 -3.99962 1
    endloop
  endfacet
  facet normal -0.891002 -0.453999 0
    outer loop
      vertex 4.3084 -3.23734 1
      vertex 4.18766 -3.00038 9.1
      vertex 4.18766 -3.00038 1
    endloop
  endfacet
  facet normal -0.891002 -0.453999 0
    outer loop
      vertex 4.18766 -3.00038 9.1
      vertex 4.3084 -3.23734 1
      vertex 4.3084 -3.23734 9.1
    endloop
  endfacet
  facet normal 0.453999 -0.891002 0
    outer loop
      vertex 3.00038 -2.81234 1
      vertex 3.23734 -2.6916 9.1
      vertex 3.00038 -2.81234 9.1
    endloop
  endfacet
  facet normal 0.453999 -0.891002 0
    outer loop
      vertex 3.23734 -2.6916 9.1
      vertex 3.00038 -2.81234 1
      vertex 3.23734 -2.6916 1
    endloop
  endfacet
  facet normal 0.707107 -0.707107 0
    outer loop
      vertex 2.81234 -3.00038 9.1
      vertex 3.00038 -2.81234 1
      vertex 3.00038 -2.81234 9.1
    endloop
  endfacet
  facet normal 0.707107 -0.707107 0
    outer loop
      vertex 3.00038 -2.81234 1
      vertex 2.81234 -3.00038 9.1
      vertex 2.81234 -3.00038 1
    endloop
  endfacet
  facet normal -0.453999 -0.891002 0
    outer loop
      vertex 3.76266 -2.6916 1
      vertex 3.99962 -2.81234 9.1
      vertex 3.76266 -2.6916 9.1
    endloop
  endfacet
  facet normal -0.453999 -0.891002 -0
    outer loop
      vertex 3.99962 -2.81234 9.1
      vertex 3.76266 -2.6916 1
      vertex 3.99962 -2.81234 1
    endloop
  endfacet
  facet normal -0.707107 -0.707107 0
    outer loop
      vertex 4.18766 -3.00038 1
      vertex 3.99962 -2.81234 9.1
      vertex 3.99962 -2.81234 1
    endloop
  endfacet
  facet normal -0.707107 -0.707107 0
    outer loop
      vertex 3.99962 -2.81234 9.1
      vertex 4.18766 -3.00038 1
      vertex 4.18766 -3.00038 9.1
    endloop
  endfacet
  facet normal -0.987689 -0.15643 0
    outer loop
      vertex 4.35 -3.5 1
      vertex 4.3084 -3.23734 9.1
      vertex 4.3084 -3.23734 1
    endloop
  endfacet
  facet normal -0.987689 -0.15643 0
    outer loop
      vertex 4.3084 -3.23734 9.1
      vertex 4.35 -3.5 1
      vertex 4.35 -3.5 9.1
    endloop
  endfacet
  facet normal -0.15643 -0.987689 0
    outer loop
      vertex 3.5 -2.65 1
      vertex 3.76266 -2.6916 9.1
      vertex 3.5 -2.65 9.1
    endloop
  endfacet
  facet normal -0.15643 -0.987689 -0
    outer loop
      vertex 3.76266 -2.6916 9.1
      vertex 3.5 -2.65 1
      vertex 3.76266 -2.6916 1
    endloop
  endfacet
  facet normal 0.15643 -0.987689 0
    outer loop
      vertex 3.23734 -2.6916 1
      vertex 3.5 -2.65 9.1
      vertex 3.23734 -2.6916 9.1
    endloop
  endfacet
  facet normal 0.15643 -0.987689 0
    outer loop
      vertex 3.5 -2.65 9.1
      vertex 3.23734 -2.6916 1
      vertex 3.5 -2.65 1
    endloop
  endfacet
  facet normal -0.987689 0.15643 0
    outer loop
      vertex 47.3084 -3.76266 1
      vertex 47.35 -3.5 9.1
      vertex 47.35 -3.5 1
    endloop
  endfacet
  facet normal -0.987689 0.15643 0
    outer loop
      vertex 47.35 -3.5 9.1
      vertex 47.3084 -3.76266 1
      vertex 47.3084 -3.76266 9.1
    endloop
  endfacet
  facet normal 0.891063 -0.45388 0
    outer loop
      vertex 45.6916 -3.23734 9.1
      vertex 45.8123 -3.00038 1
      vertex 45.8123 -3.00038 9.1
    endloop
  endfacet
  facet normal 0.891063 -0.45388 0
    outer loop
      vertex 45.8123 -3.00038 1
      vertex 45.6916 -3.23734 9.1
      vertex 45.6916 -3.23734 1
    endloop
  endfacet
  facet normal 0.156407 0.987693 -0
    outer loop
      vertex 46.5 -4.35 1
      vertex 46.2373 -4.3084 9.1
      vertex 46.5 -4.35 9.1
    endloop
  endfacet
  facet normal 0.156407 0.987693 0
    outer loop
      vertex 46.2373 -4.3084 9.1
      vertex 46.5 -4.35 1
      vertex 46.2373 -4.3084 1
    endloop
  endfacet
  facet normal 0.987689 -0.15643 0
    outer loop
      vertex 45.65 -3.5 9.1
      vertex 45.6916 -3.23734 1
      vertex 45.6916 -3.23734 9.1
    endloop
  endfacet
  facet normal 0.987689 -0.15643 0
    outer loop
      vertex 45.6916 -3.23734 1
      vertex 45.65 -3.5 9.1
      vertex 45.65 -3.5 1
    endloop
  endfacet
  facet normal -0.706994 0.70722 0
    outer loop
      vertex 46.9996 -4.18766 1
      vertex 47.1877 -3.99962 9.1
      vertex 47.1877 -3.99962 1
    endloop
  endfacet
  facet normal -0.706994 0.70722 0
    outer loop
      vertex 47.1877 -3.99962 9.1
      vertex 46.9996 -4.18766 1
      vertex 46.9996 -4.18766 9.1
    endloop
  endfacet
  facet normal -0.891063 0.45388 0
    outer loop
      vertex 47.1877 -3.99962 1
      vertex 47.3084 -3.76266 9.1
      vertex 47.3084 -3.76266 1
    endloop
  endfacet
  facet normal -0.891063 0.45388 0
    outer loop
      vertex 47.3084 -3.76266 9.1
      vertex 47.1877 -3.99962 1
      vertex 47.1877 -3.99962 9.1
    endloop
  endfacet
  facet normal -0.156407 0.987693 0
    outer loop
      vertex 46.7627 -4.3084 1
      vertex 46.5 -4.35 9.1
      vertex 46.7627 -4.3084 9.1
    endloop
  endfacet
  facet normal -0.156407 0.987693 0
    outer loop
      vertex 46.5 -4.35 9.1
      vertex 46.7627 -4.3084 1
      vertex 46.5 -4.35 1
    endloop
  endfacet
  facet normal 0.45409 0.890956 -0
    outer loop
      vertex 46.2373 -4.3084 1
      vertex 46.0004 -4.18766 9.1
      vertex 46.2373 -4.3084 9.1
    endloop
  endfacet
  facet normal 0.45409 0.890956 0
    outer loop
      vertex 46.0004 -4.18766 9.1
      vertex 46.2373 -4.3084 1
      vertex 46.0004 -4.18766 1
    endloop
  endfacet
  facet normal 0.987689 0.15643 0
    outer loop
      vertex 45.6916 -3.76266 9.1
      vertex 45.65 -3.5 1
      vertex 45.65 -3.5 9.1
    endloop
  endfacet
  facet normal 0.987689 0.15643 0
    outer loop
      vertex 45.65 -3.5 1
      vertex 45.6916 -3.76266 9.1
      vertex 45.6916 -3.76266 1
    endloop
  endfacet
  facet normal 0.706994 0.70722 0
    outer loop
      vertex 46.0004 -4.18766 9.1
      vertex 45.8123 -3.99962 1
      vertex 45.8123 -3.99962 9.1
    endloop
  endfacet
  facet normal 0.706994 0.70722 0
    outer loop
      vertex 45.8123 -3.99962 1
      vertex 46.0004 -4.18766 9.1
      vertex 46.0004 -4.18766 1
    endloop
  endfacet
  facet normal -0.45409 0.890956 0
    outer loop
      vertex 46.9996 -4.18766 1
      vertex 46.7627 -4.3084 9.1
      vertex 46.9996 -4.18766 9.1
    endloop
  endfacet
  facet normal -0.45409 0.890956 0
    outer loop
      vertex 46.7627 -4.3084 9.1
      vertex 46.9996 -4.18766 1
      vertex 46.7627 -4.3084 1
    endloop
  endfacet
  facet normal 0 0 1
    outer loop
      vertex 47.3084 -3.23734 1
      vertex 47.3084 -3.76266 1
      vertex 47.35 -3.5 1
    endloop
  endfacet
  facet normal 0 0 1
    outer loop
      vertex 47.1877 -3.00038 1
      vertex 47.3084 -3.76266 1
      vertex 47.3084 -3.23734 1
    endloop
  endfacet
  facet normal 0 0 1
    outer loop
      vertex 47.1877 -3.00038 1
      vertex 47.1877 -3.99962 1
      vertex 47.3084 -3.76266 1
    endloop
  endfacet
  facet normal 0 0 1
    outer loop
      vertex 46.9996 -2.81234 1
      vertex 47.1877 -3.99962 1
      vertex 47.1877 -3.00038 1
    endloop
  endfacet
  facet normal 0 0 1
    outer loop
      vertex 46.9996 -2.81234 1
      vertex 46.9996 -4.18766 1
      vertex 47.1877 -3.99962 1
    endloop
  endfacet
  facet normal 0 0 1
    outer loop
      vertex 46.7627 -2.6916 1
      vertex 46.9996 -4.18766 1
      vertex 46.9996 -2.81234 1
    endloop
  endfacet
  facet normal 0 0 1
    outer loop
      vertex 46.7627 -2.6916 1
      vertex 46.7627 -4.3084 1
      vertex 46.9996 -4.18766 1
    endloop
  endfacet
  facet normal 0 0 1
    outer loop
      vertex 46.5 -2.65 1
      vertex 46.7627 -4.3084 1
      vertex 46.7627 -2.6916 1
    endloop
  endfacet
  facet normal 0 0 1
    outer loop
      vertex 46.5 -2.65 1
      vertex 46.5 -4.35 1
      vertex 46.7627 -4.3084 1
    endloop
  endfacet
  facet normal -0 0 1
    outer loop
      vertex 46.2373 -2.6916 1
      vertex 46.5 -4.35 1
      vertex 46.5 -2.65 1
    endloop
  endfacet
  facet normal 0 0 1
    outer loop
      vertex 46.2373 -2.6916 1
      vertex 46.2373 -4.3084 1
      vertex 46.5 -4.35 1
    endloop
  endfacet
  facet normal -0 0 1
    outer loop
      vertex 46.0004 -2.81234 1
      vertex 46.2373 -4.3084 1
      vertex 46.2373 -2.6916 1
    endloop
  endfacet
  facet normal 0 0 1
    outer loop
      vertex 46.0004 -2.81234 1
      vertex 46.0004 -4.18766 1
      vertex 46.2373 -4.3084 1
    endloop
  endfacet
  facet normal -0 0 1
    outer loop
      vertex 45.8123 -3.00038 1
      vertex 46.0004 -4.18766 1
      vertex 46.0004 -2.81234 1
    endloop
  endfacet
  facet normal 0 0 1
    outer loop
      vertex 45.8123 -3.00038 1
      vertex 45.8123 -3.99962 1
      vertex 46.0004 -4.18766 1
    endloop
  endfacet
  facet normal -0 0 1
    outer loop
      vertex 45.6916 -3.23734 1
      vertex 45.8123 -3.99962 1
      vertex 45.8123 -3.00038 1
    endloop
  endfacet
  facet normal 0 0 1
    outer loop
      vertex 45.6916 -3.23734 1
      vertex 45.6916 -3.76266 1
      vertex 45.8123 -3.99962 1
    endloop
  endfacet
  facet normal 0 -0 1
    outer loop
      vertex 45.6916 -3.76266 1
      vertex 45.6916 -3.23734 1
      vertex 45.65 -3.5 1
    endloop
  endfacet
  facet normal 0.891063 0.45388 0
    outer loop
      vertex 45.8123 -3.99962 9.1
      vertex 45.6916 -3.76266 1
      vertex 45.6916 -3.76266 9.1
    endloop
  endfacet
  facet normal 0.891063 0.45388 0
    outer loop
      vertex 45.6916 -3.76266 1
      vertex 45.8123 -3.99962 9.1
      vertex 45.8123 -3.99962 1
    endloop
  endfacet
  facet normal -0.891063 -0.45388 0
    outer loop
      vertex 47.3084 -3.23734 1
      vertex 47.1877 -3.00038 9.1
      vertex 47.1877 -3.00038 1
    endloop
  endfacet
  facet normal -0.891063 -0.45388 0
    outer loop
      vertex 47.1877 -3.00038 9.1
      vertex 47.3084 -3.23734 1
      vertex 47.3084 -3.23734 9.1
    endloop
  endfacet
  facet normal 0.45409 -0.890956 0
    outer loop
      vertex 46.0004 -2.81234 1
      vertex 46.2373 -2.6916 9.1
      vertex 46.0004 -2.81234 9.1
    endloop
  endfacet
  facet normal 0.45409 -0.890956 0
    outer loop
      vertex 46.2373 -2.6916 9.1
      vertex 46.0004 -2.81234 1
      vertex 46.2373 -2.6916 1
    endloop
  endfacet
  facet normal 0.706994 -0.70722 0
    outer loop
      vertex 45.8123 -3.00038 9.1
      vertex 46.0004 -2.81234 1
      vertex 46.0004 -2.81234 9.1
    endloop
  endfacet
  facet normal 0.706994 -0.70722 0
    outer loop
      vertex 46.0004 -2.81234 1
      vertex 45.8123 -3.00038 9.1
      vertex 45.8123 -3.00038 1
    endloop
  endfacet
  facet normal -0.45409 -0.890956 0
    outer loop
      vertex 46.7627 -2.6916 1
      vertex 46.9996 -2.81234 9.1
      vertex 46.7627 -2.6916 9.1
    endloop
  endfacet
  facet normal -0.45409 -0.890956 -0
    outer loop
      vertex 46.9996 -2.81234 9.1
      vertex 46.7627 -2.6916 1
      vertex 46.9996 -2.81234 1
    endloop
  endfacet
  facet normal -0.706994 -0.70722 0
    outer loop
      vertex 47.1877 -3.00038 1
      vertex 46.9996 -2.81234 9.1
      vertex 46.9996 -2.81234 1
    endloop
  endfacet
  facet normal -0.706994 -0.70722 0
    outer loop
      vertex 46.9996 -2.81234 9.1
      vertex 47.1877 -3.00038 1
      vertex 47.1877 -3.00038 9.1
    endloop
  endfacet
  facet normal -0.987689 -0.15643 0
    outer loop
      vertex 47.35 -3.5 1
      vertex 47.3084 -3.23734 9.1
      vertex 47.3084 -3.23734 1
    endloop
  endfacet
  facet normal -0.987689 -0.15643 0
    outer loop
      vertex 47.3084 -3.23734 9.1
      vertex 47.35 -3.5 1
      vertex 47.35 -3.5 9.1
    endloop
  endfacet
  facet normal -0.156407 -0.987693 0
    outer loop
      vertex 46.5 -2.65 1
      vertex 46.7627 -2.6916 9.1
      vertex 46.5 -2.65 9.1
    endloop
  endfacet
  facet normal -0.156407 -0.987693 -0
    outer loop
      vertex 46.7627 -2.6916 9.1
      vertex 46.5 -2.65 1
      vertex 46.7627 -2.6916 1
    endloop
  endfacet
  facet normal 0.156407 -0.987693 0
    outer loop
      vertex 46.2373 -2.6916 1
      vertex 46.5 -2.65 9.1
      vertex 46.2373 -2.6916 9.1
    endloop
  endfacet
  facet normal 0.156407 -0.987693 0
    outer loop
      vertex 46.5 -2.65 9.1
      vertex 46.2373 -2.6916 1
      vertex 46.5 -2.65 1
    endloop
  endfacet
  facet normal -0.987693 0.156407 0
    outer loop
      vertex 2.3084 -70.7627 1
      vertex 2.35 -70.5 9
      vertex 2.35 -70.5 1
    endloop
  endfacet
  facet normal -0.987693 0.156407 0
    outer loop
      vertex 2.35 -70.5 9
      vertex 2.3084 -70.7627 1
      vertex 2.3084 -70.7627 9
    endloop
  endfacet
  facet normal 0.890966 -0.454069 0
    outer loop
      vertex 0.691602 -70.2373 9
      vertex 0.812335 -70.0004 1
      vertex 0.812335 -70.0004 9
    endloop
  endfacet
  facet normal 0.890966 -0.454069 0
    outer loop
      vertex 0.812335 -70.0004 1
      vertex 0.691602 -70.2373 9
      vertex 0.691602 -70.2373 1
    endloop
  endfacet
  facet normal 0.15643 0.987689 -0
    outer loop
      vertex 1.5 -71.35 1
      vertex 1.23734 -71.3084 9
      vertex 1.5 -71.35 9
    endloop
  endfacet
  facet normal 0.15643 0.987689 0
    outer loop
      vertex 1.23734 -71.3084 9
      vertex 1.5 -71.35 1
      vertex 1.23734 -71.3084 1
    endloop
  endfacet
  facet normal 0.987692 -0.156414 0
    outer loop
      vertex 0.65 -70.5 9
      vertex 0.691602 -70.2373 1
      vertex 0.691602 -70.2373 9
    endloop
  endfacet
  facet normal 0.987692 -0.156414 0
    outer loop
      vertex 0.691602 -70.2373 1
      vertex 0.65 -70.5 9
      vertex 0.65 -70.5 1
    endloop
  endfacet
  facet normal -0.70722 0.706994 0
    outer loop
      vertex 1.99962 -71.1877 1
      vertex 2.18766 -70.9996 9
      vertex 2.18766 -70.9996 1
    endloop
  endfacet
  facet normal -0.70722 0.706994 0
    outer loop
      vertex 2.18766 -70.9996 9
      vertex 1.99962 -71.1877 1
      vertex 1.99962 -71.1877 9
    endloop
  endfacet
  facet normal -0.890956 0.45409 0
    outer loop
      vertex 2.18766 -70.9996 1
      vertex 2.3084 -70.7627 9
      vertex 2.3084 -70.7627 1
    endloop
  endfacet
  facet normal -0.890956 0.45409 0
    outer loop
      vertex 2.3084 -70.7627 9
      vertex 2.18766 -70.9996 1
      vertex 2.18766 -70.9996 9
    endloop
  endfacet
  facet normal -0.15643 0.987689 0
    outer loop
      vertex 1.76266 -71.3084 1
      vertex 1.5 -71.35 9
      vertex 1.76266 -71.3084 9
    endloop
  endfacet
  facet normal -0.15643 0.987689 0
    outer loop
      vertex 1.5 -71.35 9
      vertex 1.76266 -71.3084 1
      vertex 1.5 -71.35 1
    endloop
  endfacet
  facet normal 0.45388 0.891063 -0
    outer loop
      vertex 1.23734 -71.3084 1
      vertex 1.00038 -71.1877 9
      vertex 1.23734 -71.3084 9
    endloop
  endfacet
  facet normal 0.45388 0.891063 0
    outer loop
      vertex 1.00038 -71.1877 9
      vertex 1.23734 -71.3084 1
      vertex 1.00038 -71.1877 1
    endloop
  endfacet
  facet normal 0.987692 0.156414 0
    outer loop
      vertex 0.691602 -70.7627 9
      vertex 0.65 -70.5 1
      vertex 0.65 -70.5 9
    endloop
  endfacet
  facet normal 0.987692 0.156414 0
    outer loop
      vertex 0.65 -70.5 1
      vertex 0.691602 -70.7627 9
      vertex 0.691602 -70.7627 1
    endloop
  endfacet
  facet normal 0.70721 0.707003 0
    outer loop
      vertex 1.00038 -71.1877 9
      vertex 0.812335 -70.9996 1
      vertex 0.812335 -70.9996 9
    endloop
  endfacet
  facet normal 0.70721 0.707003 0
    outer loop
      vertex 0.812335 -70.9996 1
      vertex 1.00038 -71.1877 9
      vertex 1.00038 -71.1877 1
    endloop
  endfacet
  facet normal -0.45388 0.891063 0
    outer loop
      vertex 1.99962 -71.1877 1
      vertex 1.76266 -71.3084 9
      vertex 1.99962 -71.1877 9
    endloop
  endfacet
  facet normal -0.45388 0.891063 0
    outer loop
      vertex 1.76266 -71.3084 9
      vertex 1.99962 -71.1877 1
      vertex 1.76266 -71.3084 1
    endloop
  endfacet
  facet normal 0.890966 0.454069 0
    outer loop
      vertex 0.812335 -70.9996 9
      vertex 0.691602 -70.7627 1
      vertex 0.691602 -70.7627 9
    endloop
  endfacet
  facet normal 0.890966 0.454069 0
    outer loop
      vertex 0.691602 -70.7627 1
      vertex 0.812335 -70.9996 9
      vertex 0.812335 -70.9996 1
    endloop
  endfacet
  facet normal -0.890956 -0.45409 0
    outer loop
      vertex 2.3084 -70.2373 1
      vertex 2.18766 -70.0004 9
      vertex 2.18766 -70.0004 1
    endloop
  endfacet
  facet normal -0.890956 -0.45409 0
    outer loop
      vertex 2.18766 -70.0004 9
      vertex 2.3084 -70.2373 1
      vertex 2.3084 -70.2373 9
    endloop
  endfacet
  facet normal 0.45388 -0.891063 0
    outer loop
      vertex 1.00038 -69.8123 1
      vertex 1.23734 -69.6916 9
      vertex 1.00038 -69.8123 9
    endloop
  endfacet
  facet normal 0.45388 -0.891063 0
    outer loop
      vertex 1.23734 -69.6916 9
      vertex 1.00038 -69.8123 1
      vertex 1.23734 -69.6916 1
    endloop
  endfacet
  facet normal 0.70721 -0.707003 0
    outer loop
      vertex 0.812335 -70.0004 9
      vertex 1.00038 -69.8123 1
      vertex 1.00038 -69.8123 9
    endloop
  endfacet
  facet normal 0.70721 -0.707003 0
    outer loop
      vertex 1.00038 -69.8123 1
      vertex 0.812335 -70.0004 9
      vertex 0.812335 -70.0004 1
    endloop
  endfacet
  facet normal -0.45388 -0.891063 0
    outer loop
      vertex 1.76266 -69.6916 1
      vertex 1.99962 -69.8123 9
      vertex 1.76266 -69.6916 9
    endloop
  endfacet
  facet normal -0.45388 -0.891063 -0
    outer loop
      vertex 1.99962 -69.8123 9
      vertex 1.76266 -69.6916 1
      vertex 1.99962 -69.8123 1
    endloop
  endfacet
  facet normal -0.70722 -0.706994 0
    outer loop
      vertex 2.18766 -70.0004 1
      vertex 1.99962 -69.8123 9
      vertex 1.99962 -69.8123 1
    endloop
  endfacet
  facet normal -0.70722 -0.706994 0
    outer loop
      vertex 1.99962 -69.8123 9
      vertex 2.18766 -70.0004 1
      vertex 2.18766 -70.0004 9
    endloop
  endfacet
  facet normal -0.987693 -0.156407 0
    outer loop
      vertex 2.35 -70.5 1
      vertex 2.3084 -70.2373 9
      vertex 2.3084 -70.2373 1
    endloop
  endfacet
  facet normal -0.987693 -0.156407 0
    outer loop
      vertex 2.3084 -70.2373 9
      vertex 2.35 -70.5 1
      vertex 2.35 -70.5 9
    endloop
  endfacet
  facet normal 0 0 1
    outer loop
      vertex 2.3084 -70.2373 1
      vertex 2.3084 -70.7627 1
      vertex 2.35 -70.5 1
    endloop
  endfacet
  facet normal 0 0 1
    outer loop
      vertex 2.18766 -70.0004 1
      vertex 2.3084 -70.7627 1
      vertex 2.3084 -70.2373 1
    endloop
  endfacet
  facet normal 0 0 1
    outer loop
      vertex 2.18766 -70.0004 1
      vertex 2.18766 -70.9996 1
      vertex 2.3084 -70.7627 1
    endloop
  endfacet
  facet normal 0 0 1
    outer loop
      vertex 1.99962 -69.8123 1
      vertex 2.18766 -70.9996 1
      vertex 2.18766 -70.0004 1
    endloop
  endfacet
  facet normal 0 0 1
    outer loop
      vertex 1.99962 -69.8123 1
      vertex 1.99962 -71.1877 1
      vertex 2.18766 -70.9996 1
    endloop
  endfacet
  facet normal 0 0 1
    outer loop
      vertex 1.76266 -69.6916 1
      vertex 1.99962 -71.1877 1
      vertex 1.99962 -69.8123 1
    endloop
  endfacet
  facet normal 0 0 1
    outer loop
      vertex 1.76266 -69.6916 1
      vertex 1.76266 -71.3084 1
      vertex 1.99962 -71.1877 1
    endloop
  endfacet
  facet normal 0 0 1
    outer loop
      vertex 1.5 -69.65 1
      vertex 1.76266 -71.3084 1
      vertex 1.76266 -69.6916 1
    endloop
  endfacet
  facet normal 0 0 1
    outer loop
      vertex 1.5 -69.65 1
      vertex 1.5 -71.35 1
      vertex 1.76266 -71.3084 1
    endloop
  endfacet
  facet normal -0 0 1
    outer loop
      vertex 1.23734 -69.6916 1
      vertex 1.5 -71.35 1
      vertex 1.5 -69.65 1
    endloop
  endfacet
  facet normal 0 0 1
    outer loop
      vertex 1.23734 -69.6916 1
      vertex 1.23734 -71.3084 1
      vertex 1.5 -71.35 1
    endloop
  endfacet
  facet normal -0 0 1
    outer loop
      vertex 1.00038 -69.8123 1
      vertex 1.23734 -71.3084 1
      vertex 1.23734 -69.6916 1
    endloop
  endfacet
  facet normal 0 0 1
    outer loop
      vertex 1.00038 -69.8123 1
      vertex 1.00038 -71.1877 1
      vertex 1.23734 -71.3084 1
    endloop
  endfacet
  facet normal -0 0 1
    outer loop
      vertex 0.812335 -70.0004 1
      vertex 1.00038 -71.1877 1
      vertex 1.00038 -69.8123 1
    endloop
  endfacet
  facet normal 0 0 1
    outer loop
      vertex 0.812335 -70.0004 1
      vertex 0.812335 -70.9996 1
      vertex 1.00038 -71.1877 1
    endloop
  endfacet
  facet normal -0 0 1
    outer loop
      vertex 0.691602 -70.2373 1
      vertex 0.812335 -70.9996 1
      vertex 0.812335 -70.0004 1
    endloop
  endfacet
  facet normal 0 0 1
    outer loop
      vertex 0.691602 -70.2373 1
      vertex 0.691602 -70.7627 1
      vertex 0.812335 -70.9996 1
    endloop
  endfacet
  facet normal 0 -0 1
    outer loop
      vertex 0.691602 -70.7627 1
      vertex 0.691602 -70.2373 1
      vertex 0.65 -70.5 1
    endloop
  endfacet
  facet normal -0.15643 -0.987689 0
    outer loop
      vertex 1.5 -69.65 1
      vertex 1.76266 -69.6916 9
      vertex 1.5 -69.65 9
    endloop
  endfacet
  facet normal -0.15643 -0.987689 -0
    outer loop
      vertex 1.76266 -69.6916 9
      vertex 1.5 -69.65 1
      vertex 1.76266 -69.6916 1
    endloop
  endfacet
  facet normal 0.15643 -0.987689 0
    outer loop
      vertex 1.23734 -69.6916 1
      vertex 1.5 -69.65 9
      vertex 1.23734 -69.6916 9
    endloop
  endfacet
  facet normal 0.15643 -0.987689 0
    outer loop
      vertex 1.5 -69.65 9
      vertex 1.23734 -69.6916 1
      vertex 1.5 -69.65 1
    endloop
  endfacet
  facet normal -0.987693 0.156407 0
    outer loop
      vertex 49.3084 -70.7627 1
      vertex 49.35 -70.5 9
      vertex 49.35 -70.5 1
    endloop
  endfacet
  facet normal -0.987693 0.156407 0
    outer loop
      vertex 49.35 -70.5 9
      vertex 49.3084 -70.7627 1
      vertex 49.3084 -70.7627 9
    endloop
  endfacet
  facet normal 0.891017 -0.453971 0
    outer loop
      vertex 47.6916 -70.2373 9
      vertex 47.8123 -70.0004 1
      vertex 47.8123 -70.0004 9
    endloop
  endfacet
  facet normal 0.891017 -0.453971 0
    outer loop
      vertex 47.8123 -70.0004 1
      vertex 47.6916 -70.2373 9
      vertex 47.6916 -70.2373 1
    endloop
  endfacet
  facet normal 0.156407 0.987693 -0
    outer loop
      vertex 48.5 -71.35 1
      vertex 48.2373 -71.3084 9
      vertex 48.5 -71.35 9
    endloop
  endfacet
  facet normal 0.156407 0.987693 0
    outer loop
      vertex 48.2373 -71.3084 9
      vertex 48.5 -71.35 1
      vertex 48.2373 -71.3084 1
    endloop
  endfacet
  facet normal 0.987693 -0.156407 0
    outer loop
      vertex 47.65 -70.5 9
      vertex 47.6916 -70.2373 1
      vertex 47.6916 -70.2373 9
    endloop
  endfacet
  facet normal 0.987693 -0.156407 0
    outer loop
      vertex 47.6916 -70.2373 1
      vertex 47.65 -70.5 9
      vertex 47.65 -70.5 1
    endloop
  endfacet
  facet normal -0.707107 0.707107 0
    outer loop
      vertex 48.9996 -71.1877 1
      vertex 49.1877 -70.9996 9
      vertex 49.1877 -70.9996 1
    endloop
  endfacet
  facet normal -0.707107 0.707107 0
    outer loop
      vertex 49.1877 -70.9996 9
      vertex 48.9996 -71.1877 1
      vertex 48.9996 -71.1877 9
    endloop
  endfacet
  facet normal -0.891017 0.453971 0
    outer loop
      vertex 49.1877 -70.9996 1
      vertex 49.3084 -70.7627 9
      vertex 49.3084 -70.7627 1
    endloop
  endfacet
  facet normal -0.891017 0.453971 0
    outer loop
      vertex 49.3084 -70.7627 9
      vertex 49.1877 -70.9996 1
      vertex 49.1877 -70.9996 9
    endloop
  endfacet
  facet normal -0.156407 0.987693 0
    outer loop
      vertex 48.7627 -71.3084 1
      vertex 48.5 -71.35 9
      vertex 48.7627 -71.3084 9
    endloop
  endfacet
  facet normal -0.156407 0.987693 0
    outer loop
      vertex 48.5 -71.35 9
      vertex 48.7627 -71.3084 1
      vertex 48.5 -71.35 1
    endloop
  endfacet
  facet normal 0.453971 0.891017 -0
    outer loop
      vertex 48.2373 -71.3084 1
      vertex 48.0004 -71.1877 9
      vertex 48.2373 -71.3084 9
    endloop
  endfacet
  facet normal 0.453971 0.891017 0
    outer loop
      vertex 48.0004 -71.1877 9
      vertex 48.2373 -71.3084 1
      vertex 48.0004 -71.1877 1
    endloop
  endfacet
  facet normal 0.987693 0.156407 0
    outer loop
      vertex 47.6916 -70.7627 9
      vertex 47.65 -70.5 1
      vertex 47.65 -70.5 9
    endloop
  endfacet
  facet normal 0.987693 0.156407 0
    outer loop
      vertex 47.65 -70.5 1
      vertex 47.6916 -70.7627 9
      vertex 47.6916 -70.7627 1
    endloop
  endfacet
  facet normal 0.707107 0.707107 0
    outer loop
      vertex 48.0004 -71.1877 9
      vertex 47.8123 -70.9996 1
      vertex 47.8123 -70.9996 9
    endloop
  endfacet
  facet normal 0.707107 0.707107 0
    outer loop
      vertex 47.8123 -70.9996 1
      vertex 48.0004 -71.1877 9
      vertex 48.0004 -71.1877 1
    endloop
  endfacet
  facet normal -0.453971 0.891017 0
    outer loop
      vertex 48.9996 -71.1877 1
      vertex 48.7627 -71.3084 9
      vertex 48.9996 -71.1877 9
    endloop
  endfacet
  facet normal -0.453971 0.891017 0
    outer loop
      vertex 48.7627 -71.3084 9
      vertex 48.9996 -71.1877 1
      vertex 48.7627 -71.3084 1
    endloop
  endfacet
  facet normal 0.891017 0.453971 0
    outer loop
      vertex 47.8123 -70.9996 9
      vertex 47.6916 -70.7627 1
      vertex 47.6916 -70.7627 9
    endloop
  endfacet
  facet normal 0.891017 0.453971 0
    outer loop
      vertex 47.6916 -70.7627 1
      vertex 47.8123 -70.9996 9
      vertex 47.8123 -70.9996 1
    endloop
  endfacet
  facet normal -0.891017 -0.453971 0
    outer loop
      vertex 49.3084 -70.2373 1
      vertex 49.1877 -70.0004 9
      vertex 49.1877 -70.0004 1
    endloop
  endfacet
  facet normal -0.891017 -0.453971 0
    outer loop
      vertex 49.1877 -70.0004 9
      vertex 49.3084 -70.2373 1
      vertex 49.3084 -70.2373 9
    endloop
  endfacet
  facet normal 0.707107 -0.707107 0
    outer loop
      vertex 47.8123 -70.0004 9
      vertex 48.0004 -69.8123 1
      vertex 48.0004 -69.8123 9
    endloop
  endfacet
  facet normal 0.707107 -0.707107 0
    outer loop
      vertex 48.0004 -69.8123 1
      vertex 47.8123 -70.0004 9
      vertex 47.8123 -70.0004 1
    endloop
  endfacet
  facet normal -0.453971 -0.891017 0
    outer loop
      vertex 48.7627 -69.6916 1
      vertex 48.9996 -69.8123 9
      vertex 48.7627 -69.6916 9
    endloop
  endfacet
  facet normal -0.453971 -0.891017 -0
    outer loop
      vertex 48.9996 -69.8123 9
      vertex 48.7627 -69.6916 1
      vertex 48.9996 -69.8123 1
    endloop
  endfacet
  facet normal -0.707107 -0.707107 0
    outer loop
      vertex 49.1877 -70.0004 1
      vertex 48.9996 -69.8123 9
      vertex 48.9996 -69.8123 1
    endloop
  endfacet
  facet normal -0.707107 -0.707107 0
    outer loop
      vertex 48.9996 -69.8123 9
      vertex 49.1877 -70.0004 1
      vertex 49.1877 -70.0004 9
    endloop
  endfacet
  facet normal -0.987693 -0.156407 0
    outer loop
      vertex 49.35 -70.5 1
      vertex 49.3084 -70.2373 9
      vertex 49.3084 -70.2373 1
    endloop
  endfacet
  facet normal -0.987693 -0.156407 0
    outer loop
      vertex 49.3084 -70.2373 9
      vertex 49.35 -70.5 1
      vertex 49.35 -70.5 9
    endloop
  endfacet
  facet normal 0 0 1
    outer loop
      vertex 49.3084 -70.2373 1
      vertex 49.3084 -70.7627 1
      vertex 49.35 -70.5 1
    endloop
  endfacet
  facet normal 0 0 1
    outer loop
      vertex 49.1877 -70.0004 1
      vertex 49.3084 -70.7627 1
      vertex 49.3084 -70.2373 1
    endloop
  endfacet
  facet normal 0 0 1
    outer loop
      vertex 49.1877 -70.0004 1
      vertex 49.1877 -70.9996 1
      vertex 49.3084 -70.7627 1
    endloop
  endfacet
  facet normal 0 0 1
    outer loop
      vertex 48.9996 -69.8123 1
      vertex 49.1877 -70.9996 1
      vertex 49.1877 -70.0004 1
    endloop
  endfacet
  facet normal 0 0 1
    outer loop
      vertex 48.9996 -69.8123 1
      vertex 48.9996 -71.1877 1
      vertex 49.1877 -70.9996 1
    endloop
  endfacet
  facet normal 0 0 1
    outer loop
      vertex 48.7627 -69.6916 1
      vertex 48.9996 -71.1877 1
      vertex 48.9996 -69.8123 1
    endloop
  endfacet
  facet normal 0 0 1
    outer loop
      vertex 48.7627 -69.6916 1
      vertex 48.7627 -71.3084 1
      vertex 48.9996 -71.1877 1
    endloop
  endfacet
  facet normal 0 0 1
    outer loop
      vertex 48.5 -69.65 1
      vertex 48.7627 -71.3084 1
      vertex 48.7627 -69.6916 1
    endloop
  endfacet
  facet normal 0 0 1
    outer loop
      vertex 48.5 -69.65 1
      vertex 48.5 -71.35 1
      vertex 48.7627 -71.3084 1
    endloop
  endfacet
  facet normal -0 0 1
    outer loop
      vertex 48.2373 -69.6916 1
      vertex 48.5 -71.35 1
      vertex 48.5 -69.65 1
    endloop
  endfacet
  facet normal 0 0 1
    outer loop
      vertex 48.2373 -69.6916 1
      vertex 48.2373 -71.3084 1
      vertex 48.5 -71.35 1
    endloop
  endfacet
  facet normal -0 0 1
    outer loop
      vertex 48.0004 -69.8123 1
      vertex 48.2373 -71.3084 1
      vertex 48.2373 -69.6916 1
    endloop
  endfacet
  facet normal 0 0 1
    outer loop
      vertex 48.0004 -69.8123 1
      vertex 48.0004 -71.1877 1
      vertex 48.2373 -71.3084 1
    endloop
  endfacet
  facet normal -0 0 1
    outer loop
      vertex 47.8123 -70.0004 1
      vertex 48.0004 -71.1877 1
      vertex 48.0004 -69.8123 1
    endloop
  endfacet
  facet normal 0 0 1
    outer loop
      vertex 47.8123 -70.0004 1
      vertex 47.8123 -70.9996 1
      vertex 48.0004 -71.1877 1
    endloop
  endfacet
  facet normal -0 0 1
    outer loop
      vertex 47.6916 -70.2373 1
      vertex 47.8123 -70.9996 1
      vertex 47.8123 -70.0004 1
    endloop
  endfacet
  facet normal 0 0 1
    outer loop
      vertex 47.6916 -70.2373 1
      vertex 47.6916 -70.7627 1
      vertex 47.8123 -70.9996 1
    endloop
  endfacet
  facet normal 0 -0 1
    outer loop
      vertex 47.6916 -70.7627 1
      vertex 47.6916 -70.2373 1
      vertex 47.65 -70.5 1
    endloop
  endfacet
  facet normal -0.156407 -0.987693 0
    outer loop
      vertex 48.5 -69.65 1
      vertex 48.7627 -69.6916 9
      vertex 48.5 -69.65 9
    endloop
  endfacet
  facet normal -0.156407 -0.987693 -0
    outer loop
      vertex 48.7627 -69.6916 9
      vertex 48.5 -69.65 1
      vertex 48.7627 -69.6916 1
    endloop
  endfacet
  facet normal 0.156407 -0.987693 0
    outer loop
      vertex 48.2373 -69.6916 1
      vertex 48.5 -69.65 9
      vertex 48.2373 -69.6916 9
    endloop
  endfacet
  facet normal 0.156407 -0.987693 0
    outer loop
      vertex 48.5 -69.65 9
      vertex 48.2373 -69.6916 1
      vertex 48.5 -69.65 1
    endloop
  endfacet
  facet normal 0.453971 -0.891017 0
    outer loop
      vertex 48.0004 -69.8123 1
      vertex 48.2373 -69.6916 9
      vertex 48.0004 -69.8123 9
    endloop
  endfacet
  facet normal 0.453971 -0.891017 0
    outer loop
      vertex 48.2373 -69.6916 9
      vertex 48.0004 -69.8123 1
      vertex 48.2373 -69.6916 1
    endloop
  endfacet
  facet normal -0.991431 0.130633 0
    outer loop
      vertex 47.2659 -18.4588 0.6
      vertex 47.3 -18.2 6.6
      vertex 47.3 -18.2 0.6
    endloop
  endfacet
  facet normal -0.991431 0.130633 0
    outer loop
      vertex 47.3 -18.2 6.6
      vertex 47.2659 -18.4588 0.6
      vertex 47.2659 -18.4588 6.6
    endloop
  endfacet
  facet normal 0.991431 0.130633 0
    outer loop
      vertex 45.3341 -18.4588 6.6
      vertex 45.3 -18.2 0.6
      vertex 45.3 -18.2 6.6
    endloop
  endfacet
  facet normal 0.991431 0.130633 0
    outer loop
      vertex 45.3 -18.2 0.6
      vertex 45.3341 -18.4588 6.6
      vertex 45.3341 -18.4588 0.6
    endloop
  endfacet
  facet normal -0.130633 0.991431 0
    outer loop
      vertex 46.5588 -19.1659 0.6
      vertex 46.3 -19.2 6.6
      vertex 46.5588 -19.1659 6.6
    endloop
  endfacet
  facet normal -0.130633 0.991431 0
    outer loop
      vertex 46.3 -19.2 6.6
      vertex 46.5588 -19.1659 0.6
      vertex 46.3 -19.2 0.6
    endloop
  endfacet
  facet normal -0.130633 -0.991431 0
    outer loop
      vertex 46.3 -17.2 0.6
      vertex 46.5588 -17.2341 6.6
      vertex 46.3 -17.2 6.6
    endloop
  endfacet
  facet normal -0.130633 -0.991431 -0
    outer loop
      vertex 46.5588 -17.2341 6.6
      vertex 46.3 -17.2 0.6
      vertex 46.5588 -17.2341 0.6
    endloop
  endfacet
  facet normal -0.793378 0.608729 0
    outer loop
      vertex 47.0071 -18.9071 0.6
      vertex 47.166 -18.7 6.6
      vertex 47.166 -18.7 0.6
    endloop
  endfacet
  facet normal -0.793378 0.608729 0
    outer loop
      vertex 47.166 -18.7 6.6
      vertex 47.0071 -18.9071 0.6
      vertex 47.0071 -18.9071 6.6
    endloop
  endfacet
  facet normal -0.923891 0.382656 0
    outer loop
      vertex 47.166 -18.7 0.6
      vertex 47.2659 -18.4588 6.6
      vertex 47.2659 -18.4588 0.6
    endloop
  endfacet
  facet normal -0.923891 0.382656 0
    outer loop
      vertex 47.2659 -18.4588 6.6
      vertex 47.166 -18.7 0.6
      vertex 47.166 -18.7 6.6
    endloop
  endfacet
  facet normal 0.608729 0.793378 -0
    outer loop
      vertex 45.8 -19.066 0.6
      vertex 45.5929 -18.9071 6.6
      vertex 45.8 -19.066 6.6
    endloop
  endfacet
  facet normal 0.608729 0.793378 0
    outer loop
      vertex 45.5929 -18.9071 6.6
      vertex 45.8 -19.066 0.6
      vertex 45.5929 -18.9071 0.6
    endloop
  endfacet
  facet normal 0.793378 0.608729 0
    outer loop
      vertex 45.5929 -18.9071 6.6
      vertex 45.434 -18.7 0.6
      vertex 45.434 -18.7 6.6
    endloop
  endfacet
  facet normal 0.793378 0.608729 0
    outer loop
      vertex 45.434 -18.7 0.6
      vertex 45.5929 -18.9071 6.6
      vertex 45.5929 -18.9071 0.6
    endloop
  endfacet
  facet normal 0.382656 0.923891 -0
    outer loop
      vertex 46.0412 -19.1659 0.6
      vertex 45.8 -19.066 6.6
      vertex 46.0412 -19.1659 6.6
    endloop
  endfacet
  facet normal 0.382656 0.923891 0
    outer loop
      vertex 45.8 -19.066 6.6
      vertex 46.0412 -19.1659 0.6
      vertex 45.8 -19.066 0.6
    endloop
  endfacet
  facet normal -0.382656 0.923891 0
    outer loop
      vertex 46.8 -19.066 0.6
      vertex 46.5588 -19.1659 6.6
      vertex 46.8 -19.066 6.6
    endloop
  endfacet
  facet normal -0.382656 0.923891 0
    outer loop
      vertex 46.5588 -19.1659 6.6
      vertex 46.8 -19.066 0.6
      vertex 46.5588 -19.1659 0.6
    endloop
  endfacet
  facet normal -0.608729 0.793378 0
    outer loop
      vertex 47.0071 -18.9071 0.6
      vertex 46.8 -19.066 6.6
      vertex 47.0071 -18.9071 6.6
    endloop
  endfacet
  facet normal -0.608729 0.793378 0
    outer loop
      vertex 46.8 -19.066 6.6
      vertex 47.0071 -18.9071 0.6
      vertex 46.8 -19.066 0.6
    endloop
  endfacet
  facet normal 0.923891 0.382656 0
    outer loop
      vertex 45.434 -18.7 6.6
      vertex 45.3341 -18.4588 0.6
      vertex 45.3341 -18.4588 6.6
    endloop
  endfacet
  facet normal 0.923891 0.382656 0
    outer loop
      vertex 45.3341 -18.4588 0.6
      vertex 45.434 -18.7 6.6
      vertex 45.434 -18.7 0.6
    endloop
  endfacet
  facet normal 0.130633 0.991431 -0
    outer loop
      vertex 46.3 -19.2 0.6
      vertex 46.0412 -19.1659 6.6
      vertex 46.3 -19.2 6.6
    endloop
  endfacet
  facet normal 0.130633 0.991431 0
    outer loop
      vertex 46.0412 -19.1659 6.6
      vertex 46.3 -19.2 0.6
      vertex 46.0412 -19.1659 0.6
    endloop
  endfacet
  facet normal -0.793378 -0.608729 0
    outer loop
      vertex 47.166 -17.7 0.6
      vertex 47.0071 -17.4929 6.6
      vertex 47.0071 -17.4929 0.6
    endloop
  endfacet
  facet normal -0.793378 -0.608729 0
    outer loop
      vertex 47.0071 -17.4929 6.6
      vertex 47.166 -17.7 0.6
      vertex 47.166 -17.7 6.6
    endloop
  endfacet
  facet normal -0.923891 -0.382656 0
    outer loop
      vertex 47.2659 -17.9412 0.6
      vertex 47.166 -17.7 6.6
      vertex 47.166 -17.7 0.6
    endloop
  endfacet
  facet normal -0.923891 -0.382656 0
    outer loop
      vertex 47.166 -17.7 6.6
      vertex 47.2659 -17.9412 0.6
      vertex 47.2659 -17.9412 6.6
    endloop
  endfacet
  facet normal 0.923891 -0.382656 0
    outer loop
      vertex 45.3341 -17.9412 6.6
      vertex 45.434 -17.7 0.6
      vertex 45.434 -17.7 6.6
    endloop
  endfacet
  facet normal 0.923891 -0.382656 0
    outer loop
      vertex 45.434 -17.7 0.6
      vertex 45.3341 -17.9412 6.6
      vertex 45.3341 -17.9412 0.6
    endloop
  endfacet
  facet normal 0.991431 -0.130633 0
    outer loop
      vertex 45.3 -18.2 6.6
      vertex 45.3341 -17.9412 0.6
      vertex 45.3341 -17.9412 6.6
    endloop
  endfacet
  facet normal 0.991431 -0.130633 0
    outer loop
      vertex 45.3341 -17.9412 0.6
      vertex 45.3 -18.2 6.6
      vertex 45.3 -18.2 0.6
    endloop
  endfacet
  facet normal 0.793378 -0.608729 0
    outer loop
      vertex 45.434 -17.7 6.6
      vertex 45.5929 -17.4929 0.6
      vertex 45.5929 -17.4929 6.6
    endloop
  endfacet
  facet normal 0.793378 -0.608729 0
    outer loop
      vertex 45.5929 -17.4929 0.6
      vertex 45.434 -17.7 6.6
      vertex 45.434 -17.7 0.6
    endloop
  endfacet
  facet normal -0.991431 -0.130633 0
    outer loop
      vertex 47.3 -18.2 0.6
      vertex 47.2659 -17.9412 6.6
      vertex 47.2659 -17.9412 0.6
    endloop
  endfacet
  facet normal -0.991431 -0.130633 0
    outer loop
      vertex 47.2659 -17.9412 6.6
      vertex 47.3 -18.2 0.6
      vertex 47.3 -18.2 6.6
    endloop
  endfacet
  facet normal 0.130633 -0.991431 0
    outer loop
      vertex 46.0412 -17.2341 0.6
      vertex 46.3 -17.2 6.6
      vertex 46.0412 -17.2341 6.6
    endloop
  endfacet
  facet normal 0.130633 -0.991431 0
    outer loop
      vertex 46.3 -17.2 6.6
      vertex 46.0412 -17.2341 0.6
      vertex 46.3 -17.2 0.6
    endloop
  endfacet
  facet normal -0.608729 -0.793378 0
    outer loop
      vertex 46.8 -17.334 0.6
      vertex 47.0071 -17.4929 6.6
      vertex 46.8 -17.334 6.6
    endloop
  endfacet
  facet normal -0.608729 -0.793378 -0
    outer loop
      vertex 47.0071 -17.4929 6.6
      vertex 46.8 -17.334 0.6
      vertex 47.0071 -17.4929 0.6
    endloop
  endfacet
  facet normal -0.382656 -0.923891 0
    outer loop
      vertex 46.5588 -17.2341 0.6
      vertex 46.8 -17.334 6.6
      vertex 46.5588 -17.2341 6.6
    endloop
  endfacet
  facet normal -0.382656 -0.923891 -0
    outer loop
      vertex 46.8 -17.334 6.6
      vertex 46.5588 -17.2341 0.6
      vertex 46.8 -17.334 0.6
    endloop
  endfacet
  facet normal 0.382656 -0.923891 0
    outer loop
      vertex 45.8 -17.334 0.6
      vertex 46.0412 -17.2341 6.6
      vertex 45.8 -17.334 6.6
    endloop
  endfacet
  facet normal 0.382656 -0.923891 0
    outer loop
      vertex 46.0412 -17.2341 6.6
      vertex 45.8 -17.334 0.6
      vertex 46.0412 -17.2341 0.6
    endloop
  endfacet
  facet normal 0.608729 -0.793378 0
    outer loop
      vertex 45.5929 -17.4929 0.6
      vertex 45.8 -17.334 6.6
      vertex 45.5929 -17.4929 6.6
    endloop
  endfacet
  facet normal 0.608729 -0.793378 0
    outer loop
      vertex 45.8 -17.334 6.6
      vertex 45.5929 -17.4929 0.6
      vertex 45.8 -17.334 0.6
    endloop
  endfacet
  facet normal -0.654991 0.0779751 -0.751603
    outer loop
      vertex 47.988 -18.2042 9.53674e-07
      vertex 47.3 -18.2 0.6
      vertex 47.9885 -18.2 9.53674e-07
    endloop
  endfacet
  facet normal -0.654514 0.0862401 -0.751115
    outer loop
      vertex 47.3 -18.2 0.6
      vertex 47.988 -18.2042 9.53674e-07
      vertex 47.2659 -18.4588 0.6
    endloop
  endfacet
  facet normal 0.401857 0.523754 -0.751127
    outer loop
      vertex 45.1094 -19.3966 9.53674e-07
      vertex 45.5929 -18.9071 0.6
      vertex 45.8 -19.066 0.6
    endloop
  endfacet
  facet normal 0.401059 0.524461 -0.751061
    outer loop
      vertex 45.5929 -18.9071 0.6
      vertex 45.1094 -19.3966 9.53674e-07
      vertex 45.106 -19.394 9.53674e-07
    endloop
  endfacet
  facet normal -0.612418 0.244967 -0.751622
    outer loop
      vertex 47.9294 -18.641 9.53674e-07
      vertex 47.2659 -18.4588 0.6
      vertex 47.931 -18.637 9.53674e-07
    endloop
  endfacet
  facet normal -0.609892 0.252605 -0.751148
    outer loop
      vertex 47.2659 -18.4588 0.6
      vertex 47.9294 -18.641 9.53674e-07
      vertex 47.166 -18.7 0.6
    endloop
  endfacet
  facet normal -0.401852 -0.523754 -0.75113
    outer loop
      vertex 47.1477 -16.7403 9.53674e-07
      vertex 47.494 -17.006 9.53674e-07
      vertex 47.0071 -17.4929 0.6
    endloop
  endfacet
  facet normal 0.609891 -0.252697 -0.751117
    outer loop
      vertex 44.8361 -17.3597 9.53674e-07
      vertex 45.3341 -17.9412 0.6
      vertex 44.669 -17.763 9.53674e-07
    endloop
  endfacet
  facet normal 0.523757 0.401855 -0.751126
    outer loop
      vertex 45.434 -18.7 0.6
      vertex 45.1034 -19.3906 9.53674e-07
      vertex 44.8377 -19.0443 9.53674e-07
    endloop
  endfacet
  facet normal -0.401852 0.523754 -0.75113
    outer loop
      vertex 47.494 -19.394 9.53674e-07
      vertex 47.1477 -19.6597 9.53674e-07
      vertex 47.0071 -18.9071 0.6
    endloop
  endfacet
  facet normal -0.654508 0.0861991 -0.751125
    outer loop
      vertex 47.988 -18.2042 9.53674e-07
      vertex 47.931 -18.637 9.53674e-07
      vertex 47.2659 -18.4588 0.6
    endloop
  endfacet
  facet normal -0.609882 -0.252693 -0.751126
    outer loop
      vertex 47.7623 -17.3557 9.53674e-07
      vertex 47.9294 -17.759 9.53674e-07
      vertex 47.166 -17.7 0.6
    endloop
  endfacet
  facet normal 0.086204 -0.654545 -0.751092
    outer loop
      vertex 46.3 -16.5115 9.53674e-07
      vertex 46.3 -17.2 0.6
      vertex 45.8672 -16.5685 9.53674e-07
    endloop
  endfacet
  facet normal 0.523754 -0.401852 -0.75113
    outer loop
      vertex 45.106 -17.006 9.53674e-07
      vertex 45.5929 -17.4929 0.6
      vertex 44.8403 -17.3523 9.53674e-07
    endloop
  endfacet
  facet normal 0.524461 0.401059 -0.751061
    outer loop
      vertex 45.1034 -19.3906 9.53674e-07
      vertex 45.5929 -18.9071 0.6
      vertex 45.106 -19.394 9.53674e-07
    endloop
  endfacet
  facet normal 0.523754 0.401857 -0.751127
    outer loop
      vertex 45.5929 -18.9071 0.6
      vertex 45.1034 -19.3906 9.53674e-07
      vertex 45.434 -18.7 0.6
    endloop
  endfacet
  facet normal 0.401855 0.523757 -0.751126
    outer loop
      vertex 45.8 -19.066 0.6
      vertex 45.4557 -19.6623 9.53674e-07
      vertex 45.1094 -19.3966 9.53674e-07
    endloop
  endfacet
  facet normal -0.609882 0.252693 -0.751126
    outer loop
      vertex 47.9294 -18.641 9.53674e-07
      vertex 47.7623 -19.0443 9.53674e-07
      vertex 47.166 -18.7 0.6
    endloop
  endfacet
  facet normal -0.523754 -0.401852 -0.75113
    outer loop
      vertex 47.494 -17.006 9.53674e-07
      vertex 47.7597 -17.3523 9.53674e-07
      vertex 47.0071 -17.4929 0.6
    endloop
  endfacet
  facet normal -0.52434 -0.400966 -0.751195
    outer loop
      vertex 47.166 -17.7 0.6
      vertex 47.7597 -17.3523 9.53674e-07
      vertex 47.7623 -17.3557 9.53674e-07
    endloop
  endfacet
  facet normal -0.523752 -0.401855 -0.75113
    outer loop
      vertex 47.7597 -17.3523 9.53674e-07
      vertex 47.166 -17.7 0.6
      vertex 47.0071 -17.4929 0.6
    endloop
  endfacet
  facet normal -0.086204 -0.654545 -0.751092
    outer loop
      vertex 46.7328 -16.5685 9.53674e-07
      vertex 46.3 -17.2 0.6
      vertex 46.3 -16.5115 9.53674e-07
    endloop
  endfacet
  facet normal -0.401855 -0.523752 -0.75113
    outer loop
      vertex 46.8 -17.334 0.6
      vertex 47.1477 -16.7403 9.53674e-07
      vertex 47.0071 -17.4929 0.6
    endloop
  endfacet
  facet normal -0.400966 -0.52434 -0.751195
    outer loop
      vertex 47.1477 -16.7403 9.53674e-07
      vertex 46.8 -17.334 0.6
      vertex 47.1443 -16.7377 9.53674e-07
    endloop
  endfacet
  facet normal -0.654991 -0.0779751 -0.751603
    outer loop
      vertex 47.3 -18.2 0.6
      vertex 47.988 -18.1958 9.53674e-07
      vertex 47.9885 -18.2 9.53674e-07
    endloop
  endfacet
  facet normal -0.654514 -0.0862401 -0.751115
    outer loop
      vertex 47.988 -18.1958 9.53674e-07
      vertex 47.3 -18.2 0.6
      vertex 47.2659 -17.9412 0.6
    endloop
  endfacet
  facet normal -0.654508 -0.0861991 -0.751125
    outer loop
      vertex 47.931 -17.763 9.53674e-07
      vertex 47.988 -18.1958 9.53674e-07
      vertex 47.2659 -17.9412 0.6
    endloop
  endfacet
  facet normal 0.654545 -0.086204 -0.751092
    outer loop
      vertex 44.6685 -17.7672 9.53674e-07
      vertex 45.3 -18.2 0.6
      vertex 44.6115 -18.2 9.53674e-07
    endloop
  endfacet
  facet normal 0.654529 -0.086242 -0.751102
    outer loop
      vertex 44.6685 -17.7672 9.53674e-07
      vertex 45.3341 -17.9412 0.6
      vertex 45.3 -18.2 0.6
    endloop
  endfacet
  facet normal 0.656167 -0.0781151 -0.750562
    outer loop
      vertex 45.3341 -17.9412 0.6
      vertex 44.6685 -17.7672 9.53674e-07
      vertex 44.669 -17.763 9.53674e-07
    endloop
  endfacet
  facet normal 0.523752 -0.401855 -0.75113
    outer loop
      vertex 45.434 -17.7 0.6
      vertex 44.8403 -17.3523 9.53674e-07
      vertex 45.5929 -17.4929 0.6
    endloop
  endfacet
  facet normal 0.52434 -0.400966 -0.751195
    outer loop
      vertex 44.8403 -17.3523 9.53674e-07
      vertex 45.434 -17.7 0.6
      vertex 44.8377 -17.3557 9.53674e-07
    endloop
  endfacet
  facet normal 0.244967 -0.612418 -0.751622
    outer loop
      vertex 46.0412 -17.2341 0.6
      vertex 45.859 -16.5706 9.53674e-07
      vertex 45.863 -16.569 9.53674e-07
    endloop
  endfacet
  facet normal 0.252605 -0.609892 -0.751148
    outer loop
      vertex 45.859 -16.5706 9.53674e-07
      vertex 46.0412 -17.2341 0.6
      vertex 45.8 -17.334 0.6
    endloop
  endfacet
  facet normal 0.654545 0.086204 -0.751092
    outer loop
      vertex 45.3 -18.2 0.6
      vertex 44.6685 -18.6328 9.53674e-07
      vertex 44.6115 -18.2 9.53674e-07
    endloop
  endfacet
  facet normal 0.609892 0.252605 -0.751148
    outer loop
      vertex 44.6706 -18.641 9.53674e-07
      vertex 45.3341 -18.4588 0.6
      vertex 45.434 -18.7 0.6
    endloop
  endfacet
  facet normal 0.612418 0.244967 -0.751622
    outer loop
      vertex 45.3341 -18.4588 0.6
      vertex 44.6706 -18.641 9.53674e-07
      vertex 44.669 -18.637 9.53674e-07
    endloop
  endfacet
  facet normal 0.609882 0.252693 -0.751126
    outer loop
      vertex 45.434 -18.7 0.6
      vertex 44.8377 -19.0443 9.53674e-07
      vertex 44.6706 -18.641 9.53674e-07
    endloop
  endfacet
  facet normal 0.086204 0.654545 -0.751092
    outer loop
      vertex 46.3 -19.2 0.6
      vertex 46.3 -19.8885 9.53674e-07
      vertex 45.8672 -19.8315 9.53674e-07
    endloop
  endfacet
  facet normal 0.244967 0.612418 -0.751622
    outer loop
      vertex 45.859 -19.8294 9.53674e-07
      vertex 46.0412 -19.1659 0.6
      vertex 45.863 -19.831 9.53674e-07
    endloop
  endfacet
  facet normal 0.252605 0.609892 -0.751148
    outer loop
      vertex 46.0412 -19.1659 0.6
      vertex 45.859 -19.8294 9.53674e-07
      vertex 45.8 -19.066 0.6
    endloop
  endfacet
  facet normal 0.252693 0.609882 -0.751126
    outer loop
      vertex 45.8 -19.066 0.6
      vertex 45.859 -19.8294 9.53674e-07
      vertex 45.4557 -19.6623 9.53674e-07
    endloop
  endfacet
  facet normal -0.400966 0.52434 -0.751195
    outer loop
      vertex 46.8 -19.066 0.6
      vertex 47.1477 -19.6597 9.53674e-07
      vertex 47.1443 -19.6623 9.53674e-07
    endloop
  endfacet
  facet normal -0.401855 0.523752 -0.75113
    outer loop
      vertex 47.1477 -19.6597 9.53674e-07
      vertex 46.8 -19.066 0.6
      vertex 47.0071 -18.9071 0.6
    endloop
  endfacet
  facet normal -0.086204 0.654545 -0.751092
    outer loop
      vertex 46.7328 -19.8315 9.53674e-07
      vertex 46.3 -19.8885 9.53674e-07
      vertex 46.3 -19.2 0.6
    endloop
  endfacet
  facet normal -0.252693 -0.609882 -0.751126
    outer loop
      vertex 47.1443 -16.7377 9.53674e-07
      vertex 46.8 -17.334 0.6
      vertex 46.741 -16.5706 9.53674e-07
    endloop
  endfacet
  facet normal -0.0781151 -0.656167 -0.750562
    outer loop
      vertex 46.5588 -17.2341 0.6
      vertex 46.7328 -16.5685 9.53674e-07
      vertex 46.737 -16.569 9.53674e-07
    endloop
  endfacet
  facet normal -0.086242 -0.654529 -0.751102
    outer loop
      vertex 46.7328 -16.5685 9.53674e-07
      vertex 46.5588 -17.2341 0.6
      vertex 46.3 -17.2 0.6
    endloop
  endfacet
  facet normal -0.612418 -0.244967 -0.751622
    outer loop
      vertex 47.2659 -17.9412 0.6
      vertex 47.9294 -17.759 9.53674e-07
      vertex 47.931 -17.763 9.53674e-07
    endloop
  endfacet
  facet normal -0.609892 -0.252605 -0.751148
    outer loop
      vertex 47.9294 -17.759 9.53674e-07
      vertex 47.2659 -17.9412 0.6
      vertex 47.166 -17.7 0.6
    endloop
  endfacet
  facet normal 0.609947 -0.252627 -0.751095
    outer loop
      vertex 44.8361 -17.3597 9.53674e-07
      vertex 45.434 -17.7 0.6
      vertex 45.3341 -17.9412 0.6
    endloop
  endfacet
  facet normal 0.613528 -0.245411 -0.750571
    outer loop
      vertex 45.434 -17.7 0.6
      vertex 44.8361 -17.3597 9.53674e-07
      vertex 44.8377 -17.3557 9.53674e-07
    endloop
  endfacet
  facet normal 0.401857 -0.523754 -0.751127
    outer loop
      vertex 45.5929 -17.4929 0.6
      vertex 45.1094 -17.0034 9.53674e-07
      vertex 45.8 -17.334 0.6
    endloop
  endfacet
  facet normal 0.401059 -0.524461 -0.751061
    outer loop
      vertex 45.1094 -17.0034 9.53674e-07
      vertex 45.5929 -17.4929 0.6
      vertex 45.106 -17.006 9.53674e-07
    endloop
  endfacet
  facet normal 0.656167 0.0781151 -0.750562
    outer loop
      vertex 44.6685 -18.6328 9.53674e-07
      vertex 45.3341 -18.4588 0.6
      vertex 44.669 -18.637 9.53674e-07
    endloop
  endfacet
  facet normal 0.654529 0.086242 -0.751102
    outer loop
      vertex 45.3341 -18.4588 0.6
      vertex 44.6685 -18.6328 9.53674e-07
      vertex 45.3 -18.2 0.6
    endloop
  endfacet
  facet normal 0.086242 0.654529 -0.751102
    outer loop
      vertex 45.8672 -19.8315 9.53674e-07
      vertex 46.0412 -19.1659 0.6
      vertex 46.3 -19.2 0.6
    endloop
  endfacet
  facet normal 0.0781151 0.656167 -0.750562
    outer loop
      vertex 46.0412 -19.1659 0.6
      vertex 45.8672 -19.8315 9.53674e-07
      vertex 45.863 -19.831 9.53674e-07
    endloop
  endfacet
  facet normal -0.524461 0.401059 -0.751061
    outer loop
      vertex 47.0071 -18.9071 0.6
      vertex 47.4966 -19.3906 9.53674e-07
      vertex 47.494 -19.394 9.53674e-07
    endloop
  endfacet
  facet normal -0.523754 0.401857 -0.751127
    outer loop
      vertex 47.4966 -19.3906 9.53674e-07
      vertex 47.0071 -18.9071 0.6
      vertex 47.166 -18.7 0.6
    endloop
  endfacet
  facet normal -0.523757 0.401855 -0.751126
    outer loop
      vertex 47.7623 -19.0443 9.53674e-07
      vertex 47.4966 -19.3906 9.53674e-07
      vertex 47.166 -18.7 0.6
    endloop
  endfacet
  facet normal -0.0781151 0.656167 -0.750562
    outer loop
      vertex 46.7328 -19.8315 9.53674e-07
      vertex 46.5588 -19.1659 0.6
      vertex 46.737 -19.831 9.53674e-07
    endloop
  endfacet
  facet normal -0.086242 0.654529 -0.751102
    outer loop
      vertex 46.5588 -19.1659 0.6
      vertex 46.7328 -19.8315 9.53674e-07
      vertex 46.3 -19.2 0.6
    endloop
  endfacet
  facet normal -0.252697 0.609891 -0.751117
    outer loop
      vertex 47.1403 -19.6639 9.53674e-07
      vertex 46.737 -19.831 9.53674e-07
      vertex 46.5588 -19.1659 0.6
    endloop
  endfacet
  facet normal -0.252605 -0.609892 -0.751148
    outer loop
      vertex 46.5588 -17.2341 0.6
      vertex 46.741 -16.5706 9.53674e-07
      vertex 46.8 -17.334 0.6
    endloop
  endfacet
  facet normal -0.244967 -0.612418 -0.751622
    outer loop
      vertex 46.741 -16.5706 9.53674e-07
      vertex 46.5588 -17.2341 0.6
      vertex 46.737 -16.569 9.53674e-07
    endloop
  endfacet
  facet normal 0.086242 -0.654529 -0.751102
    outer loop
      vertex 46.0412 -17.2341 0.6
      vertex 45.8672 -16.5685 9.53674e-07
      vertex 46.3 -17.2 0.6
    endloop
  endfacet
  facet normal 0.0781151 -0.656167 -0.750562
    outer loop
      vertex 45.8672 -16.5685 9.53674e-07
      vertex 46.0412 -17.2341 0.6
      vertex 45.863 -16.569 9.53674e-07
    endloop
  endfacet
  facet normal 0.401855 -0.523757 -0.751126
    outer loop
      vertex 45.4557 -16.7377 9.53674e-07
      vertex 45.8 -17.334 0.6
      vertex 45.1094 -17.0034 9.53674e-07
    endloop
  endfacet
  facet normal 0.252693 -0.609882 -0.751126
    outer loop
      vertex 45.859 -16.5706 9.53674e-07
      vertex 45.8 -17.334 0.6
      vertex 45.4557 -16.7377 9.53674e-07
    endloop
  endfacet
  facet normal -0.245411 0.613528 -0.750571
    outer loop
      vertex 47.1403 -19.6639 9.53674e-07
      vertex 46.8 -19.066 0.6
      vertex 47.1443 -19.6623 9.53674e-07
    endloop
  endfacet
  facet normal -0.252627 0.609947 -0.751095
    outer loop
      vertex 46.8 -19.066 0.6
      vertex 47.1403 -19.6639 9.53674e-07
      vertex 46.5588 -19.1659 0.6
    endloop
  endfacet
  facet normal -0.991431 0.130633 0
    outer loop
      vertex 47.2659 -10.6588 0.6
      vertex 47.3 -10.4 6.6
      vertex 47.3 -10.4 0.6
    endloop
  endfacet
  facet normal -0.991431 0.130633 0
    outer loop
      vertex 47.3 -10.4 6.6
      vertex 47.2659 -10.6588 0.6
      vertex 47.2659 -10.6588 6.6
    endloop
  endfacet
  facet normal 0.991431 0.130633 0
    outer loop
      vertex 45.3341 -10.6588 6.6
      vertex 45.3 -10.4 0.6
      vertex 45.3 -10.4 6.6
    endloop
  endfacet
  facet normal 0.991431 0.130633 0
    outer loop
      vertex 45.3 -10.4 0.6
      vertex 45.3341 -10.6588 6.6
      vertex 45.3341 -10.6588 0.6
    endloop
  endfacet
  facet normal 0.130633 0.991431 -0
    outer loop
      vertex 46.3 -11.4 0.6
      vertex 46.0412 -11.3659 6.6
      vertex 46.3 -11.4 6.6
    endloop
  endfacet
  facet normal 0.130633 0.991431 0
    outer loop
      vertex 46.0412 -11.3659 6.6
      vertex 46.3 -11.4 0.6
      vertex 46.0412 -11.3659 0.6
    endloop
  endfacet
  facet normal -0.13052 -0.991446 0
    outer loop
      vertex 46.3 -9.4 0.6
      vertex 46.5588 -9.43407 6.6
      vertex 46.3 -9.4 6.6
    endloop
  endfacet
  facet normal -0.13052 -0.991446 -0
    outer loop
      vertex 46.5588 -9.43407 6.6
      vertex 46.3 -9.4 0.6
      vertex 46.5588 -9.43407 0.6
    endloop
  endfacet
  facet normal -0.382656 -0.923891 0
    outer loop
      vertex 46.5588 -9.43407 0.6
      vertex 46.8 -9.53397 6.6
      vertex 46.5588 -9.43407 6.6
    endloop
  endfacet
  facet normal -0.382656 -0.923891 -0
    outer loop
      vertex 46.8 -9.53397 6.6
      vertex 46.5588 -9.43407 0.6
      vertex 46.8 -9.53397 0.6
    endloop
  endfacet
  facet normal -0.608729 0.793378 0
    outer loop
      vertex 47.0071 -11.1071 0.6
      vertex 46.8 -11.266 6.6
      vertex 47.0071 -11.1071 6.6
    endloop
  endfacet
  facet normal -0.608729 0.793378 0
    outer loop
      vertex 46.8 -11.266 6.6
      vertex 47.0071 -11.1071 0.6
      vertex 46.8 -11.266 0.6
    endloop
  endfacet
  facet normal -0.382656 0.923891 0
    outer loop
      vertex 46.8 -11.266 0.6
      vertex 46.5588 -11.3659 6.6
      vertex 46.8 -11.266 6.6
    endloop
  endfacet
  facet normal -0.382656 0.923891 0
    outer loop
      vertex 46.5588 -11.3659 6.6
      vertex 46.8 -11.266 0.6
      vertex 46.5588 -11.3659 0.6
    endloop
  endfacet
  facet normal 0.608729 0.793378 -0
    outer loop
      vertex 45.8 -11.266 0.6
      vertex 45.5929 -11.1071 6.6
      vertex 45.8 -11.266 6.6
    endloop
  endfacet
  facet normal 0.608729 0.793378 0
    outer loop
      vertex 45.5929 -11.1071 6.6
      vertex 45.8 -11.266 0.6
      vertex 45.5929 -11.1071 0.6
    endloop
  endfacet
  facet normal 0.793378 0.608729 0
    outer loop
      vertex 45.5929 -11.1071 6.6
      vertex 45.434 -10.9 0.6
      vertex 45.434 -10.9 6.6
    endloop
  endfacet
  facet normal 0.793378 0.608729 0
    outer loop
      vertex 45.434 -10.9 0.6
      vertex 45.5929 -11.1071 6.6
      vertex 45.5929 -11.1071 0.6
    endloop
  endfacet
  facet normal 0.382656 0.923891 -0
    outer loop
      vertex 46.0412 -11.3659 0.6
      vertex 45.8 -11.266 6.6
      vertex 46.0412 -11.3659 6.6
    endloop
  endfacet
  facet normal 0.382656 0.923891 0
    outer loop
      vertex 45.8 -11.266 6.6
      vertex 46.0412 -11.3659 0.6
      vertex 45.8 -11.266 0.6
    endloop
  endfacet
  facet normal -0.923891 -0.382656 0
    outer loop
      vertex 47.2659 -10.1412 0.6
      vertex 47.166 -9.9 6.6
      vertex 47.166 -9.9 0.6
    endloop
  endfacet
  facet normal -0.923891 -0.382656 0
    outer loop
      vertex 47.166 -9.9 6.6
      vertex 47.2659 -10.1412 0.6
      vertex 47.2659 -10.1412 6.6
    endloop
  endfacet
  facet normal -0.793378 0.608729 0
    outer loop
      vertex 47.0071 -11.1071 0.6
      vertex 47.166 -10.9 6.6
      vertex 47.166 -10.9 0.6
    endloop
  endfacet
  facet normal -0.793378 0.608729 0
    outer loop
      vertex 47.166 -10.9 6.6
      vertex 47.0071 -11.1071 0.6
      vertex 47.0071 -11.1071 6.6
    endloop
  endfacet
  facet normal -0.923891 0.382656 0
    outer loop
      vertex 47.166 -10.9 0.6
      vertex 47.2659 -10.6588 6.6
      vertex 47.2659 -10.6588 0.6
    endloop
  endfacet
  facet normal -0.923891 0.382656 0
    outer loop
      vertex 47.2659 -10.6588 6.6
      vertex 47.166 -10.9 0.6
      vertex 47.166 -10.9 6.6
    endloop
  endfacet
  facet normal -0.130633 0.991431 0
    outer loop
      vertex 46.5588 -11.3659 0.6
      vertex 46.3 -11.4 6.6
      vertex 46.5588 -11.3659 6.6
    endloop
  endfacet
  facet normal -0.130633 0.991431 0
    outer loop
      vertex 46.3 -11.4 6.6
      vertex 46.5588 -11.3659 0.6
      vertex 46.3 -11.4 0.6
    endloop
  endfacet
  facet normal 0.923891 0.382656 0
    outer loop
      vertex 45.434 -10.9 6.6
      vertex 45.3341 -10.6588 0.6
      vertex 45.3341 -10.6588 6.6
    endloop
  endfacet
  facet normal 0.923891 0.382656 0
    outer loop
      vertex 45.3341 -10.6588 0.6
      vertex 45.434 -10.9 6.6
      vertex 45.434 -10.9 0.6
    endloop
  endfacet
  facet normal -0.991431 -0.130633 0
    outer loop
      vertex 47.3 -10.4 0.6
      vertex 47.2659 -10.1412 6.6
      vertex 47.2659 -10.1412 0.6
    endloop
  endfacet
  facet normal -0.991431 -0.130633 0
    outer loop
      vertex 47.2659 -10.1412 6.6
      vertex 47.3 -10.4 0.6
      vertex 47.3 -10.4 6.6
    endloop
  endfacet
  facet normal -0.608777 -0.793341 0
    outer loop
      vertex 46.8 -9.53397 0.6
      vertex 47.0071 -9.69289 6.6
      vertex 46.8 -9.53397 6.6
    endloop
  endfacet
  facet normal -0.608777 -0.793341 -0
    outer loop
      vertex 47.0071 -9.69289 6.6
      vertex 46.8 -9.53397 0.6
      vertex 47.0071 -9.69289 0.6
    endloop
  endfacet
  facet normal -0.793392 -0.608711 0
    outer loop
      vertex 47.166 -9.9 0.6
      vertex 47.0071 -9.69289 6.6
      vertex 47.0071 -9.69289 0.6
    endloop
  endfacet
  facet normal -0.793392 -0.608711 0
    outer loop
      vertex 47.0071 -9.69289 6.6
      vertex 47.166 -9.9 0.6
      vertex 47.166 -9.9 6.6
    endloop
  endfacet
  facet normal 0.382656 -0.923891 0
    outer loop
      vertex 45.8 -9.53397 0.6
      vertex 46.0412 -9.43407 6.6
      vertex 45.8 -9.53397 6.6
    endloop
  endfacet
  facet normal 0.382656 -0.923891 0
    outer loop
      vertex 46.0412 -9.43407 6.6
      vertex 45.8 -9.53397 0.6
      vertex 46.0412 -9.43407 0.6
    endloop
  endfacet
  facet normal 0.793392 -0.608711 0
    outer loop
      vertex 45.434 -9.9 6.6
      vertex 45.5929 -9.69289 0.6
      vertex 45.5929 -9.69289 6.6
    endloop
  endfacet
  facet normal 0.793392 -0.608711 0
    outer loop
      vertex 45.5929 -9.69289 0.6
      vertex 45.434 -9.9 6.6
      vertex 45.434 -9.9 0.6
    endloop
  endfacet
  facet normal 0.13052 -0.991446 0
    outer loop
      vertex 46.0412 -9.43407 0.6
      vertex 46.3 -9.4 6.6
      vertex 46.0412 -9.43407 6.6
    endloop
  endfacet
  facet normal 0.13052 -0.991446 0
    outer loop
      vertex 46.3 -9.4 6.6
      vertex 46.0412 -9.43407 0.6
      vertex 46.3 -9.4 0.6
    endloop
  endfacet
  facet normal 0.608777 -0.793341 0
    outer loop
      vertex 45.5929 -9.69289 0.6
      vertex 45.8 -9.53397 6.6
      vertex 45.5929 -9.69289 6.6
    endloop
  endfacet
  facet normal 0.608777 -0.793341 0
    outer loop
      vertex 45.8 -9.53397 6.6
      vertex 45.5929 -9.69289 0.6
      vertex 45.8 -9.53397 0.6
    endloop
  endfacet
  facet normal 0.923891 -0.382656 0
    outer loop
      vertex 45.3341 -10.1412 6.6
      vertex 45.434 -9.9 0.6
      vertex 45.434 -9.9 6.6
    endloop
  endfacet
  facet normal 0.923891 -0.382656 0
    outer loop
      vertex 45.434 -9.9 0.6
      vertex 45.3341 -10.1412 6.6
      vertex 45.3341 -10.1412 0.6
    endloop
  endfacet
  facet normal 0.991431 -0.130633 0
    outer loop
      vertex 45.3 -10.4 6.6
      vertex 45.3341 -10.1412 0.6
      vertex 45.3341 -10.1412 6.6
    endloop
  endfacet
  facet normal 0.991431 -0.130633 0
    outer loop
      vertex 45.3341 -10.1412 0.6
      vertex 45.3 -10.4 6.6
      vertex 45.3 -10.4 0.6
    endloop
  endfacet
  facet normal -0.654991 0.0779751 -0.751603
    outer loop
      vertex 47.988 -10.4042 9.53674e-07
      vertex 47.3 -10.4 0.6
      vertex 47.9885 -10.4 9.53674e-07
    endloop
  endfacet
  facet normal -0.654514 0.0862401 -0.751115
    outer loop
      vertex 47.3 -10.4 0.6
      vertex 47.988 -10.4042 9.53674e-07
      vertex 47.2659 -10.6588 0.6
    endloop
  endfacet
  facet normal 0.654545 -0.0862079 -0.751092
    outer loop
      vertex 44.6685 -9.96722 9.53674e-07
      vertex 45.3 -10.4 0.6
      vertex 44.6115 -10.4 9.53674e-07
    endloop
  endfacet
  facet normal 0.0779751 0.654991 -0.751603
    outer loop
      vertex 46.2958 -12.088 9.53674e-07
      vertex 46.3 -11.4 0.6
      vertex 46.3 -12.0885 9.53674e-07
    endloop
  endfacet
  facet normal 0.0862401 0.654514 -0.751115
    outer loop
      vertex 46.3 -11.4 0.6
      vertex 46.2958 -12.088 9.53674e-07
      vertex 46.0412 -11.3659 0.6
    endloop
  endfacet
  facet normal -0.654508 -0.0861951 -0.751126
    outer loop
      vertex 47.931 -9.96298 9.53674e-07
      vertex 47.988 -10.3958 9.53674e-07
      vertex 47.2659 -10.1412 0.6
    endloop
  endfacet
  facet normal -0.401852 0.523754 -0.75113
    outer loop
      vertex 47.494 -11.594 9.53674e-07
      vertex 47.1477 -11.8597 9.53674e-07
      vertex 47.0071 -11.1071 0.6
    endloop
  endfacet
  facet normal -0.086167 -0.654535 -0.751105
    outer loop
      vertex 46.3 -9.4 0.6
      vertex 46.3042 -8.71203 9.53674e-07
      vertex 46.5588 -9.43407 0.6
    endloop
  endfacet
  facet normal -0.0857165 -0.654562 -0.751133
    outer loop
      vertex 46.3042 -8.71203 9.53674e-07
      vertex 46.3 -9.4 0.6
      vertex 46.3 -8.71148 9.53674e-07
    endloop
  endfacet
  facet normal 0.656167 0.0781151 -0.750562
    outer loop
      vertex 44.6685 -10.8328 9.53674e-07
      vertex 45.3341 -10.6588 0.6
      vertex 44.669 -10.837 9.53674e-07
    endloop
  endfacet
  facet normal 0.654529 0.086242 -0.751102
    outer loop
      vertex 45.3341 -10.6588 0.6
      vertex 44.6685 -10.8328 9.53674e-07
      vertex 45.3 -10.4 0.6
    endloop
  endfacet
  facet normal -0.654508 0.0861991 -0.751125
    outer loop
      vertex 47.988 -10.4042 9.53674e-07
      vertex 47.931 -10.837 9.53674e-07
      vertex 47.2659 -10.6588 0.6
    endloop
  endfacet
  facet normal -0.52377 -0.401853 -0.751118
    outer loop
      vertex 47.494 -9.20603 9.53674e-07
      vertex 47.7597 -9.55234 9.53674e-07
      vertex 47.0071 -9.69289 0.6
    endloop
  endfacet
  facet normal -0.609884 -0.252707 -0.751119
    outer loop
      vertex 47.7623 -9.55574 9.53674e-07
      vertex 47.9294 -9.95902 9.53674e-07
      vertex 47.166 -9.9 0.6
    endloop
  endfacet
  facet normal -0.4019 -0.523738 -0.751116
    outer loop
      vertex 47.1443 -8.93769 9.53674e-07
      vertex 47.4906 -9.20343 9.53674e-07
      vertex 46.8 -9.53397 0.6
    endloop
  endfacet
  facet normal -0.249239 -0.611629 -0.75086
    outer loop
      vertex 46.8 -9.53397 0.6
      vertex 47.1403 -8.93606 9.53674e-07
      vertex 47.1443 -8.93769 9.53674e-07
    endloop
  endfacet
  facet normal -0.252625 -0.609942 -0.7511
    outer loop
      vertex 47.1403 -8.93606 9.53674e-07
      vertex 46.8 -9.53397 0.6
      vertex 46.5588 -9.43407 0.6
    endloop
  endfacet
  facet normal 0.52377 -0.401853 -0.751118
    outer loop
      vertex 45.106 -9.20603 9.53674e-07
      vertex 45.5929 -9.69289 0.6
      vertex 44.8403 -9.55234 9.53674e-07
    endloop
  endfacet
  facet normal 0.4019 -0.523738 -0.751116
    outer loop
      vertex 45.4557 -8.93769 9.53674e-07
      vertex 45.8 -9.53397 0.6
      vertex 45.1094 -9.20343 9.53674e-07
    endloop
  endfacet
  facet normal 0.401898 -0.523742 -0.751115
    outer loop
      vertex 45.5929 -9.69289 0.6
      vertex 45.1094 -9.20343 9.53674e-07
      vertex 45.8 -9.53397 0.6
    endloop
  endfacet
  facet normal 0.401069 -0.524475 -0.751045
    outer loop
      vertex 45.1094 -9.20343 9.53674e-07
      vertex 45.5929 -9.69289 0.6
      vertex 45.106 -9.20603 9.53674e-07
    endloop
  endfacet
  facet normal 0.523754 0.401852 -0.75113
    outer loop
      vertex 45.5929 -11.1071 0.6
      vertex 45.106 -11.594 9.53674e-07
      vertex 44.8403 -11.2477 9.53674e-07
    endloop
  endfacet
  facet normal 0.401855 0.523757 -0.751126
    outer loop
      vertex 45.8 -11.266 0.6
      vertex 45.4557 -11.8623 9.53674e-07
      vertex 45.1094 -11.5966 9.53674e-07
    endloop
  endfacet
  facet normal 0.252627 0.609947 -0.751095
    outer loop
      vertex 45.4597 -11.8639 9.53674e-07
      vertex 45.8 -11.266 0.6
      vertex 46.0412 -11.3659 0.6
    endloop
  endfacet
  facet normal 0.245411 0.613528 -0.750571
    outer loop
      vertex 45.8 -11.266 0.6
      vertex 45.4597 -11.8639 9.53674e-07
      vertex 45.4557 -11.8623 9.53674e-07
    endloop
  endfacet
  facet normal -0.0861991 0.654508 -0.751125
    outer loop
      vertex 46.5588 -11.3659 0.6
      vertex 46.737 -12.031 9.53674e-07
      vertex 46.3042 -12.088 9.53674e-07
    endloop
  endfacet
  facet normal -0.52434 0.400966 -0.751195
    outer loop
      vertex 47.7597 -11.2477 9.53674e-07
      vertex 47.166 -10.9 0.6
      vertex 47.7623 -11.2443 9.53674e-07
    endloop
  endfacet
  facet normal -0.523752 0.401855 -0.75113
    outer loop
      vertex 47.166 -10.9 0.6
      vertex 47.7597 -11.2477 9.53674e-07
      vertex 47.0071 -11.1071 0.6
    endloop
  endfacet
  facet normal -0.654991 -0.0779751 -0.751603
    outer loop
      vertex 47.3 -10.4 0.6
      vertex 47.988 -10.3958 9.53674e-07
      vertex 47.9885 -10.4 9.53674e-07
    endloop
  endfacet
  facet normal -0.654514 -0.0862401 -0.751115
    outer loop
      vertex 47.988 -10.3958 9.53674e-07
      vertex 47.3 -10.4 0.6
      vertex 47.2659 -10.1412 0.6
    endloop
  endfacet
  facet normal -0.52435 -0.400974 -0.751184
    outer loop
      vertex 47.166 -9.9 0.6
      vertex 47.7597 -9.55234 9.53674e-07
      vertex 47.7623 -9.55574 9.53674e-07
    endloop
  endfacet
  facet normal -0.523772 -0.401851 -0.751119
    outer loop
      vertex 47.7597 -9.55234 9.53674e-07
      vertex 47.166 -9.9 0.6
      vertex 47.0071 -9.69289 0.6
    endloop
  endfacet
  facet normal 0.523772 -0.401851 -0.751119
    outer loop
      vertex 45.434 -9.9 0.6
      vertex 44.8403 -9.55234 9.53674e-07
      vertex 45.5929 -9.69289 0.6
    endloop
  endfacet
  facet normal 0.52435 -0.400974 -0.751184
    outer loop
      vertex 44.8403 -9.55234 9.53674e-07
      vertex 45.434 -9.9 0.6
      vertex 44.8377 -9.55574 9.53674e-07
    endloop
  endfacet
  facet normal 0.609945 -0.252627 -0.751097
    outer loop
      vertex 44.8361 -9.55969 9.53674e-07
      vertex 45.434 -9.9 0.6
      vertex 45.3341 -10.1412 0.6
    endloop
  endfacet
  facet normal 0.612247 -0.247999 -0.750766
    outer loop
      vertex 45.434 -9.9 0.6
      vertex 44.8361 -9.55969 9.53674e-07
      vertex 44.8377 -9.55574 9.53674e-07
    endloop
  endfacet
  facet normal 0.252622 -0.609929 -0.751112
    outer loop
      vertex 45.859 -8.77065 9.53674e-07
      vertex 45.8 -9.53397 0.6
      vertex 45.4557 -8.93769 9.53674e-07
    endloop
  endfacet
  facet normal 0.609891 0.252697 -0.751117
    outer loop
      vertex 45.3341 -10.6588 0.6
      vertex 44.8361 -11.2403 9.53674e-07
      vertex 44.669 -10.837 9.53674e-07
    endloop
  endfacet
  facet normal 0.654545 0.086204 -0.751092
    outer loop
      vertex 45.3 -10.4 0.6
      vertex 44.6685 -10.8328 9.53674e-07
      vertex 44.6115 -10.4 9.53674e-07
    endloop
  endfacet
  facet normal 0.523752 0.401855 -0.75113
    outer loop
      vertex 44.8403 -11.2477 9.53674e-07
      vertex 45.434 -10.9 0.6
      vertex 45.5929 -11.1071 0.6
    endloop
  endfacet
  facet normal 0.52434 0.400966 -0.751195
    outer loop
      vertex 45.434 -10.9 0.6
      vertex 44.8403 -11.2477 9.53674e-07
      vertex 44.8377 -11.2443 9.53674e-07
    endloop
  endfacet
  facet normal 0.401857 0.523754 -0.751127
    outer loop
      vertex 45.1094 -11.5966 9.53674e-07
      vertex 45.5929 -11.1071 0.6
      vertex 45.8 -11.266 0.6
    endloop
  endfacet
  facet normal 0.401059 0.524461 -0.751061
    outer loop
      vertex 45.5929 -11.1071 0.6
      vertex 45.1094 -11.5966 9.53674e-07
      vertex 45.106 -11.594 9.53674e-07
    endloop
  endfacet
  facet normal -0.523754 0.401852 -0.75113
    outer loop
      vertex 47.7597 -11.2477 9.53674e-07
      vertex 47.494 -11.594 9.53674e-07
      vertex 47.0071 -11.1071 0.6
    endloop
  endfacet
  facet normal -0.252697 0.609891 -0.751117
    outer loop
      vertex 47.1403 -11.8639 9.53674e-07
      vertex 46.737 -12.031 9.53674e-07
      vertex 46.5588 -11.3659 0.6
    endloop
  endfacet
  facet normal -0.400966 0.52434 -0.751195
    outer loop
      vertex 46.8 -11.266 0.6
      vertex 47.1477 -11.8597 9.53674e-07
      vertex 47.1443 -11.8623 9.53674e-07
    endloop
  endfacet
  facet normal -0.401855 0.523752 -0.75113
    outer loop
      vertex 47.1477 -11.8597 9.53674e-07
      vertex 46.8 -11.266 0.6
      vertex 47.0071 -11.1071 0.6
    endloop
  endfacet
  facet normal -0.611704 -0.247153 -0.751488
    outer loop
      vertex 47.2659 -10.1412 0.6
      vertex 47.9294 -9.95902 9.53674e-07
      vertex 47.931 -9.96298 9.53674e-07
    endloop
  endfacet
  facet normal -0.609896 -0.252606 -0.751144
    outer loop
      vertex 47.9294 -9.95902 9.53674e-07
      vertex 47.2659 -10.1412 0.6
      vertex 47.166 -9.9 0.6
    endloop
  endfacet
  facet normal -0.252639 -0.609932 -0.751104
    outer loop
      vertex 46.737 -8.76901 9.53674e-07
      vertex 47.1403 -8.93606 9.53674e-07
      vertex 46.5588 -9.43407 0.6
    endloop
  endfacet
  facet normal -0.0861725 -0.654536 -0.751104
    outer loop
      vertex 46.737 -8.76901 9.53674e-07
      vertex 46.5588 -9.43407 0.6
      vertex 46.3042 -8.71203 9.53674e-07
    endloop
  endfacet
  facet normal 0.609886 -0.252701 -0.75112
    outer loop
      vertex 44.8361 -9.55969 9.53674e-07
      vertex 45.3341 -10.1412 0.6
      vertex 44.669 -9.96298 9.53674e-07
    endloop
  endfacet
  facet normal 0.65453 -0.0862422 -0.751101
    outer loop
      vertex 44.6685 -9.96722 9.53674e-07
      vertex 45.3341 -10.1412 0.6
      vertex 45.3 -10.4 0.6
    endloop
  endfacet
  facet normal 0.656311 -0.0773951 -0.750511
    outer loop
      vertex 45.3341 -10.1412 0.6
      vertex 44.6685 -9.96722 9.53674e-07
      vertex 44.669 -9.96298 9.53674e-07
    endloop
  endfacet
  facet normal 0.0861725 -0.654536 -0.751104
    outer loop
      vertex 46.2958 -8.71203 9.53674e-07
      vertex 46.0412 -9.43407 0.6
      vertex 45.863 -8.76901 9.53674e-07
    endloop
  endfacet
  facet normal 0.250377 -0.610676 -0.751257
    outer loop
      vertex 46.0412 -9.43407 0.6
      vertex 45.859 -8.77065 9.53674e-07
      vertex 45.863 -8.76901 9.53674e-07
    endloop
  endfacet
  facet normal 0.25262 -0.609929 -0.751112
    outer loop
      vertex 45.859 -8.77065 9.53674e-07
      vertex 46.0412 -9.43407 0.6
      vertex 45.8 -9.53397 0.6
    endloop
  endfacet
  facet normal 0.613528 0.245411 -0.750571
    outer loop
      vertex 44.8361 -11.2403 9.53674e-07
      vertex 45.434 -10.9 0.6
      vertex 44.8377 -11.2443 9.53674e-07
    endloop
  endfacet
  facet normal 0.609947 0.252627 -0.751095
    outer loop
      vertex 45.434 -10.9 0.6
      vertex 44.8361 -11.2403 9.53674e-07
      vertex 45.3341 -10.6588 0.6
    endloop
  endfacet
  facet normal 0.252697 0.609891 -0.751117
    outer loop
      vertex 46.0412 -11.3659 0.6
      vertex 45.863 -12.031 9.53674e-07
      vertex 45.4597 -11.8639 9.53674e-07
    endloop
  endfacet
  facet normal 0.0861991 0.654508 -0.751125
    outer loop
      vertex 46.0412 -11.3659 0.6
      vertex 46.2958 -12.088 9.53674e-07
      vertex 45.863 -12.031 9.53674e-07
    endloop
  endfacet
  facet normal -0.0779751 0.654991 -0.751603
    outer loop
      vertex 46.3 -11.4 0.6
      vertex 46.3042 -12.088 9.53674e-07
      vertex 46.3 -12.0885 9.53674e-07
    endloop
  endfacet
  facet normal -0.0862401 0.654514 -0.751115
    outer loop
      vertex 46.3042 -12.088 9.53674e-07
      vertex 46.3 -11.4 0.6
      vertex 46.5588 -11.3659 0.6
    endloop
  endfacet
  facet normal -0.609882 0.252693 -0.751126
    outer loop
      vertex 47.9294 -10.841 9.53674e-07
      vertex 47.7623 -11.2443 9.53674e-07
      vertex 47.166 -10.9 0.6
    endloop
  endfacet
  facet normal -0.612418 0.244967 -0.751622
    outer loop
      vertex 47.9294 -10.841 9.53674e-07
      vertex 47.2659 -10.6588 0.6
      vertex 47.931 -10.837 9.53674e-07
    endloop
  endfacet
  facet normal -0.609892 0.252605 -0.751148
    outer loop
      vertex 47.2659 -10.6588 0.6
      vertex 47.9294 -10.841 9.53674e-07
      vertex 47.166 -10.9 0.6
    endloop
  endfacet
  facet normal -0.401069 -0.524475 -0.751045
    outer loop
      vertex 47.0071 -9.69289 0.6
      vertex 47.4906 -9.20343 9.53674e-07
      vertex 47.494 -9.20603 9.53674e-07
    endloop
  endfacet
  facet normal -0.401898 -0.523742 -0.751115
    outer loop
      vertex 47.4906 -9.20343 9.53674e-07
      vertex 47.0071 -9.69289 0.6
      vertex 46.8 -9.53397 0.6
    endloop
  endfacet
  facet normal 0.0857165 -0.654562 -0.751133
    outer loop
      vertex 46.3 -9.4 0.6
      vertex 46.2958 -8.71203 9.53674e-07
      vertex 46.3 -8.71148 9.53674e-07
    endloop
  endfacet
  facet normal 0.086167 -0.654535 -0.751105
    outer loop
      vertex 46.2958 -8.71203 9.53674e-07
      vertex 46.3 -9.4 0.6
      vertex 46.0412 -9.43407 0.6
    endloop
  endfacet
  facet normal -0.245411 0.613528 -0.750571
    outer loop
      vertex 47.1403 -11.8639 9.53674e-07
      vertex 46.8 -11.266 0.6
      vertex 47.1443 -11.8623 9.53674e-07
    endloop
  endfacet
  facet normal -0.252627 0.609947 -0.751095
    outer loop
      vertex 46.8 -11.266 0.6
      vertex 47.1403 -11.8639 9.53674e-07
      vertex 46.5588 -11.3659 0.6
    endloop
  endfacet
  facet normal -0 0 1
    outer loop
      vertex -2.7 -42.2 3.5
      vertex -0.299999 -54.2 3.5
      vertex -0.299999 -42.2 3.5
    endloop
  endfacet
  facet normal 0 0 1
    outer loop
      vertex -0.299999 -54.2 3.5
      vertex -2.7 -42.2 3.5
      vertex -2.7 -54.2 3.5
    endloop
  endfacet
  facet normal 0 1 0
    outer loop
      vertex -0.299999 -54.2 7.2
      vertex -0.299999 -54.2 3.5
      vertex -1.5 -54.2 7.2
    endloop
  endfacet
  facet normal 0 1 -0
    outer loop
      vertex -1.5 -54.2 7.2
      vertex -2.7 -54.2 8.9
      vertex -1.5 -54.2 8.9
    endloop
  endfacet
  facet normal 0 1 0
    outer loop
      vertex -2.7 -54.2 3.5
      vertex -1.5 -54.2 7.2
      vertex -0.299999 -54.2 3.5
    endloop
  endfacet
  facet normal 0 1 0
    outer loop
      vertex -1.5 -54.2 7.2
      vertex -2.7 -54.2 3.5
      vertex -2.7 -54.2 8.9
    endloop
  endfacet
  facet normal 0 -1 0
    outer loop
      vertex -2.7 -42.2 8.9
      vertex -1.5 -42.2 7.2
      vertex -1.5 -42.2 8.9
    endloop
  endfacet
  facet normal 0 -1 0
    outer loop
      vertex -2.7 -42.2 3.5
      vertex -1.5 -42.2 7.2
      vertex -2.7 -42.2 8.9
    endloop
  endfacet
  facet normal 0 -1 0
    outer loop
      vertex -0.299999 -42.2 3.5
      vertex -1.5 -42.2 7.2
      vertex -2.7 -42.2 3.5
    endloop
  endfacet
  facet normal 0 -1 0
    outer loop
      vertex -1.5 -42.2 7.2
      vertex -0.299999 -42.2 3.5
      vertex -0.299999 -42.2 7.2
    endloop
  endfacet
  facet normal -0 0 1
    outer loop
      vertex -2.7 -54.3 6.1
      vertex -0.299999 -57.9 6.1
      vertex -0.299999 -54.3 6.1
    endloop
  endfacet
  facet normal 0 0 1
    outer loop
      vertex -0.299999 -57.9 6.1
      vertex -2.7 -54.3 6.1
      vertex -2.7 -57.9 6.1
    endloop
  endfacet
  facet normal 0 1 0
    outer loop
      vertex -0.299999 -57.9 7.2
      vertex -0.299999 -57.9 6.1
      vertex -1.5 -57.9 7.2
    endloop
  endfacet
  facet normal 0 1 -0
    outer loop
      vertex -1.5 -57.9 7.2
      vertex -2.7 -57.9 8.9
      vertex -1.5 -57.9 8.9
    endloop
  endfacet
  facet normal 0 1 0
    outer loop
      vertex -1.5 -57.9 7.2
      vertex -2.7 -57.9 6.1
      vertex -2.7 -57.9 8.9
    endloop
  endfacet
  facet normal 0 1 0
    outer loop
      vertex -2.7 -57.9 6.1
      vertex -1.5 -57.9 7.2
      vertex -0.299999 -57.9 6.1
    endloop
  endfacet
  facet normal 0 -1 0
    outer loop
      vertex -2.7 -54.3 8.9
      vertex -1.5 -54.3 7.2
      vertex -1.5 -54.3 8.9
    endloop
  endfacet
  facet normal 0 -1 0
    outer loop
      vertex -2.7 -54.3 6.1
      vertex -1.5 -54.3 7.2
      vertex -2.7 -54.3 8.9
    endloop
  endfacet
  facet normal 0 -1 0
    outer loop
      vertex -0.299999 -54.3 6.1
      vertex -1.5 -54.3 7.2
      vertex -2.7 -54.3 6.1
    endloop
  endfacet
  facet normal 0 -1 0
    outer loop
      vertex -1.5 -54.3 7.2
      vertex -0.299999 -54.3 6.1
      vertex -0.299999 -54.3 7.2
    endloop
  endfacet
  facet normal 1 -0 0
    outer loop
      vertex 11 -75.4 4.8
      vertex 11 -73 3.2
      vertex 11 -73 4.8
    endloop
  endfacet
  facet normal 1 0 0
    outer loop
      vertex 11 -73 3.2
      vertex 11 -75.4 4.8
      vertex 11 -75.4 3.2
    endloop
  endfacet
  facet normal -0 0 1
    outer loop
      vertex 11 -73 3.2
      vertex 18 -75.4 3.2
      vertex 18 -73 3.2
    endloop
  endfacet
  facet normal 0 0 1
    outer loop
      vertex 18 -75.4 3.2
      vertex 11 -73 3.2
      vertex 11 -75.4 3.2
    endloop
  endfacet
  facet normal -1 0 0
    outer loop
      vertex 18 -75.4 3.2
      vertex 18 -73 4.8
      vertex 18 -73 3.2
    endloop
  endfacet
  facet normal -1 -0 0
    outer loop
      vertex 18 -73 4.8
      vertex 18 -75.4 3.2
      vertex 18 -75.4 4.8
    endloop
  endfacet
  facet normal 0 0 -1
    outer loop
      vertex 11 -75.4 4.8
      vertex 18 -73 4.8
      vertex 18 -75.4 4.8
    endloop
  endfacet
  facet normal -0 0 -1
    outer loop
      vertex 18 -73 4.8
      vertex 11 -75.4 4.8
      vertex 11 -73 4.8
    endloop
  endfacet
  facet normal 1 -0 0
    outer loop
      vertex 21.5 -75.4 4.8
      vertex 21.5 -73 3.2
      vertex 21.5 -73 4.8
    endloop
  endfacet
  facet normal 1 0 0
    outer loop
      vertex 21.5 -73 3.2
      vertex 21.5 -75.4 4.8
      vertex 21.5 -75.4 3.2
    endloop
  endfacet
  facet normal -0 0 1
    outer loop
      vertex 21.5 -73 3.2
      vertex 28.5 -75.4 3.2
      vertex 28.5 -73 3.2
    endloop
  endfacet
  facet normal 0 0 1
    outer loop
      vertex 28.5 -75.4 3.2
      vertex 21.5 -73 3.2
      vertex 21.5 -75.4 3.2
    endloop
  endfacet
  facet normal -1 0 0
    outer loop
      vertex 28.5 -75.4 3.2
      vertex 28.5 -73 4.8
      vertex 28.5 -73 3.2
    endloop
  endfacet
  facet normal -1 -0 0
    outer loop
      vertex 28.5 -73 4.8
      vertex 28.5 -75.4 3.2
      vertex 28.5 -75.4 4.8
    endloop
  endfacet
  facet normal 0 0 -1
    outer loop
      vertex 21.5 -75.4 4.8
      vertex 28.5 -73 4.8
      vertex 28.5 -75.4 4.8
    endloop
  endfacet
  facet normal -0 0 -1
    outer loop
      vertex 28.5 -73 4.8
      vertex 21.5 -75.4 4.8
      vertex 21.5 -73 4.8
    endloop
  endfacet
  facet normal 1 -0 0
    outer loop
      vertex 32 -75.4 4.8
      vertex 32 -73 3.2
      vertex 32 -73 4.8
    endloop
  endfacet
  facet normal 1 0 0
    outer loop
      vertex 32 -73 3.2
      vertex 32 -75.4 4.8
      vertex 32 -75.4 3.2
    endloop
  endfacet
  facet normal -0 0 1
    outer loop
      vertex 32 -73 3.2
      vertex 39 -75.4 3.2
      vertex 39 -73 3.2
    endloop
  endfacet
  facet normal 0 0 1
    outer loop
      vertex 39 -75.4 3.2
      vertex 32 -73 3.2
      vertex 32 -75.4 3.2
    endloop
  endfacet
  facet normal -1 0 0
    outer loop
      vertex 39 -75.4 3.2
      vertex 39 -73 4.8
      vertex 39 -73 3.2
    endloop
  endfacet
  facet normal -1 -0 0
    outer loop
      vertex 39 -73 4.8
      vertex 39 -75.4 3.2
      vertex 39 -75.4 4.8
    endloop
  endfacet
  facet normal 0 0 -1
    outer loop
      vertex 32 -75.4 4.8
      vertex 39 -73 4.8
      vertex 39 -75.4 4.8
    endloop
  endfacet
  facet normal -0 0 -1
    outer loop
      vertex 39 -73 4.8
      vertex 32 -75.4 4.8
      vertex 32 -73 4.8
    endloop
  endfacet
  facet normal -0 0 1
    outer loop
      vertex -2.7 -24 3.2
      vertex -0.299999 -30 3.2
      vertex -0.299999 -24 3.2
    endloop
  endfacet
  facet normal 0 0 1
    outer loop
      vertex -0.299999 -30 3.2
      vertex -2.7 -24 3.2
      vertex -2.7 -30 3.2
    endloop
  endfacet
  facet normal 0 0 -1
    outer loop
      vertex -2.7 -30 4.8
      vertex -0.299999 -24 4.8
      vertex -0.299999 -30 4.8
    endloop
  endfacet
  facet normal -0 0 -1
    outer loop
      vertex -0.299999 -24 4.8
      vertex -2.7 -30 4.8
      vertex -2.7 -24 4.8
    endloop
  endfacet
  facet normal 0 -1 0
    outer loop
      vertex -2.7 -24 3.2
      vertex -0.299999 -24 4.8
      vertex -2.7 -24 4.8
    endloop
  endfacet
  facet normal 0 -1 -0
    outer loop
      vertex -0.299999 -24 4.8
      vertex -2.7 -24 3.2
      vertex -0.299999 -24 3.2
    endloop
  endfacet
  facet normal 0 1 -0
    outer loop
      vertex -0.299999 -30 3.2
      vertex -2.7 -30 4.8
      vertex -0.299999 -30 4.8
    endloop
  endfacet
  facet normal 0 1 0
    outer loop
      vertex -2.7 -30 4.8
      vertex -0.299999 -30 3.2
      vertex -2.7 -30 3.2
    endloop
  endfacet
  facet normal -0 0 1
    outer loop
      vertex 50.3 -24 3.2
      vertex 52.7 -30 3.2
      vertex 52.7 -24 3.2
    endloop
  endfacet
  facet normal 0 0 1
    outer loop
      vertex 52.7 -30 3.2
      vertex 50.3 -24 3.2
      vertex 50.3 -30 3.2
    endloop
  endfacet
  facet normal 0 0 -1
    outer loop
      vertex 50.3 -30 4.8
      vertex 52.7 -24 4.8
      vertex 52.7 -30 4.8
    endloop
  endfacet
  facet normal -0 0 -1
    outer loop
      vertex 52.7 -24 4.8
      vertex 50.3 -30 4.8
      vertex 50.3 -24 4.8
    endloop
  endfacet
  facet normal 0 -1 0
    outer loop
      vertex 50.3 -24 3.2
      vertex 52.7 -24 4.8
      vertex 50.3 -24 4.8
    endloop
  endfacet
  facet normal 0 -1 -0
    outer loop
      vertex 52.7 -24 4.8
      vertex 50.3 -24 3.2
      vertex 52.7 -24 3.2
    endloop
  endfacet
  facet normal 0 1 -0
    outer loop
      vertex 52.7 -30 3.2
      vertex 50.3 -30 4.8
      vertex 52.7 -30 4.8
    endloop
  endfacet
  facet normal 0 1 0
    outer loop
      vertex 50.3 -30 4.8
      vertex 52.7 -30 3.2
      vertex 50.3 -30 3.2
    endloop
  endfacet
  facet normal -0 0 1
    outer loop
      vertex -2.7 -32 3.2
      vertex -0.299999 -38 3.2
      vertex -0.299999 -32 3.2
    endloop
  endfacet
  facet normal 0 0 1
    outer loop
      vertex -0.299999 -38 3.2
      vertex -2.7 -32 3.2
      vertex -2.7 -38 3.2
    endloop
  endfacet
  facet normal 0 1 -0
    outer loop
      vertex -0.299999 -38 3.2
      vertex -2.7 -38 4.8
      vertex -0.299999 -38 4.8
    endloop
  endfacet
  facet normal 0 1 0
    outer loop
      vertex -2.7 -38 4.8
      vertex -0.299999 -38 3.2
      vertex -2.7 -38 3.2
    endloop
  endfacet
  facet normal 0 0 -1
    outer loop
      vertex -2.7 -38 4.8
      vertex -0.299999 -32 4.8
      vertex -0.299999 -38 4.8
    endloop
  endfacet
  facet normal -0 0 -1
    outer loop
      vertex -0.299999 -32 4.8
      vertex -2.7 -38 4.8
      vertex -2.7 -32 4.8
    endloop
  endfacet
  facet normal 0 -1 0
    outer loop
      vertex -2.7 -32 3.2
      vertex -0.299999 -32 4.8
      vertex -2.7 -32 4.8
    endloop
  endfacet
  facet normal 0 -1 -0
    outer loop
      vertex -0.299999 -32 4.8
      vertex -2.7 -32 3.2
      vertex -0.299999 -32 3.2
    endloop
  endfacet
  facet normal -0 0 1
    outer loop
      vertex 50.3 -32 3.2
      vertex 52.7 -38 3.2
      vertex 52.7 -32 3.2
    endloop
  endfacet
  facet normal 0 0 1
    outer loop
      vertex 52.7 -38 3.2
      vertex 50.3 -32 3.2
      vertex 50.3 -38 3.2
    endloop
  endfacet
  facet normal 0 0 -1
    outer loop
      vertex 50.3 -38 4.8
      vertex 52.7 -32 4.8
      vertex 52.7 -38 4.8
    endloop
  endfacet
  facet normal -0 0 -1
    outer loop
      vertex 52.7 -32 4.8
      vertex 50.3 -38 4.8
      vertex 50.3 -32 4.8
    endloop
  endfacet
  facet normal 0 -1 0
    outer loop
      vertex 50.3 -32 3.2
      vertex 52.7 -32 4.8
      vertex 50.3 -32 4.8
    endloop
  endfacet
  facet normal 0 -1 -0
    outer loop
      vertex 52.7 -32 4.8
      vertex 50.3 -32 3.2
      vertex 52.7 -32 3.2
    endloop
  endfacet
  facet normal 0 1 -0
    outer loop
      vertex 52.7 -38 3.2
      vertex 50.3 -38 4.8
      vertex 52.7 -38 4.8
    endloop
  endfacet
  facet normal 0 1 0
    outer loop
      vertex 50.3 -38 4.8
      vertex 52.7 -38 3.2
      vertex 50.3 -38 3.2
    endloop
  endfacet
  facet normal -0.91381 0 -0.406143
    outer loop
      vertex 8.75 -62.38 0.8
      vertex 8.39444 -66.6244 1.6
      vertex 8.39444 -62.7356 1.6
    endloop
  endfacet
  facet normal -0.91381 0 -0.406143
    outer loop
      vertex 8.39444 -66.6244 1.6
      vertex 8.75 -62.38 0.8
      vertex 8.75 -66.98 0.8
    endloop
  endfacet
  facet normal 0 -1 0
    outer loop
      vertex 0.65 -62.38 9.53674e-07
      vertex 8.75 -62.38 0.8
      vertex 0.65 -62.38 0.8
    endloop
  endfacet
  facet normal 0 -1 -0
    outer loop
      vertex 8.75 -62.38 0.8
      vertex 0.65 -62.38 9.53674e-07
      vertex 8.75 -62.38 9.53674e-07
    endloop
  endfacet
  facet normal 0 -0.913793 -0.406181
    outer loop
      vertex 0.65 -62.38 0.8
      vertex 8.39444 -62.7356 1.6
      vertex 1.00556 -62.7356 1.6
    endloop
  endfacet
  facet normal 0 -0.913793 -0.406181
    outer loop
      vertex 8.39444 -62.7356 1.6
      vertex 0.65 -62.38 0.8
      vertex 8.75 -62.38 0.8
    endloop
  endfacet
  facet normal -1 0 0
    outer loop
      vertex 8.75 -66.98 9.53674e-07
      vertex 8.75 -62.38 0.8
      vertex 8.75 -62.38 9.53674e-07
    endloop
  endfacet
  facet normal -1 -0 0
    outer loop
      vertex 8.75 -62.38 0.8
      vertex 8.75 -66.98 9.53674e-07
      vertex 8.75 -66.98 0.8
    endloop
  endfacet
  facet normal 1 -0 0
    outer loop
      vertex 0.65 -66.98 0.8
      vertex 0.65 -62.38 9.53674e-07
      vertex 0.65 -62.38 0.8
    endloop
  endfacet
  facet normal 1 0 0
    outer loop
      vertex 0.65 -62.38 9.53674e-07
      vertex 0.65 -66.98 0.8
      vertex 0.65 -66.98 9.53674e-07
    endloop
  endfacet
  facet normal 0 1 -0
    outer loop
      vertex 8.75 -66.98 9.53674e-07
      vertex 0.65 -66.98 0.8
      vertex 8.75 -66.98 0.8
    endloop
  endfacet
  facet normal 0 1 0
    outer loop
      vertex 0.65 -66.98 0.8
      vertex 8.75 -66.98 9.53674e-07
      vertex 0.65 -66.98 9.53674e-07
    endloop
  endfacet
  facet normal 0 0.913793 -0.406181
    outer loop
      vertex 8.75 -66.98 0.8
      vertex 1.00556 -66.6244 1.6
      vertex 8.39444 -66.6244 1.6
    endloop
  endfacet
  facet normal 0 0.913793 -0.406181
    outer loop
      vertex 1.00556 -66.6244 1.6
      vertex 8.75 -66.98 0.8
      vertex 0.65 -66.98 0.8
    endloop
  endfacet
  facet normal 0.91381 0 -0.406143
    outer loop
      vertex 1.00556 -66.6244 1.6
      vertex 0.65 -62.38 0.8
      vertex 1.00556 -62.7356 1.6
    endloop
  endfacet
  facet normal 0.91381 0 -0.406143
    outer loop
      vertex 0.65 -62.38 0.8
      vertex 1.00556 -66.6244 1.6
      vertex 0.65 -66.98 0.8
    endloop
  endfacet
  facet normal 0 0 -1
    outer loop
      vertex 41.8448 -18.9242 0.400001
      vertex 42.2325 -18.9 0.400001
      vertex 42.2354 -18.971 0.400001
    endloop
  endfacet
  facet normal 0 0 -1
    outer loop
      vertex 41.8416 -18.9878 0.400001
      vertex 42.2354 -18.971 0.400001
      vertex 42.2148 -19.1556 0.400001
    endloop
  endfacet
  facet normal 0 -0 -1
    outer loop
      vertex 41.8448 -18.9242 0.400001
      vertex 42.2354 -18.971 0.400001
      vertex 41.8416 -18.9878 0.400001
    endloop
  endfacet
  facet normal 0 0 -1
    outer loop
      vertex 41.8417 -18.8576 0.400001
      vertex 42.2238 -18.8323 0.400001
      vertex 41.8448 -18.9242 0.400001
    endloop
  endfacet
  facet normal -0 0 -1
    outer loop
      vertex 42.2238 -18.8323 0.400001
      vertex 41.8417 -18.8576 0.400001
      vertex 42.2093 -18.7679 0.400001
    endloop
  endfacet
  facet normal 0 0 -1
    outer loop
      vertex 41.8157 -19.0987 0.400001
      vertex 42.2148 -19.1556 0.400001
      vertex 42.1531 -19.3118 0.400001
    endloop
  endfacet
  facet normal -0 0 -1
    outer loop
      vertex 42.2325 -18.9 0.400001
      vertex 41.8448 -18.9242 0.400001
      vertex 42.2238 -18.8323 0.400001
    endloop
  endfacet
  facet normal -0 0 -1
    outer loop
      vertex 42.2093 -18.7679 0.400001
      vertex 41.8323 -18.7961 0.400001
      vertex 42.1889 -18.7069 0.400001
    endloop
  endfacet
  facet normal 0 0 -1
    outer loop
      vertex 41.793 -19.1461 0.400001
      vertex 42.1531 -19.3118 0.400001
      vertex 42.0501 -19.4396 0.400001
    endloop
  endfacet
  facet normal 0 0 -1
    outer loop
      vertex 41.8323 -18.7961 0.400001
      vertex 42.2093 -18.7679 0.400001
      vertex 41.8417 -18.8576 0.400001
    endloop
  endfacet
  facet normal 0 0 -1
    outer loop
      vertex 41.8166 -18.7397 0.400001
      vertex 42.1628 -18.6492 0.400001
      vertex 41.8323 -18.7961 0.400001
    endloop
  endfacet
  facet normal -0 0 -1
    outer loop
      vertex 42.1628 -18.6492 0.400001
      vertex 41.8166 -18.7397 0.400001
      vertex 42.1308 -18.5948 0.400001
    endloop
  endfacet
  facet normal 0 0 -1
    outer loop
      vertex 41.7282 -19.2246 0.400001
      vertex 42.0501 -19.4396 0.400001
      vertex 41.9059 -19.539 0.400001
    endloop
  endfacet
  facet normal -0 0 -1
    outer loop
      vertex 42.1308 -18.5948 0.400001
      vertex 41.8166 -18.7397 0.400001
      vertex 42.093 -18.5438 0.400001
    endloop
  endfacet
  facet normal 0 0 -1
    outer loop
      vertex 41.7947 -18.6884 0.400001
      vertex 42.093 -18.5438 0.400001
      vertex 41.8166 -18.7397 0.400001
    endloop
  endfacet
  facet normal -0 0 -1
    outer loop
      vertex 42.1889 -18.7069 0.400001
      vertex 41.8323 -18.7961 0.400001
      vertex 42.1628 -18.6492 0.400001
    endloop
  endfacet
  facet normal 0 0 -1
    outer loop
      vertex 42.2148 -19.1556 0.400001
      vertex 41.8319 -19.0459 0.400001
      vertex 41.8416 -18.9878 0.400001
    endloop
  endfacet
  facet normal 0 0 -1
    outer loop
      vertex 42.2148 -19.1556 0.400001
      vertex 41.8157 -19.0987 0.400001
      vertex 41.8319 -19.0459 0.400001
    endloop
  endfacet
  facet normal 0 0 -1
    outer loop
      vertex 42.1531 -19.3118 0.400001
      vertex 41.793 -19.1461 0.400001
      vertex 41.8157 -19.0987 0.400001
    endloop
  endfacet
  facet normal 0 0 -1
    outer loop
      vertex 42.0501 -19.4396 0.400001
      vertex 41.7639 -19.188 0.400001
      vertex 41.793 -19.1461 0.400001
    endloop
  endfacet
  facet normal 0 0 -1
    outer loop
      vertex 42.0501 -19.4396 0.400001
      vertex 41.7282 -19.2246 0.400001
      vertex 41.7639 -19.188 0.400001
    endloop
  endfacet
  facet normal 0 0 -1
    outer loop
      vertex 41.6861 -19.2558 0.400001
      vertex 41.9059 -19.539 0.400001
      vertex 41.7206 -19.6099 0.400001
    endloop
  endfacet
  facet normal 0 0 -1
    outer loop
      vertex 41.9059 -19.539 0.400001
      vertex 41.6861 -19.2558 0.400001
      vertex 41.7282 -19.2246 0.400001
    endloop
  endfacet
  facet normal 0 0 -1
    outer loop
      vertex 41.7206 -19.6099 0.400001
      vertex 41.6379 -19.2823 0.400001
      vertex 41.6861 -19.2558 0.400001
    endloop
  endfacet
  facet normal 0 0 -1
    outer loop
      vertex 41.7206 -19.6099 0.400001
      vertex 41.5838 -19.3046 0.400001
      vertex 41.6379 -19.2823 0.400001
    endloop
  endfacet
  facet normal 0 0 -1
    outer loop
      vertex 41.7206 -19.6099 0.400001
      vertex 41.524 -19.3229 0.400001
      vertex 41.5838 -19.3046 0.400001
    endloop
  endfacet
  facet normal 0 0 -1
    outer loop
      vertex 41.4941 -19.6525 0.400001
      vertex 41.524 -19.3229 0.400001
      vertex 41.7206 -19.6099 0.400001
    endloop
  endfacet
  facet normal 0 0 -1
    outer loop
      vertex 41.4941 -19.6525 0.400001
      vertex 41.4583 -19.3372 0.400001
      vertex 41.524 -19.3229 0.400001
    endloop
  endfacet
  facet normal 0 0 -1
    outer loop
      vertex 41.4941 -19.6525 0.400001
      vertex 41.3868 -19.3474 0.400001
      vertex 41.4583 -19.3372 0.400001
    endloop
  endfacet
  facet normal 0 0 -1
    outer loop
      vertex 41.4941 -19.6525 0.400001
      vertex 41.3095 -19.3535 0.400001
      vertex 41.3868 -19.3474 0.400001
    endloop
  endfacet
  facet normal 0 0 -1
    outer loop
      vertex 41.2264 -19.6668 0.400001
      vertex 41.3095 -19.3535 0.400001
      vertex 41.4941 -19.6525 0.400001
    endloop
  endfacet
  facet normal 0 0 -1
    outer loop
      vertex 41.2264 -19.6668 0.400001
      vertex 41.2264 -19.3555 0.400001
      vertex 41.3095 -19.3535 0.400001
    endloop
  endfacet
  facet normal 0 0 -1
    outer loop
      vertex 41.2264 -19.6668 0.400001
      vertex 40.5734 -19.3555 0.400001
      vertex 41.2264 -19.3555 0.400001
    endloop
  endfacet
  facet normal 0 0 -1
    outer loop
      vertex 40.1848 -19.6668 0.400001
      vertex 40.5734 -18.4481 0.400001
      vertex 40.5734 -19.3555 0.400001
    endloop
  endfacet
  facet normal -0 0 -1
    outer loop
      vertex 40.5734 -18.4481 0.400001
      vertex 40.1848 -19.6668 0.400001
      vertex 40.5734 -18.145 0.400001
    endloop
  endfacet
  facet normal 0 0 -1
    outer loop
      vertex 40.1848 -16.8003 0.400001
      vertex 40.5734 -18.145 0.400001
      vertex 40.1848 -19.6668 0.400001
    endloop
  endfacet
  facet normal 0 0 -1
    outer loop
      vertex 40.1848 -19.6668 0.400001
      vertex 40.5734 -19.3555 0.400001
      vertex 41.2264 -19.6668 0.400001
    endloop
  endfacet
  facet normal -0 0 -1
    outer loop
      vertex 42.093 -18.5438 0.400001
      vertex 41.7947 -18.6884 0.400001
      vertex 42.0499 -18.4967 0.400001
    endloop
  endfacet
  facet normal -0 0 -1
    outer loop
      vertex 42.0499 -18.4967 0.400001
      vertex 41.7947 -18.6884 0.400001
      vertex 42.002 -18.4542 0.400001
    endloop
  endfacet
  facet normal 0 0 -1
    outer loop
      vertex 41.7665 -18.6422 0.400001
      vertex 42.002 -18.4542 0.400001
      vertex 41.7947 -18.6884 0.400001
    endloop
  endfacet
  facet normal -0 0 -1
    outer loop
      vertex 42.002 -18.4542 0.400001
      vertex 41.7665 -18.6422 0.400001
      vertex 41.9493 -18.4165 0.400001
    endloop
  endfacet
  facet normal 0 0 -1
    outer loop
      vertex 41.732 -18.6011 0.400001
      vertex 41.9493 -18.4165 0.400001
      vertex 41.7665 -18.6422 0.400001
    endloop
  endfacet
  facet normal -0 0 -1
    outer loop
      vertex 41.9493 -18.4165 0.400001
      vertex 41.732 -18.6011 0.400001
      vertex 41.8917 -18.3833 0.400001
    endloop
  endfacet
  facet normal -0 0 -1
    outer loop
      vertex 41.8917 -18.3833 0.400001
      vertex 41.732 -18.6011 0.400001
      vertex 41.8294 -18.3549 0.400001
    endloop
  endfacet
  facet normal 0 0 -1
    outer loop
      vertex 41.6912 -18.5651 0.400001
      vertex 41.8294 -18.3549 0.400001
      vertex 41.732 -18.6011 0.400001
    endloop
  endfacet
  facet normal -0 0 -1
    outer loop
      vertex 41.8294 -18.3549 0.400001
      vertex 41.6912 -18.5651 0.400001
      vertex 41.7622 -18.331 0.400001
    endloop
  endfacet
  facet normal 0 0 -1
    outer loop
      vertex 41.6441 -18.5341 0.400001
      vertex 41.7622 -18.331 0.400001
      vertex 41.6912 -18.5651 0.400001
    endloop
  endfacet
  facet normal -0 0 -1
    outer loop
      vertex 41.7622 -18.331 0.400001
      vertex 41.6441 -18.5341 0.400001
      vertex 41.6902 -18.3119 0.400001
    endloop
  endfacet
  facet normal 0 0 -1
    outer loop
      vertex 41.5906 -18.5078 0.400001
      vertex 41.6902 -18.3119 0.400001
      vertex 41.6441 -18.5341 0.400001
    endloop
  endfacet
  facet normal 0 0 -1
    outer loop
      vertex 41.5306 -18.4863 0.400001
      vertex 41.6902 -18.3119 0.400001
      vertex 41.5906 -18.5078 0.400001
    endloop
  endfacet
  facet normal 0 0 -1
    outer loop
      vertex 41.4642 -18.4696 0.400001
      vertex 41.6902 -18.3119 0.400001
      vertex 41.5306 -18.4863 0.400001
    endloop
  endfacet
  facet normal 0 0 -1
    outer loop
      vertex 41.6902 -18.3119 0.400001
      vertex 41.4865 -18.1347 0.400001
      vertex 41.6463 -18.1037 0.400001
    endloop
  endfacet
  facet normal -0 0 -1
    outer loop
      vertex 41.6902 -18.3119 0.400001
      vertex 41.4642 -18.4696 0.400001
      vertex 41.4865 -18.1347 0.400001
    endloop
  endfacet
  facet normal 0 0 -1
    outer loop
      vertex 41.3914 -18.4577 0.400001
      vertex 41.4865 -18.1347 0.400001
      vertex 41.4642 -18.4696 0.400001
    endloop
  endfacet
  facet normal 0 0 -1
    outer loop
      vertex 41.2976 -18.145 0.400001
      vertex 41.3914 -18.4577 0.400001
      vertex 41.3121 -18.4505 0.400001
    endloop
  endfacet
  facet normal 0 0 -1
    outer loop
      vertex 41.3914 -18.4577 0.400001
      vertex 41.2976 -18.145 0.400001
      vertex 41.4865 -18.1347 0.400001
    endloop
  endfacet
  facet normal 0 0 -1
    outer loop
      vertex 41.2264 -18.4481 0.400001
      vertex 41.2976 -18.145 0.400001
      vertex 41.3121 -18.4505 0.400001
    endloop
  endfacet
  facet normal 0 0 -1
    outer loop
      vertex 40.5734 -18.145 0.400001
      vertex 41.2264 -18.4481 0.400001
      vertex 40.5734 -18.4481 0.400001
    endloop
  endfacet
  facet normal 0 0 -1
    outer loop
      vertex 41.2264 -18.4481 0.400001
      vertex 40.5734 -18.145 0.400001
      vertex 41.2976 -18.145 0.400001
    endloop
  endfacet
  facet normal -0 0 -1
    outer loop
      vertex 42.3871 -17.7638 0.400001
      vertex 41.9951 -17.7729 0.400001
      vertex 42.0096 -17.6385 0.400001
    endloop
  endfacet
  facet normal 0 0 -1
    outer loop
      vertex 41.8788 -17.9796 0.400001
      vertex 42.0297 -18.2172 0.400001
      vertex 41.9544 -18.2499 0.400001
    endloop
  endfacet
  facet normal 0 0 -1
    outer loop
      vertex 42.0985 -18.1785 0.400001
      vertex 41.9515 -17.8866 0.400001
      vertex 41.9951 -17.7729 0.400001
    endloop
  endfacet
  facet normal 0 0 -1
    outer loop
      vertex 42.0985 -18.1785 0.400001
      vertex 41.8788 -17.9796 0.400001
      vertex 41.9515 -17.8866 0.400001
    endloop
  endfacet
  facet normal 0 0 -1
    outer loop
      vertex 41.7771 -18.052 0.400001
      vertex 41.9544 -18.2499 0.400001
      vertex 41.8727 -18.2766 0.400001
    endloop
  endfacet
  facet normal 0 0 -1
    outer loop
      vertex 41.7771 -18.052 0.400001
      vertex 41.8727 -18.2766 0.400001
      vertex 41.7847 -18.2972 0.400001
    endloop
  endfacet
  facet normal 0 0 -1
    outer loop
      vertex 41.9544 -18.2499 0.400001
      vertex 41.7771 -18.052 0.400001
      vertex 41.8788 -17.9796 0.400001
    endloop
  endfacet
  facet normal 0 0 -1
    outer loop
      vertex 41.6463 -18.1037 0.400001
      vertex 41.7847 -18.2972 0.400001
      vertex 41.6902 -18.3119 0.400001
    endloop
  endfacet
  facet normal 0 0 -1
    outer loop
      vertex 41.7847 -18.2972 0.400001
      vertex 41.6463 -18.1037 0.400001
      vertex 41.7771 -18.052 0.400001
    endloop
  endfacet
  facet normal 0 0 -1
    outer loop
      vertex 42.0096 -17.6385 0.400001
      vertex 42.4022 -17.608 0.400001
      vertex 42.3985 -17.6879 0.400001
    endloop
  endfacet
  facet normal 0 0 -1
    outer loop
      vertex 42.0096 -17.6385 0.400001
      vertex 42.3985 -17.6879 0.400001
      vertex 42.3871 -17.7638 0.400001
    endloop
  endfacet
  facet normal 0 0 -1
    outer loop
      vertex 42.0063 -17.5662 0.400001
      vertex 42.4022 -17.608 0.400001
      vertex 42.0096 -17.6385 0.400001
    endloop
  endfacet
  facet normal 0 0 -1
    outer loop
      vertex 41.9951 -17.7729 0.400001
      vertex 42.3871 -17.7638 0.400001
      vertex 42.3682 -17.8357 0.400001
    endloop
  endfacet
  facet normal 0 0 -1
    outer loop
      vertex 42.4022 -17.608 0.400001
      vertex 42.0063 -17.5662 0.400001
      vertex 42.3965 -17.5022 0.400001
    endloop
  endfacet
  facet normal 0 0 -1
    outer loop
      vertex 41.9951 -17.7729 0.400001
      vertex 42.3682 -17.8357 0.400001
      vertex 42.3418 -17.9036 0.400001
    endloop
  endfacet
  facet normal 0 0 -1
    outer loop
      vertex 41.9963 -17.4991 0.400001
      vertex 42.3965 -17.5022 0.400001
      vertex 42.0063 -17.5662 0.400001
    endloop
  endfacet
  facet normal 0 0 -1
    outer loop
      vertex 41.9951 -17.7729 0.400001
      vertex 42.3418 -17.9036 0.400001
      vertex 42.3078 -17.9674 0.400001
    endloop
  endfacet
  facet normal 0 0 -1
    outer loop
      vertex 41.9951 -17.7729 0.400001
      vertex 42.3078 -17.9674 0.400001
      vertex 42.2662 -18.0272 0.400001
    endloop
  endfacet
  facet normal 0 0 -1
    outer loop
      vertex 42.3965 -17.5022 0.400001
      vertex 41.9963 -17.4991 0.400001
      vertex 42.3795 -17.4033 0.400001
    endloop
  endfacet
  facet normal 0 0 -1
    outer loop
      vertex 41.9951 -17.7729 0.400001
      vertex 42.2662 -18.0272 0.400001
      vertex 42.2171 -18.083 0.400001
    endloop
  endfacet
  facet normal -0 0 -1
    outer loop
      vertex 42.3795 -17.4033 0.400001
      vertex 41.9963 -17.4991 0.400001
      vertex 42.351 -17.3113 0.400001
    endloop
  endfacet
  facet normal 0 0 -1
    outer loop
      vertex 41.9951 -17.7729 0.400001
      vertex 42.2171 -18.083 0.400001
      vertex 42.161 -18.1337 0.400001
    endloop
  endfacet
  facet normal 0 0 -1
    outer loop
      vertex 41.9797 -17.4375 0.400001
      vertex 42.351 -17.3113 0.400001
      vertex 41.9963 -17.4991 0.400001
    endloop
  endfacet
  facet normal 0 0 -1
    outer loop
      vertex 41.9951 -17.7729 0.400001
      vertex 42.161 -18.1337 0.400001
      vertex 42.0985 -18.1785 0.400001
    endloop
  endfacet
  facet normal -0 0 -1
    outer loop
      vertex 42.351 -17.3113 0.400001
      vertex 41.9797 -17.4375 0.400001
      vertex 42.3112 -17.2263 0.400001
    endloop
  endfacet
  facet normal 0 0 -1
    outer loop
      vertex 41.8788 -17.9796 0.400001
      vertex 42.0985 -18.1785 0.400001
      vertex 42.0297 -18.2172 0.400001
    endloop
  endfacet
  facet normal 0 0 -1
    outer loop
      vertex 41.9565 -17.3811 0.400001
      vertex 42.3112 -17.2263 0.400001
      vertex 41.9797 -17.4375 0.400001
    endloop
  endfacet
  facet normal -0 0 -1
    outer loop
      vertex 42.3112 -17.2263 0.400001
      vertex 41.9565 -17.3811 0.400001
      vertex 42.26 -17.1483 0.400001
    endloop
  endfacet
  facet normal 0 0 -1
    outer loop
      vertex 41.9265 -17.33 0.400001
      vertex 42.26 -17.1483 0.400001
      vertex 41.9565 -17.3811 0.400001
    endloop
  endfacet
  facet normal -0 0 -1
    outer loop
      vertex 42.26 -17.1483 0.400001
      vertex 41.9265 -17.33 0.400001
      vertex 42.1975 -17.0771 0.400001
    endloop
  endfacet
  facet normal 0 0 -1
    outer loop
      vertex 41.89 -17.2842 0.400001
      vertex 42.1975 -17.0771 0.400001
      vertex 41.9265 -17.33 0.400001
    endloop
  endfacet
  facet normal -0 0 -1
    outer loop
      vertex 42.1975 -17.0771 0.400001
      vertex 41.89 -17.2842 0.400001
      vertex 42.1235 -17.0129 0.400001
    endloop
  endfacet
  facet normal 0 0 -1
    outer loop
      vertex 41.8468 -17.2438 0.400001
      vertex 42.1235 -17.0129 0.400001
      vertex 41.89 -17.2842 0.400001
    endloop
  endfacet
  facet normal -0 0 -1
    outer loop
      vertex 42.1235 -17.0129 0.400001
      vertex 41.8468 -17.2438 0.400001
      vertex 42.0395 -16.9565 0.400001
    endloop
  endfacet
  facet normal 0 0 -1
    outer loop
      vertex 41.7964 -17.2087 0.400001
      vertex 42.0395 -16.9565 0.400001
      vertex 41.8468 -17.2438 0.400001
    endloop
  endfacet
  facet normal -0 0 -1
    outer loop
      vertex 42.0395 -16.9565 0.400001
      vertex 41.7964 -17.2087 0.400001
      vertex 41.9465 -16.9088 0.400001
    endloop
  endfacet
  facet normal 0 0 -1
    outer loop
      vertex 41.7381 -17.179 0.400001
      vertex 41.9465 -16.9088 0.400001
      vertex 41.7964 -17.2087 0.400001
    endloop
  endfacet
  facet normal -0 0 -1
    outer loop
      vertex 41.9465 -16.9088 0.400001
      vertex 41.7381 -17.179 0.400001
      vertex 41.8447 -16.8697 0.400001
    endloop
  endfacet
  facet normal 0 0 -1
    outer loop
      vertex 41.6718 -17.1548 0.400001
      vertex 41.8447 -16.8697 0.400001
      vertex 41.7381 -17.179 0.400001
    endloop
  endfacet
  facet normal -0 0 -1
    outer loop
      vertex 41.8447 -16.8697 0.400001
      vertex 41.6718 -17.1548 0.400001
      vertex 41.7339 -16.8394 0.400001
    endloop
  endfacet
  facet normal 0 0 -1
    outer loop
      vertex 41.5977 -17.1359 0.400001
      vertex 41.7339 -16.8394 0.400001
      vertex 41.6718 -17.1548 0.400001
    endloop
  endfacet
  facet normal -0 0 -1
    outer loop
      vertex 41.7339 -16.8394 0.400001
      vertex 41.5977 -17.1359 0.400001
      vertex 41.6143 -16.8177 0.400001
    endloop
  endfacet
  facet normal 0 0 -1
    outer loop
      vertex 41.5157 -17.1224 0.400001
      vertex 41.6143 -16.8177 0.400001
      vertex 41.5977 -17.1359 0.400001
    endloop
  endfacet
  facet normal 0 0 -1
    outer loop
      vertex 41.5157 -17.1224 0.400001
      vertex 41.4858 -16.8047 0.400001
      vertex 41.6143 -16.8177 0.400001
    endloop
  endfacet
  facet normal 0 0 -1
    outer loop
      vertex 41.4259 -17.1143 0.400001
      vertex 41.4858 -16.8047 0.400001
      vertex 41.5157 -17.1224 0.400001
    endloop
  endfacet
  facet normal 0 0 -1
    outer loop
      vertex 41.4259 -17.1143 0.400001
      vertex 41.3484 -16.8003 0.400001
      vertex 41.4858 -16.8047 0.400001
    endloop
  endfacet
  facet normal 0 0 -1
    outer loop
      vertex 41.3281 -17.1116 0.400001
      vertex 41.3484 -16.8003 0.400001
      vertex 41.4259 -17.1143 0.400001
    endloop
  endfacet
  facet normal 0 0 -1
    outer loop
      vertex 40.5734 -17.1116 0.400001
      vertex 41.3484 -16.8003 0.400001
      vertex 41.3281 -17.1116 0.400001
    endloop
  endfacet
  facet normal 0 0 -1
    outer loop
      vertex 40.5734 -17.1116 0.400001
      vertex 40.1848 -16.8003 0.400001
      vertex 41.3484 -16.8003 0.400001
    endloop
  endfacet
  facet normal 0 0 -1
    outer loop
      vertex 40.5734 -18.145 0.400001
      vertex 40.1848 -16.8003 0.400001
      vertex 40.5734 -17.1116 0.400001
    endloop
  endfacet
  facet normal -0.100654 -0.994922 0
    outer loop
      vertex 41.4858 -16.8047 9.53674e-07
      vertex 41.6143 -16.8177 0.400001
      vertex 41.4858 -16.8047 0.400001
    endloop
  endfacet
  facet normal -0.100654 -0.994922 -0
    outer loop
      vertex 41.6143 -16.8177 0.400001
      vertex 41.4858 -16.8047 9.53674e-07
      vertex 41.6143 -16.8177 9.53674e-07
    endloop
  endfacet
  facet normal -0.178523 -0.983936 0
    outer loop
      vertex 41.6143 -16.8177 9.53674e-07
      vertex 41.7339 -16.8394 0.400001
      vertex 41.6143 -16.8177 0.400001
    endloop
  endfacet
  facet normal -0.178523 -0.983936 -0
    outer loop
      vertex 41.7339 -16.8394 0.400001
      vertex 41.6143 -16.8177 9.53674e-07
      vertex 41.7339 -16.8394 9.53674e-07
    endloop
  endfacet
  facet normal -0.26378 -0.964583 0
    outer loop
      vertex 41.7339 -16.8394 9.53674e-07
      vertex 41.8447 -16.8697 0.400001
      vertex 41.7339 -16.8394 0.400001
    endloop
  endfacet
  facet normal -0.26378 -0.964583 -0
    outer loop
      vertex 41.8447 -16.8697 0.400001
      vertex 41.7339 -16.8394 9.53674e-07
      vertex 41.8447 -16.8697 9.53674e-07
    endloop
  endfacet
  facet normal -0.358549 -0.933511 0
    outer loop
      vertex 41.8447 -16.8697 9.53674e-07
      vertex 41.9465 -16.9088 0.400001
      vertex 41.8447 -16.8697 0.400001
    endloop
  endfacet
  facet normal -0.358549 -0.933511 -0
    outer loop
      vertex 41.9465 -16.9088 0.400001
      vertex 41.8447 -16.8697 9.53674e-07
      vertex 41.9465 -16.9088 9.53674e-07
    endloop
  endfacet
  facet normal -0.456375 -0.889788 0
    outer loop
      vertex 41.9465 -16.9088 9.53674e-07
      vertex 42.0395 -16.9565 0.400001
      vertex 41.9465 -16.9088 0.400001
    endloop
  endfacet
  facet normal -0.456375 -0.889788 -0
    outer loop
      vertex 42.0395 -16.9565 0.400001
      vertex 41.9465 -16.9088 9.53674e-07
      vertex 42.0395 -16.9565 9.53674e-07
    endloop
  endfacet
  facet normal -0.557434 -0.830221 0
    outer loop
      vertex 42.0395 -16.9565 9.53674e-07
      vertex 42.1235 -17.0129 0.400001
      vertex 42.0395 -16.9565 0.400001
    endloop
  endfacet
  facet normal -0.557434 -0.830221 -0
    outer loop
      vertex 42.1235 -17.0129 0.400001
      vertex 42.0395 -16.9565 9.53674e-07
      vertex 42.1235 -17.0129 9.53674e-07
    endloop
  endfacet
  facet normal -0.655319 -0.755352 0
    outer loop
      vertex 42.1235 -17.0129 9.53674e-07
      vertex 42.1975 -17.0771 0.400001
      vertex 42.1235 -17.0129 0.400001
    endloop
  endfacet
  facet normal -0.655319 -0.755352 -0
    outer loop
      vertex 42.1975 -17.0771 0.400001
      vertex 42.1235 -17.0129 9.53674e-07
      vertex 42.1975 -17.0771 9.53674e-07
    endloop
  endfacet
  facet normal -0.75153 -0.659699 0
    outer loop
      vertex 42.26 -17.1483 9.53674e-07
      vertex 42.1975 -17.0771 0.400001
      vertex 42.1975 -17.0771 9.53674e-07
    endloop
  endfacet
  facet normal -0.75153 -0.659699 0
    outer loop
      vertex 42.1975 -17.0771 0.400001
      vertex 42.26 -17.1483 9.53674e-07
      vertex 42.26 -17.1483 0.400001
    endloop
  endfacet
  facet normal -0.835986 -0.54875 0
    outer loop
      vertex 42.3112 -17.2263 9.53674e-07
      vertex 42.26 -17.1483 0.400001
      vertex 42.26 -17.1483 9.53674e-07
    endloop
  endfacet
  facet normal -0.835986 -0.54875 0
    outer loop
      vertex 42.26 -17.1483 0.400001
      vertex 42.3112 -17.2263 9.53674e-07
      vertex 42.3112 -17.2263 0.400001
    endloop
  endfacet
  facet normal -0.905638 -0.424052 0
    outer loop
      vertex 42.351 -17.3113 9.53674e-07
      vertex 42.3112 -17.2263 0.400001
      vertex 42.3112 -17.2263 9.53674e-07
    endloop
  endfacet
  facet normal -0.905638 -0.424052 0
    outer loop
      vertex 42.3112 -17.2263 0.400001
      vertex 42.351 -17.3113 9.53674e-07
      vertex 42.351 -17.3113 0.400001
    endloop
  endfacet
  facet normal -0.955216 -0.295909 0
    outer loop
      vertex 42.3795 -17.4033 9.53674e-07
      vertex 42.351 -17.3113 0.400001
      vertex 42.351 -17.3113 9.53674e-07
    endloop
  endfacet
  facet normal -0.955216 -0.295909 0
    outer loop
      vertex 42.351 -17.3113 0.400001
      vertex 42.3795 -17.4033 9.53674e-07
      vertex 42.3795 -17.4033 0.400001
    endloop
  endfacet
  facet normal -0.985546 -0.169406 0
    outer loop
      vertex 42.3965 -17.5022 9.53674e-07
      vertex 42.3795 -17.4033 0.400001
      vertex 42.3795 -17.4033 9.53674e-07
    endloop
  endfacet
  facet normal -0.985546 -0.169406 0
    outer loop
      vertex 42.3795 -17.4033 0.400001
      vertex 42.3965 -17.5022 9.53674e-07
      vertex 42.3965 -17.5022 0.400001
    endloop
  endfacet
  facet normal -0.998552 -0.0537972 0
    outer loop
      vertex 42.4022 -17.608 9.53674e-07
      vertex 42.3965 -17.5022 0.400001
      vertex 42.3965 -17.5022 9.53674e-07
    endloop
  endfacet
  facet normal -0.998552 -0.0537972 0
    outer loop
      vertex 42.3965 -17.5022 0.400001
      vertex 42.4022 -17.608 9.53674e-07
      vertex 42.4022 -17.608 0.400001
    endloop
  endfacet
  facet normal -0.99893 0.0462583 0
    outer loop
      vertex 42.3985 -17.6879 9.53674e-07
      vertex 42.4022 -17.608 0.400001
      vertex 42.4022 -17.608 9.53674e-07
    endloop
  endfacet
  facet normal -0.99893 0.0462583 0
    outer loop
      vertex 42.4022 -17.608 0.400001
      vertex 42.3985 -17.6879 9.53674e-07
      vertex 42.3985 -17.6879 0.400001
    endloop
  endfacet
  facet normal -0.988908 0.148532 0
    outer loop
      vertex 42.3871 -17.7638 9.53674e-07
      vertex 42.3985 -17.6879 0.400001
      vertex 42.3985 -17.6879 9.53674e-07
    endloop
  endfacet
  facet normal -0.988908 0.148532 0
    outer loop
      vertex 42.3985 -17.6879 0.400001
      vertex 42.3871 -17.7638 9.53674e-07
      vertex 42.3871 -17.7638 0.400001
    endloop
  endfacet
  facet normal -0.967144 0.254228 0
    outer loop
      vertex 42.3682 -17.8357 9.53674e-07
      vertex 42.3871 -17.7638 0.400001
      vertex 42.3871 -17.7638 9.53674e-07
    endloop
  endfacet
  facet normal -0.967144 0.254228 0
    outer loop
      vertex 42.3871 -17.7638 0.400001
      vertex 42.3682 -17.8357 9.53674e-07
      vertex 42.3682 -17.8357 0.400001
    endloop
  endfacet
  facet normal -0.93203 0.36238 0
    outer loop
      vertex 42.3418 -17.9036 9.53674e-07
      vertex 42.3682 -17.8357 0.400001
      vertex 42.3682 -17.8357 9.53674e-07
    endloop
  endfacet
  facet normal -0.93203 0.36238 0
    outer loop
      vertex 42.3682 -17.8357 0.400001
      vertex 42.3418 -17.9036 9.53674e-07
      vertex 42.3418 -17.9036 0.400001
    endloop
  endfacet
  facet normal -0.882506 0.470301 0
    outer loop
      vertex 42.3078 -17.9674 9.53674e-07
      vertex 42.3418 -17.9036 0.400001
      vertex 42.3418 -17.9036 9.53674e-07
    endloop
  endfacet
  facet normal -0.882506 0.470301 0
    outer loop
      vertex 42.3418 -17.9036 0.400001
      vertex 42.3078 -17.9674 9.53674e-07
      vertex 42.3078 -17.9674 0.400001
    endloop
  endfacet
  facet normal -0.820905 0.571064 0
    outer loop
      vertex 42.2662 -18.0272 9.53674e-07
      vertex 42.3078 -17.9674 0.400001
      vertex 42.3078 -17.9674 9.53674e-07
    endloop
  endfacet
  facet normal -0.820905 0.571064 0
    outer loop
      vertex 42.3078 -17.9674 0.400001
      vertex 42.2662 -18.0272 9.53674e-07
      vertex 42.2662 -18.0272 0.400001
    endloop
  endfacet
  facet normal -0.75074 0.660598 0
    outer loop
      vertex 42.2171 -18.083 9.53674e-07
      vertex 42.2662 -18.0272 0.400001
      vertex 42.2662 -18.0272 9.53674e-07
    endloop
  endfacet
  facet normal -0.75074 0.660598 0
    outer loop
      vertex 42.2662 -18.0272 0.400001
      vertex 42.2171 -18.083 9.53674e-07
      vertex 42.2171 -18.083 0.400001
    endloop
  endfacet
  facet normal -0.670498 0.741912 0
    outer loop
      vertex 42.2171 -18.083 9.53674e-07
      vertex 42.161 -18.1337 0.400001
      vertex 42.2171 -18.083 0.400001
    endloop
  endfacet
  facet normal -0.670498 0.741912 0
    outer loop
      vertex 42.161 -18.1337 0.400001
      vertex 42.2171 -18.083 9.53674e-07
      vertex 42.161 -18.1337 9.53674e-07
    endloop
  endfacet
  facet normal -0.582591 0.812766 0
    outer loop
      vertex 42.161 -18.1337 9.53674e-07
      vertex 42.0985 -18.1785 0.400001
      vertex 42.161 -18.1337 0.400001
    endloop
  endfacet
  facet normal -0.582591 0.812766 0
    outer loop
      vertex 42.0985 -18.1785 0.400001
      vertex 42.161 -18.1337 9.53674e-07
      vertex 42.0985 -18.1785 9.53674e-07
    endloop
  endfacet
  facet normal -0.490261 0.871576 0
    outer loop
      vertex 42.0985 -18.1785 9.53674e-07
      vertex 42.0297 -18.2172 0.400001
      vertex 42.0985 -18.1785 0.400001
    endloop
  endfacet
  facet normal -0.490261 0.871576 0
    outer loop
      vertex 42.0297 -18.2172 0.400001
      vertex 42.0985 -18.1785 9.53674e-07
      vertex 42.0297 -18.2172 9.53674e-07
    endloop
  endfacet
  facet normal -0.398325 0.917244 0
    outer loop
      vertex 42.0297 -18.2172 9.53674e-07
      vertex 41.9544 -18.2499 0.400001
      vertex 42.0297 -18.2172 0.400001
    endloop
  endfacet
  facet normal -0.398325 0.917244 0
    outer loop
      vertex 41.9544 -18.2499 0.400001
      vertex 42.0297 -18.2172 9.53674e-07
      vertex 41.9544 -18.2499 9.53674e-07
    endloop
  endfacet
  facet normal -0.310638 0.950528 0
    outer loop
      vertex 41.9544 -18.2499 9.53674e-07
      vertex 41.8727 -18.2766 0.400001
      vertex 41.9544 -18.2499 0.400001
    endloop
  endfacet
  facet normal -0.310638 0.950528 0
    outer loop
      vertex 41.8727 -18.2766 0.400001
      vertex 41.9544 -18.2499 9.53674e-07
      vertex 41.8727 -18.2766 9.53674e-07
    endloop
  endfacet
  facet normal -0.227929 0.973678 0
    outer loop
      vertex 41.8727 -18.2766 9.53674e-07
      vertex 41.7847 -18.2972 0.400001
      vertex 41.8727 -18.2766 0.400001
    endloop
  endfacet
  facet normal -0.227929 0.973678 0
    outer loop
      vertex 41.7847 -18.2972 0.400001
      vertex 41.8727 -18.2766 9.53674e-07
      vertex 41.7847 -18.2972 9.53674e-07
    endloop
  endfacet
  facet normal -0.153707 0.988116 0
    outer loop
      vertex 41.7847 -18.2972 9.53674e-07
      vertex 41.6902 -18.3119 0.400001
      vertex 41.7847 -18.2972 0.400001
    endloop
  endfacet
  facet normal -0.153707 0.988116 0
    outer loop
      vertex 41.6902 -18.3119 0.400001
      vertex 41.7847 -18.2972 9.53674e-07
      vertex 41.6902 -18.3119 9.53674e-07
    endloop
  endfacet
  facet normal -0.256409 -0.966568 0
    outer loop
      vertex 41.6902 -18.3119 9.53674e-07
      vertex 41.7622 -18.331 0.400001
      vertex 41.6902 -18.3119 0.400001
    endloop
  endfacet
  facet normal -0.256409 -0.966568 -0
    outer loop
      vertex 41.7622 -18.331 0.400001
      vertex 41.6902 -18.3119 9.53674e-07
      vertex 41.7622 -18.331 9.53674e-07
    endloop
  endfacet
  facet normal -0.335093 -0.942185 0
    outer loop
      vertex 41.7622 -18.331 9.53674e-07
      vertex 41.8294 -18.3549 0.400001
      vertex 41.7622 -18.331 0.400001
    endloop
  endfacet
  facet normal -0.335093 -0.942185 -0
    outer loop
      vertex 41.8294 -18.3549 0.400001
      vertex 41.7622 -18.331 9.53674e-07
      vertex 41.8294 -18.3549 9.53674e-07
    endloop
  endfacet
  facet normal -0.414793 -0.909916 0
    outer loop
      vertex 41.8294 -18.3549 9.53674e-07
      vertex 41.8917 -18.3833 0.400001
      vertex 41.8294 -18.3549 0.400001
    endloop
  endfacet
  facet normal -0.414793 -0.909916 -0
    outer loop
      vertex 41.8917 -18.3833 0.400001
      vertex 41.8294 -18.3549 9.53674e-07
      vertex 41.8917 -18.3833 9.53674e-07
    endloop
  endfacet
  facet normal -0.499375 -0.866386 0
    outer loop
      vertex 41.8917 -18.3833 9.53674e-07
      vertex 41.9493 -18.4165 0.400001
      vertex 41.8917 -18.3833 0.400001
    endloop
  endfacet
  facet normal -0.499375 -0.866386 -0
    outer loop
      vertex 41.9493 -18.4165 0.400001
      vertex 41.8917 -18.3833 9.53674e-07
      vertex 41.9493 -18.4165 9.53674e-07
    endloop
  endfacet
  facet normal -0.581822 -0.813316 0
    outer loop
      vertex 41.9493 -18.4165 9.53674e-07
      vertex 42.002 -18.4542 0.400001
      vertex 41.9493 -18.4165 0.400001
    endloop
  endfacet
  facet normal -0.581822 -0.813316 -0
    outer loop
      vertex 42.002 -18.4542 0.400001
      vertex 41.9493 -18.4165 9.53674e-07
      vertex 42.002 -18.4542 9.53674e-07
    endloop
  endfacet
  facet normal -0.663685 -0.748012 0
    outer loop
      vertex 42.002 -18.4542 9.53674e-07
      vertex 42.0499 -18.4967 0.400001
      vertex 42.002 -18.4542 0.400001
    endloop
  endfacet
  facet normal -0.663685 -0.748012 -0
    outer loop
      vertex 42.0499 -18.4967 0.400001
      vertex 42.002 -18.4542 9.53674e-07
      vertex 42.0499 -18.4967 9.53674e-07
    endloop
  endfacet
  facet normal -0.737739 -0.675086 0
    outer loop
      vertex 42.093 -18.5438 9.53674e-07
      vertex 42.0499 -18.4967 0.400001
      vertex 42.0499 -18.4967 9.53674e-07
    endloop
  endfacet
  facet normal -0.737739 -0.675086 0
    outer loop
      vertex 42.0499 -18.4967 0.400001
      vertex 42.093 -18.5438 9.53674e-07
      vertex 42.093 -18.5438 0.400001
    endloop
  endfacet
  facet normal -0.80339 -0.595454 0
    outer loop
      vertex 42.1308 -18.5948 9.53674e-07
      vertex 42.093 -18.5438 0.400001
      vertex 42.093 -18.5438 9.53674e-07
    endloop
  endfacet
  facet normal -0.80339 -0.595454 0
    outer loop
      vertex 42.093 -18.5438 0.400001
      vertex 42.1308 -18.5948 9.53674e-07
      vertex 42.1308 -18.5948 0.400001
    endloop
  endfacet
  facet normal -0.861934 -0.50702 0
    outer loop
      vertex 42.1628 -18.6492 9.53674e-07
      vertex 42.1308 -18.5948 0.400001
      vertex 42.1308 -18.5948 9.53674e-07
    endloop
  endfacet
  facet normal -0.861934 -0.50702 0
    outer loop
      vertex 42.1308 -18.5948 0.400001
      vertex 42.1628 -18.6492 9.53674e-07
      vertex 42.1628 -18.6492 0.400001
    endloop
  endfacet
  facet normal -0.911122 -0.412137 0
    outer loop
      vertex 42.1889 -18.7069 9.53674e-07
      vertex 42.1628 -18.6492 0.400001
      vertex 42.1628 -18.6492 9.53674e-07
    endloop
  endfacet
  facet normal -0.911122 -0.412137 0
    outer loop
      vertex 42.1628 -18.6492 0.400001
      vertex 42.1889 -18.7069 9.53674e-07
      vertex 42.1889 -18.7069 0.400001
    endloop
  endfacet
  facet normal -0.948372 -0.31716 0
    outer loop
      vertex 42.2093 -18.7679 9.53674e-07
      vertex 42.1889 -18.7069 0.400001
      vertex 42.1889 -18.7069 9.53674e-07
    endloop
  endfacet
  facet normal -0.948372 -0.31716 0
    outer loop
      vertex 42.1889 -18.7069 0.400001
      vertex 42.2093 -18.7679 9.53674e-07
      vertex 42.2093 -18.7679 0.400001
    endloop
  endfacet
  facet normal -0.975577 -0.219656 0
    outer loop
      vertex 42.2238 -18.8323 9.53674e-07
      vertex 42.2093 -18.7679 0.400001
      vertex 42.2093 -18.7679 9.53674e-07
    endloop
  endfacet
  facet normal -0.975577 -0.219656 0
    outer loop
      vertex 42.2093 -18.7679 0.400001
      vertex 42.2238 -18.8323 9.53674e-07
      vertex 42.2238 -18.8323 0.400001
    endloop
  endfacet
  facet normal -0.991844 -0.12746 0
    outer loop
      vertex 42.2325 -18.9 9.53674e-07
      vertex 42.2238 -18.8323 0.400001
      vertex 42.2238 -18.8323 9.53674e-07
    endloop
  endfacet
  facet normal -0.991844 -0.12746 0
    outer loop
      vertex 42.2238 -18.8323 0.400001
      vertex 42.2325 -18.9 9.53674e-07
      vertex 42.2325 -18.9 0.400001
    endloop
  endfacet
  facet normal -0.999167 -0.040811 0
    outer loop
      vertex 42.2354 -18.971 9.53674e-07
      vertex 42.2325 -18.9 0.400001
      vertex 42.2325 -18.9 9.53674e-07
    endloop
  endfacet
  facet normal -0.999167 -0.040811 0
    outer loop
      vertex 42.2325 -18.9 0.400001
      vertex 42.2354 -18.971 9.53674e-07
      vertex 42.2354 -18.971 0.400001
    endloop
  endfacet
  facet normal -0.993831 0.110904 0
    outer loop
      vertex 42.2148 -19.1556 9.53674e-07
      vertex 42.2354 -18.971 0.400001
      vertex 42.2354 -18.971 9.53674e-07
    endloop
  endfacet
  facet normal -0.993831 0.110904 0
    outer loop
      vertex 42.2354 -18.971 0.400001
      vertex 42.2148 -19.1556 9.53674e-07
      vertex 42.2148 -19.1556 0.400001
    endloop
  endfacet
  facet normal -0.93007 0.367383 0
    outer loop
      vertex 42.1531 -19.3118 9.53674e-07
      vertex 42.2148 -19.1556 0.400001
      vertex 42.2148 -19.1556 9.53674e-07
    endloop
  endfacet
  facet normal -0.93007 0.367383 0
    outer loop
      vertex 42.2148 -19.1556 0.400001
      vertex 42.1531 -19.3118 9.53674e-07
      vertex 42.1531 -19.3118 0.400001
    endloop
  endfacet
  facet normal -0.778605 0.627514 0
    outer loop
      vertex 42.0501 -19.4396 9.53674e-07
      vertex 42.1531 -19.3118 0.400001
      vertex 42.1531 -19.3118 9.53674e-07
    endloop
  endfacet
  facet normal -0.778605 0.627514 0
    outer loop
      vertex 42.1531 -19.3118 0.400001
      vertex 42.0501 -19.4396 9.53674e-07
      vertex 42.0501 -19.4396 0.400001
    endloop
  endfacet
  facet normal -0.567546 0.823342 0
    outer loop
      vertex 42.0501 -19.4396 9.53674e-07
      vertex 41.9059 -19.539 0.400001
      vertex 42.0501 -19.4396 0.400001
    endloop
  endfacet
  facet normal -0.567546 0.823342 0
    outer loop
      vertex 41.9059 -19.539 0.400001
      vertex 42.0501 -19.4396 9.53674e-07
      vertex 41.9059 -19.539 9.53674e-07
    endloop
  endfacet
  facet normal -0.357357 0.933968 0
    outer loop
      vertex 41.9059 -19.539 9.53674e-07
      vertex 41.7206 -19.6099 0.400001
      vertex 41.9059 -19.539 0.400001
    endloop
  endfacet
  facet normal -0.357357 0.933968 0
    outer loop
      vertex 41.7206 -19.6099 0.400001
      vertex 41.9059 -19.539 9.53674e-07
      vertex 41.7206 -19.6099 9.53674e-07
    endloop
  endfacet
  facet normal -0.184839 0.982769 0
    outer loop
      vertex 41.7206 -19.6099 9.53674e-07
      vertex 41.4941 -19.6525 0.400001
      vertex 41.7206 -19.6099 0.400001
    endloop
  endfacet
  facet normal -0.184839 0.982769 0
    outer loop
      vertex 41.4941 -19.6525 0.400001
      vertex 41.7206 -19.6099 9.53674e-07
      vertex 41.4941 -19.6525 9.53674e-07
    endloop
  endfacet
  facet normal -0.053342 0.998576 0
    outer loop
      vertex 41.4941 -19.6525 9.53674e-07
      vertex 41.2264 -19.6668 0.400001
      vertex 41.4941 -19.6525 0.400001
    endloop
  endfacet
  facet normal -0.053342 0.998576 0
    outer loop
      vertex 41.2264 -19.6668 0.400001
      vertex 41.4941 -19.6525 9.53674e-07
      vertex 41.2264 -19.6668 9.53674e-07
    endloop
  endfacet
  facet normal 0 1 -0
    outer loop
      vertex 41.2264 -19.6668 9.53674e-07
      vertex 40.1848 -19.6668 0.400001
      vertex 41.2264 -19.6668 0.400001
    endloop
  endfacet
  facet normal 0 1 0
    outer loop
      vertex 40.1848 -19.6668 0.400001
      vertex 41.2264 -19.6668 9.53674e-07
      vertex 40.1848 -19.6668 9.53674e-07
    endloop
  endfacet
  facet normal 1 -0 0
    outer loop
      vertex 40.1848 -19.6668 0.400001
      vertex 40.1848 -16.8003 9.53674e-07
      vertex 40.1848 -16.8003 0.400001
    endloop
  endfacet
  facet normal 1 0 0
    outer loop
      vertex 40.1848 -16.8003 9.53674e-07
      vertex 40.1848 -19.6668 0.400001
      vertex 40.1848 -19.6668 9.53674e-07
    endloop
  endfacet
  facet normal 0 -1 0
    outer loop
      vertex 40.1848 -16.8003 9.53674e-07
      vertex 41.3484 -16.8003 0.400001
      vertex 40.1848 -16.8003 0.400001
    endloop
  endfacet
  facet normal 0 -1 -0
    outer loop
      vertex 41.3484 -16.8003 0.400001
      vertex 40.1848 -16.8003 9.53674e-07
      vertex 41.3484 -16.8003 9.53674e-07
    endloop
  endfacet
  facet normal -0.0320069 -0.999488 0
    outer loop
      vertex 41.3484 -16.8003 9.53674e-07
      vertex 41.4858 -16.8047 0.400001
      vertex 41.3484 -16.8003 0.400001
    endloop
  endfacet
  facet normal -0.0320069 -0.999488 -0
    outer loop
      vertex 41.4858 -16.8047 0.400001
      vertex 41.3484 -16.8003 9.53674e-07
      vertex 41.4858 -16.8047 9.53674e-07
    endloop
  endfacet
  facet normal -1 0 0
    outer loop
      vertex 40.5734 -19.3555 9.53674e-07
      vertex 40.5734 -18.4481 0.400001
      vertex 40.5734 -18.4481 9.53674e-07
    endloop
  endfacet
  facet normal -1 -0 0
    outer loop
      vertex 40.5734 -18.4481 0.400001
      vertex 40.5734 -19.3555 9.53674e-07
      vertex 40.5734 -19.3555 0.400001
    endloop
  endfacet
  facet normal 0 -1 0
    outer loop
      vertex 40.5734 -19.3555 9.53674e-07
      vertex 41.2264 -19.3555 0.400001
      vertex 40.5734 -19.3555 0.400001
    endloop
  endfacet
  facet normal 0 -1 -0
    outer loop
      vertex 41.2264 -19.3555 0.400001
      vertex 40.5734 -19.3555 9.53674e-07
      vertex 41.2264 -19.3555 9.53674e-07
    endloop
  endfacet
  facet normal 0.0240604 -0.999711 0
    outer loop
      vertex 41.2264 -19.3555 9.53674e-07
      vertex 41.3095 -19.3535 0.400001
      vertex 41.2264 -19.3555 0.400001
    endloop
  endfacet
  facet normal 0.0240604 -0.999711 0
    outer loop
      vertex 41.3095 -19.3535 0.400001
      vertex 41.2264 -19.3555 9.53674e-07
      vertex 41.3095 -19.3535 9.53674e-07
    endloop
  endfacet
  facet normal 0.0786688 -0.996901 0
    outer loop
      vertex 41.3095 -19.3535 9.53674e-07
      vertex 41.3868 -19.3474 0.400001
      vertex 41.3095 -19.3535 0.400001
    endloop
  endfacet
  facet normal 0.0786688 -0.996901 0
    outer loop
      vertex 41.3868 -19.3474 0.400001
      vertex 41.3095 -19.3535 9.53674e-07
      vertex 41.3868 -19.3474 9.53674e-07
    endloop
  endfacet
  facet normal 0.141228 -0.989977 0
    outer loop
      vertex 41.3868 -19.3474 9.53674e-07
      vertex 41.4583 -19.3372 0.400001
      vertex 41.3868 -19.3474 0.400001
    endloop
  endfacet
  facet normal 0.141228 -0.989977 0
    outer loop
      vertex 41.4583 -19.3372 0.400001
      vertex 41.3868 -19.3474 9.53674e-07
      vertex 41.4583 -19.3372 9.53674e-07
    endloop
  endfacet
  facet normal 0.212677 -0.977123 0
    outer loop
      vertex 41.4583 -19.3372 9.53674e-07
      vertex 41.524 -19.3229 0.400001
      vertex 41.4583 -19.3372 0.400001
    endloop
  endfacet
  facet normal 0.212677 -0.977123 0
    outer loop
      vertex 41.524 -19.3229 0.400001
      vertex 41.4583 -19.3372 9.53674e-07
      vertex 41.524 -19.3229 9.53674e-07
    endloop
  endfacet
  facet normal 0.292625 -0.956227 0
    outer loop
      vertex 41.524 -19.3229 9.53674e-07
      vertex 41.5838 -19.3046 0.400001
      vertex 41.524 -19.3229 0.400001
    endloop
  endfacet
  facet normal 0.292625 -0.956227 0
    outer loop
      vertex 41.5838 -19.3046 0.400001
      vertex 41.524 -19.3229 9.53674e-07
      vertex 41.5838 -19.3046 9.53674e-07
    endloop
  endfacet
  facet normal 0.381094 -0.924536 0
    outer loop
      vertex 41.5838 -19.3046 9.53674e-07
      vertex 41.6379 -19.2823 0.400001
      vertex 41.5838 -19.3046 0.400001
    endloop
  endfacet
  facet normal 0.381094 -0.924536 0
    outer loop
      vertex 41.6379 -19.2823 0.400001
      vertex 41.5838 -19.3046 9.53674e-07
      vertex 41.6379 -19.2823 9.53674e-07
    endloop
  endfacet
  facet normal 0.481779 -0.876293 0
    outer loop
      vertex 41.6379 -19.2823 9.53674e-07
      vertex 41.6861 -19.2558 0.400001
      vertex 41.6379 -19.2823 0.400001
    endloop
  endfacet
  facet normal 0.481779 -0.876293 0
    outer loop
      vertex 41.6861 -19.2558 0.400001
      vertex 41.6379 -19.2823 9.53674e-07
      vertex 41.6861 -19.2558 9.53674e-07
    endloop
  endfacet
  facet normal 0.59541 -0.803422 0
    outer loop
      vertex 41.6861 -19.2558 9.53674e-07
      vertex 41.7282 -19.2246 0.400001
      vertex 41.6861 -19.2558 0.400001
    endloop
  endfacet
  facet normal 0.59541 -0.803422 0
    outer loop
      vertex 41.7282 -19.2246 0.400001
      vertex 41.6861 -19.2558 9.53674e-07
      vertex 41.7282 -19.2246 9.53674e-07
    endloop
  endfacet
  facet normal 0.715853 -0.698251 0
    outer loop
      vertex 41.7282 -19.2246 0.400001
      vertex 41.7639 -19.188 9.53674e-07
      vertex 41.7639 -19.188 0.400001
    endloop
  endfacet
  facet normal 0.715853 -0.698251 0
    outer loop
      vertex 41.7639 -19.188 9.53674e-07
      vertex 41.7282 -19.2246 0.400001
      vertex 41.7282 -19.2246 9.53674e-07
    endloop
  endfacet
  facet normal 0.821344 -0.570433 0
    outer loop
      vertex 41.7639 -19.188 0.400001
      vertex 41.793 -19.1461 9.53674e-07
      vertex 41.793 -19.1461 0.400001
    endloop
  endfacet
  facet normal 0.821344 -0.570433 0
    outer loop
      vertex 41.793 -19.1461 9.53674e-07
      vertex 41.7639 -19.188 0.400001
      vertex 41.7639 -19.188 9.53674e-07
    endloop
  endfacet
  facet normal 0.901909 -0.431927 0
    outer loop
      vertex 41.793 -19.1461 0.400001
      vertex 41.8157 -19.0987 9.53674e-07
      vertex 41.8157 -19.0987 0.400001
    endloop
  endfacet
  facet normal 0.901909 -0.431927 0
    outer loop
      vertex 41.8157 -19.0987 9.53674e-07
      vertex 41.793 -19.1461 0.400001
      vertex 41.793 -19.1461 9.53674e-07
    endloop
  endfacet
  facet normal 0.956014 -0.293322 0
    outer loop
      vertex 41.8157 -19.0987 0.400001
      vertex 41.8319 -19.0459 9.53674e-07
      vertex 41.8319 -19.0459 0.400001
    endloop
  endfacet
  facet normal 0.956014 -0.293322 0
    outer loop
      vertex 41.8319 -19.0459 9.53674e-07
      vertex 41.8157 -19.0987 0.400001
      vertex 41.8157 -19.0987 9.53674e-07
    endloop
  endfacet
  facet normal 0.986348 -0.164674 0
    outer loop
      vertex 41.8319 -19.0459 0.400001
      vertex 41.8416 -18.9878 9.53674e-07
      vertex 41.8416 -18.9878 0.400001
    endloop
  endfacet
  facet normal 0.986348 -0.164674 0
    outer loop
      vertex 41.8416 -18.9878 9.53674e-07
      vertex 41.8319 -19.0459 0.400001
      vertex 41.8319 -19.0459 9.53674e-07
    endloop
  endfacet
  facet normal 0.998737 -0.0502509 0
    outer loop
      vertex 41.8416 -18.9878 0.400001
      vertex 41.8448 -18.9242 9.53674e-07
      vertex 41.8448 -18.9242 0.400001
    endloop
  endfacet
  facet normal 0.998737 -0.0502509 0
    outer loop
      vertex 41.8448 -18.9242 9.53674e-07
      vertex 41.8416 -18.9878 0.400001
      vertex 41.8416 -18.9878 9.53674e-07
    endloop
  endfacet
  facet normal 0.998918 0.0464962 0
    outer loop
      vertex 41.8448 -18.9242 0.400001
      vertex 41.8417 -18.8576 9.53674e-07
      vertex 41.8417 -18.8576 0.400001
    endloop
  endfacet
  facet normal 0.998918 0.0464962 0
    outer loop
      vertex 41.8417 -18.8576 9.53674e-07
      vertex 41.8448 -18.9242 0.400001
      vertex 41.8448 -18.9242 9.53674e-07
    endloop
  endfacet
  facet normal 0.98852 0.151091 0
    outer loop
      vertex 41.8417 -18.8576 0.400001
      vertex 41.8323 -18.7961 9.53674e-07
      vertex 41.8323 -18.7961 0.400001
    endloop
  endfacet
  facet normal 0.98852 0.151091 0
    outer loop
      vertex 41.8323 -18.7961 9.53674e-07
      vertex 41.8417 -18.8576 0.400001
      vertex 41.8417 -18.8576 9.53674e-07
    endloop
  endfacet
  facet normal 0.963371 0.268172 0
    outer loop
      vertex 41.8323 -18.7961 0.400001
      vertex 41.8166 -18.7397 9.53674e-07
      vertex 41.8166 -18.7397 0.400001
    endloop
  endfacet
  facet normal 0.963371 0.268172 0
    outer loop
      vertex 41.8166 -18.7397 9.53674e-07
      vertex 41.8323 -18.7961 0.400001
      vertex 41.8323 -18.7961 9.53674e-07
    endloop
  endfacet
  facet normal 0.9197 0.392621 0
    outer loop
      vertex 41.8166 -18.7397 0.400001
      vertex 41.7947 -18.6884 9.53674e-07
      vertex 41.7947 -18.6884 0.400001
    endloop
  endfacet
  facet normal 0.9197 0.392621 0
    outer loop
      vertex 41.7947 -18.6884 9.53674e-07
      vertex 41.8166 -18.7397 0.400001
      vertex 41.8166 -18.7397 9.53674e-07
    endloop
  endfacet
  facet normal 0.853556 0.521002 0
    outer loop
      vertex 41.7947 -18.6884 0.400001
      vertex 41.7665 -18.6422 9.53674e-07
      vertex 41.7665 -18.6422 0.400001
    endloop
  endfacet
  facet normal 0.853556 0.521002 0
    outer loop
      vertex 41.7665 -18.6422 9.53674e-07
      vertex 41.7947 -18.6884 0.400001
      vertex 41.7947 -18.6884 9.53674e-07
    endloop
  endfacet
  facet normal 0.765925 0.64293 0
    outer loop
      vertex 41.7665 -18.6422 0.400001
      vertex 41.732 -18.6011 9.53674e-07
      vertex 41.732 -18.6011 0.400001
    endloop
  endfacet
  facet normal 0.765925 0.64293 0
    outer loop
      vertex 41.732 -18.6011 9.53674e-07
      vertex 41.7665 -18.6422 0.400001
      vertex 41.7665 -18.6422 9.53674e-07
    endloop
  endfacet
  facet normal 0.661622 0.749838 -0
    outer loop
      vertex 41.732 -18.6011 9.53674e-07
      vertex 41.6912 -18.5651 0.400001
      vertex 41.732 -18.6011 0.400001
    endloop
  endfacet
  facet normal 0.661622 0.749838 0
    outer loop
      vertex 41.6912 -18.5651 0.400001
      vertex 41.732 -18.6011 9.53674e-07
      vertex 41.6912 -18.5651 9.53674e-07
    endloop
  endfacet
  facet normal 0.549779 0.83531 -0
    outer loop
      vertex 41.6912 -18.5651 9.53674e-07
      vertex 41.6441 -18.5341 0.400001
      vertex 41.6912 -18.5651 0.400001
    endloop
  endfacet
  facet normal 0.549779 0.83531 0
    outer loop
      vertex 41.6441 -18.5341 0.400001
      vertex 41.6912 -18.5651 9.53674e-07
      vertex 41.6441 -18.5341 9.53674e-07
    endloop
  endfacet
  facet normal 0.441165 0.897426 -0
    outer loop
      vertex 41.6441 -18.5341 9.53674e-07
      vertex 41.5906 -18.5078 0.400001
      vertex 41.6441 -18.5341 0.400001
    endloop
  endfacet
  facet normal 0.441165 0.897426 0
    outer loop
      vertex 41.5906 -18.5078 0.400001
      vertex 41.6441 -18.5341 9.53674e-07
      vertex 41.5906 -18.5078 9.53674e-07
    endloop
  endfacet
  facet normal 0.33733 0.941386 -0
    outer loop
      vertex 41.5906 -18.5078 9.53674e-07
      vertex 41.5306 -18.4863 0.400001
      vertex 41.5906 -18.5078 0.400001
    endloop
  endfacet
  facet normal 0.33733 0.941386 0
    outer loop
      vertex 41.5306 -18.4863 0.400001
      vertex 41.5906 -18.5078 9.53674e-07
      vertex 41.5306 -18.4863 9.53674e-07
    endloop
  endfacet
  facet normal 0.24391 0.969798 -0
    outer loop
      vertex 41.5306 -18.4863 9.53674e-07
      vertex 41.4642 -18.4696 0.400001
      vertex 41.5306 -18.4863 0.400001
    endloop
  endfacet
  facet normal 0.24391 0.969798 0
    outer loop
      vertex 41.4642 -18.4696 0.400001
      vertex 41.5306 -18.4863 9.53674e-07
      vertex 41.4642 -18.4696 9.53674e-07
    endloop
  endfacet
  facet normal 0.161321 0.986902 -0
    outer loop
      vertex 41.4642 -18.4696 9.53674e-07
      vertex 41.3914 -18.4577 0.400001
      vertex 41.4642 -18.4696 0.400001
    endloop
  endfacet
  facet normal 0.161321 0.986902 0
    outer loop
      vertex 41.3914 -18.4577 0.400001
      vertex 41.4642 -18.4696 9.53674e-07
      vertex 41.3914 -18.4577 9.53674e-07
    endloop
  endfacet
  facet normal 0.0904225 0.995903 -0
    outer loop
      vertex 41.3914 -18.4577 9.53674e-07
      vertex 41.3121 -18.4505 0.400001
      vertex 41.3914 -18.4577 0.400001
    endloop
  endfacet
  facet normal 0.0904225 0.995903 0
    outer loop
      vertex 41.3121 -18.4505 0.400001
      vertex 41.3914 -18.4577 9.53674e-07
      vertex 41.3121 -18.4505 9.53674e-07
    endloop
  endfacet
  facet normal 0.0279937 0.999608 -0
    outer loop
      vertex 41.3121 -18.4505 9.53674e-07
      vertex 41.2264 -18.4481 0.400001
      vertex 41.3121 -18.4505 0.400001
    endloop
  endfacet
  facet normal 0.0279937 0.999608 0
    outer loop
      vertex 41.2264 -18.4481 0.400001
      vertex 41.3121 -18.4505 9.53674e-07
      vertex 41.2264 -18.4481 9.53674e-07
    endloop
  endfacet
  facet normal 0 1 -0
    outer loop
      vertex 41.2264 -18.4481 9.53674e-07
      vertex 40.5734 -18.4481 0.400001
      vertex 41.2264 -18.4481 0.400001
    endloop
  endfacet
  facet normal 0 1 0
    outer loop
      vertex 40.5734 -18.4481 0.400001
      vertex 41.2264 -18.4481 9.53674e-07
      vertex 40.5734 -18.4481 9.53674e-07
    endloop
  endfacet
  facet normal -1 0 0
    outer loop
      vertex 40.5734 -18.145 9.53674e-07
      vertex 40.5734 -17.1116 0.400001
      vertex 40.5734 -17.1116 9.53674e-07
    endloop
  endfacet
  facet normal -1 -0 0
    outer loop
      vertex 40.5734 -17.1116 0.400001
      vertex 40.5734 -18.145 9.53674e-07
      vertex 40.5734 -18.145 0.400001
    endloop
  endfacet
  facet normal 0 -1 0
    outer loop
      vertex 40.5734 -18.145 9.53674e-07
      vertex 41.2976 -18.145 0.400001
      vertex 40.5734 -18.145 0.400001
    endloop
  endfacet
  facet normal 0 -1 -0
    outer loop
      vertex 41.2976 -18.145 0.400001
      vertex 40.5734 -18.145 9.53674e-07
      vertex 41.2976 -18.145 9.53674e-07
    endloop
  endfacet
  facet normal 0.0544453 -0.998517 0
    outer loop
      vertex 41.2976 -18.145 9.53674e-07
      vertex 41.4865 -18.1347 0.400001
      vertex 41.2976 -18.145 0.400001
    endloop
  endfacet
  facet normal 0.0544453 -0.998517 0
    outer loop
      vertex 41.4865 -18.1347 0.400001
      vertex 41.2976 -18.145 9.53674e-07
      vertex 41.4865 -18.1347 9.53674e-07
    endloop
  endfacet
  facet normal 0.190442 -0.981698 0
    outer loop
      vertex 41.4865 -18.1347 9.53674e-07
      vertex 41.6463 -18.1037 0.400001
      vertex 41.4865 -18.1347 0.400001
    endloop
  endfacet
  facet normal 0.190442 -0.981698 0
    outer loop
      vertex 41.6463 -18.1037 0.400001
      vertex 41.4865 -18.1347 9.53674e-07
      vertex 41.6463 -18.1037 9.53674e-07
    endloop
  endfacet
  facet normal 0.367587 -0.929989 0
    outer loop
      vertex 41.6463 -18.1037 9.53674e-07
      vertex 41.7771 -18.052 0.400001
      vertex 41.6463 -18.1037 0.400001
    endloop
  endfacet
  facet normal 0.367587 -0.929989 0
    outer loop
      vertex 41.7771 -18.052 0.400001
      vertex 41.6463 -18.1037 9.53674e-07
      vertex 41.7771 -18.052 9.53674e-07
    endloop
  endfacet
  facet normal 0.579949 -0.814653 0
    outer loop
      vertex 41.7771 -18.052 9.53674e-07
      vertex 41.8788 -17.9796 0.400001
      vertex 41.7771 -18.052 0.400001
    endloop
  endfacet
  facet normal 0.579949 -0.814653 0
    outer loop
      vertex 41.8788 -17.9796 0.400001
      vertex 41.7771 -18.052 9.53674e-07
      vertex 41.8788 -17.9796 9.53674e-07
    endloop
  endfacet
  facet normal 0.787845 -0.615874 0
    outer loop
      vertex 41.8788 -17.9796 0.400001
      vertex 41.9515 -17.8866 9.53674e-07
      vertex 41.9515 -17.8866 0.400001
    endloop
  endfacet
  facet normal 0.787845 -0.615874 0
    outer loop
      vertex 41.9515 -17.8866 9.53674e-07
      vertex 41.8788 -17.9796 0.400001
      vertex 41.8788 -17.9796 9.53674e-07
    endloop
  endfacet
  facet normal 0.933705 -0.358043 0
    outer loop
      vertex 41.9515 -17.8866 0.400001
      vertex 41.9951 -17.7729 9.53674e-07
      vertex 41.9951 -17.7729 0.400001
    endloop
  endfacet
  facet normal 0.933705 -0.358043 0
    outer loop
      vertex 41.9951 -17.7729 9.53674e-07
      vertex 41.9515 -17.8866 0.400001
      vertex 41.9515 -17.8866 9.53674e-07
    endloop
  endfacet
  facet normal 0.994231 -0.107264 0
    outer loop
      vertex 41.9951 -17.7729 0.400001
      vertex 42.0096 -17.6385 9.53674e-07
      vertex 42.0096 -17.6385 0.400001
    endloop
  endfacet
  facet normal 0.994231 -0.107264 0
    outer loop
      vertex 42.0096 -17.6385 9.53674e-07
      vertex 41.9951 -17.7729 0.400001
      vertex 41.9951 -17.7729 9.53674e-07
    endloop
  endfacet
  facet normal 0.99896 0.0455957 0
    outer loop
      vertex 42.0096 -17.6385 0.400001
      vertex 42.0063 -17.5662 9.53674e-07
      vertex 42.0063 -17.5662 0.400001
    endloop
  endfacet
  facet normal 0.99896 0.0455957 0
    outer loop
      vertex 42.0063 -17.5662 9.53674e-07
      vertex 42.0096 -17.6385 0.400001
      vertex 42.0096 -17.6385 9.53674e-07
    endloop
  endfacet
  facet normal 0.989076 0.147403 0
    outer loop
      vertex 42.0063 -17.5662 0.400001
      vertex 41.9963 -17.4991 9.53674e-07
      vertex 41.9963 -17.4991 0.400001
    endloop
  endfacet
  facet normal 0.989076 0.147403 0
    outer loop
      vertex 41.9963 -17.4991 9.53674e-07
      vertex 42.0063 -17.5662 0.400001
      vertex 42.0063 -17.5662 9.53674e-07
    endloop
  endfacet
  facet normal 0.965555 0.260198 0
    outer loop
      vertex 41.9963 -17.4991 0.400001
      vertex 41.9797 -17.4375 9.53674e-07
      vertex 41.9797 -17.4375 0.400001
    endloop
  endfacet
  facet normal 0.965555 0.260198 0
    outer loop
      vertex 41.9797 -17.4375 9.53674e-07
      vertex 41.9963 -17.4991 0.400001
      vertex 41.9963 -17.4991 9.53674e-07
    endloop
  endfacet
  facet normal 0.924814 0.38042 0
    outer loop
      vertex 41.9797 -17.4375 0.400001
      vertex 41.9565 -17.3811 9.53674e-07
      vertex 41.9565 -17.3811 0.400001
    endloop
  endfacet
  facet normal 0.924814 0.38042 0
    outer loop
      vertex 41.9565 -17.3811 9.53674e-07
      vertex 41.9797 -17.4375 0.400001
      vertex 41.9797 -17.4375 9.53674e-07
    endloop
  endfacet
  facet normal 0.862368 0.506282 0
    outer loop
      vertex 41.9565 -17.3811 0.400001
      vertex 41.9265 -17.33 9.53674e-07
      vertex 41.9265 -17.33 0.400001
    endloop
  endfacet
  facet normal 0.862368 0.506282 0
    outer loop
      vertex 41.9265 -17.33 9.53674e-07
      vertex 41.9565 -17.3811 0.400001
      vertex 41.9565 -17.3811 9.53674e-07
    endloop
  endfacet
  facet normal 0.782034 0.623236 0
    outer loop
      vertex 41.9265 -17.33 0.400001
      vertex 41.89 -17.2842 9.53674e-07
      vertex 41.89 -17.2842 0.400001
    endloop
  endfacet
  facet normal 0.782034 0.623236 0
    outer loop
      vertex 41.89 -17.2842 9.53674e-07
      vertex 41.9265 -17.33 0.400001
      vertex 41.9265 -17.33 9.53674e-07
    endloop
  endfacet
  facet normal 0.683041 0.73038 -0
    outer loop
      vertex 41.89 -17.2842 9.53674e-07
      vertex 41.8468 -17.2438 0.400001
      vertex 41.89 -17.2842 0.400001
    endloop
  endfacet
  facet normal 0.683041 0.73038 0
    outer loop
      vertex 41.8468 -17.2438 0.400001
      vertex 41.89 -17.2842 9.53674e-07
      vertex 41.8468 -17.2438 9.53674e-07
    endloop
  endfacet
  facet normal 0.571494 0.820606 -0
    outer loop
      vertex 41.8468 -17.2438 9.53674e-07
      vertex 41.7964 -17.2087 0.400001
      vertex 41.8468 -17.2438 0.400001
    endloop
  endfacet
  facet normal 0.571494 0.820606 0
    outer loop
      vertex 41.7964 -17.2087 0.400001
      vertex 41.8468 -17.2438 9.53674e-07
      vertex 41.7964 -17.2087 9.53674e-07
    endloop
  endfacet
  facet normal 0.453926 0.891039 -0
    outer loop
      vertex 41.7964 -17.2087 9.53674e-07
      vertex 41.7381 -17.179 0.400001
      vertex 41.7964 -17.2087 0.400001
    endloop
  endfacet
  facet normal 0.453926 0.891039 0
    outer loop
      vertex 41.7381 -17.179 0.400001
      vertex 41.7964 -17.2087 9.53674e-07
      vertex 41.7381 -17.179 9.53674e-07
    endloop
  endfacet
  facet normal 0.34288 0.939379 -0
    outer loop
      vertex 41.7381 -17.179 9.53674e-07
      vertex 41.6718 -17.1548 0.400001
      vertex 41.7381 -17.179 0.400001
    endloop
  endfacet
  facet normal 0.34288 0.939379 0
    outer loop
      vertex 41.6718 -17.1548 0.400001
      vertex 41.7381 -17.179 9.53674e-07
      vertex 41.6718 -17.1548 9.53674e-07
    endloop
  endfacet
  facet normal 0.247148 0.968978 -0
    outer loop
      vertex 41.6718 -17.1548 9.53674e-07
      vertex 41.5977 -17.1359 0.400001
      vertex 41.6718 -17.1548 0.400001
    endloop
  endfacet
  facet normal 0.247148 0.968978 0
    outer loop
      vertex 41.5977 -17.1359 0.400001
      vertex 41.6718 -17.1548 9.53674e-07
      vertex 41.5977 -17.1359 9.53674e-07
    endloop
  endfacet
  facet normal 0.162447 0.986717 -0
    outer loop
      vertex 41.5977 -17.1359 9.53674e-07
      vertex 41.5157 -17.1224 0.400001
      vertex 41.5977 -17.1359 0.400001
    endloop
  endfacet
  facet normal 0.162447 0.986717 0
    outer loop
      vertex 41.5157 -17.1224 0.400001
      vertex 41.5977 -17.1359 9.53674e-07
      vertex 41.5157 -17.1224 9.53674e-07
    endloop
  endfacet
  facet normal 0.0898357 0.995957 -0
    outer loop
      vertex 41.5157 -17.1224 9.53674e-07
      vertex 41.4259 -17.1143 0.400001
      vertex 41.5157 -17.1224 0.400001
    endloop
  endfacet
  facet normal 0.0898357 0.995957 0
    outer loop
      vertex 41.4259 -17.1143 0.400001
      vertex 41.5157 -17.1224 9.53674e-07
      vertex 41.4259 -17.1143 9.53674e-07
    endloop
  endfacet
  facet normal 0.0275968 0.999619 -0
    outer loop
      vertex 41.4259 -17.1143 9.53674e-07
      vertex 41.3281 -17.1116 0.400001
      vertex 41.4259 -17.1143 0.400001
    endloop
  endfacet
  facet normal 0.0275968 0.999619 0
    outer loop
      vertex 41.3281 -17.1116 0.400001
      vertex 41.4259 -17.1143 9.53674e-07
      vertex 41.3281 -17.1116 9.53674e-07
    endloop
  endfacet
  facet normal 0 1 -0
    outer loop
      vertex 41.3281 -17.1116 9.53674e-07
      vertex 40.5734 -17.1116 0.400001
      vertex 41.3281 -17.1116 0.400001
    endloop
  endfacet
  facet normal 0 1 0
    outer loop
      vertex 40.5734 -17.1116 0.400001
      vertex 41.3281 -17.1116 9.53674e-07
      vertex 40.5734 -17.1116 9.53674e-07
    endloop
  endfacet
  facet normal 0 0 -1
    outer loop
      vertex 42.0383 -11.1119 0.400001
      vertex 42.4324 -11.0469 0.400001
      vertex 42.427 -11.1538 0.400001
    endloop
  endfacet
  facet normal 0 0 -1
    outer loop
      vertex 42.4324 -11.0469 0.400001
      vertex 42.0418 -11.0428 0.400001
      vertex 42.4286 -10.9577 0.400001
    endloop
  endfacet
  facet normal 0 0 -1
    outer loop
      vertex 42.0383 -11.1119 0.400001
      vertex 42.427 -11.1538 0.400001
      vertex 42.4109 -11.2539 0.400001
    endloop
  endfacet
  facet normal 0 0 -1
    outer loop
      vertex 42.0384 -10.9713 0.400001
      vertex 42.4286 -10.9577 0.400001
      vertex 42.0418 -11.0428 0.400001
    endloop
  endfacet
  facet normal 0 0 -1
    outer loop
      vertex 42.0279 -11.1761 0.400001
      vertex 42.4109 -11.2539 0.400001
      vertex 42.384 -11.347 0.400001
    endloop
  endfacet
  facet normal -0 0 -1
    outer loop
      vertex 42.4286 -10.9577 0.400001
      vertex 42.0384 -10.9713 0.400001
      vertex 42.4172 -10.8727 0.400001
    endloop
  endfacet
  facet normal 0 0 -1
    outer loop
      vertex 42.0106 -11.2354 0.400001
      vertex 42.384 -11.347 0.400001
      vertex 42.3464 -11.4332 0.400001
    endloop
  endfacet
  facet normal 0 0 -1
    outer loop
      vertex 42.0281 -10.9046 0.400001
      vertex 42.4172 -10.8727 0.400001
      vertex 42.0384 -10.9713 0.400001
    endloop
  endfacet
  facet normal 0 0 -1
    outer loop
      vertex 41.9863 -11.2899 0.400001
      vertex 42.3464 -11.4332 0.400001
      vertex 42.298 -11.5124 0.400001
    endloop
  endfacet
  facet normal -0 0 -1
    outer loop
      vertex 42.4172 -10.8727 0.400001
      vertex 42.0281 -10.9046 0.400001
      vertex 42.3982 -10.7918 0.400001
    endloop
  endfacet
  facet normal 0 0 -1
    outer loop
      vertex 42.011 -10.8425 0.400001
      vertex 42.3982 -10.7918 0.400001
      vertex 42.0281 -10.9046 0.400001
    endloop
  endfacet
  facet normal 0 0 -1
    outer loop
      vertex 41.9551 -11.3396 0.400001
      vertex 42.298 -11.5124 0.400001
      vertex 42.2388 -11.5847 0.400001
    endloop
  endfacet
  facet normal -0 0 -1
    outer loop
      vertex 42.3982 -10.7918 0.400001
      vertex 42.011 -10.8425 0.400001
      vertex 42.3716 -10.7151 0.400001
    endloop
  endfacet
  facet normal 0 0 -1
    outer loop
      vertex 41.9551 -11.3396 0.400001
      vertex 42.2388 -11.5847 0.400001
      vertex 42.1689 -11.6501 0.400001
    endloop
  endfacet
  facet normal -0 0 -1
    outer loop
      vertex 42.3716 -10.7151 0.400001
      vertex 42.011 -10.8425 0.400001
      vertex 42.3374 -10.6425 0.400001
    endloop
  endfacet
  facet normal 0 0 -1
    outer loop
      vertex 41.917 -11.3844 0.400001
      vertex 42.1689 -11.6501 0.400001
      vertex 42.0892 -11.7076 0.400001
    endloop
  endfacet
  facet normal 0 0 -1
    outer loop
      vertex 41.987 -10.7851 0.400001
      vertex 42.3374 -10.6425 0.400001
      vertex 42.011 -10.8425 0.400001
    endloop
  endfacet
  facet normal -0 0 -1
    outer loop
      vertex 42.3374 -10.6425 0.400001
      vertex 41.987 -10.7851 0.400001
      vertex 42.2956 -10.5741 0.400001
    endloop
  endfacet
  facet normal -0 0 -1
    outer loop
      vertex 42.4324 -11.0469 0.400001
      vertex 42.0383 -11.1119 0.400001
      vertex 42.0418 -11.0428 0.400001
    endloop
  endfacet
  facet normal 0 0 -1
    outer loop
      vertex 42.4109 -11.2539 0.400001
      vertex 42.0279 -11.1761 0.400001
      vertex 42.0383 -11.1119 0.400001
    endloop
  endfacet
  facet normal 0 0 -1
    outer loop
      vertex 42.384 -11.347 0.400001
      vertex 42.0106 -11.2354 0.400001
      vertex 42.0279 -11.1761 0.400001
    endloop
  endfacet
  facet normal 0 0 -1
    outer loop
      vertex 41.8719 -11.4243 0.400001
      vertex 42.0892 -11.7076 0.400001
      vertex 42.0004 -11.7562 0.400001
    endloop
  endfacet
  facet normal 0 0 -1
    outer loop
      vertex 42.3464 -11.4332 0.400001
      vertex 41.9863 -11.2899 0.400001
      vertex 42.0106 -11.2354 0.400001
    endloop
  endfacet
  facet normal 0 0 -1
    outer loop
      vertex 42.298 -11.5124 0.400001
      vertex 41.9551 -11.3396 0.400001
      vertex 41.9863 -11.2899 0.400001
    endloop
  endfacet
  facet normal 0 0 -1
    outer loop
      vertex 42.1689 -11.6501 0.400001
      vertex 41.917 -11.3844 0.400001
      vertex 41.9551 -11.3396 0.400001
    endloop
  endfacet
  facet normal 0 0 -1
    outer loop
      vertex 41.8203 -11.4591 0.400001
      vertex 42.0004 -11.7562 0.400001
      vertex 41.9026 -11.796 0.400001
    endloop
  endfacet
  facet normal 0 0 -1
    outer loop
      vertex 42.0892 -11.7076 0.400001
      vertex 41.8719 -11.4243 0.400001
      vertex 41.917 -11.3844 0.400001
    endloop
  endfacet
  facet normal 0 0 -1
    outer loop
      vertex 42.0004 -11.7562 0.400001
      vertex 41.8203 -11.4591 0.400001
      vertex 41.8719 -11.4243 0.400001
    endloop
  endfacet
  facet normal 0 0 -1
    outer loop
      vertex 41.7626 -11.4885 0.400001
      vertex 41.9026 -11.796 0.400001
      vertex 41.7958 -11.827 0.400001
    endloop
  endfacet
  facet normal 0 0 -1
    outer loop
      vertex 41.9026 -11.796 0.400001
      vertex 41.7626 -11.4885 0.400001
      vertex 41.8203 -11.4591 0.400001
    endloop
  endfacet
  facet normal 0 0 -1
    outer loop
      vertex 41.7958 -11.827 0.400001
      vertex 41.6988 -11.5126 0.400001
      vertex 41.7626 -11.4885 0.400001
    endloop
  endfacet
  facet normal 0 0 -1
    outer loop
      vertex 41.68 -11.8491 0.400001
      vertex 41.6988 -11.5126 0.400001
      vertex 41.7958 -11.827 0.400001
    endloop
  endfacet
  facet normal 0 0 -1
    outer loop
      vertex 41.68 -11.8491 0.400001
      vertex 41.629 -11.5314 0.400001
      vertex 41.6988 -11.5126 0.400001
    endloop
  endfacet
  facet normal 0 0 -1
    outer loop
      vertex 41.553 -11.5448 0.400001
      vertex 41.68 -11.8491 0.400001
      vertex 41.5551 -11.8623 0.400001
    endloop
  endfacet
  facet normal 0 0 -1
    outer loop
      vertex 41.68 -11.8491 0.400001
      vertex 41.553 -11.5448 0.400001
      vertex 41.629 -11.5314 0.400001
    endloop
  endfacet
  facet normal 0 0 -1
    outer loop
      vertex 41.5551 -11.8623 0.400001
      vertex 41.4709 -11.5528 0.400001
      vertex 41.553 -11.5448 0.400001
    endloop
  endfacet
  facet normal 0 0 -1
    outer loop
      vertex 41.4213 -11.8668 0.400001
      vertex 41.4709 -11.5528 0.400001
      vertex 41.5551 -11.8623 0.400001
    endloop
  endfacet
  facet normal 0 0 -1
    outer loop
      vertex 41.4213 -11.8668 0.400001
      vertex 41.3827 -11.5555 0.400001
      vertex 41.4709 -11.5528 0.400001
    endloop
  endfacet
  facet normal 0 0 -1
    outer loop
      vertex 41.4213 -11.8668 0.400001
      vertex 40.4611 -11.5555 0.400001
      vertex 41.3827 -11.5555 0.400001
    endloop
  endfacet
  facet normal 0 0 -1
    outer loop
      vertex 40.0725 -11.8668 0.400001
      vertex 40.4611 -10.4976 0.400001
      vertex 40.4611 -11.5555 0.400001
    endloop
  endfacet
  facet normal 0 0 -1
    outer loop
      vertex 40.0725 -9.00033 0.400001
      vertex 40.4611 -10.4976 0.400001
      vertex 40.0725 -11.8668 0.400001
    endloop
  endfacet
  facet normal 0 0 -1
    outer loop
      vertex 40.0725 -11.8668 0.400001
      vertex 40.4611 -11.5555 0.400001
      vertex 41.4213 -11.8668 0.400001
    endloop
  endfacet
  facet normal 0 0 -1
    outer loop
      vertex 40.4611 -10.4976 0.400001
      vertex 40.0725 -9.00033 0.400001
      vertex 40.4611 -10.1904 0.400001
    endloop
  endfacet
  facet normal 0 0 -1
    outer loop
      vertex 40.4611 -10.1904 0.400001
      vertex 40.0725 -9.00033 0.400001
      vertex 40.4611 -9.00033 0.400001
    endloop
  endfacet
  facet normal 0 0 -1
    outer loop
      vertex 41.9562 -10.7324 0.400001
      vertex 42.2956 -10.5741 0.400001
      vertex 41.987 -10.7851 0.400001
    endloop
  endfacet
  facet normal -0 0 -1
    outer loop
      vertex 42.2956 -10.5741 0.400001
      vertex 41.9562 -10.7324 0.400001
      vertex 42.2462 -10.5098 0.400001
    endloop
  endfacet
  facet normal -0 0 -1
    outer loop
      vertex 42.2462 -10.5098 0.400001
      vertex 41.9562 -10.7324 0.400001
      vertex 42.1902 -10.4509 0.400001
    endloop
  endfacet
  facet normal 0 0 -1
    outer loop
      vertex 41.9185 -10.6844 0.400001
      vertex 42.1902 -10.4509 0.400001
      vertex 41.9562 -10.7324 0.400001
    endloop
  endfacet
  facet normal -0 0 -1
    outer loop
      vertex 42.1902 -10.4509 0.400001
      vertex 41.9185 -10.6844 0.400001
      vertex 42.1283 -10.3986 0.400001
    endloop
  endfacet
  facet normal 0 0 -1
    outer loop
      vertex 41.8739 -10.641 0.400001
      vertex 42.1283 -10.3986 0.400001
      vertex 41.9185 -10.6844 0.400001
    endloop
  endfacet
  facet normal -0 0 -1
    outer loop
      vertex 42.1283 -10.3986 0.400001
      vertex 41.8739 -10.641 0.400001
      vertex 42.0607 -10.3528 0.400001
    endloop
  endfacet
  facet normal 0 0 -1
    outer loop
      vertex 41.8232 -10.603 0.400001
      vertex 42.0607 -10.3528 0.400001
      vertex 41.8739 -10.641 0.400001
    endloop
  endfacet
  facet normal -0 0 -1
    outer loop
      vertex 42.0607 -10.3528 0.400001
      vertex 41.8232 -10.603 0.400001
      vertex 41.9873 -10.3135 0.400001
    endloop
  endfacet
  facet normal -0 0 -1
    outer loop
      vertex 41.9873 -10.3135 0.400001
      vertex 41.8232 -10.603 0.400001
      vertex 41.9082 -10.2809 0.400001
    endloop
  endfacet
  facet normal 0 0 -1
    outer loop
      vertex 41.7667 -10.5708 0.400001
      vertex 41.9082 -10.2809 0.400001
      vertex 41.8232 -10.603 0.400001
    endloop
  endfacet
  facet normal -0 0 -1
    outer loop
      vertex 41.9082 -10.2809 0.400001
      vertex 41.7667 -10.5708 0.400001
      vertex 41.8233 -10.2547 0.400001
    endloop
  endfacet
  facet normal 0 0 -1
    outer loop
      vertex 41.7045 -10.5444 0.400001
      vertex 41.8233 -10.2547 0.400001
      vertex 41.7667 -10.5708 0.400001
    endloop
  endfacet
  facet normal -0 0 -1
    outer loop
      vertex 41.8233 -10.2547 0.400001
      vertex 41.7045 -10.5444 0.400001
      vertex 41.7326 -10.2352 0.400001
    endloop
  endfacet
  facet normal 0 0 -1
    outer loop
      vertex 41.7326 -10.2352 0.400001
      vertex 42.0988 -9.00033 0.400001
      vertex 42.5463 -9.00033 0.400001
    endloop
  endfacet
  facet normal 0 0 -1
    outer loop
      vertex 41.6366 -10.5239 0.400001
      vertex 41.7326 -10.2352 0.400001
      vertex 41.7045 -10.5444 0.400001
    endloop
  endfacet
  facet normal 0 0 -1
    outer loop
      vertex 41.5631 -10.5093 0.400001
      vertex 41.7326 -10.2352 0.400001
      vertex 41.6366 -10.5239 0.400001
    endloop
  endfacet
  facet normal 0 0 -1
    outer loop
      vertex 41.4838 -10.5005 0.400001
      vertex 41.7326 -10.2352 0.400001
      vertex 41.5631 -10.5093 0.400001
    endloop
  endfacet
  facet normal -0 0 -1
    outer loop
      vertex 41.7326 -10.2352 0.400001
      vertex 41.4838 -10.5005 0.400001
      vertex 41.3542 -10.1904 0.400001
    endloop
  endfacet
  facet normal 0 0 -1
    outer loop
      vertex 41.3542 -10.1904 0.400001
      vertex 41.4838 -10.5005 0.400001
      vertex 41.3989 -10.4976 0.400001
    endloop
  endfacet
  facet normal 0 0 -1
    outer loop
      vertex 41.7326 -10.2352 0.400001
      vertex 41.3542 -10.1904 0.400001
      vertex 42.0988 -9.00033 0.400001
    endloop
  endfacet
  facet normal 0 0 -1
    outer loop
      vertex 40.4611 -10.4976 0.400001
      vertex 41.3542 -10.1904 0.400001
      vertex 41.3989 -10.4976 0.400001
    endloop
  endfacet
  facet normal -0 0 -1
    outer loop
      vertex 41.3542 -10.1904 0.400001
      vertex 40.4611 -10.4976 0.400001
      vertex 40.4611 -10.1904 0.400001
    endloop
  endfacet
  facet normal 0 -1 0
    outer loop
      vertex 40.4611 -10.1904 9.53674e-07
      vertex 41.3542 -10.1904 0.400001
      vertex 40.4611 -10.1904 0.400001
    endloop
  endfacet
  facet normal 0 -1 -0
    outer loop
      vertex 41.3542 -10.1904 0.400001
      vertex 40.4611 -10.1904 9.53674e-07
      vertex 41.3542 -10.1904 9.53674e-07
    endloop
  endfacet
  facet normal 0.84774 -0.530412 0
    outer loop
      vertex 41.3542 -10.1904 0.400001
      vertex 42.0988 -9.00033 9.53674e-07
      vertex 42.0988 -9.00033 0.400001
    endloop
  endfacet
  facet normal 0.84774 -0.530412 0
    outer loop
      vertex 42.0988 -9.00033 9.53674e-07
      vertex 41.3542 -10.1904 0.400001
      vertex 41.3542 -10.1904 9.53674e-07
    endloop
  endfacet
  facet normal 0 -1 0
    outer loop
      vertex 42.0988 -9.00033 9.53674e-07
      vertex 42.5463 -9.00033 0.400001
      vertex 42.0988 -9.00033 0.400001
    endloop
  endfacet
  facet normal 0 -1 -0
    outer loop
      vertex 42.5463 -9.00033 0.400001
      vertex 42.0988 -9.00033 9.53674e-07
      vertex 42.5463 -9.00033 9.53674e-07
    endloop
  endfacet
  facet normal -0.835018 0.550223 0
    outer loop
      vertex 41.7326 -10.2352 9.53674e-07
      vertex 42.5463 -9.00033 0.400001
      vertex 42.5463 -9.00033 9.53674e-07
    endloop
  endfacet
  facet normal -0.835018 0.550223 0
    outer loop
      vertex 42.5463 -9.00033 0.400001
      vertex 41.7326 -10.2352 9.53674e-07
      vertex 41.7326 -10.2352 0.400001
    endloop
  endfacet
  facet normal -0.210192 -0.97766 0
    outer loop
      vertex 41.7326 -10.2352 9.53674e-07
      vertex 41.8233 -10.2547 0.400001
      vertex 41.7326 -10.2352 0.400001
    endloop
  endfacet
  facet normal -0.210192 -0.97766 -0
    outer loop
      vertex 41.8233 -10.2547 0.400001
      vertex 41.7326 -10.2352 9.53674e-07
      vertex 41.8233 -10.2547 9.53674e-07
    endloop
  endfacet
  facet normal -0.294877 -0.955535 0
    outer loop
      vertex 41.8233 -10.2547 9.53674e-07
      vertex 41.9082 -10.2809 0.400001
      vertex 41.8233 -10.2547 0.400001
    endloop
  endfacet
  facet normal -0.294877 -0.955535 -0
    outer loop
      vertex 41.9082 -10.2809 0.400001
      vertex 41.8233 -10.2547 9.53674e-07
      vertex 41.9082 -10.2809 9.53674e-07
    endloop
  endfacet
  facet normal -0.381044 -0.924557 0
    outer loop
      vertex 41.9082 -10.2809 9.53674e-07
      vertex 41.9873 -10.3135 0.400001
      vertex 41.9082 -10.2809 0.400001
    endloop
  endfacet
  facet normal -0.381044 -0.924557 -0
    outer loop
      vertex 41.9873 -10.3135 0.400001
      vertex 41.9082 -10.2809 9.53674e-07
      vertex 41.9873 -10.3135 9.53674e-07
    endloop
  endfacet
  facet normal -0.472021 -0.881587 0
    outer loop
      vertex 41.9873 -10.3135 9.53674e-07
      vertex 42.0607 -10.3528 0.400001
      vertex 41.9873 -10.3135 0.400001
    endloop
  endfacet
  facet normal -0.472021 -0.881587 -0
    outer loop
      vertex 42.0607 -10.3528 0.400001
      vertex 41.9873 -10.3135 9.53674e-07
      vertex 42.0607 -10.3528 9.53674e-07
    endloop
  endfacet
  facet normal -0.560902 -0.827882 0
    outer loop
      vertex 42.0607 -10.3528 9.53674e-07
      vertex 42.1283 -10.3986 0.400001
      vertex 42.0607 -10.3528 0.400001
    endloop
  endfacet
  facet normal -0.560902 -0.827882 -0
    outer loop
      vertex 42.1283 -10.3986 0.400001
      vertex 42.0607 -10.3528 9.53674e-07
      vertex 42.1283 -10.3986 9.53674e-07
    endloop
  endfacet
  facet normal -0.645389 -0.763854 0
    outer loop
      vertex 42.1283 -10.3986 9.53674e-07
      vertex 42.1902 -10.4509 0.400001
      vertex 42.1283 -10.3986 0.400001
    endloop
  endfacet
  facet normal -0.645389 -0.763854 -0
    outer loop
      vertex 42.1902 -10.4509 0.400001
      vertex 42.1283 -10.3986 9.53674e-07
      vertex 42.1902 -10.4509 9.53674e-07
    endloop
  endfacet
  facet normal -0.724723 -0.68904 0
    outer loop
      vertex 42.2462 -10.5098 9.53674e-07
      vertex 42.1902 -10.4509 0.400001
      vertex 42.1902 -10.4509 9.53674e-07
    endloop
  endfacet
  facet normal -0.724723 -0.68904 0
    outer loop
      vertex 42.1902 -10.4509 0.400001
      vertex 42.2462 -10.5098 9.53674e-07
      vertex 42.2462 -10.5098 0.400001
    endloop
  endfacet
  facet normal -0.792991 -0.609234 0
    outer loop
      vertex 42.2956 -10.5741 9.53674e-07
      vertex 42.2462 -10.5098 0.400001
      vertex 42.2462 -10.5098 9.53674e-07
    endloop
  endfacet
  facet normal -0.792991 -0.609234 0
    outer loop
      vertex 42.2462 -10.5098 0.400001
      vertex 42.2956 -10.5741 9.53674e-07
      vertex 42.2956 -10.5741 0.400001
    endloop
  endfacet
  facet normal -0.853282 -0.52145 0
    outer loop
      vertex 42.3374 -10.6425 9.53674e-07
      vertex 42.2956 -10.5741 0.400001
      vertex 42.2956 -10.5741 9.53674e-07
    endloop
  endfacet
  facet normal -0.853282 -0.52145 0
    outer loop
      vertex 42.2956 -10.5741 0.400001
      vertex 42.3374 -10.6425 9.53674e-07
      vertex 42.3374 -10.6425 0.400001
    endloop
  endfacet
  facet normal -0.904649 -0.426157 0
    outer loop
      vertex 42.3716 -10.7151 9.53674e-07
      vertex 42.3374 -10.6425 0.400001
      vertex 42.3374 -10.6425 9.53674e-07
    endloop
  endfacet
  facet normal -0.904649 -0.426157 0
    outer loop
      vertex 42.3374 -10.6425 0.400001
      vertex 42.3716 -10.7151 9.53674e-07
      vertex 42.3716 -10.7151 0.400001
    endloop
  endfacet
  facet normal -0.944796 -0.327661 0
    outer loop
      vertex 42.3982 -10.7918 9.53674e-07
      vertex 42.3716 -10.7151 0.400001
      vertex 42.3716 -10.7151 9.53674e-07
    endloop
  endfacet
  facet normal -0.944796 -0.327661 0
    outer loop
      vertex 42.3716 -10.7151 0.400001
      vertex 42.3982 -10.7918 9.53674e-07
      vertex 42.3982 -10.7918 0.400001
    endloop
  endfacet
  facet normal -0.973512 -0.228637 0
    outer loop
      vertex 42.4172 -10.8727 9.53674e-07
      vertex 42.3982 -10.7918 0.400001
      vertex 42.3982 -10.7918 9.53674e-07
    endloop
  endfacet
  facet normal -0.973512 -0.228637 0
    outer loop
      vertex 42.3982 -10.7918 0.400001
      vertex 42.4172 -10.8727 9.53674e-07
      vertex 42.4172 -10.8727 0.400001
    endloop
  endfacet
  facet normal -0.991126 -0.132927 0
    outer loop
      vertex 42.4286 -10.9577 9.53674e-07
      vertex 42.4172 -10.8727 0.400001
      vertex 42.4172 -10.8727 9.53674e-07
    endloop
  endfacet
  facet normal -0.991126 -0.132927 0
    outer loop
      vertex 42.4172 -10.8727 0.400001
      vertex 42.4286 -10.9577 9.53674e-07
      vertex 42.4286 -10.9577 0.400001
    endloop
  endfacet
  facet normal -0.999094 -0.0425623 0
    outer loop
      vertex 42.4324 -11.0469 9.53674e-07
      vertex 42.4286 -10.9577 0.400001
      vertex 42.4286 -10.9577 9.53674e-07
    endloop
  endfacet
  facet normal -0.999094 -0.0425623 0
    outer loop
      vertex 42.4286 -10.9577 0.400001
      vertex 42.4324 -11.0469 9.53674e-07
      vertex 42.4324 -11.0469 0.400001
    endloop
  endfacet
  facet normal -0.998727 0.0504502 0
    outer loop
      vertex 42.427 -11.1538 9.53674e-07
      vertex 42.4324 -11.0469 0.400001
      vertex 42.4324 -11.0469 9.53674e-07
    endloop
  endfacet
  facet normal -0.998727 0.0504502 0
    outer loop
      vertex 42.4324 -11.0469 0.400001
      vertex 42.427 -11.1538 9.53674e-07
      vertex 42.427 -11.1538 0.400001
    endloop
  endfacet
  facet normal -0.987311 0.158798 0
    outer loop
      vertex 42.4109 -11.2539 9.53674e-07
      vertex 42.427 -11.1538 0.400001
      vertex 42.427 -11.1538 9.53674e-07
    endloop
  endfacet
  facet normal -0.987311 0.158798 0
    outer loop
      vertex 42.427 -11.1538 0.400001
      vertex 42.4109 -11.2539 9.53674e-07
      vertex 42.4109 -11.2539 0.400001
    endloop
  endfacet
  facet normal -0.960702 0.277582 0
    outer loop
      vertex 42.384 -11.347 9.53674e-07
      vertex 42.4109 -11.2539 0.400001
      vertex 42.4109 -11.2539 9.53674e-07
    endloop
  endfacet
  facet normal -0.960702 0.277582 0
    outer loop
      vertex 42.4109 -11.2539 0.400001
      vertex 42.384 -11.347 9.53674e-07
      vertex 42.384 -11.347 0.400001
    endloop
  endfacet
  facet normal -0.916596 0.399815 0
    outer loop
      vertex 42.3464 -11.4332 9.53674e-07
      vertex 42.384 -11.347 0.400001
      vertex 42.384 -11.347 9.53674e-07
    endloop
  endfacet
  facet normal -0.916596 0.399815 0
    outer loop
      vertex 42.384 -11.347 0.400001
      vertex 42.3464 -11.4332 9.53674e-07
      vertex 42.3464 -11.4332 0.400001
    endloop
  endfacet
  facet normal -0.853282 0.52145 0
    outer loop
      vertex 42.298 -11.5124 9.53674e-07
      vertex 42.3464 -11.4332 0.400001
      vertex 42.3464 -11.4332 9.53674e-07
    endloop
  endfacet
  facet normal -0.853282 0.52145 0
    outer loop
      vertex 42.3464 -11.4332 0.400001
      vertex 42.298 -11.5124 9.53674e-07
      vertex 42.298 -11.5124 0.400001
    endloop
  endfacet
  facet normal -0.773719 0.633529 0
    outer loop
      vertex 42.2388 -11.5847 9.53674e-07
      vertex 42.298 -11.5124 0.400001
      vertex 42.298 -11.5124 9.53674e-07
    endloop
  endfacet
  facet normal -0.773719 0.633529 0
    outer loop
      vertex 42.298 -11.5124 0.400001
      vertex 42.2388 -11.5847 9.53674e-07
      vertex 42.2388 -11.5847 0.400001
    endloop
  endfacet
  facet normal -0.683211 0.730221 0
    outer loop
      vertex 42.2388 -11.5847 9.53674e-07
      vertex 42.1689 -11.6501 0.400001
      vertex 42.2388 -11.5847 0.400001
    endloop
  endfacet
  facet normal -0.683211 0.730221 0
    outer loop
      vertex 42.1689 -11.6501 0.400001
      vertex 42.2388 -11.5847 9.53674e-07
      vertex 42.1689 -11.6501 9.53674e-07
    endloop
  endfacet
  facet normal -0.585082 0.810974 0
    outer loop
      vertex 42.1689 -11.6501 9.53674e-07
      vertex 42.0892 -11.7076 0.400001
      vertex 42.1689 -11.6501 0.400001
    endloop
  endfacet
  facet normal -0.585082 0.810974 0
    outer loop
      vertex 42.0892 -11.7076 0.400001
      vertex 42.1689 -11.6501 9.53674e-07
      vertex 42.0892 -11.7076 9.53674e-07
    endloop
  endfacet
  facet normal -0.480097 0.877215 0
    outer loop
      vertex 42.0892 -11.7076 9.53674e-07
      vertex 42.0004 -11.7562 0.400001
      vertex 42.0892 -11.7076 0.400001
    endloop
  endfacet
  facet normal -0.480097 0.877215 0
    outer loop
      vertex 42.0004 -11.7562 0.400001
      vertex 42.0892 -11.7076 9.53674e-07
      vertex 42.0004 -11.7562 9.53674e-07
    endloop
  endfacet
  facet normal -0.376936 0.926239 0
    outer loop
      vertex 42.0004 -11.7562 9.53674e-07
      vertex 41.9026 -11.796 0.400001
      vertex 42.0004 -11.7562 0.400001
    endloop
  endfacet
  facet normal -0.376936 0.926239 0
    outer loop
      vertex 41.9026 -11.796 0.400001
      vertex 42.0004 -11.7562 9.53674e-07
      vertex 41.9026 -11.796 9.53674e-07
    endloop
  endfacet
  facet normal -0.278757 0.960362 0
    outer loop
      vertex 41.9026 -11.796 9.53674e-07
      vertex 41.7958 -11.827 0.400001
      vertex 41.9026 -11.796 0.400001
    endloop
  endfacet
  facet normal -0.278757 0.960362 0
    outer loop
      vertex 41.7958 -11.827 0.400001
      vertex 41.9026 -11.796 9.53674e-07
      vertex 41.7958 -11.827 9.53674e-07
    endloop
  endfacet
  facet normal -0.187463 0.982272 0
    outer loop
      vertex 41.7958 -11.827 9.53674e-07
      vertex 41.68 -11.8491 0.400001
      vertex 41.7958 -11.827 0.400001
    endloop
  endfacet
  facet normal -0.187463 0.982272 0
    outer loop
      vertex 41.68 -11.8491 0.400001
      vertex 41.7958 -11.827 9.53674e-07
      vertex 41.68 -11.8491 9.53674e-07
    endloop
  endfacet
  facet normal -0.105099 0.994462 0
    outer loop
      vertex 41.68 -11.8491 9.53674e-07
      vertex 41.5551 -11.8623 0.400001
      vertex 41.68 -11.8491 0.400001
    endloop
  endfacet
  facet normal -0.105099 0.994462 0
    outer loop
      vertex 41.5551 -11.8623 0.400001
      vertex 41.68 -11.8491 9.53674e-07
      vertex 41.5551 -11.8623 9.53674e-07
    endloop
  endfacet
  facet normal -0.0336133 0.999435 0
    outer loop
      vertex 41.5551 -11.8623 9.53674e-07
      vertex 41.4213 -11.8668 0.400001
      vertex 41.5551 -11.8623 0.400001
    endloop
  endfacet
  facet normal -0.0336133 0.999435 0
    outer loop
      vertex 41.4213 -11.8668 0.400001
      vertex 41.5551 -11.8623 9.53674e-07
      vertex 41.4213 -11.8668 9.53674e-07
    endloop
  endfacet
  facet normal 0 1 -0
    outer loop
      vertex 41.4213 -11.8668 9.53674e-07
      vertex 40.0725 -11.8668 0.400001
      vertex 41.4213 -11.8668 0.400001
    endloop
  endfacet
  facet normal 0 1 0
    outer loop
      vertex 40.0725 -11.8668 0.400001
      vertex 41.4213 -11.8668 9.53674e-07
      vertex 40.0725 -11.8668 9.53674e-07
    endloop
  endfacet
  facet normal 1 -0 0
    outer loop
      vertex 40.0725 -11.8668 0.400001
      vertex 40.0725 -9.00033 9.53674e-07
      vertex 40.0725 -9.00033 0.400001
    endloop
  endfacet
  facet normal 1 0 0
    outer loop
      vertex 40.0725 -9.00033 9.53674e-07
      vertex 40.0725 -11.8668 0.400001
      vertex 40.0725 -11.8668 9.53674e-07
    endloop
  endfacet
  facet normal 0 -1 0
    outer loop
      vertex 40.0725 -9.00033 9.53674e-07
      vertex 40.4611 -9.00033 0.400001
      vertex 40.0725 -9.00033 0.400001
    endloop
  endfacet
  facet normal 0 -1 -0
    outer loop
      vertex 40.4611 -9.00033 0.400001
      vertex 40.0725 -9.00033 9.53674e-07
      vertex 40.4611 -9.00033 9.53674e-07
    endloop
  endfacet
  facet normal -1 0 0
    outer loop
      vertex 40.4611 -10.1904 9.53674e-07
      vertex 40.4611 -9.00033 0.400001
      vertex 40.4611 -9.00033 9.53674e-07
    endloop
  endfacet
  facet normal -1 -0 0
    outer loop
      vertex 40.4611 -9.00033 0.400001
      vertex 40.4611 -10.1904 9.53674e-07
      vertex 40.4611 -10.1904 0.400001
    endloop
  endfacet
  facet normal -1 0 0
    outer loop
      vertex 40.4611 -11.5555 9.53674e-07
      vertex 40.4611 -10.4976 0.400001
      vertex 40.4611 -10.4976 9.53674e-07
    endloop
  endfacet
  facet normal -1 -0 0
    outer loop
      vertex 40.4611 -10.4976 0.400001
      vertex 40.4611 -11.5555 9.53674e-07
      vertex 40.4611 -11.5555 0.400001
    endloop
  endfacet
  facet normal 0 -1 0
    outer loop
      vertex 40.4611 -11.5555 9.53674e-07
      vertex 41.3827 -11.5555 0.400001
      vertex 40.4611 -11.5555 0.400001
    endloop
  endfacet
  facet normal 0 -1 -0
    outer loop
      vertex 41.3827 -11.5555 0.400001
      vertex 40.4611 -11.5555 9.53674e-07
      vertex 41.3827 -11.5555 9.53674e-07
    endloop
  endfacet
  facet normal 0.0305979 -0.999532 0
    outer loop
      vertex 41.3827 -11.5555 9.53674e-07
      vertex 41.4709 -11.5528 0.400001
      vertex 41.3827 -11.5555 0.400001
    endloop
  endfacet
  facet normal 0.0305979 -0.999532 0
    outer loop
      vertex 41.4709 -11.5528 0.400001
      vertex 41.3827 -11.5555 9.53674e-07
      vertex 41.4709 -11.5528 9.53674e-07
    endloop
  endfacet
  facet normal 0.0969828 -0.995286 0
    outer loop
      vertex 41.4709 -11.5528 9.53674e-07
      vertex 41.553 -11.5448 0.400001
      vertex 41.4709 -11.5528 0.400001
    endloop
  endfacet
  facet normal 0.0969828 -0.995286 0
    outer loop
      vertex 41.553 -11.5448 0.400001
      vertex 41.4709 -11.5528 9.53674e-07
      vertex 41.553 -11.5448 9.53674e-07
    endloop
  endfacet
  facet normal 0.173637 -0.98481 0
    outer loop
      vertex 41.553 -11.5448 9.53674e-07
      vertex 41.629 -11.5314 0.400001
      vertex 41.553 -11.5448 0.400001
    endloop
  endfacet
  facet normal 0.173637 -0.98481 0
    outer loop
      vertex 41.629 -11.5314 0.400001
      vertex 41.553 -11.5448 9.53674e-07
      vertex 41.629 -11.5314 9.53674e-07
    endloop
  endfacet
  facet normal 0.260073 -0.965589 0
    outer loop
      vertex 41.629 -11.5314 9.53674e-07
      vertex 41.6988 -11.5126 0.400001
      vertex 41.629 -11.5314 0.400001
    endloop
  endfacet
  facet normal 0.260073 -0.965589 0
    outer loop
      vertex 41.6988 -11.5126 0.400001
      vertex 41.629 -11.5314 9.53674e-07
      vertex 41.6988 -11.5126 9.53674e-07
    endloop
  endfacet
  facet normal 0.353372 -0.935483 0
    outer loop
      vertex 41.6988 -11.5126 9.53674e-07
      vertex 41.7626 -11.4885 0.400001
      vertex 41.6988 -11.5126 0.400001
    endloop
  endfacet
  facet normal 0.353372 -0.935483 0
    outer loop
      vertex 41.7626 -11.4885 0.400001
      vertex 41.6988 -11.5126 9.53674e-07
      vertex 41.7626 -11.4885 9.53674e-07
    endloop
  endfacet
  facet normal 0.453995 -0.891004 0
    outer loop
      vertex 41.7626 -11.4885 9.53674e-07
      vertex 41.8203 -11.4591 0.400001
      vertex 41.7626 -11.4885 0.400001
    endloop
  endfacet
  facet normal 0.453995 -0.891004 0
    outer loop
      vertex 41.8203 -11.4591 0.400001
      vertex 41.7626 -11.4885 9.53674e-07
      vertex 41.8203 -11.4591 9.53674e-07
    endloop
  endfacet
  facet normal 0.559142 -0.829072 0
    outer loop
      vertex 41.8203 -11.4591 9.53674e-07
      vertex 41.8719 -11.4243 0.400001
      vertex 41.8203 -11.4591 0.400001
    endloop
  endfacet
  facet normal 0.559142 -0.829072 0
    outer loop
      vertex 41.8719 -11.4243 0.400001
      vertex 41.8203 -11.4591 9.53674e-07
      vertex 41.8719 -11.4243 9.53674e-07
    endloop
  endfacet
  facet normal 0.66261 -0.748965 0
    outer loop
      vertex 41.8719 -11.4243 9.53674e-07
      vertex 41.917 -11.3844 0.400001
      vertex 41.8719 -11.4243 0.400001
    endloop
  endfacet
  facet normal 0.66261 -0.748965 0
    outer loop
      vertex 41.917 -11.3844 0.400001
      vertex 41.8719 -11.4243 9.53674e-07
      vertex 41.917 -11.3844 9.53674e-07
    endloop
  endfacet
  facet normal 0.761771 -0.647846 0
    outer loop
      vertex 41.917 -11.3844 0.400001
      vertex 41.9551 -11.3396 9.53674e-07
      vertex 41.9551 -11.3396 0.400001
    endloop
  endfacet
  facet normal 0.761771 -0.647846 0
    outer loop
      vertex 41.9551 -11.3396 9.53674e-07
      vertex 41.917 -11.3844 0.400001
      vertex 41.917 -11.3844 9.53674e-07
    endloop
  endfacet
  facet normal 0.846944 -0.531683 0
    outer loop
      vertex 41.9551 -11.3396 0.400001
      vertex 41.9863 -11.2899 9.53674e-07
      vertex 41.9863 -11.2899 0.400001
    endloop
  endfacet
  facet normal 0.846944 -0.531683 0
    outer loop
      vertex 41.9863 -11.2899 9.53674e-07
      vertex 41.9551 -11.3396 0.400001
      vertex 41.9551 -11.3396 9.53674e-07
    endloop
  endfacet
  facet normal 0.913327 -0.407227 0
    outer loop
      vertex 41.9863 -11.2899 0.400001
      vertex 42.0106 -11.2354 9.53674e-07
      vertex 42.0106 -11.2354 0.400001
    endloop
  endfacet
  facet normal 0.913327 -0.407227 0
    outer loop
      vertex 42.0106 -11.2354 9.53674e-07
      vertex 41.9863 -11.2899 0.400001
      vertex 41.9863 -11.2899 9.53674e-07
    endloop
  endfacet
  facet normal 0.959982 -0.280062 0
    outer loop
      vertex 42.0106 -11.2354 0.400001
      vertex 42.0279 -11.1761 9.53674e-07
      vertex 42.0279 -11.1761 0.400001
    endloop
  endfacet
  facet normal 0.959982 -0.280062 0
    outer loop
      vertex 42.0279 -11.1761 9.53674e-07
      vertex 42.0106 -11.2354 0.400001
      vertex 42.0106 -11.2354 9.53674e-07
    endloop
  endfacet
  facet normal 0.987132 -0.159909 0
    outer loop
      vertex 42.0279 -11.1761 0.400001
      vertex 42.0383 -11.1119 9.53674e-07
      vertex 42.0383 -11.1119 0.400001
    endloop
  endfacet
  facet normal 0.987132 -0.159909 0
    outer loop
      vertex 42.0383 -11.1119 9.53674e-07
      vertex 42.0279 -11.1761 0.400001
      vertex 42.0279 -11.1761 9.53674e-07
    endloop
  endfacet
  facet normal 0.99872 -0.0505864 0
    outer loop
      vertex 42.0383 -11.1119 0.400001
      vertex 42.0418 -11.0428 9.53674e-07
      vertex 42.0418 -11.0428 0.400001
    endloop
  endfacet
  facet normal 0.99872 -0.0505864 0
    outer loop
      vertex 42.0418 -11.0428 9.53674e-07
      vertex 42.0383 -11.1119 0.400001
      vertex 42.0383 -11.1119 9.53674e-07
    endloop
  endfacet
  facet normal 0.998871 0.0474988 0
    outer loop
      vertex 42.0418 -11.0428 0.400001
      vertex 42.0384 -10.9713 9.53674e-07
      vertex 42.0384 -10.9713 0.400001
    endloop
  endfacet
  facet normal 0.998871 0.0474988 0
    outer loop
      vertex 42.0384 -10.9713 9.53674e-07
      vertex 42.0418 -11.0428 0.400001
      vertex 42.0418 -11.0428 9.53674e-07
    endloop
  endfacet
  facet normal 0.988286 0.152614 0
    outer loop
      vertex 42.0384 -10.9713 0.400001
      vertex 42.0281 -10.9046 9.53674e-07
      vertex 42.0281 -10.9046 0.400001
    endloop
  endfacet
  facet normal 0.988286 0.152614 0
    outer loop
      vertex 42.0281 -10.9046 9.53674e-07
      vertex 42.0384 -10.9713 0.400001
      vertex 42.0384 -10.9713 9.53674e-07
    endloop
  endfacet
  facet normal 0.964116 0.265481 0
    outer loop
      vertex 42.0281 -10.9046 0.400001
      vertex 42.011 -10.8425 9.53674e-07
      vertex 42.011 -10.8425 0.400001
    endloop
  endfacet
  facet normal 0.964116 0.265481 0
    outer loop
      vertex 42.011 -10.8425 9.53674e-07
      vertex 42.0281 -10.9046 0.400001
      vertex 42.0281 -10.9046 9.53674e-07
    endloop
  endfacet
  facet normal 0.922601 0.385756 0
    outer loop
      vertex 42.011 -10.8425 0.400001
      vertex 41.987 -10.7851 9.53674e-07
      vertex 41.987 -10.7851 0.400001
    endloop
  endfacet
  facet normal 0.922601 0.385756 0
    outer loop
      vertex 41.987 -10.7851 9.53674e-07
      vertex 42.011 -10.8425 0.400001
      vertex 42.011 -10.8425 9.53674e-07
    endloop
  endfacet
  facet normal 0.863363 0.504584 0
    outer loop
      vertex 41.987 -10.7851 0.400001
      vertex 41.9562 -10.7324 9.53674e-07
      vertex 41.9562 -10.7324 0.400001
    endloop
  endfacet
  facet normal 0.863363 0.504584 0
    outer loop
      vertex 41.9562 -10.7324 9.53674e-07
      vertex 41.987 -10.7851 0.400001
      vertex 41.987 -10.7851 9.53674e-07
    endloop
  endfacet
  facet normal 0.786432 0.617677 0
    outer loop
      vertex 41.9562 -10.7324 0.400001
      vertex 41.9185 -10.6844 9.53674e-07
      vertex 41.9185 -10.6844 0.400001
    endloop
  endfacet
  facet normal 0.786432 0.617677 0
    outer loop
      vertex 41.9185 -10.6844 9.53674e-07
      vertex 41.9562 -10.7324 0.400001
      vertex 41.9562 -10.7324 9.53674e-07
    endloop
  endfacet
  facet normal 0.6974 0.716683 -0
    outer loop
      vertex 41.9185 -10.6844 9.53674e-07
      vertex 41.8739 -10.641 0.400001
      vertex 41.9185 -10.6844 0.400001
    endloop
  endfacet
  facet normal 0.6974 0.716683 0
    outer loop
      vertex 41.8739 -10.641 0.400001
      vertex 41.9185 -10.6844 9.53674e-07
      vertex 41.8739 -10.641 9.53674e-07
    endloop
  endfacet
  facet normal 0.599747 0.800189 -0
    outer loop
      vertex 41.8739 -10.641 9.53674e-07
      vertex 41.8232 -10.603 0.400001
      vertex 41.8739 -10.641 0.400001
    endloop
  endfacet
  facet normal 0.599747 0.800189 0
    outer loop
      vertex 41.8232 -10.603 0.400001
      vertex 41.8739 -10.641 9.53674e-07
      vertex 41.8232 -10.603 9.53674e-07
    endloop
  endfacet
  facet normal 0.495145 0.86881 -0
    outer loop
      vertex 41.8232 -10.603 9.53674e-07
      vertex 41.7667 -10.5708 0.400001
      vertex 41.8232 -10.603 0.400001
    endloop
  endfacet
  facet normal 0.495145 0.86881 0
    outer loop
      vertex 41.7667 -10.5708 0.400001
      vertex 41.8232 -10.603 9.53674e-07
      vertex 41.7667 -10.5708 9.53674e-07
    endloop
  endfacet
  facet normal 0.390702 0.920517 -0
    outer loop
      vertex 41.7667 -10.5708 9.53674e-07
      vertex 41.7045 -10.5444 0.400001
      vertex 41.7667 -10.5708 0.400001
    endloop
  endfacet
  facet normal 0.390702 0.920517 0
    outer loop
      vertex 41.7045 -10.5444 0.400001
      vertex 41.7667 -10.5708 9.53674e-07
      vertex 41.7045 -10.5444 9.53674e-07
    endloop
  endfacet
  facet normal 0.289029 0.95732 -0
    outer loop
      vertex 41.7045 -10.5444 9.53674e-07
      vertex 41.6366 -10.5239 0.400001
      vertex 41.7045 -10.5444 0.400001
    endloop
  endfacet
  facet normal 0.289029 0.95732 0
    outer loop
      vertex 41.6366 -10.5239 0.400001
      vertex 41.7045 -10.5444 9.53674e-07
      vertex 41.6366 -10.5239 9.53674e-07
    endloop
  endfacet
  facet normal 0.194833 0.980836 -0
    outer loop
      vertex 41.6366 -10.5239 9.53674e-07
      vertex 41.5631 -10.5093 0.400001
      vertex 41.6366 -10.5239 0.400001
    endloop
  endfacet
  facet normal 0.194833 0.980836 0
    outer loop
      vertex 41.5631 -10.5093 0.400001
      vertex 41.6366 -10.5239 9.53674e-07
      vertex 41.5631 -10.5093 9.53674e-07
    endloop
  endfacet
  facet normal 0.110294 0.993899 -0
    outer loop
      vertex 41.5631 -10.5093 9.53674e-07
      vertex 41.4838 -10.5005 0.400001
      vertex 41.5631 -10.5093 0.400001
    endloop
  endfacet
  facet normal 0.110294 0.993899 0
    outer loop
      vertex 41.4838 -10.5005 0.400001
      vertex 41.5631 -10.5093 9.53674e-07
      vertex 41.4838 -10.5005 9.53674e-07
    endloop
  endfacet
  facet normal 0.0341379 0.999417 -0
    outer loop
      vertex 41.4838 -10.5005 9.53674e-07
      vertex 41.3989 -10.4976 0.400001
      vertex 41.4838 -10.5005 0.400001
    endloop
  endfacet
  facet normal 0.0341379 0.999417 0
    outer loop
      vertex 41.3989 -10.4976 0.400001
      vertex 41.4838 -10.5005 9.53674e-07
      vertex 41.3989 -10.4976 9.53674e-07
    endloop
  endfacet
  facet normal 0 1 -0
    outer loop
      vertex 41.3989 -10.4976 9.53674e-07
      vertex 40.4611 -10.4976 0.400001
      vertex 41.3989 -10.4976 0.400001
    endloop
  endfacet
  facet normal 0 1 0
    outer loop
      vertex 40.4611 -10.4976 0.400001
      vertex 41.3989 -10.4976 9.53674e-07
      vertex 40.4611 -10.4976 9.53674e-07
    endloop
  endfacet
  facet normal 0 0 -1
    outer loop
      vertex 5.65338 -61.3276 0.400001
      vertex 5.28192 -59.0839 0.400001
      vertex 5.8891 -61.3276 0.400001
    endloop
  endfacet
  facet normal -0 -0 -1
    outer loop
      vertex 5.28192 -59.0839 0.400001
      vertex 5.65338 -61.3276 0.400001
      vertex 5.04023 -59.0839 0.400001
    endloop
  endfacet
  facet normal 0 0 -1
    outer loop
      vertex 2.50376 -60.1744 0.400001
      vertex 2.79468 -60.1744 0.400001
      vertex 2.79215 -60.2672 0.400001
    endloop
  endfacet
  facet normal 0 0 -1
    outer loop
      vertex 2.49976 -60.2831 0.400001
      vertex 2.79215 -60.2672 0.400001
      vertex 2.78452 -60.3565 0.400001
    endloop
  endfacet
  facet normal 0 0 -1
    outer loop
      vertex 2.79468 -60.1744 0.400001
      vertex 2.50376 -60.1744 0.400001
      vertex 2.79212 -60.0819 0.400001
    endloop
  endfacet
  facet normal 0 0 -1
    outer loop
      vertex 2.48773 -60.3848 0.400001
      vertex 2.78452 -60.3565 0.400001
      vertex 2.77179 -60.4421 0.400001
    endloop
  endfacet
  facet normal 0 0 -1
    outer loop
      vertex 2.49977 -60.061 0.400001
      vertex 2.79212 -60.0819 0.400001
      vertex 2.50376 -60.1744 0.400001
    endloop
  endfacet
  facet normal 0 0 -1
    outer loop
      vertex 2.48773 -60.3848 0.400001
      vertex 2.77179 -60.4421 0.400001
      vertex 2.754 -60.5242 0.400001
    endloop
  endfacet
  facet normal 0 0 -1
    outer loop
      vertex 2.79212 -60.0819 0.400001
      vertex 2.49977 -60.061 0.400001
      vertex 2.7844 -59.9927 0.400001
    endloop
  endfacet
  facet normal 0 0 -1
    outer loop
      vertex 2.46773 -60.4797 0.400001
      vertex 2.754 -60.5242 0.400001
      vertex 2.73111 -60.6026 0.400001
    endloop
  endfacet
  facet normal 0 0 -1
    outer loop
      vertex 2.48786 -59.9551 0.400001
      vertex 2.7844 -59.9927 0.400001
      vertex 2.49977 -60.061 0.400001
    endloop
  endfacet
  facet normal 0 0 -1
    outer loop
      vertex 2.4397 -60.5678 0.400001
      vertex 2.73111 -60.6026 0.400001
      vertex 2.70314 -60.6775 0.400001
    endloop
  endfacet
  facet normal 0 0 -1
    outer loop
      vertex 2.7844 -59.9927 0.400001
      vertex 2.48786 -59.9551 0.400001
      vertex 2.77152 -59.9069 0.400001
    endloop
  endfacet
  facet normal 0 0 -1
    outer loop
      vertex 2.4397 -60.5678 0.400001
      vertex 2.70314 -60.6775 0.400001
      vertex 2.67009 -60.7488 0.400001
    endloop
  endfacet
  facet normal -0 0 -1
    outer loop
      vertex 2.77152 -59.9069 0.400001
      vertex 2.48786 -59.9551 0.400001
      vertex 2.75351 -59.8244 0.400001
    endloop
  endfacet
  facet normal 0 0 -1
    outer loop
      vertex 2.40366 -60.6489 0.400001
      vertex 2.67009 -60.7488 0.400001
      vertex 2.63224 -60.8159 0.400001
    endloop
  endfacet
  facet normal 0 0 -1
    outer loop
      vertex 2.46799 -59.8569 0.400001
      vertex 2.75351 -59.8244 0.400001
      vertex 2.48786 -59.9551 0.400001
    endloop
  endfacet
  facet normal 0 0 -1
    outer loop
      vertex 2.35962 -60.7232 0.400001
      vertex 2.63224 -60.8159 0.400001
      vertex 2.58985 -60.8783 0.400001
    endloop
  endfacet
  facet normal -0 0 -1
    outer loop
      vertex 2.75351 -59.8244 0.400001
      vertex 2.46799 -59.8569 0.400001
      vertex 2.73035 -59.7453 0.400001
    endloop
  endfacet
  facet normal 0 0 -1
    outer loop
      vertex 2.35962 -60.7232 0.400001
      vertex 2.58985 -60.8783 0.400001
      vertex 2.54291 -60.936 0.400001
    endloop
  endfacet
  facet normal 0 0 -1
    outer loop
      vertex 2.44017 -59.7662 0.400001
      vertex 2.73035 -59.7453 0.400001
      vertex 2.46799 -59.8569 0.400001
    endloop
  endfacet
  facet normal -0 0 -1
    outer loop
      vertex 2.73035 -59.7453 0.400001
      vertex 2.44017 -59.7662 0.400001
      vertex 2.70204 -59.6695 0.400001
    endloop
  endfacet
  facet normal -0 0 -1
    outer loop
      vertex 2.79215 -60.2672 0.400001
      vertex 2.49976 -60.2831 0.400001
      vertex 2.50376 -60.1744 0.400001
    endloop
  endfacet
  facet normal 0 0 -1
    outer loop
      vertex 2.30757 -60.7905 0.400001
      vertex 2.54291 -60.936 0.400001
      vertex 2.49144 -60.9889 0.400001
    endloop
  endfacet
  facet normal -0 0 -1
    outer loop
      vertex 2.78452 -60.3565 0.400001
      vertex 2.48773 -60.3848 0.400001
      vertex 2.49976 -60.2831 0.400001
    endloop
  endfacet
  facet normal 0 0 -1
    outer loop
      vertex 2.754 -60.5242 0.400001
      vertex 2.46773 -60.4797 0.400001
      vertex 2.48773 -60.3848 0.400001
    endloop
  endfacet
  facet normal 0 0 -1
    outer loop
      vertex 2.73111 -60.6026 0.400001
      vertex 2.4397 -60.5678 0.400001
      vertex 2.46773 -60.4797 0.400001
    endloop
  endfacet
  facet normal 0 0 -1
    outer loop
      vertex 2.30757 -60.7905 0.400001
      vertex 2.49144 -60.9889 0.400001
      vertex 2.43543 -61.0372 0.400001
    endloop
  endfacet
  facet normal 0 0 -1
    outer loop
      vertex 2.67009 -60.7488 0.400001
      vertex 2.40366 -60.6489 0.400001
      vertex 2.4397 -60.5678 0.400001
    endloop
  endfacet
  facet normal 0 0 -1
    outer loop
      vertex 2.24823 -60.8499 0.400001
      vertex 2.43543 -61.0372 0.400001
      vertex 2.37488 -61.0807 0.400001
    endloop
  endfacet
  facet normal 0 0 -1
    outer loop
      vertex 2.63224 -60.8159 0.400001
      vertex 2.35962 -60.7232 0.400001
      vertex 2.40366 -60.6489 0.400001
    endloop
  endfacet
  facet normal 0 0 -1
    outer loop
      vertex 2.18227 -60.9002 0.400001
      vertex 2.37488 -61.0807 0.400001
      vertex 2.3098 -61.1195 0.400001
    endloop
  endfacet
  facet normal 0 0 -1
    outer loop
      vertex 2.54291 -60.936 0.400001
      vertex 2.30757 -60.7905 0.400001
      vertex 2.35962 -60.7232 0.400001
    endloop
  endfacet
  facet normal 0 0 -1
    outer loop
      vertex 2.43543 -61.0372 0.400001
      vertex 2.24823 -60.8499 0.400001
      vertex 2.30757 -60.7905 0.400001
    endloop
  endfacet
  facet normal 0 0 -1
    outer loop
      vertex 2.18227 -60.9002 0.400001
      vertex 2.3098 -61.1195 0.400001
      vertex 2.24073 -61.1533 0.400001
    endloop
  endfacet
  facet normal 0 0 -1
    outer loop
      vertex 2.37488 -61.0807 0.400001
      vertex 2.18227 -60.9002 0.400001
      vertex 2.24823 -60.8499 0.400001
    endloop
  endfacet
  facet normal 0 0 -1
    outer loop
      vertex 2.1097 -60.9413 0.400001
      vertex 2.24073 -61.1533 0.400001
      vertex 2.16817 -61.182 0.400001
    endloop
  endfacet
  facet normal 0 0 -1
    outer loop
      vertex 2.24073 -61.1533 0.400001
      vertex 2.1097 -60.9413 0.400001
      vertex 2.18227 -60.9002 0.400001
    endloop
  endfacet
  facet normal 0 0 -1
    outer loop
      vertex 2.03052 -60.9732 0.400001
      vertex 2.16817 -61.182 0.400001
      vertex 2.09215 -61.2054 0.400001
    endloop
  endfacet
  facet normal 0 0 -1
    outer loop
      vertex 2.16817 -61.182 0.400001
      vertex 2.03052 -60.9732 0.400001
      vertex 2.1097 -60.9413 0.400001
    endloop
  endfacet
  facet normal 0 0 -1
    outer loop
      vertex 2.01265 -61.2236 0.400001
      vertex 2.03052 -60.9732 0.400001
      vertex 2.09215 -61.2054 0.400001
    endloop
  endfacet
  facet normal 0 0 -1
    outer loop
      vertex 2.01265 -61.2236 0.400001
      vertex 1.94474 -60.9961 0.400001
      vertex 2.03052 -60.9732 0.400001
    endloop
  endfacet
  facet normal 0 0 -1
    outer loop
      vertex 1.92969 -61.2367 0.400001
      vertex 1.94474 -60.9961 0.400001
      vertex 2.01265 -61.2236 0.400001
    endloop
  endfacet
  facet normal 0 0 -1
    outer loop
      vertex 1.92969 -61.2367 0.400001
      vertex 1.85236 -61.0098 0.400001
      vertex 1.94474 -60.9961 0.400001
    endloop
  endfacet
  facet normal 0 0 -1
    outer loop
      vertex 1.84326 -61.2445 0.400001
      vertex 1.85236 -61.0098 0.400001
      vertex 1.92969 -61.2367 0.400001
    endloop
  endfacet
  facet normal 0 0 -1
    outer loop
      vertex 1.75336 -61.0143 0.400001
      vertex 1.84326 -61.2445 0.400001
      vertex 1.75336 -61.2471 0.400001
    endloop
  endfacet
  facet normal 0 0 -1
    outer loop
      vertex 1.84326 -61.2445 0.400001
      vertex 1.75336 -61.0143 0.400001
      vertex 1.85236 -61.0098 0.400001
    endloop
  endfacet
  facet normal 0 0 -1
    outer loop
      vertex 1.75336 -61.2471 0.400001
      vertex 1.65355 -61.0098 0.400001
      vertex 1.75336 -61.0143 0.400001
    endloop
  endfacet
  facet normal 0 0 -1
    outer loop
      vertex 1.6171 -61.2413 0.400001
      vertex 1.65355 -61.0098 0.400001
      vertex 1.75336 -61.2471 0.400001
    endloop
  endfacet
  facet normal 0 0 -1
    outer loop
      vertex 1.6171 -61.2413 0.400001
      vertex 1.56044 -60.9963 0.400001
      vertex 1.65355 -61.0098 0.400001
    endloop
  endfacet
  facet normal 0 0 -1
    outer loop
      vertex 1.48969 -61.2239 0.400001
      vertex 1.56044 -60.9963 0.400001
      vertex 1.6171 -61.2413 0.400001
    endloop
  endfacet
  facet normal 0 0 -1
    outer loop
      vertex 1.48969 -61.2239 0.400001
      vertex 1.47403 -60.9738 0.400001
      vertex 1.56044 -60.9963 0.400001
    endloop
  endfacet
  facet normal 0 0 -1
    outer loop
      vertex 1.3711 -61.1949 0.400001
      vertex 1.47403 -60.9738 0.400001
      vertex 1.48969 -61.2239 0.400001
    endloop
  endfacet
  facet normal -0 0 -1
    outer loop
      vertex 1.47403 -60.9738 0.400001
      vertex 1.3711 -61.1949 0.400001
      vertex 1.39432 -60.9422 0.400001
    endloop
  endfacet
  facet normal 0 0 -1
    outer loop
      vertex 1.26132 -61.1543 0.400001
      vertex 1.39432 -60.9422 0.400001
      vertex 1.3711 -61.1949 0.400001
    endloop
  endfacet
  facet normal -0 0 -1
    outer loop
      vertex 1.39432 -60.9422 0.400001
      vertex 1.26132 -61.1543 0.400001
      vertex 1.32131 -60.9017 0.400001
    endloop
  endfacet
  facet normal 0 0 -1
    outer loop
      vertex 1.1604 -61.1021 0.400001
      vertex 1.32131 -60.9017 0.400001
      vertex 1.26132 -61.1543 0.400001
    endloop
  endfacet
  facet normal -0 0 -1
    outer loop
      vertex 1.32131 -60.9017 0.400001
      vertex 1.1604 -61.1021 0.400001
      vertex 1.25499 -60.8521 0.400001
    endloop
  endfacet
  facet normal 0 0 -1
    outer loop
      vertex 1.0683 -61.0382 0.400001
      vertex 1.25499 -60.8521 0.400001
      vertex 1.1604 -61.1021 0.400001
    endloop
  endfacet
  facet normal -0 0 -1
    outer loop
      vertex 1.25499 -60.8521 0.400001
      vertex 1.0683 -61.0382 0.400001
      vertex 1.19538 -60.7935 0.400001
    endloop
  endfacet
  facet normal 0 0 -1
    outer loop
      vertex 0.985034 -60.9629 0.400001
      vertex 1.19538 -60.7935 0.400001
      vertex 1.0683 -61.0382 0.400001
    endloop
  endfacet
  facet normal -0 0 -1
    outer loop
      vertex 1.19538 -60.7935 0.400001
      vertex 0.985034 -60.9629 0.400001
      vertex 1.14313 -60.7268 0.400001
    endloop
  endfacet
  facet normal 0 0 -1
    outer loop
      vertex 0.911807 -60.8772 0.400001
      vertex 1.14313 -60.7268 0.400001
      vertex 0.985034 -60.9629 0.400001
    endloop
  endfacet
  facet normal -0 0 -1
    outer loop
      vertex 1.14313 -60.7268 0.400001
      vertex 0.911807 -60.8772 0.400001
      vertex 1.09893 -60.6529 0.400001
    endloop
  endfacet
  facet normal 0 0 -1
    outer loop
      vertex 0.849856 -60.7825 0.400001
      vertex 1.09893 -60.6529 0.400001
      vertex 0.911807 -60.8772 0.400001
    endloop
  endfacet
  facet normal -0 0 -1
    outer loop
      vertex 1.09893 -60.6529 0.400001
      vertex 0.849856 -60.7825 0.400001
      vertex 1.06275 -60.5717 0.400001
    endloop
  endfacet
  facet normal 0 0 -1
    outer loop
      vertex 0.759738 -60.5662 0.400001
      vertex 1.06275 -60.5717 0.400001
      vertex 0.799151 -60.6788 0.400001
    endloop
  endfacet
  facet normal 0 0 -1
    outer loop
      vertex 0.799151 -60.6788 0.400001
      vertex 1.06275 -60.5717 0.400001
      vertex 0.849856 -60.7825 0.400001
    endloop
  endfacet
  facet normal -0 0 -1
    outer loop
      vertex 2.70204 -59.6695 0.400001
      vertex 2.44017 -59.7662 0.400001
      vertex 2.6686 -59.5971 0.400001
    endloop
  endfacet
  facet normal 0 0 -1
    outer loop
      vertex 2.40442 -59.6831 0.400001
      vertex 2.6686 -59.5971 0.400001
      vertex 2.44017 -59.7662 0.400001
    endloop
  endfacet
  facet normal -0 0 -1
    outer loop
      vertex 2.6686 -59.5971 0.400001
      vertex 2.40442 -59.6831 0.400001
      vertex 2.63034 -59.5286 0.400001
    endloop
  endfacet
  facet normal 0 0 -1
    outer loop
      vertex 2.36071 -59.6076 0.400001
      vertex 2.63034 -59.5286 0.400001
      vertex 2.40442 -59.6831 0.400001
    endloop
  endfacet
  facet normal -0 0 -1
    outer loop
      vertex 2.63034 -59.5286 0.400001
      vertex 2.36071 -59.6076 0.400001
      vertex 2.58762 -59.4649 0.400001
    endloop
  endfacet
  facet normal -0 0 -1
    outer loop
      vertex 2.58762 -59.4649 0.400001
      vertex 2.36071 -59.6076 0.400001
      vertex 2.54041 -59.4059 0.400001
    endloop
  endfacet
  facet normal 0 0 -1
    outer loop
      vertex 2.30905 -59.5396 0.400001
      vertex 2.54041 -59.4059 0.400001
      vertex 2.36071 -59.6076 0.400001
    endloop
  endfacet
  facet normal -0 0 -1
    outer loop
      vertex 2.54041 -59.4059 0.400001
      vertex 2.30905 -59.5396 0.400001
      vertex 2.48873 -59.3515 0.400001
    endloop
  endfacet
  facet normal -0 0 -1
    outer loop
      vertex 2.48873 -59.3515 0.400001
      vertex 2.30905 -59.5396 0.400001
      vertex 2.43257 -59.3019 0.400001
    endloop
  endfacet
  facet normal 0 0 -1
    outer loop
      vertex 2.24997 -59.48 0.400001
      vertex 2.43257 -59.3019 0.400001
      vertex 2.30905 -59.5396 0.400001
    endloop
  endfacet
  facet normal -0 0 -1
    outer loop
      vertex 2.43257 -59.3019 0.400001
      vertex 2.24997 -59.48 0.400001
      vertex 2.37194 -59.2569 0.400001
    endloop
  endfacet
  facet normal 0 0 -1
    outer loop
      vertex 2.18399 -59.4296 0.400001
      vertex 2.37194 -59.2569 0.400001
      vertex 2.24997 -59.48 0.400001
    endloop
  endfacet
  facet normal -0 0 -1
    outer loop
      vertex 2.37194 -59.2569 0.400001
      vertex 2.18399 -59.4296 0.400001
      vertex 2.30683 -59.2166 0.400001
    endloop
  endfacet
  facet normal -0 0 -1
    outer loop
      vertex 2.30683 -59.2166 0.400001
      vertex 2.18399 -59.4296 0.400001
      vertex 2.23775 -59.1814 0.400001
    endloop
  endfacet
  facet normal 0 0 -1
    outer loop
      vertex 2.11109 -59.3884 0.400001
      vertex 2.23775 -59.1814 0.400001
      vertex 2.18399 -59.4296 0.400001
    endloop
  endfacet
  facet normal -0 0 -1
    outer loop
      vertex 2.23775 -59.1814 0.400001
      vertex 2.11109 -59.3884 0.400001
      vertex 2.16519 -59.1516 0.400001
    endloop
  endfacet
  facet normal 0 0 -1
    outer loop
      vertex 2.03127 -59.3563 0.400001
      vertex 2.16519 -59.1516 0.400001
      vertex 2.11109 -59.3884 0.400001
    endloop
  endfacet
  facet normal -0 0 -1
    outer loop
      vertex 2.16519 -59.1516 0.400001
      vertex 2.03127 -59.3563 0.400001
      vertex 2.08918 -59.1272 0.400001
    endloop
  endfacet
  facet normal 0 0 -1
    outer loop
      vertex 2.03127 -59.3563 0.400001
      vertex 2.00968 -59.1083 0.400001
      vertex 2.08918 -59.1272 0.400001
    endloop
  endfacet
  facet normal 0 0 -1
    outer loop
      vertex 1.94455 -59.3334 0.400001
      vertex 2.00968 -59.1083 0.400001
      vertex 2.03127 -59.3563 0.400001
    endloop
  endfacet
  facet normal 0 0 -1
    outer loop
      vertex 1.94455 -59.3334 0.400001
      vertex 1.92671 -59.0947 0.400001
      vertex 2.00968 -59.1083 0.400001
    endloop
  endfacet
  facet normal 0 0 -1
    outer loop
      vertex 1.85091 -59.3197 0.400001
      vertex 1.92671 -59.0947 0.400001
      vertex 1.94455 -59.3334 0.400001
    endloop
  endfacet
  facet normal 0 0 -1
    outer loop
      vertex 1.85091 -59.3197 0.400001
      vertex 1.84027 -59.0866 0.400001
      vertex 1.92671 -59.0947 0.400001
    endloop
  endfacet
  facet normal 0 0 -1
    outer loop
      vertex 1.75037 -59.3151 0.400001
      vertex 1.84027 -59.0866 0.400001
      vertex 1.85091 -59.3197 0.400001
    endloop
  endfacet
  facet normal 0 0 -1
    outer loop
      vertex 1.75037 -59.3151 0.400001
      vertex 1.75037 -59.0839 0.400001
      vertex 1.84027 -59.0866 0.400001
    endloop
  endfacet
  facet normal 0 0 -1
    outer loop
      vertex 1.75037 -59.3151 0.400001
      vertex 1.65969 -59.0865 0.400001
      vertex 1.75037 -59.0839 0.400001
    endloop
  endfacet
  facet normal 0 0 -1
    outer loop
      vertex 1.6525 -59.3198 0.400001
      vertex 1.65969 -59.0865 0.400001
      vertex 1.75037 -59.3151 0.400001
    endloop
  endfacet
  facet normal 0 0 -1
    outer loop
      vertex 1.6525 -59.3198 0.400001
      vertex 1.57262 -59.0946 0.400001
      vertex 1.65969 -59.0865 0.400001
    endloop
  endfacet
  facet normal 0 0 -1
    outer loop
      vertex 1.56092 -59.334 0.400001
      vertex 1.57262 -59.0946 0.400001
      vertex 1.6525 -59.3198 0.400001
    endloop
  endfacet
  facet normal 0 0 -1
    outer loop
      vertex 1.56092 -59.334 0.400001
      vertex 1.48918 -59.108 0.400001
      vertex 1.57262 -59.0946 0.400001
    endloop
  endfacet
  facet normal 0 0 -1
    outer loop
      vertex 1.47565 -59.3577 0.400001
      vertex 1.48918 -59.108 0.400001
      vertex 1.56092 -59.334 0.400001
    endloop
  endfacet
  facet normal 0 0 -1
    outer loop
      vertex 1.47565 -59.3577 0.400001
      vertex 1.40937 -59.1267 0.400001
      vertex 1.48918 -59.108 0.400001
    endloop
  endfacet
  facet normal 0 0 -1
    outer loop
      vertex 1.33318 -59.1508 0.400001
      vertex 1.47565 -59.3577 0.400001
      vertex 1.39669 -59.3908 0.400001
    endloop
  endfacet
  facet normal 0 0 -1
    outer loop
      vertex 1.47565 -59.3577 0.400001
      vertex 1.33318 -59.1508 0.400001
      vertex 1.40937 -59.1267 0.400001
    endloop
  endfacet
  facet normal 0 0 -1
    outer loop
      vertex 1.26061 -59.1803 0.400001
      vertex 1.39669 -59.3908 0.400001
      vertex 1.32402 -59.4335 0.400001
    endloop
  endfacet
  facet normal 0 0 -1
    outer loop
      vertex 1.39669 -59.3908 0.400001
      vertex 1.26061 -59.1803 0.400001
      vertex 1.33318 -59.1508 0.400001
    endloop
  endfacet
  facet normal 0 0 -1
    outer loop
      vertex 1.12679 -59.255 0.400001
      vertex 1.32402 -59.4335 0.400001
      vertex 1.25768 -59.4855 0.400001
    endloop
  endfacet
  facet normal 0 0 -1
    outer loop
      vertex 1.06645 -59.2997 0.400001
      vertex 1.25768 -59.4855 0.400001
      vertex 1.19762 -59.5471 0.400001
    endloop
  endfacet
  facet normal 0 0 -1
    outer loop
      vertex 1.32402 -59.4335 0.400001
      vertex 1.19165 -59.2151 0.400001
      vertex 1.26061 -59.1803 0.400001
    endloop
  endfacet
  facet normal 0 0 -1
    outer loop
      vertex 0.959414 -59.4034 0.400001
      vertex 1.19762 -59.5471 0.400001
      vertex 1.14478 -59.6167 0.400001
    endloop
  endfacet
  facet normal 0 0 -1
    outer loop
      vertex 1.32402 -59.4335 0.400001
      vertex 1.12679 -59.255 0.400001
      vertex 1.19165 -59.2151 0.400001
    endloop
  endfacet
  facet normal 0 0 -1
    outer loop
      vertex 0.870502 -59.5262 0.400001
      vertex 1.14478 -59.6167 0.400001
      vertex 1.10007 -59.693 0.400001
    endloop
  endfacet
  facet normal 0 0 -1
    outer loop
      vertex 1.25768 -59.4855 0.400001
      vertex 1.06645 -59.2997 0.400001
      vertex 1.12679 -59.255 0.400001
    endloop
  endfacet
  facet normal 0 0 -1
    outer loop
      vertex 0.832858 -59.5948 0.400001
      vertex 1.10007 -59.693 0.400001
      vertex 1.06348 -59.7759 0.400001
    endloop
  endfacet
  facet normal 0 0 -1
    outer loop
      vertex 0.772204 -59.7435 0.400001
      vertex 1.06348 -59.7759 0.400001
      vertex 1.03504 -59.8655 0.400001
    endloop
  endfacet
  facet normal 0 0 -1
    outer loop
      vertex 0.749469 -59.8229 0.400001
      vertex 1.03504 -59.8655 0.400001
      vertex 1.01471 -59.9618 0.400001
    endloop
  endfacet
  facet normal 0 0 -1
    outer loop
      vertex 1.19762 -59.5471 0.400001
      vertex 1.01067 -59.3492 0.400001
      vertex 1.06645 -59.2997 0.400001
    endloop
  endfacet
  facet normal 0 0 -1
    outer loop
      vertex 0.71915 -59.9919 0.400001
      vertex 1.01471 -59.9618 0.400001
      vertex 1.00252 -60.0648 0.400001
    endloop
  endfacet
  facet normal 0 0 -1
    outer loop
      vertex 0.711566 -60.0815 0.400001
      vertex 1.00252 -60.0648 0.400001
      vertex 0.998446 -60.1744 0.400001
    endloop
  endfacet
  facet normal 0 0 -1
    outer loop
      vertex 1.06275 -60.5717 0.400001
      vertex 0.759738 -60.5662 0.400001
      vertex 1.03463 -60.4832 0.400001
    endloop
  endfacet
  facet normal -0 0 -1
    outer loop
      vertex 1.00252 -60.0648 0.400001
      vertex 0.711566 -60.0815 0.400001
      vertex 0.71915 -59.9919 0.400001
    endloop
  endfacet
  facet normal -0 0 -1
    outer loop
      vertex 1.01471 -59.9618 0.400001
      vertex 0.71915 -59.9919 0.400001
      vertex 0.731784 -59.9057 0.400001
    endloop
  endfacet
  facet normal 0 0 -1
    outer loop
      vertex 0.73157 -60.4446 0.400001
      vertex 1.03463 -60.4832 0.400001
      vertex 0.759738 -60.5662 0.400001
    endloop
  endfacet
  facet normal 0 0 -1
    outer loop
      vertex 1.01471 -59.9618 0.400001
      vertex 0.731784 -59.9057 0.400001
      vertex 0.749469 -59.8229 0.400001
    endloop
  endfacet
  facet normal 0 0 -1
    outer loop
      vertex 1.03463 -60.4832 0.400001
      vertex 0.73157 -60.4446 0.400001
      vertex 1.01453 -60.3875 0.400001
    endloop
  endfacet
  facet normal 0 0 -1
    outer loop
      vertex 1.03504 -59.8655 0.400001
      vertex 0.749469 -59.8229 0.400001
      vertex 0.772204 -59.7435 0.400001
    endloop
  endfacet
  facet normal 0 0 -1
    outer loop
      vertex 1.06348 -59.7759 0.400001
      vertex 0.800006 -59.6675 0.400001
      vertex 0.832858 -59.5948 0.400001
    endloop
  endfacet
  facet normal 0 0 -1
    outer loop
      vertex 0.714679 -60.314 0.400001
      vertex 1.01453 -60.3875 0.400001
      vertex 0.73157 -60.4446 0.400001
    endloop
  endfacet
  facet normal 0 0 -1
    outer loop
      vertex 1.14478 -59.6167 0.400001
      vertex 0.870502 -59.5262 0.400001
      vertex 0.912692 -59.4624 0.400001
    endloop
  endfacet
  facet normal 0 0 -1
    outer loop
      vertex 1.01453 -60.3875 0.400001
      vertex 0.714679 -60.314 0.400001
      vertex 1.00247 -60.2846 0.400001
    endloop
  endfacet
  facet normal 0 0 -1
    outer loop
      vertex 1.14478 -59.6167 0.400001
      vertex 0.912692 -59.4624 0.400001
      vertex 0.959414 -59.4034 0.400001
    endloop
  endfacet
  facet normal 0 0 -1
    outer loop
      vertex 1.06348 -59.7759 0.400001
      vertex 0.772204 -59.7435 0.400001
      vertex 0.800006 -59.6675 0.400001
    endloop
  endfacet
  facet normal 0 0 -1
    outer loop
      vertex 0.709033 -60.1744 0.400001
      vertex 1.00247 -60.2846 0.400001
      vertex 0.714679 -60.314 0.400001
    endloop
  endfacet
  facet normal 0 0 -1
    outer loop
      vertex 1.19762 -59.5471 0.400001
      vertex 0.959414 -59.4034 0.400001
      vertex 1.01067 -59.3492 0.400001
    endloop
  endfacet
  facet normal 0 0 -1
    outer loop
      vertex 1.00247 -60.2846 0.400001
      vertex 0.709033 -60.1744 0.400001
      vertex 0.998446 -60.1744 0.400001
    endloop
  endfacet
  facet normal 0 0 -1
    outer loop
      vertex 1.10007 -59.693 0.400001
      vertex 0.832858 -59.5948 0.400001
      vertex 0.870502 -59.5262 0.400001
    endloop
  endfacet
  facet normal 0 0 -1
    outer loop
      vertex 0.998446 -60.1744 0.400001
      vertex 0.709033 -60.1744 0.400001
      vertex 0.711566 -60.0815 0.400001
    endloop
  endfacet
  facet normal 0 0 -1
    outer loop
      vertex 7.80869 -60.1744 0.400001
      vertex 8.09961 -60.1744 0.400001
      vertex 8.09706 -60.2672 0.400001
    endloop
  endfacet
  facet normal 0 0 -1
    outer loop
      vertex 7.80468 -60.2831 0.400001
      vertex 8.09706 -60.2672 0.400001
      vertex 8.08943 -60.3565 0.400001
    endloop
  endfacet
  facet normal 0 0 -1
    outer loop
      vertex 8.09961 -60.1744 0.400001
      vertex 7.80869 -60.1744 0.400001
      vertex 8.09703 -60.0819 0.400001
    endloop
  endfacet
  facet normal 0 0 -1
    outer loop
      vertex 7.79267 -60.3848 0.400001
      vertex 8.08943 -60.3565 0.400001
      vertex 8.07672 -60.4421 0.400001
    endloop
  endfacet
  facet normal 0 0 -1
    outer loop
      vertex 7.80471 -60.061 0.400001
      vertex 8.09703 -60.0819 0.400001
      vertex 7.80869 -60.1744 0.400001
    endloop
  endfacet
  facet normal 0 0 -1
    outer loop
      vertex 7.79267 -60.3848 0.400001
      vertex 8.07672 -60.4421 0.400001
      vertex 8.05893 -60.5242 0.400001
    endloop
  endfacet
  facet normal 0 0 -1
    outer loop
      vertex 8.09703 -60.0819 0.400001
      vertex 7.80471 -60.061 0.400001
      vertex 8.08931 -59.9927 0.400001
    endloop
  endfacet
  facet normal 0 0 -1
    outer loop
      vertex 7.77265 -60.4797 0.400001
      vertex 8.05893 -60.5242 0.400001
      vertex 8.03604 -60.6026 0.400001
    endloop
  endfacet
  facet normal 0 0 -1
    outer loop
      vertex 7.79279 -59.9551 0.400001
      vertex 8.08931 -59.9927 0.400001
      vertex 7.80471 -60.061 0.400001
    endloop
  endfacet
  facet normal 0 0 -1
    outer loop
      vertex 7.74463 -60.5678 0.400001
      vertex 8.03604 -60.6026 0.400001
      vertex 8.00807 -60.6775 0.400001
    endloop
  endfacet
  facet normal 0 0 -1
    outer loop
      vertex 8.08931 -59.9927 0.400001
      vertex 7.79279 -59.9551 0.400001
      vertex 8.07645 -59.9069 0.400001
    endloop
  endfacet
  facet normal 0 0 -1
    outer loop
      vertex 7.74463 -60.5678 0.400001
      vertex 8.00807 -60.6775 0.400001
      vertex 7.97502 -60.7488 0.400001
    endloop
  endfacet
  facet normal -0 0 -1
    outer loop
      vertex 8.07645 -59.9069 0.400001
      vertex 7.79279 -59.9551 0.400001
      vertex 8.05844 -59.8244 0.400001
    endloop
  endfacet
  facet normal 0 0 -1
    outer loop
      vertex 7.70859 -60.6489 0.400001
      vertex 7.97502 -60.7488 0.400001
      vertex 7.93717 -60.8159 0.400001
    endloop
  endfacet
  facet normal 0 0 -1
    outer loop
      vertex 7.77292 -59.8569 0.400001
      vertex 8.05844 -59.8244 0.400001
      vertex 7.79279 -59.9551 0.400001
    endloop
  endfacet
  facet normal 0 0 -1
    outer loop
      vertex 7.66455 -60.7232 0.400001
      vertex 7.93717 -60.8159 0.400001
      vertex 7.89478 -60.8783 0.400001
    endloop
  endfacet
  facet normal -0 0 -1
    outer loop
      vertex 8.05844 -59.8244 0.400001
      vertex 7.77292 -59.8569 0.400001
      vertex 8.03528 -59.7453 0.400001
    endloop
  endfacet
  facet normal 0 0 -1
    outer loop
      vertex 7.66455 -60.7232 0.400001
      vertex 7.89478 -60.8783 0.400001
      vertex 7.84784 -60.936 0.400001
    endloop
  endfacet
  facet normal 0 0 -1
    outer loop
      vertex 7.7451 -59.7662 0.400001
      vertex 8.03528 -59.7453 0.400001
      vertex 7.77292 -59.8569 0.400001
    endloop
  endfacet
  facet normal -0 0 -1
    outer loop
      vertex 8.03528 -59.7453 0.400001
      vertex 7.7451 -59.7662 0.400001
      vertex 8.00698 -59.6695 0.400001
    endloop
  endfacet
  facet normal -0 0 -1
    outer loop
      vertex 8.09706 -60.2672 0.400001
      vertex 7.80468 -60.2831 0.400001
      vertex 7.80869 -60.1744 0.400001
    endloop
  endfacet
  facet normal 0 0 -1
    outer loop
      vertex 7.61251 -60.7905 0.400001
      vertex 7.84784 -60.936 0.400001
      vertex 7.79637 -60.9889 0.400001
    endloop
  endfacet
  facet normal -0 0 -1
    outer loop
      vertex 8.08943 -60.3565 0.400001
      vertex 7.79267 -60.3848 0.400001
      vertex 7.80468 -60.2831 0.400001
    endloop
  endfacet
  facet normal 0 0 -1
    outer loop
      vertex 8.05893 -60.5242 0.400001
      vertex 7.77265 -60.4797 0.400001
      vertex 7.79267 -60.3848 0.400001
    endloop
  endfacet
  facet normal 0 0 -1
    outer loop
      vertex 8.03604 -60.6026 0.400001
      vertex 7.74463 -60.5678 0.400001
      vertex 7.77265 -60.4797 0.400001
    endloop
  endfacet
  facet normal 0 0 -1
    outer loop
      vertex 7.61251 -60.7905 0.400001
      vertex 7.79637 -60.9889 0.400001
      vertex 7.74036 -61.0372 0.400001
    endloop
  endfacet
  facet normal 0 0 -1
    outer loop
      vertex 7.97502 -60.7488 0.400001
      vertex 7.70859 -60.6489 0.400001
      vertex 7.74463 -60.5678 0.400001
    endloop
  endfacet
  facet normal 0 0 -1
    outer loop
      vertex 7.55315 -60.8499 0.400001
      vertex 7.74036 -61.0372 0.400001
      vertex 7.67981 -61.0807 0.400001
    endloop
  endfacet
  facet normal 0 0 -1
    outer loop
      vertex 7.93717 -60.8159 0.400001
      vertex 7.66455 -60.7232 0.400001
      vertex 7.70859 -60.6489 0.400001
    endloop
  endfacet
  facet normal 0 0 -1
    outer loop
      vertex 7.4872 -60.9002 0.400001
      vertex 7.67981 -61.0807 0.400001
      vertex 7.61473 -61.1195 0.400001
    endloop
  endfacet
  facet normal 0 0 -1
    outer loop
      vertex 7.84784 -60.936 0.400001
      vertex 7.61251 -60.7905 0.400001
      vertex 7.66455 -60.7232 0.400001
    endloop
  endfacet
  facet normal 0 0 -1
    outer loop
      vertex 7.74036 -61.0372 0.400001
      vertex 7.55315 -60.8499 0.400001
      vertex 7.61251 -60.7905 0.400001
    endloop
  endfacet
  facet normal 0 0 -1
    outer loop
      vertex 7.4872 -60.9002 0.400001
      vertex 7.61473 -61.1195 0.400001
      vertex 7.54566 -61.1533 0.400001
    endloop
  endfacet
  facet normal 0 0 -1
    outer loop
      vertex 7.67981 -61.0807 0.400001
      vertex 7.4872 -60.9002 0.400001
      vertex 7.55315 -60.8499 0.400001
    endloop
  endfacet
  facet normal 0 0 -1
    outer loop
      vertex 7.41463 -60.9413 0.400001
      vertex 7.54566 -61.1533 0.400001
      vertex 7.4731 -61.182 0.400001
    endloop
  endfacet
  facet normal 0 0 -1
    outer loop
      vertex 7.54566 -61.1533 0.400001
      vertex 7.41463 -60.9413 0.400001
      vertex 7.4872 -60.9002 0.400001
    endloop
  endfacet
  facet normal 0 0 -1
    outer loop
      vertex 7.33545 -60.9732 0.400001
      vertex 7.4731 -61.182 0.400001
      vertex 7.39708 -61.2054 0.400001
    endloop
  endfacet
  facet normal 0 0 -1
    outer loop
      vertex 7.4731 -61.182 0.400001
      vertex 7.33545 -60.9732 0.400001
      vertex 7.41463 -60.9413 0.400001
    endloop
  endfacet
  facet normal 0 0 -1
    outer loop
      vertex 7.31758 -61.2236 0.400001
      vertex 7.33545 -60.9732 0.400001
      vertex 7.39708 -61.2054 0.400001
    endloop
  endfacet
  facet normal 0 0 -1
    outer loop
      vertex 7.31758 -61.2236 0.400001
      vertex 7.24967 -60.9961 0.400001
      vertex 7.33545 -60.9732 0.400001
    endloop
  endfacet
  facet normal 0 0 -1
    outer loop
      vertex 7.23462 -61.2367 0.400001
      vertex 7.24967 -60.9961 0.400001
      vertex 7.31758 -61.2236 0.400001
    endloop
  endfacet
  facet normal 0 0 -1
    outer loop
      vertex 7.23462 -61.2367 0.400001
      vertex 7.15728 -61.0098 0.400001
      vertex 7.24967 -60.9961 0.400001
    endloop
  endfacet
  facet normal 0 0 -1
    outer loop
      vertex 7.1482 -61.2445 0.400001
      vertex 7.15728 -61.0098 0.400001
      vertex 7.23462 -61.2367 0.400001
    endloop
  endfacet
  facet normal 0 0 -1
    outer loop
      vertex 7.05829 -61.0143 0.400001
      vertex 7.1482 -61.2445 0.400001
      vertex 7.05829 -61.2471 0.400001
    endloop
  endfacet
  facet normal 0 0 -1
    outer loop
      vertex 7.1482 -61.2445 0.400001
      vertex 7.05829 -61.0143 0.400001
      vertex 7.15728 -61.0098 0.400001
    endloop
  endfacet
  facet normal 0 0 -1
    outer loop
      vertex 7.05829 -61.2471 0.400001
      vertex 6.95848 -61.0098 0.400001
      vertex 7.05829 -61.0143 0.400001
    endloop
  endfacet
  facet normal 0 0 -1
    outer loop
      vertex 6.92203 -61.2413 0.400001
      vertex 6.95848 -61.0098 0.400001
      vertex 7.05829 -61.2471 0.400001
    endloop
  endfacet
  facet normal 0 0 -1
    outer loop
      vertex 6.92203 -61.2413 0.400001
      vertex 6.86537 -60.9963 0.400001
      vertex 6.95848 -61.0098 0.400001
    endloop
  endfacet
  facet normal 0 0 -1
    outer loop
      vertex 6.7946 -61.2239 0.400001
      vertex 6.86537 -60.9963 0.400001
      vertex 6.92203 -61.2413 0.400001
    endloop
  endfacet
  facet normal 0 0 -1
    outer loop
      vertex 6.7946 -61.2239 0.400001
      vertex 6.77896 -60.9738 0.400001
      vertex 6.86537 -60.9963 0.400001
    endloop
  endfacet
  facet normal 0 0 -1
    outer loop
      vertex 6.67601 -61.1949 0.400001
      vertex 6.77896 -60.9738 0.400001
      vertex 6.7946 -61.2239 0.400001
    endloop
  endfacet
  facet normal -0 0 -1
    outer loop
      vertex 6.77896 -60.9738 0.400001
      vertex 6.67601 -61.1949 0.400001
      vertex 6.69925 -60.9422 0.400001
    endloop
  endfacet
  facet normal 0 0 -1
    outer loop
      vertex 6.56626 -61.1543 0.400001
      vertex 6.69925 -60.9422 0.400001
      vertex 6.67601 -61.1949 0.400001
    endloop
  endfacet
  facet normal -0 0 -1
    outer loop
      vertex 6.69925 -60.9422 0.400001
      vertex 6.56626 -61.1543 0.400001
      vertex 6.62624 -60.9017 0.400001
    endloop
  endfacet
  facet normal 0 0 -1
    outer loop
      vertex 6.46532 -61.1021 0.400001
      vertex 6.62624 -60.9017 0.400001
      vertex 6.56626 -61.1543 0.400001
    endloop
  endfacet
  facet normal -0 0 -1
    outer loop
      vertex 6.62624 -60.9017 0.400001
      vertex 6.46532 -61.1021 0.400001
      vertex 6.55992 -60.8521 0.400001
    endloop
  endfacet
  facet normal 0 0 -1
    outer loop
      vertex 6.37323 -61.0382 0.400001
      vertex 6.55992 -60.8521 0.400001
      vertex 6.46532 -61.1021 0.400001
    endloop
  endfacet
  facet normal -0 0 -1
    outer loop
      vertex 6.55992 -60.8521 0.400001
      vertex 6.37323 -61.0382 0.400001
      vertex 6.50029 -60.7935 0.400001
    endloop
  endfacet
  facet normal 0 0 -1
    outer loop
      vertex 6.28995 -60.9629 0.400001
      vertex 6.50029 -60.7935 0.400001
      vertex 6.37323 -61.0382 0.400001
    endloop
  endfacet
  facet normal -0 0 -1
    outer loop
      vertex 6.50029 -60.7935 0.400001
      vertex 6.28995 -60.9629 0.400001
      vertex 6.44806 -60.7268 0.400001
    endloop
  endfacet
  facet normal 0 0 -1
    outer loop
      vertex 6.21674 -60.8772 0.400001
      vertex 6.44806 -60.7268 0.400001
      vertex 6.28995 -60.9629 0.400001
    endloop
  endfacet
  facet normal -0 0 -1
    outer loop
      vertex 6.44806 -60.7268 0.400001
      vertex 6.21674 -60.8772 0.400001
      vertex 6.40384 -60.6529 0.400001
    endloop
  endfacet
  facet normal 0 0 -1
    outer loop
      vertex 6.15479 -60.7825 0.400001
      vertex 6.40384 -60.6529 0.400001
      vertex 6.21674 -60.8772 0.400001
    endloop
  endfacet
  facet normal -0 0 -1
    outer loop
      vertex 6.40384 -60.6529 0.400001
      vertex 6.15479 -60.7825 0.400001
      vertex 6.36768 -60.5717 0.400001
    endloop
  endfacet
  facet normal 0 0 -1
    outer loop
      vertex 6.06467 -60.5662 0.400001
      vertex 6.36768 -60.5717 0.400001
      vertex 6.1041 -60.6788 0.400001
    endloop
  endfacet
  facet normal 0 0 -1
    outer loop
      vertex 6.1041 -60.6788 0.400001
      vertex 6.36768 -60.5717 0.400001
      vertex 6.15479 -60.7825 0.400001
    endloop
  endfacet
  facet normal -0 0 -1
    outer loop
      vertex 8.00698 -59.6695 0.400001
      vertex 7.7451 -59.7662 0.400001
      vertex 7.97353 -59.5971 0.400001
    endloop
  endfacet
  facet normal 0 0 -1
    outer loop
      vertex 7.70935 -59.6831 0.400001
      vertex 7.97353 -59.5971 0.400001
      vertex 7.7451 -59.7662 0.400001
    endloop
  endfacet
  facet normal -0 0 -1
    outer loop
      vertex 7.97353 -59.5971 0.400001
      vertex 7.70935 -59.6831 0.400001
      vertex 7.93528 -59.5286 0.400001
    endloop
  endfacet
  facet normal 0 0 -1
    outer loop
      vertex 7.66564 -59.6076 0.400001
      vertex 7.93528 -59.5286 0.400001
      vertex 7.70935 -59.6831 0.400001
    endloop
  endfacet
  facet normal -0 0 -1
    outer loop
      vertex 7.93528 -59.5286 0.400001
      vertex 7.66564 -59.6076 0.400001
      vertex 7.89255 -59.4649 0.400001
    endloop
  endfacet
  facet normal -0 0 -1
    outer loop
      vertex 7.89255 -59.4649 0.400001
      vertex 7.66564 -59.6076 0.400001
      vertex 7.84534 -59.4059 0.400001
    endloop
  endfacet
  facet normal 0 0 -1
    outer loop
      vertex 7.61399 -59.5396 0.400001
      vertex 7.84534 -59.4059 0.400001
      vertex 7.66564 -59.6076 0.400001
    endloop
  endfacet
  facet normal -0 0 -1
    outer loop
      vertex 7.84534 -59.4059 0.400001
      vertex 7.61399 -59.5396 0.400001
      vertex 7.79366 -59.3515 0.400001
    endloop
  endfacet
  facet normal -0 0 -1
    outer loop
      vertex 7.79366 -59.3515 0.400001
      vertex 7.61399 -59.5396 0.400001
      vertex 7.73751 -59.3019 0.400001
    endloop
  endfacet
  facet normal 0 0 -1
    outer loop
      vertex 7.5549 -59.48 0.400001
      vertex 7.73751 -59.3019 0.400001
      vertex 7.61399 -59.5396 0.400001
    endloop
  endfacet
  facet normal -0 0 -1
    outer loop
      vertex 7.73751 -59.3019 0.400001
      vertex 7.5549 -59.48 0.400001
      vertex 7.67687 -59.2569 0.400001
    endloop
  endfacet
  facet normal 0 0 -1
    outer loop
      vertex 7.48891 -59.4296 0.400001
      vertex 7.67687 -59.2569 0.400001
      vertex 7.5549 -59.48 0.400001
    endloop
  endfacet
  facet normal -0 0 -1
    outer loop
      vertex 7.67687 -59.2569 0.400001
      vertex 7.48891 -59.4296 0.400001
      vertex 7.61176 -59.2166 0.400001
    endloop
  endfacet
  facet normal -0 0 -1
    outer loop
      vertex 7.61176 -59.2166 0.400001
      vertex 7.48891 -59.4296 0.400001
      vertex 7.54268 -59.1814 0.400001
    endloop
  endfacet
  facet normal 0 0 -1
    outer loop
      vertex 7.41602 -59.3884 0.400001
      vertex 7.54268 -59.1814 0.400001
      vertex 7.48891 -59.4296 0.400001
    endloop
  endfacet
  facet normal -0 0 -1
    outer loop
      vertex 7.54268 -59.1814 0.400001
      vertex 7.41602 -59.3884 0.400001
      vertex 7.47013 -59.1516 0.400001
    endloop
  endfacet
  facet normal 0 0 -1
    outer loop
      vertex 7.3362 -59.3563 0.400001
      vertex 7.47013 -59.1516 0.400001
      vertex 7.41602 -59.3884 0.400001
    endloop
  endfacet
  facet normal -0 0 -1
    outer loop
      vertex 7.47013 -59.1516 0.400001
      vertex 7.3362 -59.3563 0.400001
      vertex 7.39411 -59.1272 0.400001
    endloop
  endfacet
  facet normal 0 0 -1
    outer loop
      vertex 7.3362 -59.3563 0.400001
      vertex 7.31461 -59.1083 0.400001
      vertex 7.39411 -59.1272 0.400001
    endloop
  endfacet
  facet normal 0 0 -1
    outer loop
      vertex 7.24948 -59.3334 0.400001
      vertex 7.31461 -59.1083 0.400001
      vertex 7.3362 -59.3563 0.400001
    endloop
  endfacet
  facet normal 0 0 -1
    outer loop
      vertex 7.24948 -59.3334 0.400001
      vertex 7.23165 -59.0947 0.400001
      vertex 7.31461 -59.1083 0.400001
    endloop
  endfacet
  facet normal 0 0 -1
    outer loop
      vertex 7.15584 -59.3197 0.400001
      vertex 7.23165 -59.0947 0.400001
      vertex 7.24948 -59.3334 0.400001
    endloop
  endfacet
  facet normal 0 0 -1
    outer loop
      vertex 7.15584 -59.3197 0.400001
      vertex 7.14521 -59.0866 0.400001
      vertex 7.23165 -59.0947 0.400001
    endloop
  endfacet
  facet normal 0 0 -1
    outer loop
      vertex 7.05529 -59.3151 0.400001
      vertex 7.14521 -59.0866 0.400001
      vertex 7.15584 -59.3197 0.400001
    endloop
  endfacet
  facet normal 0 0 -1
    outer loop
      vertex 7.05529 -59.3151 0.400001
      vertex 7.05529 -59.0839 0.400001
      vertex 7.14521 -59.0866 0.400001
    endloop
  endfacet
  facet normal 0 0 -1
    outer loop
      vertex 7.05529 -59.3151 0.400001
      vertex 6.9646 -59.0865 0.400001
      vertex 7.05529 -59.0839 0.400001
    endloop
  endfacet
  facet normal 0 0 -1
    outer loop
      vertex 6.95742 -59.3198 0.400001
      vertex 6.9646 -59.0865 0.400001
      vertex 7.05529 -59.3151 0.400001
    endloop
  endfacet
  facet normal 0 0 -1
    outer loop
      vertex 6.95742 -59.3198 0.400001
      vertex 6.87755 -59.0946 0.400001
      vertex 6.9646 -59.0865 0.400001
    endloop
  endfacet
  facet normal 0 0 -1
    outer loop
      vertex 6.86585 -59.334 0.400001
      vertex 6.87755 -59.0946 0.400001
      vertex 6.95742 -59.3198 0.400001
    endloop
  endfacet
  facet normal 0 0 -1
    outer loop
      vertex 6.86585 -59.334 0.400001
      vertex 6.79412 -59.108 0.400001
      vertex 6.87755 -59.0946 0.400001
    endloop
  endfacet
  facet normal 0 0 -1
    outer loop
      vertex 6.78058 -59.3577 0.400001
      vertex 6.79412 -59.108 0.400001
      vertex 6.86585 -59.334 0.400001
    endloop
  endfacet
  facet normal 0 0 -1
    outer loop
      vertex 6.78058 -59.3577 0.400001
      vertex 6.7143 -59.1267 0.400001
      vertex 6.79412 -59.108 0.400001
    endloop
  endfacet
  facet normal 0 0 -1
    outer loop
      vertex 6.63809 -59.1508 0.400001
      vertex 6.78058 -59.3577 0.400001
      vertex 6.70162 -59.3908 0.400001
    endloop
  endfacet
  facet normal 0 0 -1
    outer loop
      vertex 6.78058 -59.3577 0.400001
      vertex 6.63809 -59.1508 0.400001
      vertex 6.7143 -59.1267 0.400001
    endloop
  endfacet
  facet normal 0 0 -1
    outer loop
      vertex 6.56552 -59.1803 0.400001
      vertex 6.70162 -59.3908 0.400001
      vertex 6.62895 -59.4335 0.400001
    endloop
  endfacet
  facet normal 0 0 -1
    outer loop
      vertex 6.70162 -59.3908 0.400001
      vertex 6.56552 -59.1803 0.400001
      vertex 6.63809 -59.1508 0.400001
    endloop
  endfacet
  facet normal 0 0 -1
    outer loop
      vertex 6.43172 -59.255 0.400001
      vertex 6.62895 -59.4335 0.400001
      vertex 6.56259 -59.4855 0.400001
    endloop
  endfacet
  facet normal 0 0 -1
    outer loop
      vertex 6.37139 -59.2997 0.400001
      vertex 6.56259 -59.4855 0.400001
      vertex 6.50254 -59.5471 0.400001
    endloop
  endfacet
  facet normal 0 0 -1
    outer loop
      vertex 6.62895 -59.4335 0.400001
      vertex 6.49658 -59.2151 0.400001
      vertex 6.56552 -59.1803 0.400001
    endloop
  endfacet
  facet normal 0 0 -1
    outer loop
      vertex 6.26435 -59.4034 0.400001
      vertex 6.50254 -59.5471 0.400001
      vertex 6.44971 -59.6167 0.400001
    endloop
  endfacet
  facet normal 0 0 -1
    outer loop
      vertex 6.62895 -59.4335 0.400001
      vertex 6.43172 -59.255 0.400001
      vertex 6.49658 -59.2151 0.400001
    endloop
  endfacet
  facet normal 0 0 -1
    outer loop
      vertex 6.17545 -59.5262 0.400001
      vertex 6.44971 -59.6167 0.400001
      vertex 6.40499 -59.693 0.400001
    endloop
  endfacet
  facet normal 0 0 -1
    outer loop
      vertex 6.56259 -59.4855 0.400001
      vertex 6.37139 -59.2997 0.400001
      vertex 6.43172 -59.255 0.400001
    endloop
  endfacet
  facet normal 0 0 -1
    outer loop
      vertex 6.1378 -59.5948 0.400001
      vertex 6.40499 -59.693 0.400001
      vertex 6.36841 -59.7759 0.400001
    endloop
  endfacet
  facet normal 0 0 -1
    outer loop
      vertex 6.07715 -59.7435 0.400001
      vertex 6.36841 -59.7759 0.400001
      vertex 6.33995 -59.8655 0.400001
    endloop
  endfacet
  facet normal 0 0 -1
    outer loop
      vertex 6.05442 -59.8229 0.400001
      vertex 6.33995 -59.8655 0.400001
      vertex 6.31963 -59.9618 0.400001
    endloop
  endfacet
  facet normal 0 0 -1
    outer loop
      vertex 6.50254 -59.5471 0.400001
      vertex 6.3156 -59.3492 0.400001
      vertex 6.37139 -59.2997 0.400001
    endloop
  endfacet
  facet normal 0 0 -1
    outer loop
      vertex 6.0241 -59.9919 0.400001
      vertex 6.31963 -59.9618 0.400001
      vertex 6.30744 -60.0648 0.400001
    endloop
  endfacet
  facet normal 0 0 -1
    outer loop
      vertex 6.01651 -60.0815 0.400001
      vertex 6.30744 -60.0648 0.400001
      vertex 6.30338 -60.1744 0.400001
    endloop
  endfacet
  facet normal 0 0 -1
    outer loop
      vertex 6.36768 -60.5717 0.400001
      vertex 6.06467 -60.5662 0.400001
      vertex 6.33954 -60.4832 0.400001
    endloop
  endfacet
  facet normal -0 0 -1
    outer loop
      vertex 6.30744 -60.0648 0.400001
      vertex 6.01651 -60.0815 0.400001
      vertex 6.0241 -59.9919 0.400001
    endloop
  endfacet
  facet normal -0 0 -1
    outer loop
      vertex 6.31963 -59.9618 0.400001
      vertex 6.0241 -59.9919 0.400001
      vertex 6.03673 -59.9057 0.400001
    endloop
  endfacet
  facet normal 0 0 -1
    outer loop
      vertex 6.03652 -60.4446 0.400001
      vertex 6.33954 -60.4832 0.400001
      vertex 6.06467 -60.5662 0.400001
    endloop
  endfacet
  facet normal 0 0 -1
    outer loop
      vertex 6.31963 -59.9618 0.400001
      vertex 6.03673 -59.9057 0.400001
      vertex 6.05442 -59.8229 0.400001
    endloop
  endfacet
  facet normal 0 0 -1
    outer loop
      vertex 6.33954 -60.4832 0.400001
      vertex 6.03652 -60.4446 0.400001
      vertex 6.31945 -60.3875 0.400001
    endloop
  endfacet
  facet normal 0 0 -1
    outer loop
      vertex 6.33995 -59.8655 0.400001
      vertex 6.05442 -59.8229 0.400001
      vertex 6.07715 -59.7435 0.400001
    endloop
  endfacet
  facet normal 0 0 -1
    outer loop
      vertex 6.36841 -59.7759 0.400001
      vertex 6.10495 -59.6675 0.400001
      vertex 6.1378 -59.5948 0.400001
    endloop
  endfacet
  facet normal 0 0 -1
    outer loop
      vertex 6.01961 -60.314 0.400001
      vertex 6.31945 -60.3875 0.400001
      vertex 6.03652 -60.4446 0.400001
    endloop
  endfacet
  facet normal 0 0 -1
    outer loop
      vertex 6.44971 -59.6167 0.400001
      vertex 6.17545 -59.5262 0.400001
      vertex 6.21762 -59.4624 0.400001
    endloop
  endfacet
  facet normal 0 0 -1
    outer loop
      vertex 6.31945 -60.3875 0.400001
      vertex 6.01961 -60.314 0.400001
      vertex 6.30739 -60.2846 0.400001
    endloop
  endfacet
  facet normal 0 0 -1
    outer loop
      vertex 6.44971 -59.6167 0.400001
      vertex 6.21762 -59.4624 0.400001
      vertex 6.26435 -59.4034 0.400001
    endloop
  endfacet
  facet normal 0 0 -1
    outer loop
      vertex 6.36841 -59.7759 0.400001
      vertex 6.07715 -59.7435 0.400001
      vertex 6.10495 -59.6675 0.400001
    endloop
  endfacet
  facet normal 0 0 -1
    outer loop
      vertex 6.01398 -60.1744 0.400001
      vertex 6.30739 -60.2846 0.400001
      vertex 6.01961 -60.314 0.400001
    endloop
  endfacet
  facet normal 0 0 -1
    outer loop
      vertex 6.50254 -59.5471 0.400001
      vertex 6.26435 -59.4034 0.400001
      vertex 6.3156 -59.3492 0.400001
    endloop
  endfacet
  facet normal 0 0 -1
    outer loop
      vertex 6.30739 -60.2846 0.400001
      vertex 6.01398 -60.1744 0.400001
      vertex 6.30338 -60.1744 0.400001
    endloop
  endfacet
  facet normal 0 0 -1
    outer loop
      vertex 6.40499 -59.693 0.400001
      vertex 6.1378 -59.5948 0.400001
      vertex 6.17545 -59.5262 0.400001
    endloop
  endfacet
  facet normal 0 0 -1
    outer loop
      vertex 6.30338 -60.1744 0.400001
      vertex 6.01398 -60.1744 0.400001
      vertex 6.01651 -60.0815 0.400001
    endloop
  endfacet
  facet normal 0 0 -1
    outer loop
      vertex 4.58606 -59.8373 0.400001
      vertex 4.84267 -59.1137 0.400001
      vertex 4.84267 -61.2157 0.400001
    endloop
  endfacet
  facet normal 0 0 -1
    outer loop
      vertex 4.84267 -59.1137 0.400001
      vertex 4.59922 -59.4938 0.400001
      vertex 4.60396 -59.4136 0.400001
    endloop
  endfacet
  facet normal 0 0 -1
    outer loop
      vertex 4.84267 -59.1137 0.400001
      vertex 4.59519 -59.5675 0.400001
      vertex 4.59922 -59.4938 0.400001
    endloop
  endfacet
  facet normal 0 0 -1
    outer loop
      vertex 4.84267 -59.1137 0.400001
      vertex 4.59191 -59.6346 0.400001
      vertex 4.59519 -59.5675 0.400001
    endloop
  endfacet
  facet normal 0 0 -1
    outer loop
      vertex 4.84267 -59.1137 0.400001
      vertex 4.58934 -59.6951 0.400001
      vertex 4.59191 -59.6346 0.400001
    endloop
  endfacet
  facet normal 0 0 -1
    outer loop
      vertex 4.84267 -59.1137 0.400001
      vertex 4.58751 -59.7491 0.400001
      vertex 4.58934 -59.6951 0.400001
    endloop
  endfacet
  facet normal 0 0 -1
    outer loop
      vertex 4.84267 -59.1137 0.400001
      vertex 4.58641 -59.7965 0.400001
      vertex 4.58751 -59.7491 0.400001
    endloop
  endfacet
  facet normal 0 0 -1
    outer loop
      vertex 4.58606 -59.8373 0.400001
      vertex 4.84267 -61.2157 0.400001
      vertex 4.58606 -61.2157 0.400001
    endloop
  endfacet
  facet normal 0 0 -1
    outer loop
      vertex 4.84267 -59.1137 0.400001
      vertex 4.58606 -59.8373 0.400001
      vertex 4.58641 -59.7965 0.400001
    endloop
  endfacet
  facet normal 0 0 -1
    outer loop
      vertex 4.60396 -59.4136 0.400001
      vertex 4.49953 -59.1137 0.400001
      vertex 4.84267 -59.1137 0.400001
    endloop
  endfacet
  facet normal 0 0 -1
    outer loop
      vertex 3.37467 -60.9039 0.400001
      vertex 4.60396 -59.4136 0.400001
      vertex 3.46715 -61.2157 0.400001
    endloop
  endfacet
  facet normal -0 0 -1
    outer loop
      vertex 4.60396 -59.4136 0.400001
      vertex 3.37467 -60.9039 0.400001
      vertex 4.49953 -59.1137 0.400001
    endloop
  endfacet
  facet normal 0 -0 -1
    outer loop
      vertex 3.37467 -60.9039 0.400001
      vertex 3.46715 -61.2157 0.400001
      vertex 3.13597 -61.2157 0.400001
    endloop
  endfacet
  facet normal 0 0 -1
    outer loop
      vertex 3.13597 -61.2157 0.400001
      vertex 3.38959 -60.5101 0.400001
      vertex 3.38213 -60.7592 0.400001
    endloop
  endfacet
  facet normal 0 0 -1
    outer loop
      vertex 3.13597 -61.2157 0.400001
      vertex 3.38213 -60.7592 0.400001
      vertex 3.37467 -60.9039 0.400001
    endloop
  endfacet
  facet normal -0 0 -1
    outer loop
      vertex 3.38959 -60.5101 0.400001
      vertex 3.13597 -61.2157 0.400001
      vertex 3.13597 -59.1137 0.400001
    endloop
  endfacet
  facet normal 0 0 -1
    outer loop
      vertex 3.38959 -60.5101 0.400001
      vertex 3.13597 -59.1137 0.400001
      vertex 3.38959 -59.1137 0.400001
    endloop
  endfacet
  facet normal 0 0 -1
    outer loop
      vertex 9.93425 -61.2157 0.400001
      vertex 8.72585 -60.983 0.400001
      vertex 9.93425 -60.983 0.400001
    endloop
  endfacet
  facet normal 0 0 -1
    outer loop
      vertex 8.44089 -61.2157 0.400001
      vertex 8.72585 -60.2013 0.400001
      vertex 8.72585 -60.983 0.400001
    endloop
  endfacet
  facet normal 0 0 -1
    outer loop
      vertex 8.44089 -59.1137 0.400001
      vertex 8.72585 -60.2013 0.400001
      vertex 8.44089 -61.2157 0.400001
    endloop
  endfacet
  facet normal 0 0 -1
    outer loop
      vertex 8.44089 -61.2157 0.400001
      vertex 8.72585 -60.983 0.400001
      vertex 9.93425 -61.2157 0.400001
    endloop
  endfacet
  facet normal 0 0 -1
    outer loop
      vertex 8.72585 -60.2013 0.400001
      vertex 8.44089 -59.1137 0.400001
      vertex 8.72585 -59.9656 0.400001
    endloop
  endfacet
  facet normal 0 0 -1
    outer loop
      vertex 8.72585 -59.9656 0.400001
      vertex 8.44089 -59.1137 0.400001
      vertex 8.72585 -59.1137 0.400001
    endloop
  endfacet
  facet normal 0 0 -1
    outer loop
      vertex 8.72585 -60.2013 0.400001
      vertex 9.89844 -59.9656 0.400001
      vertex 9.89844 -60.2013 0.400001
    endloop
  endfacet
  facet normal -0 0 -1
    outer loop
      vertex 9.89844 -59.9656 0.400001
      vertex 8.72585 -60.2013 0.400001
      vertex 8.72585 -59.9656 0.400001
    endloop
  endfacet
  facet normal 0 0 -1
    outer loop
      vertex 11.757 -61.2157 0.400001
      vertex 10.5486 -60.983 0.400001
      vertex 11.757 -60.983 0.400001
    endloop
  endfacet
  facet normal 0 0 -1
    outer loop
      vertex 10.2636 -61.2157 0.400001
      vertex 10.5486 -60.2013 0.400001
      vertex 10.5486 -60.983 0.400001
    endloop
  endfacet
  facet normal 0 0 -1
    outer loop
      vertex 10.2636 -59.1137 0.400001
      vertex 10.5486 -60.2013 0.400001
      vertex 10.2636 -61.2157 0.400001
    endloop
  endfacet
  facet normal 0 0 -1
    outer loop
      vertex 10.2636 -61.2157 0.400001
      vertex 10.5486 -60.983 0.400001
      vertex 11.757 -61.2157 0.400001
    endloop
  endfacet
  facet normal 0 0 -1
    outer loop
      vertex 10.5486 -60.2013 0.400001
      vertex 10.2636 -59.1137 0.400001
      vertex 10.5486 -59.9656 0.400001
    endloop
  endfacet
  facet normal 0 0 -1
    outer loop
      vertex 10.5486 -59.9656 0.400001
      vertex 10.2636 -59.1137 0.400001
      vertex 10.5486 -59.1137 0.400001
    endloop
  endfacet
  facet normal 0 0 -1
    outer loop
      vertex 10.5486 -60.2013 0.400001
      vertex 11.7211 -59.9656 0.400001
      vertex 11.7211 -60.2013 0.400001
    endloop
  endfacet
  facet normal -0 0 -1
    outer loop
      vertex 11.7211 -59.9656 0.400001
      vertex 10.5486 -60.2013 0.400001
      vertex 10.5486 -59.9656 0.400001
    endloop
  endfacet
  facet normal 0 1 -0
    outer loop
      vertex 5.8891 -61.3276 9.53674e-07
      vertex 5.65338 -61.3276 0.400001
      vertex 5.8891 -61.3276 0.400001
    endloop
  endfacet
  facet normal 0 1 0
    outer loop
      vertex 5.65338 -61.3276 0.400001
      vertex 5.8891 -61.3276 9.53674e-07
      vertex 5.65338 -61.3276 9.53674e-07
    endloop
  endfacet
  facet normal 0.964629 0.26361 0
    outer loop
      vertex 5.65338 -61.3276 0.400001
      vertex 5.04023 -59.0839 9.53674e-07
      vertex 5.04023 -59.0839 0.400001
    endloop
  endfacet
  facet normal 0.964629 0.26361 0
    outer loop
      vertex 5.04023 -59.0839 9.53674e-07
      vertex 5.65338 -61.3276 0.400001
      vertex 5.65338 -61.3276 9.53674e-07
    endloop
  endfacet
  facet normal 0 -1 0
    outer loop
      vertex 5.04023 -59.0839 9.53674e-07
      vertex 5.28192 -59.0839 0.400001
      vertex 5.04023 -59.0839 0.400001
    endloop
  endfacet
  facet normal 0 -1 -0
    outer loop
      vertex 5.28192 -59.0839 0.400001
      vertex 5.04023 -59.0839 9.53674e-07
      vertex 5.28192 -59.0839 9.53674e-07
    endloop
  endfacet
  facet normal -0.965279 -0.26122 0
    outer loop
      vertex 5.8891 -61.3276 9.53674e-07
      vertex 5.28192 -59.0839 0.400001
      vertex 5.28192 -59.0839 9.53674e-07
    endloop
  endfacet
  facet normal -0.965279 -0.26122 0
    outer loop
      vertex 5.28192 -59.0839 0.400001
      vertex 5.8891 -61.3276 9.53674e-07
      vertex 5.8891 -61.3276 0.400001
    endloop
  endfacet
  facet normal -0.0932979 -0.995638 0
    outer loop
      vertex 1.84027 -59.0866 9.53674e-07
      vertex 1.92671 -59.0947 0.400001
      vertex 1.84027 -59.0866 0.400001
    endloop
  endfacet
  facet normal -0.0932979 -0.995638 -0
    outer loop
      vertex 1.92671 -59.0947 0.400001
      vertex 1.84027 -59.0866 9.53674e-07
      vertex 1.92671 -59.0947 9.53674e-07
    endloop
  endfacet
  facet normal -0.161756 -0.986831 0
    outer loop
      vertex 1.92671 -59.0947 9.53674e-07
      vertex 2.00968 -59.1083 0.400001
      vertex 1.92671 -59.0947 0.400001
    endloop
  endfacet
  facet normal -0.161756 -0.986831 -0
    outer loop
      vertex 2.00968 -59.1083 0.400001
      vertex 1.92671 -59.0947 9.53674e-07
      vertex 2.00968 -59.1083 9.53674e-07
    endloop
  endfacet
  facet normal -0.23129 -0.972885 0
    outer loop
      vertex 2.00968 -59.1083 9.53674e-07
      vertex 2.08918 -59.1272 0.400001
      vertex 2.00968 -59.1083 0.400001
    endloop
  endfacet
  facet normal -0.23129 -0.972885 -0
    outer loop
      vertex 2.08918 -59.1272 0.400001
      vertex 2.00968 -59.1083 9.53674e-07
      vertex 2.08918 -59.1272 9.53674e-07
    endloop
  endfacet
  facet normal -0.305648 -0.952144 0
    outer loop
      vertex 2.08918 -59.1272 9.53674e-07
      vertex 2.16519 -59.1516 0.400001
      vertex 2.08918 -59.1272 0.400001
    endloop
  endfacet
  facet normal -0.305648 -0.952144 -0
    outer loop
      vertex 2.16519 -59.1516 0.400001
      vertex 2.08918 -59.1272 9.53674e-07
      vertex 2.16519 -59.1516 9.53674e-07
    endloop
  endfacet
  facet normal -0.379903 -0.925026 0
    outer loop
      vertex 2.16519 -59.1516 9.53674e-07
      vertex 2.23775 -59.1814 0.400001
      vertex 2.16519 -59.1516 0.400001
    endloop
  endfacet
  facet normal -0.379903 -0.925026 -0
    outer loop
      vertex 2.23775 -59.1814 0.400001
      vertex 2.16519 -59.1516 9.53674e-07
      vertex 2.23775 -59.1814 9.53674e-07
    endloop
  endfacet
  facet normal -0.454011 -0.890996 0
    outer loop
      vertex 2.23775 -59.1814 9.53674e-07
      vertex 2.30683 -59.2166 0.400001
      vertex 2.23775 -59.1814 0.400001
    endloop
  endfacet
  facet normal -0.454011 -0.890996 -0
    outer loop
      vertex 2.30683 -59.2166 0.400001
      vertex 2.23775 -59.1814 9.53674e-07
      vertex 2.30683 -59.2166 9.53674e-07
    endloop
  endfacet
  facet normal -0.526296 -0.850301 0
    outer loop
      vertex 2.30683 -59.2166 9.53674e-07
      vertex 2.37194 -59.2569 0.400001
      vertex 2.30683 -59.2166 0.400001
    endloop
  endfacet
  facet normal -0.526296 -0.850301 -0
    outer loop
      vertex 2.37194 -59.2569 0.400001
      vertex 2.30683 -59.2166 9.53674e-07
      vertex 2.37194 -59.2569 9.53674e-07
    endloop
  endfacet
  facet normal -0.595987 -0.802994 0
    outer loop
      vertex 2.37194 -59.2569 9.53674e-07
      vertex 2.43257 -59.3019 0.400001
      vertex 2.37194 -59.2569 0.400001
    endloop
  endfacet
  facet normal -0.595987 -0.802994 -0
    outer loop
      vertex 2.43257 -59.3019 0.400001
      vertex 2.37194 -59.2569 9.53674e-07
      vertex 2.43257 -59.3019 9.53674e-07
    endloop
  endfacet
  facet normal -0.661975 -0.749526 0
    outer loop
      vertex 2.43257 -59.3019 9.53674e-07
      vertex 2.48873 -59.3515 0.400001
      vertex 2.43257 -59.3019 0.400001
    endloop
  endfacet
  facet normal -0.661975 -0.749526 -0
    outer loop
      vertex 2.48873 -59.3515 0.400001
      vertex 2.43257 -59.3019 9.53674e-07
      vertex 2.48873 -59.3515 9.53674e-07
    endloop
  endfacet
  facet normal -0.724999 -0.688749 0
    outer loop
      vertex 2.54041 -59.4059 9.53674e-07
      vertex 2.48873 -59.3515 0.400001
      vertex 2.48873 -59.3515 9.53674e-07
    endloop
  endfacet
  facet normal -0.724999 -0.688749 0
    outer loop
      vertex 2.48873 -59.3515 0.400001
      vertex 2.54041 -59.4059 9.53674e-07
      vertex 2.54041 -59.4059 0.400001
    endloop
  endfacet
  facet normal -0.780804 -0.624776 0
    outer loop
      vertex 2.58762 -59.4649 9.53674e-07
      vertex 2.54041 -59.4059 0.400001
      vertex 2.54041 -59.4059 9.53674e-07
    endloop
  endfacet
  facet normal -0.780804 -0.624776 0
    outer loop
      vertex 2.54041 -59.4059 0.400001
      vertex 2.58762 -59.4649 9.53674e-07
      vertex 2.58762 -59.4649 0.400001
    endloop
  endfacet
  facet normal -0.830523 -0.556985 0
    outer loop
      vertex 2.63034 -59.5286 9.53674e-07
      vertex 2.58762 -59.4649 0.400001
      vertex 2.58762 -59.4649 9.53674e-07
    endloop
  endfacet
  facet normal -0.830523 -0.556985 0
    outer loop
      vertex 2.58762 -59.4649 0.400001
      vertex 2.63034 -59.5286 9.53674e-07
      vertex 2.63034 -59.5286 0.400001
    endloop
  endfacet
  facet normal -0.873049 -0.487633 0
    outer loop
      vertex 2.6686 -59.5971 9.53674e-07
      vertex 2.63034 -59.5286 0.400001
      vertex 2.63034 -59.5286 9.53674e-07
    endloop
  endfacet
  facet normal -0.873049 -0.487633 0
    outer loop
      vertex 2.63034 -59.5286 0.400001
      vertex 2.6686 -59.5971 9.53674e-07
      vertex 2.6686 -59.5971 0.400001
    endloop
  endfacet
  facet normal -0.907842 -0.419313 0
    outer loop
      vertex 2.70204 -59.6695 9.53674e-07
      vertex 2.6686 -59.5971 0.400001
      vertex 2.6686 -59.5971 9.53674e-07
    endloop
  endfacet
  facet normal -0.907842 -0.419313 0
    outer loop
      vertex 2.6686 -59.5971 0.400001
      vertex 2.70204 -59.6695 9.53674e-07
      vertex 2.70204 -59.6695 0.400001
    endloop
  endfacet
  facet normal -0.936796 -0.349877 0
    outer loop
      vertex 2.73035 -59.7453 9.53674e-07
      vertex 2.70204 -59.6695 0.400001
      vertex 2.70204 -59.6695 9.53674e-07
    endloop
  endfacet
  facet normal -0.936796 -0.349877 0
    outer loop
      vertex 2.70204 -59.6695 0.400001
      vertex 2.73035 -59.7453 9.53674e-07
      vertex 2.73035 -59.7453 0.400001
    endloop
  endfacet
  facet normal -0.959709 -0.280997 0
    outer loop
      vertex 2.75351 -59.8244 9.53674e-07
      vertex 2.73035 -59.7453 0.400001
      vertex 2.73035 -59.7453 9.53674e-07
    endloop
  endfacet
  facet normal -0.959709 -0.280997 0
    outer loop
      vertex 2.73035 -59.7453 0.400001
      vertex 2.75351 -59.8244 9.53674e-07
      vertex 2.75351 -59.8244 0.400001
    endloop
  endfacet
  facet normal -0.976991 -0.21328 0
    outer loop
      vertex 2.77152 -59.9069 9.53674e-07
      vertex 2.75351 -59.8244 0.400001
      vertex 2.75351 -59.8244 9.53674e-07
    endloop
  endfacet
  facet normal -0.976991 -0.21328 0
    outer loop
      vertex 2.75351 -59.8244 0.400001
      vertex 2.77152 -59.9069 9.53674e-07
      vertex 2.77152 -59.9069 0.400001
    endloop
  endfacet
  facet normal -0.988919 -0.148453 0
    outer loop
      vertex 2.7844 -59.9927 9.53674e-07
      vertex 2.77152 -59.9069 0.400001
      vertex 2.77152 -59.9069 9.53674e-07
    endloop
  endfacet
  facet normal -0.988919 -0.148453 0
    outer loop
      vertex 2.77152 -59.9069 0.400001
      vertex 2.7844 -59.9927 9.53674e-07
      vertex 2.7844 -59.9927 0.400001
    endloop
  endfacet
  facet normal -0.996276 -0.0862248 0
    outer loop
      vertex 2.79212 -60.0819 9.53674e-07
      vertex 2.7844 -59.9927 0.400001
      vertex 2.7844 -59.9927 9.53674e-07
    endloop
  endfacet
  facet normal -0.996276 -0.0862248 0
    outer loop
      vertex 2.7844 -59.9927 0.400001
      vertex 2.79212 -60.0819 9.53674e-07
      vertex 2.79212 -60.0819 0.400001
    endloop
  endfacet
  facet normal -0.999617 -0.0276651 0
    outer loop
      vertex 2.79468 -60.1744 9.53674e-07
      vertex 2.79212 -60.0819 0.400001
      vertex 2.79212 -60.0819 9.53674e-07
    endloop
  endfacet
  facet normal -0.999617 -0.0276651 0
    outer loop
      vertex 2.79212 -60.0819 0.400001
      vertex 2.79468 -60.1744 9.53674e-07
      vertex 2.79468 -60.1744 0.400001
    endloop
  endfacet
  facet normal -0.999629 0.0272528 0
    outer loop
      vertex 2.79215 -60.2672 9.53674e-07
      vertex 2.79468 -60.1744 0.400001
      vertex 2.79468 -60.1744 9.53674e-07
    endloop
  endfacet
  facet normal -0.999629 0.0272528 0
    outer loop
      vertex 2.79468 -60.1744 0.400001
      vertex 2.79215 -60.2672 9.53674e-07
      vertex 2.79215 -60.2672 0.400001
    endloop
  endfacet
  facet normal -0.99637 0.0851321 0
    outer loop
      vertex 2.78452 -60.3565 9.53674e-07
      vertex 2.79215 -60.2672 0.400001
      vertex 2.79215 -60.2672 9.53674e-07
    endloop
  endfacet
  facet normal -0.99637 0.0851321 0
    outer loop
      vertex 2.79215 -60.2672 0.400001
      vertex 2.78452 -60.3565 9.53674e-07
      vertex 2.78452 -60.3565 0.400001
    endloop
  endfacet
  facet normal -0.989122 0.147097 0
    outer loop
      vertex 2.77179 -60.4421 9.53674e-07
      vertex 2.78452 -60.3565 0.400001
      vertex 2.78452 -60.3565 9.53674e-07
    endloop
  endfacet
  facet normal -0.989122 0.147097 0
    outer loop
      vertex 2.78452 -60.3565 0.400001
      vertex 2.77179 -60.4421 9.53674e-07
      vertex 2.77179 -60.4421 0.400001
    endloop
  endfacet
  facet normal -0.977319 0.211772 0
    outer loop
      vertex 2.754 -60.5242 9.53674e-07
      vertex 2.77179 -60.4421 0.400001
      vertex 2.77179 -60.4421 9.53674e-07
    endloop
  endfacet
  facet normal -0.977319 0.211772 0
    outer loop
      vertex 2.77179 -60.4421 0.400001
      vertex 2.754 -60.5242 9.53674e-07
      vertex 2.754 -60.5242 0.400001
    endloop
  endfacet
  facet normal -0.959923 0.280263 0
    outer loop
      vertex 2.73111 -60.6026 9.53674e-07
      vertex 2.754 -60.5242 0.400001
      vertex 2.754 -60.5242 9.53674e-07
    endloop
  endfacet
  facet normal -0.959923 0.280263 0
    outer loop
      vertex 2.754 -60.5242 0.400001
      vertex 2.73111 -60.6026 9.53674e-07
      vertex 2.73111 -60.6026 0.400001
    endloop
  endfacet
  facet normal -0.936811 0.349835 0
    outer loop
      vertex 2.70314 -60.6775 9.53674e-07
      vertex 2.73111 -60.6026 0.400001
      vertex 2.73111 -60.6026 9.53674e-07
    endloop
  endfacet
  facet normal -0.936811 0.349835 0
    outer loop
      vertex 2.73111 -60.6026 0.400001
      vertex 2.70314 -60.6775 9.53674e-07
      vertex 2.70314 -60.6775 0.400001
    endloop
  endfacet
  facet normal -0.907269 0.42055 0
    outer loop
      vertex 2.67009 -60.7488 9.53674e-07
      vertex 2.70314 -60.6775 0.400001
      vertex 2.70314 -60.6775 9.53674e-07
    endloop
  endfacet
  facet normal -0.907269 0.42055 0
    outer loop
      vertex 2.70314 -60.6775 0.400001
      vertex 2.67009 -60.7488 9.53674e-07
      vertex 2.67009 -60.7488 0.400001
    endloop
  endfacet
  facet normal -0.870986 0.491309 0
    outer loop
      vertex 2.63224 -60.8159 9.53674e-07
      vertex 2.67009 -60.7488 0.400001
      vertex 2.67009 -60.7488 9.53674e-07
    endloop
  endfacet
  facet normal -0.870986 0.491309 0
    outer loop
      vertex 2.67009 -60.7488 0.400001
      vertex 2.63224 -60.8159 9.53674e-07
      vertex 2.63224 -60.8159 0.400001
    endloop
  endfacet
  facet normal -0.827185 0.561929 0
    outer loop
      vertex 2.58985 -60.8783 9.53674e-07
      vertex 2.63224 -60.8159 0.400001
      vertex 2.63224 -60.8159 9.53674e-07
    endloop
  endfacet
  facet normal -0.827185 0.561929 0
    outer loop
      vertex 2.63224 -60.8159 0.400001
      vertex 2.58985 -60.8783 9.53674e-07
      vertex 2.58985 -60.8783 0.400001
    endloop
  endfacet
  facet normal -0.775727 0.631068 0
    outer loop
      vertex 2.54291 -60.936 9.53674e-07
      vertex 2.58985 -60.8783 0.400001
      vertex 2.58985 -60.8783 9.53674e-07
    endloop
  endfacet
  facet normal -0.775727 0.631068 0
    outer loop
      vertex 2.58985 -60.8783 0.400001
      vertex 2.54291 -60.936 9.53674e-07
      vertex 2.54291 -60.936 0.400001
    endloop
  endfacet
  facet normal -0.716728 0.697353 0
    outer loop
      vertex 2.49144 -60.9889 9.53674e-07
      vertex 2.54291 -60.936 0.400001
      vertex 2.54291 -60.936 9.53674e-07
    endloop
  endfacet
  facet normal -0.716728 0.697353 0
    outer loop
      vertex 2.54291 -60.936 0.400001
      vertex 2.49144 -60.9889 9.53674e-07
      vertex 2.49144 -60.9889 0.400001
    endloop
  endfacet
  facet normal -0.65306 0.757306 0
    outer loop
      vertex 2.49144 -60.9889 9.53674e-07
      vertex 2.43543 -61.0372 0.400001
      vertex 2.49144 -60.9889 0.400001
    endloop
  endfacet
  facet normal -0.65306 0.757306 0
    outer loop
      vertex 2.43543 -61.0372 0.400001
      vertex 2.49144 -60.9889 9.53674e-07
      vertex 2.43543 -61.0372 9.53674e-07
    endloop
  endfacet
  facet normal -0.583456 0.812144 0
    outer loop
      vertex 2.43543 -61.0372 9.53674e-07
      vertex 2.37488 -61.0807 0.400001
      vertex 2.43543 -61.0372 0.400001
    endloop
  endfacet
  facet normal -0.583456 0.812144 0
    outer loop
      vertex 2.37488 -61.0807 0.400001
      vertex 2.43543 -61.0372 9.53674e-07
      vertex 2.37488 -61.0807 9.53674e-07
    endloop
  endfacet
  facet normal -0.512087 0.858934 0
    outer loop
      vertex 2.37488 -61.0807 9.53674e-07
      vertex 2.3098 -61.1195 0.400001
      vertex 2.37488 -61.0807 0.400001
    endloop
  endfacet
  facet normal -0.512087 0.858934 0
    outer loop
      vertex 2.3098 -61.1195 0.400001
      vertex 2.37488 -61.0807 9.53674e-07
      vertex 2.3098 -61.1195 9.53674e-07
    endloop
  endfacet
  facet normal -0.439551 0.898218 0
    outer loop
      vertex 2.3098 -61.1195 9.53674e-07
      vertex 2.24073 -61.1533 0.400001
      vertex 2.3098 -61.1195 0.400001
    endloop
  endfacet
  facet normal -0.439551 0.898218 0
    outer loop
      vertex 2.24073 -61.1533 0.400001
      vertex 2.3098 -61.1195 9.53674e-07
      vertex 2.24073 -61.1533 9.53674e-07
    endloop
  endfacet
  facet normal -0.367808 0.929902 0
    outer loop
      vertex 2.24073 -61.1533 9.53674e-07
      vertex 2.16817 -61.182 0.400001
      vertex 2.24073 -61.1533 0.400001
    endloop
  endfacet
  facet normal -0.367808 0.929902 0
    outer loop
      vertex 2.16817 -61.182 0.400001
      vertex 2.24073 -61.1533 9.53674e-07
      vertex 2.16817 -61.182 9.53674e-07
    endloop
  endfacet
  facet normal -0.294192 0.955746 0
    outer loop
      vertex 2.16817 -61.182 9.53674e-07
      vertex 2.09215 -61.2054 0.400001
      vertex 2.16817 -61.182 0.400001
    endloop
  endfacet
  facet normal -0.294192 0.955746 0
    outer loop
      vertex 2.09215 -61.2054 0.400001
      vertex 2.16817 -61.182 9.53674e-07
      vertex 2.09215 -61.2054 9.53674e-07
    endloop
  endfacet
  facet normal -0.223158 0.974782 0
    outer loop
      vertex 2.09215 -61.2054 9.53674e-07
      vertex 2.01265 -61.2236 0.400001
      vertex 2.09215 -61.2054 0.400001
    endloop
  endfacet
  facet normal -0.223158 0.974782 0
    outer loop
      vertex 2.01265 -61.2236 0.400001
      vertex 2.09215 -61.2054 9.53674e-07
      vertex 2.01265 -61.2236 9.53674e-07
    endloop
  endfacet
  facet normal -0.155975 0.987761 0
    outer loop
      vertex 2.01265 -61.2236 9.53674e-07
      vertex 1.92969 -61.2367 0.400001
      vertex 2.01265 -61.2236 0.400001
    endloop
  endfacet
  facet normal -0.155975 0.987761 0
    outer loop
      vertex 1.92969 -61.2367 0.400001
      vertex 2.01265 -61.2236 9.53674e-07
      vertex 1.92969 -61.2367 9.53674e-07
    endloop
  endfacet
  facet normal -0.0898812 0.995952 0
    outer loop
      vertex 1.92969 -61.2367 9.53674e-07
      vertex 1.84326 -61.2445 0.400001
      vertex 1.92969 -61.2367 0.400001
    endloop
  endfacet
  facet normal -0.0898812 0.995952 0
    outer loop
      vertex 1.84326 -61.2445 0.400001
      vertex 1.92969 -61.2367 9.53674e-07
      vertex 1.84326 -61.2445 9.53674e-07
    endloop
  endfacet
  facet normal -0.0289089 0.999582 0
    outer loop
      vertex 1.84326 -61.2445 9.53674e-07
      vertex 1.75336 -61.2471 0.400001
      vertex 1.84326 -61.2445 0.400001
    endloop
  endfacet
  facet normal -0.0289089 0.999582 0
    outer loop
      vertex 1.75336 -61.2471 0.400001
      vertex 1.84326 -61.2445 9.53674e-07
      vertex 1.75336 -61.2471 9.53674e-07
    endloop
  endfacet
  facet normal 0.0425272 0.999095 -0
    outer loop
      vertex 1.75336 -61.2471 9.53674e-07
      vertex 1.6171 -61.2413 0.400001
      vertex 1.75336 -61.2471 0.400001
    endloop
  endfacet
  facet normal 0.0425272 0.999095 0
    outer loop
      vertex 1.6171 -61.2413 0.400001
      vertex 1.75336 -61.2471 9.53674e-07
      vertex 1.6171 -61.2413 9.53674e-07
    endloop
  endfacet
  facet normal 0.135311 0.990803 -0
    outer loop
      vertex 1.6171 -61.2413 9.53674e-07
      vertex 1.48969 -61.2239 0.400001
      vertex 1.6171 -61.2413 0.400001
    endloop
  endfacet
  facet normal 0.135311 0.990803 0
    outer loop
      vertex 1.48969 -61.2239 0.400001
      vertex 1.6171 -61.2413 9.53674e-07
      vertex 1.48969 -61.2239 9.53674e-07
    endloop
  endfacet
  facet normal 0.237541 0.971378 -0
    outer loop
      vertex 1.48969 -61.2239 9.53674e-07
      vertex 1.3711 -61.1949 0.400001
      vertex 1.48969 -61.2239 0.400001
    endloop
  endfacet
  facet normal 0.237541 0.971378 0
    outer loop
      vertex 1.3711 -61.1949 0.400001
      vertex 1.48969 -61.2239 9.53674e-07
      vertex 1.3711 -61.1949 9.53674e-07
    endloop
  endfacet
  facet normal 0.346869 0.937914 -0
    outer loop
      vertex 1.3711 -61.1949 9.53674e-07
      vertex 1.26132 -61.1543 0.400001
      vertex 1.3711 -61.1949 0.400001
    endloop
  endfacet
  facet normal 0.346869 0.937914 0
    outer loop
      vertex 1.26132 -61.1543 0.400001
      vertex 1.3711 -61.1949 9.53674e-07
      vertex 1.26132 -61.1543 9.53674e-07
    endloop
  endfacet
  facet normal 0.459423 0.888218 -0
    outer loop
      vertex 1.26132 -61.1543 9.53674e-07
      vertex 1.1604 -61.1021 0.400001
      vertex 1.26132 -61.1543 0.400001
    endloop
  endfacet
  facet normal 0.459423 0.888218 0
    outer loop
      vertex 1.1604 -61.1021 0.400001
      vertex 1.26132 -61.1543 9.53674e-07
      vertex 1.1604 -61.1021 9.53674e-07
    endloop
  endfacet
  facet normal 0.570045 0.821614 -0
    outer loop
      vertex 1.1604 -61.1021 9.53674e-07
      vertex 1.0683 -61.0382 0.400001
      vertex 1.1604 -61.1021 0.400001
    endloop
  endfacet
  facet normal 0.570045 0.821614 0
    outer loop
      vertex 1.0683 -61.0382 0.400001
      vertex 1.1604 -61.1021 9.53674e-07
      vertex 1.0683 -61.0382 9.53674e-07
    endloop
  endfacet
  facet normal 0.670737 0.741695 -0
    outer loop
      vertex 1.0683 -61.0382 9.53674e-07
      vertex 0.985034 -60.9629 0.400001
      vertex 1.0683 -61.0382 0.400001
    endloop
  endfacet
  facet normal 0.670737 0.741695 0
    outer loop
      vertex 0.985034 -60.9629 0.400001
      vertex 1.0683 -61.0382 9.53674e-07
      vertex 0.985034 -60.9629 9.53674e-07
    endloop
  endfacet
  facet normal 0.760265 0.649614 0
    outer loop
      vertex 0.985034 -60.9629 0.400001
      vertex 0.911807 -60.8772 9.53674e-07
      vertex 0.911807 -60.8772 0.400001
    endloop
  endfacet
  facet normal 0.760265 0.649614 0
    outer loop
      vertex 0.911807 -60.8772 9.53674e-07
      vertex 0.985034 -60.9629 0.400001
      vertex 0.985034 -60.9629 9.53674e-07
    endloop
  endfacet
  facet normal 0.836841 0.547446 0
    outer loop
      vertex 0.911807 -60.8772 0.400001
      vertex 0.849856 -60.7825 9.53674e-07
      vertex 0.849856 -60.7825 0.400001
    endloop
  endfacet
  facet normal 0.836841 0.547446 0
    outer loop
      vertex 0.849856 -60.7825 9.53674e-07
      vertex 0.911807 -60.8772 0.400001
      vertex 0.911807 -60.8772 9.53674e-07
    endloop
  endfacet
  facet normal 0.89836 0.439261 0
    outer loop
      vertex 0.849856 -60.7825 0.400001
      vertex 0.799151 -60.6788 9.53674e-07
      vertex 0.799151 -60.6788 0.400001
    endloop
  endfacet
  facet normal 0.89836 0.439261 0
    outer loop
      vertex 0.799151 -60.6788 9.53674e-07
      vertex 0.849856 -60.7825 0.400001
      vertex 0.849856 -60.7825 9.53674e-07
    endloop
  endfacet
  facet normal 0.943851 0.330373 0
    outer loop
      vertex 0.799151 -60.6788 0.400001
      vertex 0.759738 -60.5662 9.53674e-07
      vertex 0.759738 -60.5662 0.400001
    endloop
  endfacet
  facet normal 0.943851 0.330373 0
    outer loop
      vertex 0.759738 -60.5662 9.53674e-07
      vertex 0.799151 -60.6788 0.400001
      vertex 0.799151 -60.6788 9.53674e-07
    endloop
  endfacet
  facet normal 0.974204 0.225669 0
    outer loop
      vertex 0.759738 -60.5662 0.400001
      vertex 0.73157 -60.4446 9.53674e-07
      vertex 0.73157 -60.4446 0.400001
    endloop
  endfacet
  facet normal 0.974204 0.225669 0
    outer loop
      vertex 0.73157 -60.4446 9.53674e-07
      vertex 0.759738 -60.5662 0.400001
      vertex 0.759738 -60.5662 9.53674e-07
    endloop
  endfacet
  facet normal 0.99174 0.128266 0
    outer loop
      vertex 0.73157 -60.4446 0.400001
      vertex 0.714679 -60.314 9.53674e-07
      vertex 0.714679 -60.314 0.400001
    endloop
  endfacet
  facet normal 0.99174 0.128266 0
    outer loop
      vertex 0.714679 -60.314 9.53674e-07
      vertex 0.73157 -60.4446 0.400001
      vertex 0.73157 -60.4446 9.53674e-07
    endloop
  endfacet
  facet normal 0.999183 0.0404111 0
    outer loop
      vertex 0.714679 -60.314 0.400001
      vertex 0.709033 -60.1744 9.53674e-07
      vertex 0.709033 -60.1744 0.400001
    endloop
  endfacet
  facet normal 0.999183 0.0404111 0
    outer loop
      vertex 0.709033 -60.1744 9.53674e-07
      vertex 0.714679 -60.314 0.400001
      vertex 0.714679 -60.314 9.53674e-07
    endloop
  endfacet
  facet normal 0.999628 -0.0272557 0
    outer loop
      vertex 0.709033 -60.1744 0.400001
      vertex 0.711566 -60.0815 9.53674e-07
      vertex 0.711566 -60.0815 0.400001
    endloop
  endfacet
  facet normal 0.999628 -0.0272557 0
    outer loop
      vertex 0.711566 -60.0815 9.53674e-07
      vertex 0.709033 -60.1744 0.400001
      vertex 0.709033 -60.1744 9.53674e-07
    endloop
  endfacet
  facet normal 0.996437 -0.0843413 0
    outer loop
      vertex 0.711566 -60.0815 0.400001
      vertex 0.71915 -59.9919 9.53674e-07
      vertex 0.71915 -59.9919 0.400001
    endloop
  endfacet
  facet normal 0.996437 -0.0843413 0
    outer loop
      vertex 0.71915 -59.9919 9.53674e-07
      vertex 0.711566 -60.0815 0.400001
      vertex 0.711566 -60.0815 9.53674e-07
    endloop
  endfacet
  facet normal 0.989429 -0.145017 0
    outer loop
      vertex 0.71915 -59.9919 0.400001
      vertex 0.731784 -59.9057 9.53674e-07
      vertex 0.731784 -59.9057 0.400001
    endloop
  endfacet
  facet normal 0.989429 -0.145017 0
    outer loop
      vertex 0.731784 -59.9057 9.53674e-07
      vertex 0.71915 -59.9919 0.400001
      vertex 0.71915 -59.9919 9.53674e-07
    endloop
  endfacet
  facet normal 0.977942 -0.208876 0
    outer loop
      vertex 0.731784 -59.9057 0.400001
      vertex 0.749469 -59.8229 9.53674e-07
      vertex 0.749469 -59.8229 0.400001
    endloop
  endfacet
  facet normal 0.977942 -0.208876 0
    outer loop
      vertex 0.749469 -59.8229 9.53674e-07
      vertex 0.731784 -59.9057 0.400001
      vertex 0.731784 -59.9057 9.53674e-07
    endloop
  endfacet
  facet normal 0.961366 -0.275273 0
    outer loop
      vertex 0.749469 -59.8229 0.400001
      vertex 0.772204 -59.7435 9.53674e-07
      vertex 0.772204 -59.7435 0.400001
    endloop
  endfacet
  facet normal 0.961366 -0.275273 0
    outer loop
      vertex 0.772204 -59.7435 9.53674e-07
      vertex 0.749469 -59.8229 0.400001
      vertex 0.749469 -59.8229 9.53674e-07
    endloop
  endfacet
  facet normal 0.939134 -0.34355 0
    outer loop
      vertex 0.772204 -59.7435 0.400001
      vertex 0.800006 -59.6675 9.53674e-07
      vertex 0.800006 -59.6675 0.400001
    endloop
  endfacet
  facet normal 0.939134 -0.34355 0
    outer loop
      vertex 0.800006 -59.6675 9.53674e-07
      vertex 0.772204 -59.7435 0.400001
      vertex 0.772204 -59.7435 9.53674e-07
    endloop
  endfacet
  facet normal 0.911278 -0.411792 0
    outer loop
      vertex 0.800006 -59.6675 0.400001
      vertex 0.832858 -59.5948 9.53674e-07
      vertex 0.832858 -59.5948 0.400001
    endloop
  endfacet
  facet normal 0.911278 -0.411792 0
    outer loop
      vertex 0.832858 -59.5948 9.53674e-07
      vertex 0.800006 -59.6675 0.400001
      vertex 0.800006 -59.6675 9.53674e-07
    endloop
  endfacet
  facet normal 0.87668 -0.481075 0
    outer loop
      vertex 0.832858 -59.5948 0.400001
      vertex 0.870502 -59.5262 9.53674e-07
      vertex 0.870502 -59.5262 0.400001
    endloop
  endfacet
  facet normal 0.87668 -0.481075 0
    outer loop
      vertex 0.870502 -59.5262 9.53674e-07
      vertex 0.832858 -59.5948 0.400001
      vertex 0.832858 -59.5948 9.53674e-07
    endloop
  endfacet
  facet normal 0.834116 -0.551589 0
    outer loop
      vertex 0.870502 -59.5262 0.400001
      vertex 0.912692 -59.4624 9.53674e-07
      vertex 0.912692 -59.4624 0.400001
    endloop
  endfacet
  facet normal 0.834116 -0.551589 0
    outer loop
      vertex 0.912692 -59.4624 9.53674e-07
      vertex 0.870502 -59.5262 0.400001
      vertex 0.870502 -59.5262 9.53674e-07
    endloop
  endfacet
  facet normal 0.783957 -0.620815 0
    outer loop
      vertex 0.912692 -59.4624 0.400001
      vertex 0.959414 -59.4034 9.53674e-07
      vertex 0.959414 -59.4034 0.400001
    endloop
  endfacet
  facet normal 0.783957 -0.620815 0
    outer loop
      vertex 0.959414 -59.4034 9.53674e-07
      vertex 0.912692 -59.4624 0.400001
      vertex 0.912692 -59.4624 9.53674e-07
    endloop
  endfacet
  facet normal 0.726564 -0.687099 0
    outer loop
      vertex 0.959414 -59.4034 0.400001
      vertex 1.01067 -59.3492 9.53674e-07
      vertex 1.01067 -59.3492 0.400001
    endloop
  endfacet
  facet normal 0.726564 -0.687099 0
    outer loop
      vertex 1.01067 -59.3492 9.53674e-07
      vertex 0.959414 -59.4034 0.400001
      vertex 0.959414 -59.4034 9.53674e-07
    endloop
  endfacet
  facet normal 0.663748 -0.747957 0
    outer loop
      vertex 1.01067 -59.3492 9.53674e-07
      vertex 1.06645 -59.2997 0.400001
      vertex 1.01067 -59.3492 0.400001
    endloop
  endfacet
  facet normal 0.663748 -0.747957 0
    outer loop
      vertex 1.06645 -59.2997 0.400001
      vertex 1.01067 -59.3492 9.53674e-07
      vertex 1.06645 -59.2997 9.53674e-07
    endloop
  endfacet
  facet normal 0.595259 -0.803534 0
    outer loop
      vertex 1.06645 -59.2997 9.53674e-07
      vertex 1.12679 -59.255 0.400001
      vertex 1.06645 -59.2997 0.400001
    endloop
  endfacet
  facet normal 0.595259 -0.803534 0
    outer loop
      vertex 1.12679 -59.255 0.400001
      vertex 1.06645 -59.2997 9.53674e-07
      vertex 1.12679 -59.255 9.53674e-07
    endloop
  endfacet
  facet normal 0.523966 -0.851739 0
    outer loop
      vertex 1.12679 -59.255 9.53674e-07
      vertex 1.19165 -59.2151 0.400001
      vertex 1.12679 -59.255 0.400001
    endloop
  endfacet
  facet normal 0.523966 -0.851739 0
    outer loop
      vertex 1.19165 -59.2151 0.400001
      vertex 1.12679 -59.255 9.53674e-07
      vertex 1.19165 -59.2151 9.53674e-07
    endloop
  endfacet
  facet normal 0.450525 -0.892764 0
    outer loop
      vertex 1.19165 -59.2151 9.53674e-07
      vertex 1.26061 -59.1803 0.400001
      vertex 1.19165 -59.2151 0.400001
    endloop
  endfacet
  facet normal 0.450525 -0.892764 0
    outer loop
      vertex 1.26061 -59.1803 0.400001
      vertex 1.19165 -59.2151 9.53674e-07
      vertex 1.26061 -59.1803 9.53674e-07
    endloop
  endfacet
  facet normal 0.376579 -0.926384 0
    outer loop
      vertex 1.26061 -59.1803 9.53674e-07
      vertex 1.33318 -59.1508 0.400001
      vertex 1.26061 -59.1803 0.400001
    endloop
  endfacet
  facet normal 0.376579 -0.926384 0
    outer loop
      vertex 1.33318 -59.1508 0.400001
      vertex 1.26061 -59.1803 9.53674e-07
      vertex 1.33318 -59.1508 9.53674e-07
    endloop
  endfacet
  facet normal 0.301587 -0.953439 0
    outer loop
      vertex 1.33318 -59.1508 9.53674e-07
      vertex 1.40937 -59.1267 0.400001
      vertex 1.33318 -59.1508 0.400001
    endloop
  endfacet
  facet normal 0.301587 -0.953439 0
    outer loop
      vertex 1.40937 -59.1267 0.400001
      vertex 1.33318 -59.1508 9.53674e-07
      vertex 1.40937 -59.1267 9.53674e-07
    endloop
  endfacet
  facet normal 0.228128 -0.973631 0
    outer loop
      vertex 1.40937 -59.1267 9.53674e-07
      vertex 1.48918 -59.108 0.400001
      vertex 1.40937 -59.1267 0.400001
    endloop
  endfacet
  facet normal 0.228128 -0.973631 0
    outer loop
      vertex 1.48918 -59.108 0.400001
      vertex 1.40937 -59.1267 9.53674e-07
      vertex 1.48918 -59.108 9.53674e-07
    endloop
  endfacet
  facet normal 0.158563 -0.987349 0
    outer loop
      vertex 1.48918 -59.108 9.53674e-07
      vertex 1.57262 -59.0946 0.400001
      vertex 1.48918 -59.108 0.400001
    endloop
  endfacet
  facet normal 0.158563 -0.987349 0
    outer loop
      vertex 1.57262 -59.0946 0.400001
      vertex 1.48918 -59.108 9.53674e-07
      vertex 1.57262 -59.0946 9.53674e-07
    endloop
  endfacet
  facet normal 0.0926286 -0.995701 0
    outer loop
      vertex 1.57262 -59.0946 9.53674e-07
      vertex 1.65969 -59.0865 0.400001
      vertex 1.57262 -59.0946 0.400001
    endloop
  endfacet
  facet normal 0.0926286 -0.995701 0
    outer loop
      vertex 1.65969 -59.0865 0.400001
      vertex 1.57262 -59.0946 9.53674e-07
      vertex 1.65969 -59.0865 9.53674e-07
    endloop
  endfacet
  facet normal 0.0286605 -0.999589 0
    outer loop
      vertex 1.65969 -59.0865 9.53674e-07
      vertex 1.75037 -59.0839 0.400001
      vertex 1.65969 -59.0865 0.400001
    endloop
  endfacet
  facet normal 0.0286605 -0.999589 0
    outer loop
      vertex 1.75037 -59.0839 0.400001
      vertex 1.65969 -59.0865 9.53674e-07
      vertex 1.75037 -59.0839 9.53674e-07
    endloop
  endfacet
  facet normal -0.0300198 -0.999549 0
    outer loop
      vertex 1.75037 -59.0839 9.53674e-07
      vertex 1.84027 -59.0866 0.400001
      vertex 1.75037 -59.0839 0.400001
    endloop
  endfacet
  facet normal -0.0300198 -0.999549 -0
    outer loop
      vertex 1.84027 -59.0866 0.400001
      vertex 1.75037 -59.0839 9.53674e-07
      vertex 1.84027 -59.0866 9.53674e-07
    endloop
  endfacet
  facet normal -0.153225 0.988191 0
    outer loop
      vertex 1.6525 -59.3198 9.53674e-07
      vertex 1.56092 -59.334 0.400001
      vertex 1.6525 -59.3198 0.400001
    endloop
  endfacet
  facet normal -0.153225 0.988191 0
    outer loop
      vertex 1.56092 -59.334 0.400001
      vertex 1.6525 -59.3198 9.53674e-07
      vertex 1.56092 -59.334 9.53674e-07
    endloop
  endfacet
  facet normal -0.26779 0.963477 0
    outer loop
      vertex 1.56092 -59.334 9.53674e-07
      vertex 1.47565 -59.3577 0.400001
      vertex 1.56092 -59.334 0.400001
    endloop
  endfacet
  facet normal -0.26779 0.963477 0
    outer loop
      vertex 1.47565 -59.3577 0.400001
      vertex 1.56092 -59.334 9.53674e-07
      vertex 1.47565 -59.3577 9.53674e-07
    endloop
  endfacet
  facet normal -0.386605 0.922245 0
    outer loop
      vertex 1.47565 -59.3577 9.53674e-07
      vertex 1.39669 -59.3908 0.400001
      vertex 1.47565 -59.3577 0.400001
    endloop
  endfacet
  facet normal -0.386605 0.922245 0
    outer loop
      vertex 1.39669 -59.3908 0.400001
      vertex 1.47565 -59.3577 9.53674e-07
      vertex 1.39669 -59.3908 9.53674e-07
    endloop
  endfacet
  facet normal -0.506605 0.862178 0
    outer loop
      vertex 1.39669 -59.3908 9.53674e-07
      vertex 1.32402 -59.4335 0.400001
      vertex 1.39669 -59.3908 0.400001
    endloop
  endfacet
  facet normal -0.506605 0.862178 0
    outer loop
      vertex 1.32402 -59.4335 0.400001
      vertex 1.39669 -59.3908 9.53674e-07
      vertex 1.32402 -59.4335 9.53674e-07
    endloop
  endfacet
  facet normal -0.616909 0.787034 0
    outer loop
      vertex 1.32402 -59.4335 9.53674e-07
      vertex 1.25768 -59.4855 0.400001
      vertex 1.32402 -59.4335 0.400001
    endloop
  endfacet
  facet normal -0.616909 0.787034 0
    outer loop
      vertex 1.25768 -59.4855 0.400001
      vertex 1.32402 -59.4335 9.53674e-07
      vertex 1.25768 -59.4855 9.53674e-07
    endloop
  endfacet
  facet normal -0.716 0.6981 0
    outer loop
      vertex 1.19762 -59.5471 9.53674e-07
      vertex 1.25768 -59.4855 0.400001
      vertex 1.25768 -59.4855 9.53674e-07
    endloop
  endfacet
  facet normal -0.716 0.6981 0
    outer loop
      vertex 1.25768 -59.4855 0.400001
      vertex 1.19762 -59.5471 9.53674e-07
      vertex 1.19762 -59.5471 0.400001
    endloop
  endfacet
  facet normal -0.796471 0.604677 0
    outer loop
      vertex 1.14478 -59.6167 9.53674e-07
      vertex 1.19762 -59.5471 0.400001
      vertex 1.19762 -59.5471 9.53674e-07
    endloop
  endfacet
  facet normal -0.796471 0.604677 0
    outer loop
      vertex 1.19762 -59.5471 0.400001
      vertex 1.14478 -59.6167 9.53674e-07
      vertex 1.14478 -59.6167 0.400001
    endloop
  endfacet
  facet normal -0.862785 0.505571 0
    outer loop
      vertex 1.10007 -59.693 9.53674e-07
      vertex 1.14478 -59.6167 0.400001
      vertex 1.14478 -59.6167 9.53674e-07
    endloop
  endfacet
  facet normal -0.862785 0.505571 0
    outer loop
      vertex 1.14478 -59.6167 0.400001
      vertex 1.10007 -59.693 9.53674e-07
      vertex 1.10007 -59.693 0.400001
    endloop
  endfacet
  facet normal -0.914851 0.403792 0
    outer loop
      vertex 1.06348 -59.7759 9.53674e-07
      vertex 1.10007 -59.693 0.400001
      vertex 1.10007 -59.693 9.53674e-07
    endloop
  endfacet
  facet normal -0.914851 0.403792 0
    outer loop
      vertex 1.10007 -59.693 0.400001
      vertex 1.06348 -59.7759 9.53674e-07
      vertex 1.06348 -59.7759 0.400001
    endloop
  endfacet
  facet normal -0.953138 0.302536 0
    outer loop
      vertex 1.03504 -59.8655 9.53674e-07
      vertex 1.06348 -59.7759 0.400001
      vertex 1.06348 -59.7759 9.53674e-07
    endloop
  endfacet
  facet normal -0.953138 0.302536 0
    outer loop
      vertex 1.06348 -59.7759 0.400001
      vertex 1.03504 -59.8655 9.53674e-07
      vertex 1.03504 -59.8655 0.400001
    endloop
  endfacet
  facet normal -0.978434 0.206558 0
    outer loop
      vertex 1.01471 -59.9618 9.53674e-07
      vertex 1.03504 -59.8655 0.400001
      vertex 1.03504 -59.8655 9.53674e-07
    endloop
  endfacet
  facet normal -0.978434 0.206558 0
    outer loop
      vertex 1.03504 -59.8655 0.400001
      vertex 1.01471 -59.9618 9.53674e-07
      vertex 1.01471 -59.9618 0.400001
    endloop
  endfacet
  facet normal -0.993069 0.117529 0
    outer loop
      vertex 1.00252 -60.0648 9.53674e-07
      vertex 1.01471 -59.9618 0.400001
      vertex 1.01471 -59.9618 9.53674e-07
    endloop
  endfacet
  facet normal -0.993069 0.117529 0
    outer loop
      vertex 1.01471 -59.9618 0.400001
      vertex 1.00252 -60.0648 9.53674e-07
      vertex 1.00252 -60.0648 0.400001
    endloop
  endfacet
  facet normal -0.99931 0.0371459 0
    outer loop
      vertex 0.998446 -60.1744 9.53674e-07
      vertex 1.00252 -60.0648 0.400001
      vertex 1.00252 -60.0648 9.53674e-07
    endloop
  endfacet
  facet normal -0.99931 0.0371459 0
    outer loop
      vertex 1.00252 -60.0648 0.400001
      vertex 0.998446 -60.1744 9.53674e-07
      vertex 0.998446 -60.1744 0.400001
    endloop
  endfacet
  facet normal -0.999334 -0.0364911 0
    outer loop
      vertex 1.00247 -60.2846 9.53674e-07
      vertex 0.998446 -60.1744 0.400001
      vertex 0.998446 -60.1744 9.53674e-07
    endloop
  endfacet
  facet normal -0.999334 -0.0364911 0
    outer loop
      vertex 0.998446 -60.1744 0.400001
      vertex 1.00247 -60.2846 9.53674e-07
      vertex 1.00247 -60.2846 0.400001
    endloop
  endfacet
  facet normal -0.993202 -0.116404 0
    outer loop
      vertex 1.01453 -60.3875 9.53674e-07
      vertex 1.00247 -60.2846 0.400001
      vertex 1.00247 -60.2846 9.53674e-07
    endloop
  endfacet
  facet normal -0.993202 -0.116404 0
    outer loop
      vertex 1.00247 -60.2846 0.400001
      vertex 1.01453 -60.3875 9.53674e-07
      vertex 1.01453 -60.3875 0.400001
    endloop
  endfacet
  facet normal -0.978647 -0.205547 0
    outer loop
      vertex 1.03463 -60.4832 9.53674e-07
      vertex 1.01453 -60.3875 0.400001
      vertex 1.01453 -60.3875 9.53674e-07
    endloop
  endfacet
  facet normal -0.978647 -0.205547 0
    outer loop
      vertex 1.01453 -60.3875 0.400001
      vertex 1.03463 -60.4832 9.53674e-07
      vertex 1.03463 -60.4832 0.400001
    endloop
  endfacet
  facet normal -0.953047 -0.302821 0
    outer loop
      vertex 1.06275 -60.5717 9.53674e-07
      vertex 1.03463 -60.4832 0.400001
      vertex 1.03463 -60.4832 9.53674e-07
    endloop
  endfacet
  facet normal -0.953047 -0.302821 0
    outer loop
      vertex 1.03463 -60.4832 0.400001
      vertex 1.06275 -60.5717 9.53674e-07
      vertex 1.06275 -60.5717 0.400001
    endloop
  endfacet
  facet normal -0.913431 -0.406994 0
    outer loop
      vertex 1.09893 -60.6529 9.53674e-07
      vertex 1.06275 -60.5717 0.400001
      vertex 1.06275 -60.5717 9.53674e-07
    endloop
  endfacet
  facet normal -0.913431 -0.406994 0
    outer loop
      vertex 1.06275 -60.5717 0.400001
      vertex 1.09893 -60.6529 9.53674e-07
      vertex 1.09893 -60.6529 0.400001
    endloop
  endfacet
  facet normal -0.858209 -0.5133 0
    outer loop
      vertex 1.14313 -60.7268 9.53674e-07
      vertex 1.09893 -60.6529 0.400001
      vertex 1.09893 -60.6529 9.53674e-07
    endloop
  endfacet
  facet normal -0.858209 -0.5133 0
    outer loop
      vertex 1.09893 -60.6529 0.400001
      vertex 1.14313 -60.7268 9.53674e-07
      vertex 1.14313 -60.7268 0.400001
    endloop
  endfacet
  facet normal -0.787219 -0.616674 0
    outer loop
      vertex 1.19538 -60.7935 9.53674e-07
      vertex 1.14313 -60.7268 0.400001
      vertex 1.14313 -60.7268 9.53674e-07
    endloop
  endfacet
  facet normal -0.787219 -0.616674 0
    outer loop
      vertex 1.14313 -60.7268 0.400001
      vertex 1.19538 -60.7935 9.53674e-07
      vertex 1.19538 -60.7935 0.400001
    endloop
  endfacet
  facet normal -0.70104 -0.713122 0
    outer loop
      vertex 1.19538 -60.7935 9.53674e-07
      vertex 1.25499 -60.8521 0.400001
      vertex 1.19538 -60.7935 0.400001
    endloop
  endfacet
  facet normal -0.70104 -0.713122 -0
    outer loop
      vertex 1.25499 -60.8521 0.400001
      vertex 1.19538 -60.7935 9.53674e-07
      vertex 1.25499 -60.8521 9.53674e-07
    endloop
  endfacet
  facet normal -0.598918 -0.800811 0
    outer loop
      vertex 1.25499 -60.8521 9.53674e-07
      vertex 1.32131 -60.9017 0.400001
      vertex 1.25499 -60.8521 0.400001
    endloop
  endfacet
  facet normal -0.598918 -0.800811 -0
    outer loop
      vertex 1.32131 -60.9017 0.400001
      vertex 1.25499 -60.8521 9.53674e-07
      vertex 1.32131 -60.9017 9.53674e-07
    endloop
  endfacet
  facet normal -0.485084 -0.874468 0
    outer loop
      vertex 1.32131 -60.9017 9.53674e-07
      vertex 1.39432 -60.9422 0.400001
      vertex 1.32131 -60.9017 0.400001
    endloop
  endfacet
  facet normal -0.485084 -0.874468 -0
    outer loop
      vertex 1.39432 -60.9422 0.400001
      vertex 1.32131 -60.9017 9.53674e-07
      vertex 1.39432 -60.9422 9.53674e-07
    endloop
  endfacet
  facet normal -0.368534 -0.929614 0
    outer loop
      vertex 1.39432 -60.9422 9.53674e-07
      vertex 1.47403 -60.9738 0.400001
      vertex 1.39432 -60.9422 0.400001
    endloop
  endfacet
  facet normal -0.368534 -0.929614 -0
    outer loop
      vertex 1.47403 -60.9738 0.400001
      vertex 1.39432 -60.9422 9.53674e-07
      vertex 1.47403 -60.9738 9.53674e-07
    endloop
  endfacet
  facet normal -0.251984 -0.967731 0
    outer loop
      vertex 1.47403 -60.9738 9.53674e-07
      vertex 1.56044 -60.9963 0.400001
      vertex 1.47403 -60.9738 0.400001
    endloop
  endfacet
  facet normal -0.251984 -0.967731 -0
    outer loop
      vertex 1.56044 -60.9963 0.400001
      vertex 1.47403 -60.9738 9.53674e-07
      vertex 1.56044 -60.9963 9.53674e-07
    endloop
  endfacet
  facet normal -0.143489 -0.989652 0
    outer loop
      vertex 1.56044 -60.9963 9.53674e-07
      vertex 1.65355 -61.0098 0.400001
      vertex 1.56044 -60.9963 0.400001
    endloop
  endfacet
  facet normal -0.143489 -0.989652 -0
    outer loop
      vertex 1.65355 -61.0098 0.400001
      vertex 1.56044 -60.9963 9.53674e-07
      vertex 1.65355 -61.0098 9.53674e-07
    endloop
  endfacet
  facet normal -0.0450399 -0.998985 0
    outer loop
      vertex 1.65355 -61.0098 9.53674e-07
      vertex 1.75336 -61.0143 0.400001
      vertex 1.65355 -61.0098 0.400001
    endloop
  endfacet
  facet normal -0.0450399 -0.998985 -0
    outer loop
      vertex 1.75336 -61.0143 0.400001
      vertex 1.65355 -61.0098 9.53674e-07
      vertex 1.75336 -61.0143 9.53674e-07
    endloop
  endfacet
  facet normal 0.0454077 -0.998969 0
    outer loop
      vertex 1.75336 -61.0143 9.53674e-07
      vertex 1.85236 -61.0098 0.400001
      vertex 1.75336 -61.0143 0.400001
    endloop
  endfacet
  facet normal 0.0454077 -0.998969 0
    outer loop
      vertex 1.85236 -61.0098 0.400001
      vertex 1.75336 -61.0143 9.53674e-07
      vertex 1.85236 -61.0098 9.53674e-07
    endloop
  endfacet
  facet normal 0.146696 -0.989182 0
    outer loop
      vertex 1.85236 -61.0098 9.53674e-07
      vertex 1.94474 -60.9961 0.400001
      vertex 1.85236 -61.0098 0.400001
    endloop
  endfacet
  facet normal 0.146696 -0.989182 0
    outer loop
      vertex 1.94474 -60.9961 0.400001
      vertex 1.85236 -61.0098 9.53674e-07
      vertex 1.94474 -60.9961 9.53674e-07
    endloop
  endfacet
  facet normal 0.257929 -0.966164 0
    outer loop
      vertex 1.94474 -60.9961 9.53674e-07
      vertex 2.03052 -60.9732 0.400001
      vertex 1.94474 -60.9961 0.400001
    endloop
  endfacet
  facet normal 0.257929 -0.966164 0
    outer loop
      vertex 2.03052 -60.9732 0.400001
      vertex 1.94474 -60.9961 9.53674e-07
      vertex 2.03052 -60.9732 9.53674e-07
    endloop
  endfacet
  facet normal 0.373692 -0.927553 0
    outer loop
      vertex 2.03052 -60.9732 9.53674e-07
      vertex 2.1097 -60.9413 0.400001
      vertex 2.03052 -60.9732 0.400001
    endloop
  endfacet
  facet normal 0.373692 -0.927553 0
    outer loop
      vertex 2.1097 -60.9413 0.400001
      vertex 2.03052 -60.9732 9.53674e-07
      vertex 2.1097 -60.9413 9.53674e-07
    endloop
  endfacet
  facet normal 0.492804 -0.87014 0
    outer loop
      vertex 2.1097 -60.9413 9.53674e-07
      vertex 2.18227 -60.9002 0.400001
      vertex 2.1097 -60.9413 0.400001
    endloop
  endfacet
  facet normal 0.492804 -0.87014 0
    outer loop
      vertex 2.18227 -60.9002 0.400001
      vertex 2.1097 -60.9413 9.53674e-07
      vertex 2.18227 -60.9002 9.53674e-07
    endloop
  endfacet
  facet normal 0.606385 -0.795172 0
    outer loop
      vertex 2.18227 -60.9002 9.53674e-07
      vertex 2.24823 -60.8499 0.400001
      vertex 2.18227 -60.9002 0.400001
    endloop
  endfacet
  facet normal 0.606385 -0.795172 0
    outer loop
      vertex 2.24823 -60.8499 0.400001
      vertex 2.18227 -60.9002 9.53674e-07
      vertex 2.24823 -60.8499 9.53674e-07
    endloop
  endfacet
  facet normal 0.707464 -0.706749 0
    outer loop
      vertex 2.24823 -60.8499 0.400001
      vertex 2.30757 -60.7905 9.53674e-07
      vertex 2.30757 -60.7905 0.400001
    endloop
  endfacet
  facet normal 0.707464 -0.706749 0
    outer loop
      vertex 2.30757 -60.7905 9.53674e-07
      vertex 2.24823 -60.8499 0.400001
      vertex 2.24823 -60.8499 9.53674e-07
    endloop
  endfacet
  facet normal 0.791026 -0.611782 0
    outer loop
      vertex 2.30757 -60.7905 0.400001
      vertex 2.35962 -60.7232 9.53674e-07
      vertex 2.35962 -60.7232 0.400001
    endloop
  endfacet
  facet normal 0.791026 -0.611782 0
    outer loop
      vertex 2.35962 -60.7232 9.53674e-07
      vertex 2.30757 -60.7905 0.400001
      vertex 2.30757 -60.7905 9.53674e-07
    endloop
  endfacet
  facet normal 0.860239 -0.509891 0
    outer loop
      vertex 2.35962 -60.7232 0.400001
      vertex 2.40366 -60.6489 9.53674e-07
      vertex 2.40366 -60.6489 0.400001
    endloop
  endfacet
  facet normal 0.860239 -0.509891 0
    outer loop
      vertex 2.40366 -60.6489 9.53674e-07
      vertex 2.35962 -60.7232 0.400001
      vertex 2.35962 -60.7232 9.53674e-07
    endloop
  endfacet
  facet normal 0.91383 -0.406097 0
    outer loop
      vertex 2.40366 -60.6489 0.400001
      vertex 2.4397 -60.5678 9.53674e-07
      vertex 2.4397 -60.5678 0.400001
    endloop
  endfacet
  facet normal 0.91383 -0.406097 0
    outer loop
      vertex 2.4397 -60.5678 9.53674e-07
      vertex 2.40366 -60.6489 0.400001
      vertex 2.40366 -60.6489 9.53674e-07
    endloop
  endfacet
  facet normal 0.952931 -0.303186 0
    outer loop
      vertex 2.4397 -60.5678 0.400001
      vertex 2.46773 -60.4797 9.53674e-07
      vertex 2.46773 -60.4797 0.400001
    endloop
  endfacet
  facet normal 0.952931 -0.303186 0
    outer loop
      vertex 2.46773 -60.4797 9.53674e-07
      vertex 2.4397 -60.5678 0.400001
      vertex 2.4397 -60.5678 9.53674e-07
    endloop
  endfacet
  facet normal 0.978506 -0.206218 0
    outer loop
      vertex 2.46773 -60.4797 0.400001
      vertex 2.48773 -60.3848 9.53674e-07
      vertex 2.48773 -60.3848 0.400001
    endloop
  endfacet
  facet normal 0.978506 -0.206218 0
    outer loop
      vertex 2.48773 -60.3848 9.53674e-07
      vertex 2.46773 -60.4797 0.400001
      vertex 2.46773 -60.4797 9.53674e-07
    endloop
  endfacet
  facet normal 0.993076 -0.11747 0
    outer loop
      vertex 2.48773 -60.3848 0.400001
      vertex 2.49976 -60.2831 9.53674e-07
      vertex 2.49976 -60.2831 0.400001
    endloop
  endfacet
  facet normal 0.993076 -0.11747 0
    outer loop
      vertex 2.49976 -60.2831 9.53674e-07
      vertex 2.48773 -60.3848 0.400001
      vertex 2.48773 -60.3848 9.53674e-07
    endloop
  endfacet
  facet normal 0.999324 -0.0367736 0
    outer loop
      vertex 2.49976 -60.2831 0.400001
      vertex 2.50376 -60.1744 9.53674e-07
      vertex 2.50376 -60.1744 0.400001
    endloop
  endfacet
  facet normal 0.999324 -0.0367736 0
    outer loop
      vertex 2.50376 -60.1744 9.53674e-07
      vertex 2.49976 -60.2831 0.400001
      vertex 2.49976 -60.2831 9.53674e-07
    endloop
  endfacet
  facet normal 0.999382 0.0351634 0
    outer loop
      vertex 2.50376 -60.1744 0.400001
      vertex 2.49977 -60.061 9.53674e-07
      vertex 2.49977 -60.061 0.400001
    endloop
  endfacet
  facet normal 0.999382 0.0351634 0
    outer loop
      vertex 2.49977 -60.061 9.53674e-07
      vertex 2.50376 -60.1744 0.400001
      vertex 2.50376 -60.1744 9.53674e-07
    endloop
  endfacet
  facet normal 0.993735 0.11176 0
    outer loop
      vertex 2.49977 -60.061 0.400001
      vertex 2.48786 -59.9551 9.53674e-07
      vertex 2.48786 -59.9551 0.400001
    endloop
  endfacet
  facet normal 0.993735 0.11176 0
    outer loop
      vertex 2.48786 -59.9551 9.53674e-07
      vertex 2.49977 -60.061 0.400001
      vertex 2.49977 -60.061 9.53674e-07
    endloop
  endfacet
  facet normal 0.980137 0.198323 0
    outer loop
      vertex 2.48786 -59.9551 0.400001
      vertex 2.46799 -59.8569 9.53674e-07
      vertex 2.46799 -59.8569 0.400001
    endloop
  endfacet
  facet normal 0.980137 0.198323 0
    outer loop
      vertex 2.46799 -59.8569 9.53674e-07
      vertex 2.48786 -59.9551 0.400001
      vertex 2.48786 -59.9551 9.53674e-07
    endloop
  endfacet
  facet normal 0.956038 0.293241 0
    outer loop
      vertex 2.46799 -59.8569 0.400001
      vertex 2.44017 -59.7662 9.53674e-07
      vertex 2.44017 -59.7662 0.400001
    endloop
  endfacet
  facet normal 0.956038 0.293241 0
    outer loop
      vertex 2.44017 -59.7662 9.53674e-07
      vertex 2.46799 -59.8569 0.400001
      vertex 2.46799 -59.8569 9.53674e-07
    endloop
  endfacet
  facet normal 0.918601 0.395186 0
    outer loop
      vertex 2.44017 -59.7662 0.400001
      vertex 2.40442 -59.6831 9.53674e-07
      vertex 2.40442 -59.6831 0.400001
    endloop
  endfacet
  facet normal 0.918601 0.395186 0
    outer loop
      vertex 2.40442 -59.6831 9.53674e-07
      vertex 2.44017 -59.7662 0.400001
      vertex 2.44017 -59.7662 9.53674e-07
    endloop
  endfacet
  facet normal 0.865429 0.501032 0
    outer loop
      vertex 2.40442 -59.6831 0.400001
      vertex 2.36071 -59.6076 9.53674e-07
      vertex 2.36071 -59.6076 0.400001
    endloop
  endfacet
  facet normal 0.865429 0.501032 0
    outer loop
      vertex 2.36071 -59.6076 9.53674e-07
      vertex 2.40442 -59.6831 0.400001
      vertex 2.40442 -59.6831 9.53674e-07
    endloop
  endfacet
  facet normal 0.796275 0.604935 0
    outer loop
      vertex 2.36071 -59.6076 0.400001
      vertex 2.30905 -59.5396 9.53674e-07
      vertex 2.30905 -59.5396 0.400001
    endloop
  endfacet
  facet normal 0.796275 0.604935 0
    outer loop
      vertex 2.30905 -59.5396 9.53674e-07
      vertex 2.36071 -59.6076 0.400001
      vertex 2.36071 -59.6076 9.53674e-07
    endloop
  endfacet
  facet normal 0.710198 0.704002 0
    outer loop
      vertex 2.30905 -59.5396 0.400001
      vertex 2.24997 -59.48 9.53674e-07
      vertex 2.24997 -59.48 0.400001
    endloop
  endfacet
  facet normal 0.710198 0.704002 0
    outer loop
      vertex 2.24997 -59.48 9.53674e-07
      vertex 2.30905 -59.5396 0.400001
      vertex 2.30905 -59.5396 9.53674e-07
    endloop
  endfacet
  facet normal 0.60703 0.794679 -0
    outer loop
      vertex 2.24997 -59.48 9.53674e-07
      vertex 2.18399 -59.4296 0.400001
      vertex 2.24997 -59.48 0.400001
    endloop
  endfacet
  facet normal 0.60703 0.794679 0
    outer loop
      vertex 2.18399 -59.4296 0.400001
      vertex 2.24997 -59.48 9.53674e-07
      vertex 2.18399 -59.4296 9.53674e-07
    endloop
  endfacet
  facet normal 0.492018 0.870585 -0
    outer loop
      vertex 2.18399 -59.4296 9.53674e-07
      vertex 2.11109 -59.3884 0.400001
      vertex 2.18399 -59.4296 0.400001
    endloop
  endfacet
  facet normal 0.492018 0.870585 0
    outer loop
      vertex 2.11109 -59.3884 0.400001
      vertex 2.18399 -59.4296 9.53674e-07
      vertex 2.11109 -59.3884 9.53674e-07
    endloop
  endfacet
  facet normal 0.373114 0.927786 -0
    outer loop
      vertex 2.11109 -59.3884 9.53674e-07
      vertex 2.03127 -59.3563 0.400001
      vertex 2.11109 -59.3884 0.400001
    endloop
  endfacet
  facet normal 0.373114 0.927786 0
    outer loop
      vertex 2.03127 -59.3563 0.400001
      vertex 2.11109 -59.3884 9.53674e-07
      vertex 2.03127 -59.3563 9.53674e-07
    endloop
  endfacet
  facet normal 0.255316 0.966858 -0
    outer loop
      vertex 2.03127 -59.3563 9.53674e-07
      vertex 1.94455 -59.3334 0.400001
      vertex 2.03127 -59.3563 0.400001
    endloop
  endfacet
  facet normal 0.255316 0.966858 0
    outer loop
      vertex 1.94455 -59.3334 0.400001
      vertex 2.03127 -59.3563 9.53674e-07
      vertex 1.94455 -59.3334 9.53674e-07
    endloop
  endfacet
  facet normal 0.144764 0.989466 -0
    outer loop
      vertex 1.94455 -59.3334 9.53674e-07
      vertex 1.85091 -59.3197 0.400001
      vertex 1.94455 -59.3334 0.400001
    endloop
  endfacet
  facet normal 0.144764 0.989466 0
    outer loop
      vertex 1.85091 -59.3197 0.400001
      vertex 1.94455 -59.3334 9.53674e-07
      vertex 1.85091 -59.3197 9.53674e-07
    endloop
  endfacet
  facet normal 0.0457051 0.998955 -0
    outer loop
      vertex 1.85091 -59.3197 9.53674e-07
      vertex 1.75037 -59.3151 0.400001
      vertex 1.85091 -59.3197 0.400001
    endloop
  endfacet
  facet normal 0.0457051 0.998955 0
    outer loop
      vertex 1.75037 -59.3151 0.400001
      vertex 1.85091 -59.3197 9.53674e-07
      vertex 1.75037 -59.3151 9.53674e-07
    endloop
  endfacet
  facet normal -0.0479676 0.998849 0
    outer loop
      vertex 1.75037 -59.3151 9.53674e-07
      vertex 1.6525 -59.3198 0.400001
      vertex 1.75037 -59.3151 0.400001
    endloop
  endfacet
  facet normal -0.0479676 0.998849 0
    outer loop
      vertex 1.6525 -59.3198 0.400001
      vertex 1.75037 -59.3151 9.53674e-07
      vertex 1.6525 -59.3198 9.53674e-07
    endloop
  endfacet
  facet normal -0.0932979 -0.995638 0
    outer loop
      vertex 7.14521 -59.0866 9.53674e-07
      vertex 7.23165 -59.0947 0.400001
      vertex 7.14521 -59.0866 0.400001
    endloop
  endfacet
  facet normal -0.0932979 -0.995638 -0
    outer loop
      vertex 7.23165 -59.0947 0.400001
      vertex 7.14521 -59.0866 9.53674e-07
      vertex 7.23165 -59.0947 9.53674e-07
    endloop
  endfacet
  facet normal -0.161775 -0.986828 0
    outer loop
      vertex 7.23165 -59.0947 9.53674e-07
      vertex 7.31461 -59.1083 0.400001
      vertex 7.23165 -59.0947 0.400001
    endloop
  endfacet
  facet normal -0.161775 -0.986828 -0
    outer loop
      vertex 7.31461 -59.1083 0.400001
      vertex 7.23165 -59.0947 9.53674e-07
      vertex 7.31461 -59.1083 9.53674e-07
    endloop
  endfacet
  facet normal -0.23129 -0.972885 0
    outer loop
      vertex 7.31461 -59.1083 9.53674e-07
      vertex 7.39411 -59.1272 0.400001
      vertex 7.31461 -59.1083 0.400001
    endloop
  endfacet
  facet normal -0.23129 -0.972885 -0
    outer loop
      vertex 7.39411 -59.1272 0.400001
      vertex 7.31461 -59.1083 9.53674e-07
      vertex 7.39411 -59.1272 9.53674e-07
    endloop
  endfacet
  facet normal -0.305612 -0.952156 0
    outer loop
      vertex 7.39411 -59.1272 9.53674e-07
      vertex 7.47013 -59.1516 0.400001
      vertex 7.39411 -59.1272 0.400001
    endloop
  endfacet
  facet normal -0.305612 -0.952156 -0
    outer loop
      vertex 7.47013 -59.1516 0.400001
      vertex 7.39411 -59.1272 9.53674e-07
      vertex 7.47013 -59.1516 9.53674e-07
    endloop
  endfacet
  facet normal -0.379948 -0.925008 0
    outer loop
      vertex 7.47013 -59.1516 9.53674e-07
      vertex 7.54268 -59.1814 0.400001
      vertex 7.47013 -59.1516 0.400001
    endloop
  endfacet
  facet normal -0.379948 -0.925008 -0
    outer loop
      vertex 7.54268 -59.1814 0.400001
      vertex 7.47013 -59.1516 9.53674e-07
      vertex 7.54268 -59.1814 9.53674e-07
    endloop
  endfacet
  facet normal -0.454011 -0.890996 0
    outer loop
      vertex 7.54268 -59.1814 9.53674e-07
      vertex 7.61176 -59.2166 0.400001
      vertex 7.54268 -59.1814 0.400001
    endloop
  endfacet
  facet normal -0.454011 -0.890996 -0
    outer loop
      vertex 7.61176 -59.2166 0.400001
      vertex 7.54268 -59.1814 9.53674e-07
      vertex 7.61176 -59.2166 9.53674e-07
    endloop
  endfacet
  facet normal -0.526296 -0.850301 0
    outer loop
      vertex 7.61176 -59.2166 9.53674e-07
      vertex 7.67687 -59.2569 0.400001
      vertex 7.61176 -59.2166 0.400001
    endloop
  endfacet
  facet normal -0.526296 -0.850301 -0
    outer loop
      vertex 7.67687 -59.2569 0.400001
      vertex 7.61176 -59.2166 9.53674e-07
      vertex 7.67687 -59.2569 9.53674e-07
    endloop
  endfacet
  facet normal -0.595924 -0.803041 0
    outer loop
      vertex 7.67687 -59.2569 9.53674e-07
      vertex 7.73751 -59.3019 0.400001
      vertex 7.67687 -59.2569 0.400001
    endloop
  endfacet
  facet normal -0.595924 -0.803041 -0
    outer loop
      vertex 7.73751 -59.3019 0.400001
      vertex 7.67687 -59.2569 9.53674e-07
      vertex 7.73751 -59.3019 9.53674e-07
    endloop
  endfacet
  facet normal -0.662041 -0.749468 0
    outer loop
      vertex 7.73751 -59.3019 9.53674e-07
      vertex 7.79366 -59.3515 0.400001
      vertex 7.73751 -59.3019 0.400001
    endloop
  endfacet
  facet normal -0.662041 -0.749468 -0
    outer loop
      vertex 7.79366 -59.3515 0.400001
      vertex 7.73751 -59.3019 9.53674e-07
      vertex 7.79366 -59.3515 9.53674e-07
    endloop
  endfacet
  facet normal -0.724999 -0.688749 0
    outer loop
      vertex 7.84534 -59.4059 9.53674e-07
      vertex 7.79366 -59.3515 0.400001
      vertex 7.79366 -59.3515 9.53674e-07
    endloop
  endfacet
  facet normal -0.724999 -0.688749 0
    outer loop
      vertex 7.79366 -59.3515 0.400001
      vertex 7.84534 -59.4059 9.53674e-07
      vertex 7.84534 -59.4059 0.400001
    endloop
  endfacet
  facet normal -0.780804 -0.624776 0
    outer loop
      vertex 7.89255 -59.4649 9.53674e-07
      vertex 7.84534 -59.4059 0.400001
      vertex 7.84534 -59.4059 9.53674e-07
    endloop
  endfacet
  facet normal -0.780804 -0.624776 0
    outer loop
      vertex 7.84534 -59.4059 0.400001
      vertex 7.89255 -59.4649 9.53674e-07
      vertex 7.89255 -59.4649 0.400001
    endloop
  endfacet
  facet normal -0.830462 -0.557075 0
    outer loop
      vertex 7.93528 -59.5286 9.53674e-07
      vertex 7.89255 -59.4649 0.400001
      vertex 7.89255 -59.4649 9.53674e-07
    endloop
  endfacet
  facet normal -0.830462 -0.557075 0
    outer loop
      vertex 7.89255 -59.4649 0.400001
      vertex 7.93528 -59.5286 9.53674e-07
      vertex 7.93528 -59.5286 0.400001
    endloop
  endfacet
  facet normal -0.873103 -0.487536 0
    outer loop
      vertex 7.97353 -59.5971 9.53674e-07
      vertex 7.93528 -59.5286 0.400001
      vertex 7.93528 -59.5286 9.53674e-07
    endloop
  endfacet
  facet normal -0.873103 -0.487536 0
    outer loop
      vertex 7.93528 -59.5286 0.400001
      vertex 7.97353 -59.5971 9.53674e-07
      vertex 7.97353 -59.5971 0.400001
    endloop
  endfacet
  facet normal -0.907794 -0.419416 0
    outer loop
      vertex 8.00698 -59.6695 9.53674e-07
      vertex 7.97353 -59.5971 0.400001
      vertex 7.97353 -59.5971 9.53674e-07
    endloop
  endfacet
  facet normal -0.907794 -0.419416 0
    outer loop
      vertex 7.97353 -59.5971 0.400001
      vertex 8.00698 -59.6695 9.53674e-07
      vertex 8.00698 -59.6695 0.400001
    endloop
  endfacet
  facet normal -0.936836 -0.349769 0
    outer loop
      vertex 8.03528 -59.7453 9.53674e-07
      vertex 8.00698 -59.6695 0.400001
      vertex 8.00698 -59.6695 9.53674e-07
    endloop
  endfacet
  facet normal -0.936836 -0.349769 0
    outer loop
      vertex 8.00698 -59.6695 0.400001
      vertex 8.03528 -59.7453 9.53674e-07
      vertex 8.03528 -59.7453 0.400001
    endloop
  endfacet
  facet normal -0.959709 -0.280997 0
    outer loop
      vertex 8.05844 -59.8244 9.53674e-07
      vertex 8.03528 -59.7453 0.400001
      vertex 8.03528 -59.7453 9.53674e-07
    endloop
  endfacet
  facet normal -0.959709 -0.280997 0
    outer loop
      vertex 8.03528 -59.7453 0.400001
      vertex 8.05844 -59.8244 9.53674e-07
      vertex 8.05844 -59.8244 0.400001
    endloop
  endfacet
  facet normal -0.976991 -0.21328 0
    outer loop
      vertex 8.07645 -59.9069 9.53674e-07
      vertex 8.05844 -59.8244 0.400001
      vertex 8.05844 -59.8244 9.53674e-07
    endloop
  endfacet
  facet normal -0.976991 -0.21328 0
    outer loop
      vertex 8.05844 -59.8244 0.400001
      vertex 8.07645 -59.9069 9.53674e-07
      vertex 8.07645 -59.9069 0.400001
    endloop
  endfacet
  facet normal -0.988953 -0.148228 0
    outer loop
      vertex 8.08931 -59.9927 9.53674e-07
      vertex 8.07645 -59.9069 0.400001
      vertex 8.07645 -59.9069 9.53674e-07
    endloop
  endfacet
  facet normal -0.988953 -0.148228 0
    outer loop
      vertex 8.07645 -59.9069 0.400001
      vertex 8.08931 -59.9927 9.53674e-07
      vertex 8.08931 -59.9927 0.400001
    endloop
  endfacet
  facet normal -0.996276 -0.0862248 0
    outer loop
      vertex 8.09703 -60.0819 9.53674e-07
      vertex 8.08931 -59.9927 0.400001
      vertex 8.08931 -59.9927 9.53674e-07
    endloop
  endfacet
  facet normal -0.996276 -0.0862248 0
    outer loop
      vertex 8.08931 -59.9927 0.400001
      vertex 8.09703 -60.0819 9.53674e-07
      vertex 8.09703 -60.0819 0.400001
    endloop
  endfacet
  facet normal -0.999611 -0.027881 0
    outer loop
      vertex 8.09961 -60.1744 9.53674e-07
      vertex 8.09703 -60.0819 0.400001
      vertex 8.09703 -60.0819 9.53674e-07
    endloop
  endfacet
  facet normal -0.999611 -0.027881 0
    outer loop
      vertex 8.09703 -60.0819 0.400001
      vertex 8.09961 -60.1744 9.53674e-07
      vertex 8.09961 -60.1744 0.400001
    endloop
  endfacet
  facet normal -0.999623 0.0274681 0
    outer loop
      vertex 8.09706 -60.2672 9.53674e-07
      vertex 8.09961 -60.1744 0.400001
      vertex 8.09961 -60.1744 9.53674e-07
    endloop
  endfacet
  facet normal -0.999623 0.0274681 0
    outer loop
      vertex 8.09961 -60.1744 0.400001
      vertex 8.09706 -60.2672 9.53674e-07
      vertex 8.09706 -60.2672 0.400001
    endloop
  endfacet
  facet normal -0.99637 0.0851321 0
    outer loop
      vertex 8.08943 -60.3565 9.53674e-07
      vertex 8.09706 -60.2672 0.400001
      vertex 8.09706 -60.2672 9.53674e-07
    endloop
  endfacet
  facet normal -0.99637 0.0851321 0
    outer loop
      vertex 8.09706 -60.2672 0.400001
      vertex 8.08943 -60.3565 9.53674e-07
      vertex 8.08943 -60.3565 0.400001
    endloop
  endfacet
  facet normal -0.989156 0.146871 0
    outer loop
      vertex 8.07672 -60.4421 9.53674e-07
      vertex 8.08943 -60.3565 0.400001
      vertex 8.08943 -60.3565 9.53674e-07
    endloop
  endfacet
  facet normal -0.989156 0.146871 0
    outer loop
      vertex 8.08943 -60.3565 0.400001
      vertex 8.07672 -60.4421 9.53674e-07
      vertex 8.07672 -60.4421 0.400001
    endloop
  endfacet
  facet normal -0.977319 0.211772 0
    outer loop
      vertex 8.05893 -60.5242 9.53674e-07
      vertex 8.07672 -60.4421 0.400001
      vertex 8.07672 -60.4421 9.53674e-07
    endloop
  endfacet
  facet normal -0.977319 0.211772 0
    outer loop
      vertex 8.07672 -60.4421 0.400001
      vertex 8.05893 -60.5242 9.53674e-07
      vertex 8.05893 -60.5242 0.400001
    endloop
  endfacet
  facet normal -0.959923 0.280263 0
    outer loop
      vertex 8.03604 -60.6026 9.53674e-07
      vertex 8.05893 -60.5242 0.400001
      vertex 8.05893 -60.5242 9.53674e-07
    endloop
  endfacet
  facet normal -0.959923 0.280263 0
    outer loop
      vertex 8.05893 -60.5242 0.400001
      vertex 8.03604 -60.6026 9.53674e-07
      vertex 8.03604 -60.6026 0.400001
    endloop
  endfacet
  facet normal -0.936811 0.349835 0
    outer loop
      vertex 8.00807 -60.6775 9.53674e-07
      vertex 8.03604 -60.6026 0.400001
      vertex 8.03604 -60.6026 9.53674e-07
    endloop
  endfacet
  facet normal -0.936811 0.349835 0
    outer loop
      vertex 8.03604 -60.6026 0.400001
      vertex 8.00807 -60.6775 9.53674e-07
      vertex 8.00807 -60.6775 0.400001
    endloop
  endfacet
  facet normal -0.907269 0.42055 0
    outer loop
      vertex 7.97502 -60.7488 9.53674e-07
      vertex 8.00807 -60.6775 0.400001
      vertex 8.00807 -60.6775 9.53674e-07
    endloop
  endfacet
  facet normal -0.907269 0.42055 0
    outer loop
      vertex 8.00807 -60.6775 0.400001
      vertex 7.97502 -60.7488 9.53674e-07
      vertex 7.97502 -60.7488 0.400001
    endloop
  endfacet
  facet normal -0.870986 0.491309 0
    outer loop
      vertex 7.93717 -60.8159 9.53674e-07
      vertex 7.97502 -60.7488 0.400001
      vertex 7.97502 -60.7488 9.53674e-07
    endloop
  endfacet
  facet normal -0.870986 0.491309 0
    outer loop
      vertex 7.97502 -60.7488 0.400001
      vertex 7.93717 -60.8159 9.53674e-07
      vertex 7.93717 -60.8159 0.400001
    endloop
  endfacet
  facet normal -0.827185 0.561929 0
    outer loop
      vertex 7.89478 -60.8783 9.53674e-07
      vertex 7.93717 -60.8159 0.400001
      vertex 7.93717 -60.8159 9.53674e-07
    endloop
  endfacet
  facet normal -0.827185 0.561929 0
    outer loop
      vertex 7.93717 -60.8159 0.400001
      vertex 7.89478 -60.8783 9.53674e-07
      vertex 7.89478 -60.8783 0.400001
    endloop
  endfacet
  facet normal -0.775727 0.631068 0
    outer loop
      vertex 7.84784 -60.936 9.53674e-07
      vertex 7.89478 -60.8783 0.400001
      vertex 7.89478 -60.8783 9.53674e-07
    endloop
  endfacet
  facet normal -0.775727 0.631068 0
    outer loop
      vertex 7.89478 -60.8783 0.400001
      vertex 7.84784 -60.936 9.53674e-07
      vertex 7.84784 -60.936 0.400001
    endloop
  endfacet
  facet normal -0.716728 0.697353 0
    outer loop
      vertex 7.79637 -60.9889 9.53674e-07
      vertex 7.84784 -60.936 0.400001
      vertex 7.84784 -60.936 9.53674e-07
    endloop
  endfacet
  facet normal -0.716728 0.697353 0
    outer loop
      vertex 7.84784 -60.936 0.400001
      vertex 7.79637 -60.9889 9.53674e-07
      vertex 7.79637 -60.9889 0.400001
    endloop
  endfacet
  facet normal -0.65306 0.757306 0
    outer loop
      vertex 7.79637 -60.9889 9.53674e-07
      vertex 7.74036 -61.0372 0.400001
      vertex 7.79637 -60.9889 0.400001
    endloop
  endfacet
  facet normal -0.65306 0.757306 0
    outer loop
      vertex 7.74036 -61.0372 0.400001
      vertex 7.79637 -60.9889 9.53674e-07
      vertex 7.74036 -61.0372 9.53674e-07
    endloop
  endfacet
  facet normal -0.583456 0.812144 0
    outer loop
      vertex 7.74036 -61.0372 9.53674e-07
      vertex 7.67981 -61.0807 0.400001
      vertex 7.74036 -61.0372 0.400001
    endloop
  endfacet
  facet normal -0.583456 0.812144 0
    outer loop
      vertex 7.67981 -61.0807 0.400001
      vertex 7.74036 -61.0372 9.53674e-07
      vertex 7.67981 -61.0807 9.53674e-07
    endloop
  endfacet
  facet normal -0.512087 0.858934 0
    outer loop
      vertex 7.67981 -61.0807 9.53674e-07
      vertex 7.61473 -61.1195 0.400001
      vertex 7.67981 -61.0807 0.400001
    endloop
  endfacet
  facet normal -0.512087 0.858934 0
    outer loop
      vertex 7.61473 -61.1195 0.400001
      vertex 7.67981 -61.0807 9.53674e-07
      vertex 7.61473 -61.1195 9.53674e-07
    endloop
  endfacet
  facet normal -0.439551 0.898218 0
    outer loop
      vertex 7.61473 -61.1195 9.53674e-07
      vertex 7.54566 -61.1533 0.400001
      vertex 7.61473 -61.1195 0.400001
    endloop
  endfacet
  facet normal -0.439551 0.898218 0
    outer loop
      vertex 7.54566 -61.1533 0.400001
      vertex 7.61473 -61.1195 9.53674e-07
      vertex 7.54566 -61.1533 9.53674e-07
    endloop
  endfacet
  facet normal -0.367808 0.929902 0
    outer loop
      vertex 7.54566 -61.1533 9.53674e-07
      vertex 7.4731 -61.182 0.400001
      vertex 7.54566 -61.1533 0.400001
    endloop
  endfacet
  facet normal -0.367808 0.929902 0
    outer loop
      vertex 7.4731 -61.182 0.400001
      vertex 7.54566 -61.1533 9.53674e-07
      vertex 7.4731 -61.182 9.53674e-07
    endloop
  endfacet
  facet normal -0.294192 0.955746 0
    outer loop
      vertex 7.4731 -61.182 9.53674e-07
      vertex 7.39708 -61.2054 0.400001
      vertex 7.4731 -61.182 0.400001
    endloop
  endfacet
  facet normal -0.294192 0.955746 0
    outer loop
      vertex 7.39708 -61.2054 0.400001
      vertex 7.4731 -61.182 9.53674e-07
      vertex 7.39708 -61.2054 9.53674e-07
    endloop
  endfacet
  facet normal -0.223158 0.974782 0
    outer loop
      vertex 7.39708 -61.2054 9.53674e-07
      vertex 7.31758 -61.2236 0.400001
      vertex 7.39708 -61.2054 0.400001
    endloop
  endfacet
  facet normal -0.223158 0.974782 0
    outer loop
      vertex 7.31758 -61.2236 0.400001
      vertex 7.39708 -61.2054 9.53674e-07
      vertex 7.31758 -61.2236 9.53674e-07
    endloop
  endfacet
  facet normal -0.155975 0.987761 0
    outer loop
      vertex 7.31758 -61.2236 9.53674e-07
      vertex 7.23462 -61.2367 0.400001
      vertex 7.31758 -61.2236 0.400001
    endloop
  endfacet
  facet normal -0.155975 0.987761 0
    outer loop
      vertex 7.23462 -61.2367 0.400001
      vertex 7.31758 -61.2236 9.53674e-07
      vertex 7.23462 -61.2367 9.53674e-07
    endloop
  endfacet
  facet normal -0.0898915 0.995952 0
    outer loop
      vertex 7.23462 -61.2367 9.53674e-07
      vertex 7.1482 -61.2445 0.400001
      vertex 7.23462 -61.2367 0.400001
    endloop
  endfacet
  facet normal -0.0898915 0.995952 0
    outer loop
      vertex 7.1482 -61.2445 0.400001
      vertex 7.23462 -61.2367 9.53674e-07
      vertex 7.1482 -61.2445 9.53674e-07
    endloop
  endfacet
  facet normal -0.0289057 0.999582 0
    outer loop
      vertex 7.1482 -61.2445 9.53674e-07
      vertex 7.05829 -61.2471 0.400001
      vertex 7.1482 -61.2445 0.400001
    endloop
  endfacet
  facet normal -0.0289057 0.999582 0
    outer loop
      vertex 7.05829 -61.2471 0.400001
      vertex 7.1482 -61.2445 9.53674e-07
      vertex 7.05829 -61.2471 9.53674e-07
    endloop
  endfacet
  facet normal 0.0425272 0.999095 -0
    outer loop
      vertex 7.05829 -61.2471 9.53674e-07
      vertex 6.92203 -61.2413 0.400001
      vertex 7.05829 -61.2471 0.400001
    endloop
  endfacet
  facet normal 0.0425272 0.999095 0
    outer loop
      vertex 6.92203 -61.2413 0.400001
      vertex 7.05829 -61.2471 9.53674e-07
      vertex 6.92203 -61.2413 9.53674e-07
    endloop
  endfacet
  facet normal 0.13529 0.990806 -0
    outer loop
      vertex 6.92203 -61.2413 9.53674e-07
      vertex 6.7946 -61.2239 0.400001
      vertex 6.92203 -61.2413 0.400001
    endloop
  endfacet
  facet normal 0.13529 0.990806 0
    outer loop
      vertex 6.7946 -61.2239 0.400001
      vertex 6.92203 -61.2413 9.53674e-07
      vertex 6.7946 -61.2239 9.53674e-07
    endloop
  endfacet
  facet normal 0.237541 0.971378 -0
    outer loop
      vertex 6.7946 -61.2239 9.53674e-07
      vertex 6.67601 -61.1949 0.400001
      vertex 6.7946 -61.2239 0.400001
    endloop
  endfacet
  facet normal 0.237541 0.971378 0
    outer loop
      vertex 6.67601 -61.1949 0.400001
      vertex 6.7946 -61.2239 9.53674e-07
      vertex 6.67601 -61.1949 9.53674e-07
    endloop
  endfacet
  facet normal 0.346953 0.937883 -0
    outer loop
      vertex 6.67601 -61.1949 9.53674e-07
      vertex 6.56626 -61.1543 0.400001
      vertex 6.67601 -61.1949 0.400001
    endloop
  endfacet
  facet normal 0.346953 0.937883 0
    outer loop
      vertex 6.56626 -61.1543 0.400001
      vertex 6.67601 -61.1949 9.53674e-07
      vertex 6.56626 -61.1543 9.53674e-07
    endloop
  endfacet
  facet normal 0.459351 0.888255 -0
    outer loop
      vertex 6.56626 -61.1543 9.53674e-07
      vertex 6.46532 -61.1021 0.400001
      vertex 6.56626 -61.1543 0.400001
    endloop
  endfacet
  facet normal 0.459351 0.888255 0
    outer loop
      vertex 6.46532 -61.1021 0.400001
      vertex 6.56626 -61.1543 9.53674e-07
      vertex 6.46532 -61.1021 9.53674e-07
    endloop
  endfacet
  facet normal 0.570086 0.821585 -0
    outer loop
      vertex 6.46532 -61.1021 9.53674e-07
      vertex 6.37323 -61.0382 0.400001
      vertex 6.46532 -61.1021 0.400001
    endloop
  endfacet
  facet normal 0.570086 0.821585 0
    outer loop
      vertex 6.37323 -61.0382 0.400001
      vertex 6.46532 -61.1021 9.53674e-07
      vertex 6.37323 -61.0382 9.53674e-07
    endloop
  endfacet
  facet normal 0.670675 0.741751 -0
    outer loop
      vertex 6.37323 -61.0382 9.53674e-07
      vertex 6.28995 -60.9629 0.400001
      vertex 6.37323 -61.0382 0.400001
    endloop
  endfacet
  facet normal 0.670675 0.741751 0
    outer loop
      vertex 6.28995 -60.9629 0.400001
      vertex 6.37323 -61.0382 9.53674e-07
      vertex 6.28995 -60.9629 9.53674e-07
    endloop
  endfacet
  facet normal 0.760339 0.649526 0
    outer loop
      vertex 6.28995 -60.9629 0.400001
      vertex 6.21674 -60.8772 9.53674e-07
      vertex 6.21674 -60.8772 0.400001
    endloop
  endfacet
  facet normal 0.760339 0.649526 0
    outer loop
      vertex 6.21674 -60.8772 9.53674e-07
      vertex 6.28995 -60.9629 0.400001
      vertex 6.28995 -60.9629 9.53674e-07
    endloop
  endfacet
  facet normal 0.836845 0.54744 0
    outer loop
      vertex 6.21674 -60.8772 0.400001
      vertex 6.15479 -60.7825 9.53674e-07
      vertex 6.15479 -60.7825 0.400001
    endloop
  endfacet
  facet normal 0.836845 0.54744 0
    outer loop
      vertex 6.15479 -60.7825 9.53674e-07
      vertex 6.21674 -60.8772 0.400001
      vertex 6.21674 -60.8772 9.53674e-07
    endloop
  endfacet
  facet normal 0.898411 0.439156 0
    outer loop
      vertex 6.15479 -60.7825 0.400001
      vertex 6.1041 -60.6788 9.53674e-07
      vertex 6.1041 -60.6788 0.400001
    endloop
  endfacet
  facet normal 0.898411 0.439156 0
    outer loop
      vertex 6.1041 -60.6788 9.53674e-07
      vertex 6.15479 -60.7825 0.400001
      vertex 6.15479 -60.7825 9.53674e-07
    endloop
  endfacet
  facet normal 0.943806 0.3305 0
    outer loop
      vertex 6.1041 -60.6788 0.400001
      vertex 6.06467 -60.5662 9.53674e-07
      vertex 6.06467 -60.5662 0.400001
    endloop
  endfacet
  facet normal 0.943806 0.3305 0
    outer loop
      vertex 6.06467 -60.5662 9.53674e-07
      vertex 6.1041 -60.6788 0.400001
      vertex 6.1041 -60.6788 9.53674e-07
    endloop
  endfacet
  facet normal 0.974236 0.225532 0
    outer loop
      vertex 6.06467 -60.5662 0.400001
      vertex 6.03652 -60.4446 9.53674e-07
      vertex 6.03652 -60.4446 0.400001
    endloop
  endfacet
  facet normal 0.974236 0.225532 0
    outer loop
      vertex 6.03652 -60.4446 9.53674e-07
      vertex 6.06467 -60.5662 0.400001
      vertex 6.06467 -60.5662 9.53674e-07
    endloop
  endfacet
  facet normal 0.991721 0.128407 0
    outer loop
      vertex 6.03652 -60.4446 0.400001
      vertex 6.01961 -60.314 9.53674e-07
      vertex 6.01961 -60.314 0.400001
    endloop
  endfacet
  facet normal 0.991721 0.128407 0
    outer loop
      vertex 6.01961 -60.314 9.53674e-07
      vertex 6.03652 -60.4446 0.400001
      vertex 6.03652 -60.4446 9.53674e-07
    endloop
  endfacet
  facet normal 0.999188 0.0402968 0
    outer loop
      vertex 6.01961 -60.314 0.400001
      vertex 6.01398 -60.1744 9.53674e-07
      vertex 6.01398 -60.1744 0.400001
    endloop
  endfacet
  facet normal 0.999188 0.0402968 0
    outer loop
      vertex 6.01398 -60.1744 9.53674e-07
      vertex 6.01961 -60.314 0.400001
      vertex 6.01961 -60.314 9.53674e-07
    endloop
  endfacet
  facet normal 0.999629 -0.0272235 0
    outer loop
      vertex 6.01398 -60.1744 0.400001
      vertex 6.01651 -60.0815 9.53674e-07
      vertex 6.01651 -60.0815 0.400001
    endloop
  endfacet
  facet normal 0.999629 -0.0272235 0
    outer loop
      vertex 6.01651 -60.0815 9.53674e-07
      vertex 6.01398 -60.1744 0.400001
      vertex 6.01398 -60.1744 9.53674e-07
    endloop
  endfacet
  facet normal 0.996431 -0.0844075 0
    outer loop
      vertex 6.01651 -60.0815 0.400001
      vertex 6.0241 -59.9919 9.53674e-07
      vertex 6.0241 -59.9919 0.400001
    endloop
  endfacet
  facet normal 0.996431 -0.0844075 0
    outer loop
      vertex 6.0241 -59.9919 9.53674e-07
      vertex 6.01651 -60.0815 0.400001
      vertex 6.01651 -60.0815 9.53674e-07
    endloop
  endfacet
  facet normal 0.989436 -0.144972 0
    outer loop
      vertex 6.0241 -59.9919 0.400001
      vertex 6.03673 -59.9057 9.53674e-07
      vertex 6.03673 -59.9057 0.400001
    endloop
  endfacet
  facet normal 0.989436 -0.144972 0
    outer loop
      vertex 6.03673 -59.9057 9.53674e-07
      vertex 6.0241 -59.9919 0.400001
      vertex 6.0241 -59.9919 9.53674e-07
    endloop
  endfacet
  facet normal 0.97793 -0.208932 0
    outer loop
      vertex 6.03673 -59.9057 0.400001
      vertex 6.05442 -59.8229 9.53674e-07
      vertex 6.05442 -59.8229 0.400001
    endloop
  endfacet
  facet normal 0.97793 -0.208932 0
    outer loop
      vertex 6.05442 -59.8229 9.53674e-07
      vertex 6.03673 -59.9057 0.400001
      vertex 6.03673 -59.9057 9.53674e-07
    endloop
  endfacet
  facet normal 0.961382 -0.275217 0
    outer loop
      vertex 6.05442 -59.8229 0.400001
      vertex 6.07715 -59.7435 9.53674e-07
      vertex 6.07715 -59.7435 0.400001
    endloop
  endfacet
  facet normal 0.961382 -0.275217 0
    outer loop
      vertex 6.07715 -59.7435 9.53674e-07
      vertex 6.05442 -59.8229 0.400001
      vertex 6.05442 -59.8229 9.53674e-07
    endloop
  endfacet
  facet normal 0.939142 -0.343528 0
    outer loop
      vertex 6.07715 -59.7435 0.400001
      vertex 6.10495 -59.6675 9.53674e-07
      vertex 6.10495 -59.6675 0.400001
    endloop
  endfacet
  facet normal 0.939142 -0.343528 0
    outer loop
      vertex 6.10495 -59.6675 9.53674e-07
      vertex 6.07715 -59.7435 0.400001
      vertex 6.07715 -59.7435 9.53674e-07
    endloop
  endfacet
  facet normal 0.911287 -0.411771 0
    outer loop
      vertex 6.10495 -59.6675 0.400001
      vertex 6.1378 -59.5948 9.53674e-07
      vertex 6.1378 -59.5948 0.400001
    endloop
  endfacet
  facet normal 0.911287 -0.411771 0
    outer loop
      vertex 6.1378 -59.5948 9.53674e-07
      vertex 6.10495 -59.6675 0.400001
      vertex 6.10495 -59.6675 9.53674e-07
    endloop
  endfacet
  facet normal 0.876647 -0.481134 0
    outer loop
      vertex 6.1378 -59.5948 0.400001
      vertex 6.17545 -59.5262 9.53674e-07
      vertex 6.17545 -59.5262 0.400001
    endloop
  endfacet
  facet normal 0.876647 -0.481134 0
    outer loop
      vertex 6.17545 -59.5262 9.53674e-07
      vertex 6.1378 -59.5948 0.400001
      vertex 6.1378 -59.5948 9.53674e-07
    endloop
  endfacet
  facet normal 0.834237 -0.551407 0
    outer loop
      vertex 6.17545 -59.5262 0.400001
      vertex 6.21762 -59.4624 9.53674e-07
      vertex 6.21762 -59.4624 0.400001
    endloop
  endfacet
  facet normal 0.834237 -0.551407 0
    outer loop
      vertex 6.21762 -59.4624 9.53674e-07
      vertex 6.17545 -59.5262 0.400001
      vertex 6.17545 -59.5262 9.53674e-07
    endloop
  endfacet
  facet normal 0.783906 -0.62088 0
    outer loop
      vertex 6.21762 -59.4624 0.400001
      vertex 6.26435 -59.4034 9.53674e-07
      vertex 6.26435 -59.4034 0.400001
    endloop
  endfacet
  facet normal 0.783906 -0.62088 0
    outer loop
      vertex 6.26435 -59.4034 9.53674e-07
      vertex 6.21762 -59.4624 0.400001
      vertex 6.21762 -59.4624 9.53674e-07
    endloop
  endfacet
  facet normal 0.726604 -0.687056 0
    outer loop
      vertex 6.26435 -59.4034 0.400001
      vertex 6.3156 -59.3492 9.53674e-07
      vertex 6.3156 -59.3492 0.400001
    endloop
  endfacet
  facet normal 0.726604 -0.687056 0
    outer loop
      vertex 6.3156 -59.3492 9.53674e-07
      vertex 6.26435 -59.4034 0.400001
      vertex 6.26435 -59.4034 9.53674e-07
    endloop
  endfacet
  facet normal 0.663681 -0.748016 0
    outer loop
      vertex 6.3156 -59.3492 9.53674e-07
      vertex 6.37139 -59.2997 0.400001
      vertex 6.3156 -59.3492 0.400001
    endloop
  endfacet
  facet normal 0.663681 -0.748016 0
    outer loop
      vertex 6.37139 -59.2997 0.400001
      vertex 6.3156 -59.3492 9.53674e-07
      vertex 6.37139 -59.2997 9.53674e-07
    endloop
  endfacet
  facet normal 0.595323 -0.803486 0
    outer loop
      vertex 6.37139 -59.2997 9.53674e-07
      vertex 6.43172 -59.255 0.400001
      vertex 6.37139 -59.2997 0.400001
    endloop
  endfacet
  facet normal 0.595323 -0.803486 0
    outer loop
      vertex 6.43172 -59.255 0.400001
      vertex 6.37139 -59.2997 9.53674e-07
      vertex 6.43172 -59.255 9.53674e-07
    endloop
  endfacet
  facet normal 0.523966 -0.851739 0
    outer loop
      vertex 6.43172 -59.255 9.53674e-07
      vertex 6.49658 -59.2151 0.400001
      vertex 6.43172 -59.255 0.400001
    endloop
  endfacet
  facet normal 0.523966 -0.851739 0
    outer loop
      vertex 6.49658 -59.2151 0.400001
      vertex 6.43172 -59.255 9.53674e-07
      vertex 6.49658 -59.2151 9.53674e-07
    endloop
  endfacet
  facet normal 0.450629 -0.892711 0
    outer loop
      vertex 6.49658 -59.2151 9.53674e-07
      vertex 6.56552 -59.1803 0.400001
      vertex 6.49658 -59.2151 0.400001
    endloop
  endfacet
  facet normal 0.450629 -0.892711 0
    outer loop
      vertex 6.56552 -59.1803 0.400001
      vertex 6.49658 -59.2151 9.53674e-07
      vertex 6.56552 -59.1803 9.53674e-07
    endloop
  endfacet
  facet normal 0.376579 -0.926384 0
    outer loop
      vertex 6.56552 -59.1803 9.53674e-07
      vertex 6.63809 -59.1508 0.400001
      vertex 6.56552 -59.1803 0.400001
    endloop
  endfacet
  facet normal 0.376579 -0.926384 0
    outer loop
      vertex 6.63809 -59.1508 0.400001
      vertex 6.56552 -59.1803 9.53674e-07
      vertex 6.63809 -59.1508 9.53674e-07
    endloop
  endfacet
  facet normal 0.301515 -0.953462 0
    outer loop
      vertex 6.63809 -59.1508 9.53674e-07
      vertex 6.7143 -59.1267 0.400001
      vertex 6.63809 -59.1508 0.400001
    endloop
  endfacet
  facet normal 0.301515 -0.953462 0
    outer loop
      vertex 6.7143 -59.1267 0.400001
      vertex 6.63809 -59.1508 9.53674e-07
      vertex 6.7143 -59.1267 9.53674e-07
    endloop
  endfacet
  facet normal 0.228101 -0.973637 0
    outer loop
      vertex 6.7143 -59.1267 9.53674e-07
      vertex 6.79412 -59.108 0.400001
      vertex 6.7143 -59.1267 0.400001
    endloop
  endfacet
  facet normal 0.228101 -0.973637 0
    outer loop
      vertex 6.79412 -59.108 0.400001
      vertex 6.7143 -59.1267 9.53674e-07
      vertex 6.79412 -59.108 9.53674e-07
    endloop
  endfacet
  facet normal 0.158581 -0.987346 0
    outer loop
      vertex 6.79412 -59.108 9.53674e-07
      vertex 6.87755 -59.0946 0.400001
      vertex 6.79412 -59.108 0.400001
    endloop
  endfacet
  facet normal 0.158581 -0.987346 0
    outer loop
      vertex 6.87755 -59.0946 0.400001
      vertex 6.79412 -59.108 9.53674e-07
      vertex 6.87755 -59.0946 9.53674e-07
    endloop
  endfacet
  facet normal 0.0926497 -0.995699 0
    outer loop
      vertex 6.87755 -59.0946 9.53674e-07
      vertex 6.9646 -59.0865 0.400001
      vertex 6.87755 -59.0946 0.400001
    endloop
  endfacet
  facet normal 0.0926497 -0.995699 0
    outer loop
      vertex 6.9646 -59.0865 0.400001
      vertex 6.87755 -59.0946 9.53674e-07
      vertex 6.9646 -59.0865 9.53674e-07
    endloop
  endfacet
  facet normal 0.0286573 -0.999589 0
    outer loop
      vertex 6.9646 -59.0865 9.53674e-07
      vertex 7.05529 -59.0839 0.400001
      vertex 6.9646 -59.0865 0.400001
    endloop
  endfacet
  facet normal 0.0286573 -0.999589 0
    outer loop
      vertex 7.05529 -59.0839 0.400001
      vertex 6.9646 -59.0865 9.53674e-07
      vertex 7.05529 -59.0839 9.53674e-07
    endloop
  endfacet
  facet normal -0.0300132 -0.99955 0
    outer loop
      vertex 7.05529 -59.0839 9.53674e-07
      vertex 7.14521 -59.0866 0.400001
      vertex 7.05529 -59.0839 0.400001
    endloop
  endfacet
  facet normal -0.0300132 -0.99955 -0
    outer loop
      vertex 7.14521 -59.0866 0.400001
      vertex 7.05529 -59.0839 9.53674e-07
      vertex 7.14521 -59.0866 9.53674e-07
    endloop
  endfacet
  facet normal -0.153241 0.988189 0
    outer loop
      vertex 6.95742 -59.3198 9.53674e-07
      vertex 6.86585 -59.334 0.400001
      vertex 6.95742 -59.3198 0.400001
    endloop
  endfacet
  facet normal -0.153241 0.988189 0
    outer loop
      vertex 6.86585 -59.334 0.400001
      vertex 6.95742 -59.3198 9.53674e-07
      vertex 6.86585 -59.334 9.53674e-07
    endloop
  endfacet
  facet normal -0.26779 0.963477 0
    outer loop
      vertex 6.86585 -59.334 9.53674e-07
      vertex 6.78058 -59.3577 0.400001
      vertex 6.86585 -59.334 0.400001
    endloop
  endfacet
  facet normal -0.26779 0.963477 0
    outer loop
      vertex 6.78058 -59.3577 0.400001
      vertex 6.86585 -59.334 9.53674e-07
      vertex 6.78058 -59.3577 9.53674e-07
    endloop
  endfacet
  facet normal -0.386605 0.922245 0
    outer loop
      vertex 6.78058 -59.3577 9.53674e-07
      vertex 6.70162 -59.3908 0.400001
      vertex 6.78058 -59.3577 0.400001
    endloop
  endfacet
  facet normal -0.386605 0.922245 0
    outer loop
      vertex 6.70162 -59.3908 0.400001
      vertex 6.78058 -59.3577 9.53674e-07
      vertex 6.70162 -59.3908 9.53674e-07
    endloop
  endfacet
  facet normal -0.506605 0.862178 0
    outer loop
      vertex 6.70162 -59.3908 9.53674e-07
      vertex 6.62895 -59.4335 0.400001
      vertex 6.70162 -59.3908 0.400001
    endloop
  endfacet
  facet normal -0.506605 0.862178 0
    outer loop
      vertex 6.62895 -59.4335 0.400001
      vertex 6.70162 -59.3908 9.53674e-07
      vertex 6.62895 -59.4335 9.53674e-07
    endloop
  endfacet
  facet normal -0.616794 0.787124 0
    outer loop
      vertex 6.62895 -59.4335 9.53674e-07
      vertex 6.56259 -59.4855 0.400001
      vertex 6.62895 -59.4335 0.400001
    endloop
  endfacet
  facet normal -0.616794 0.787124 0
    outer loop
      vertex 6.56259 -59.4855 0.400001
      vertex 6.62895 -59.4335 9.53674e-07
      vertex 6.56259 -59.4855 9.53674e-07
    endloop
  endfacet
  facet normal -0.716058 0.698041 0
    outer loop
      vertex 6.50254 -59.5471 9.53674e-07
      vertex 6.56259 -59.4855 0.400001
      vertex 6.56259 -59.4855 9.53674e-07
    endloop
  endfacet
  facet normal -0.716058 0.698041 0
    outer loop
      vertex 6.56259 -59.4855 0.400001
      vertex 6.50254 -59.5471 9.53674e-07
      vertex 6.50254 -59.5471 0.400001
    endloop
  endfacet
  facet normal -0.796526 0.604604 0
    outer loop
      vertex 6.44971 -59.6167 9.53674e-07
      vertex 6.50254 -59.5471 0.400001
      vertex 6.50254 -59.5471 9.53674e-07
    endloop
  endfacet
  facet normal -0.796526 0.604604 0
    outer loop
      vertex 6.50254 -59.5471 0.400001
      vertex 6.44971 -59.6167 9.53674e-07
      vertex 6.44971 -59.6167 0.400001
    endloop
  endfacet
  facet normal -0.862735 0.505656 0
    outer loop
      vertex 6.40499 -59.693 9.53674e-07
      vertex 6.44971 -59.6167 0.400001
      vertex 6.44971 -59.6167 9.53674e-07
    endloop
  endfacet
  facet normal -0.862735 0.505656 0
    outer loop
      vertex 6.44971 -59.6167 0.400001
      vertex 6.40499 -59.693 9.53674e-07
      vertex 6.40499 -59.693 0.400001
    endloop
  endfacet
  facet normal -0.914891 0.4037 0
    outer loop
      vertex 6.36841 -59.7759 9.53674e-07
      vertex 6.40499 -59.693 0.400001
      vertex 6.40499 -59.693 9.53674e-07
    endloop
  endfacet
  facet normal -0.914891 0.4037 0
    outer loop
      vertex 6.40499 -59.693 0.400001
      vertex 6.36841 -59.7759 9.53674e-07
      vertex 6.36841 -59.7759 0.400001
    endloop
  endfacet
  facet normal -0.953077 0.302729 0
    outer loop
      vertex 6.33995 -59.8655 9.53674e-07
      vertex 6.36841 -59.7759 0.400001
      vertex 6.36841 -59.7759 9.53674e-07
    endloop
  endfacet
  facet normal -0.953077 0.302729 0
    outer loop
      vertex 6.36841 -59.7759 0.400001
      vertex 6.33995 -59.8655 9.53674e-07
      vertex 6.33995 -59.8655 0.400001
    endloop
  endfacet
  facet normal -0.978455 0.206461 0
    outer loop
      vertex 6.31963 -59.9618 9.53674e-07
      vertex 6.33995 -59.8655 0.400001
      vertex 6.33995 -59.8655 9.53674e-07
    endloop
  endfacet
  facet normal -0.978455 0.206461 0
    outer loop
      vertex 6.33995 -59.8655 0.400001
      vertex 6.31963 -59.9618 9.53674e-07
      vertex 6.31963 -59.9618 0.400001
    endloop
  endfacet
  facet normal -0.993069 0.117529 0
    outer loop
      vertex 6.30744 -60.0648 9.53674e-07
      vertex 6.31963 -59.9618 0.400001
      vertex 6.31963 -59.9618 9.53674e-07
    endloop
  endfacet
  facet normal -0.993069 0.117529 0
    outer loop
      vertex 6.31963 -59.9618 0.400001
      vertex 6.30744 -60.0648 9.53674e-07
      vertex 6.30744 -60.0648 0.400001
    endloop
  endfacet
  facet normal -0.999315 0.0370184 0
    outer loop
      vertex 6.30338 -60.1744 9.53674e-07
      vertex 6.30744 -60.0648 0.400001
      vertex 6.30744 -60.0648 9.53674e-07
    endloop
  endfacet
  facet normal -0.999315 0.0370184 0
    outer loop
      vertex 6.30744 -60.0648 0.400001
      vertex 6.30338 -60.1744 9.53674e-07
      vertex 6.30338 -60.1744 0.400001
    endloop
  endfacet
  facet normal -0.999339 -0.0363643 0
    outer loop
      vertex 6.30739 -60.2846 9.53674e-07
      vertex 6.30338 -60.1744 0.400001
      vertex 6.30338 -60.1744 9.53674e-07
    endloop
  endfacet
  facet normal -0.999339 -0.0363643 0
    outer loop
      vertex 6.30338 -60.1744 0.400001
      vertex 6.30739 -60.2846 9.53674e-07
      vertex 6.30739 -60.2846 0.400001
    endloop
  endfacet
  facet normal -0.993202 -0.116404 0
    outer loop
      vertex 6.31945 -60.3875 9.53674e-07
      vertex 6.30739 -60.2846 0.400001
      vertex 6.30739 -60.2846 9.53674e-07
    endloop
  endfacet
  facet normal -0.993202 -0.116404 0
    outer loop
      vertex 6.30739 -60.2846 0.400001
      vertex 6.31945 -60.3875 9.53674e-07
      vertex 6.31945 -60.3875 0.400001
    endloop
  endfacet
  facet normal -0.978668 -0.205449 0
    outer loop
      vertex 6.33954 -60.4832 9.53674e-07
      vertex 6.31945 -60.3875 0.400001
      vertex 6.31945 -60.3875 9.53674e-07
    endloop
  endfacet
  facet normal -0.978668 -0.205449 0
    outer loop
      vertex 6.31945 -60.3875 0.400001
      vertex 6.33954 -60.4832 9.53674e-07
      vertex 6.33954 -60.4832 0.400001
    endloop
  endfacet
  facet normal -0.952985 -0.303017 0
    outer loop
      vertex 6.36768 -60.5717 9.53674e-07
      vertex 6.33954 -60.4832 0.400001
      vertex 6.33954 -60.4832 9.53674e-07
    endloop
  endfacet
  facet normal -0.952985 -0.303017 0
    outer loop
      vertex 6.33954 -60.4832 0.400001
      vertex 6.36768 -60.5717 9.53674e-07
      vertex 6.36768 -60.5717 0.400001
    endloop
  endfacet
  facet normal -0.913514 -0.406806 0
    outer loop
      vertex 6.40384 -60.6529 9.53674e-07
      vertex 6.36768 -60.5717 0.400001
      vertex 6.36768 -60.5717 9.53674e-07
    endloop
  endfacet
  facet normal -0.913514 -0.406806 0
    outer loop
      vertex 6.36768 -60.5717 0.400001
      vertex 6.40384 -60.6529 9.53674e-07
      vertex 6.40384 -60.6529 0.400001
    endloop
  endfacet
  facet normal -0.858107 -0.513471 0
    outer loop
      vertex 6.44806 -60.7268 9.53674e-07
      vertex 6.40384 -60.6529 0.400001
      vertex 6.40384 -60.6529 9.53674e-07
    endloop
  endfacet
  facet normal -0.858107 -0.513471 0
    outer loop
      vertex 6.40384 -60.6529 0.400001
      vertex 6.44806 -60.7268 9.53674e-07
      vertex 6.44806 -60.7268 0.400001
    endloop
  endfacet
  facet normal -0.787333 -0.616528 0
    outer loop
      vertex 6.50029 -60.7935 9.53674e-07
      vertex 6.44806 -60.7268 0.400001
      vertex 6.44806 -60.7268 9.53674e-07
    endloop
  endfacet
  facet normal -0.787333 -0.616528 0
    outer loop
      vertex 6.44806 -60.7268 0.400001
      vertex 6.50029 -60.7935 9.53674e-07
      vertex 6.50029 -60.7935 0.400001
    endloop
  endfacet
  facet normal -0.70092 -0.71324 0
    outer loop
      vertex 6.50029 -60.7935 9.53674e-07
      vertex 6.55992 -60.8521 0.400001
      vertex 6.50029 -60.7935 0.400001
    endloop
  endfacet
  facet normal -0.70092 -0.71324 -0
    outer loop
      vertex 6.55992 -60.8521 0.400001
      vertex 6.50029 -60.7935 9.53674e-07
      vertex 6.55992 -60.8521 9.53674e-07
    endloop
  endfacet
  facet normal -0.598918 -0.800811 0
    outer loop
      vertex 6.55992 -60.8521 9.53674e-07
      vertex 6.62624 -60.9017 0.400001
      vertex 6.55992 -60.8521 0.400001
    endloop
  endfacet
  facet normal -0.598918 -0.800811 -0
    outer loop
      vertex 6.62624 -60.9017 0.400001
      vertex 6.55992 -60.8521 9.53674e-07
      vertex 6.62624 -60.9017 9.53674e-07
    endloop
  endfacet
  facet normal -0.485084 -0.874468 0
    outer loop
      vertex 6.62624 -60.9017 9.53674e-07
      vertex 6.69925 -60.9422 0.400001
      vertex 6.62624 -60.9017 0.400001
    endloop
  endfacet
  facet normal -0.485084 -0.874468 -0
    outer loop
      vertex 6.69925 -60.9422 0.400001
      vertex 6.62624 -60.9017 9.53674e-07
      vertex 6.69925 -60.9422 9.53674e-07
    endloop
  endfacet
  facet normal -0.368534 -0.929614 0
    outer loop
      vertex 6.69925 -60.9422 9.53674e-07
      vertex 6.77896 -60.9738 0.400001
      vertex 6.69925 -60.9422 0.400001
    endloop
  endfacet
  facet normal -0.368534 -0.929614 -0
    outer loop
      vertex 6.77896 -60.9738 0.400001
      vertex 6.69925 -60.9422 9.53674e-07
      vertex 6.77896 -60.9738 9.53674e-07
    endloop
  endfacet
  facet normal -0.251984 -0.967731 0
    outer loop
      vertex 6.77896 -60.9738 9.53674e-07
      vertex 6.86537 -60.9963 0.400001
      vertex 6.77896 -60.9738 0.400001
    endloop
  endfacet
  facet normal -0.251984 -0.967731 -0
    outer loop
      vertex 6.86537 -60.9963 0.400001
      vertex 6.77896 -60.9738 9.53674e-07
      vertex 6.86537 -60.9963 9.53674e-07
    endloop
  endfacet
  facet normal -0.143489 -0.989652 0
    outer loop
      vertex 6.86537 -60.9963 9.53674e-07
      vertex 6.95848 -61.0098 0.400001
      vertex 6.86537 -60.9963 0.400001
    endloop
  endfacet
  facet normal -0.143489 -0.989652 -0
    outer loop
      vertex 6.95848 -61.0098 0.400001
      vertex 6.86537 -60.9963 9.53674e-07
      vertex 6.95848 -61.0098 9.53674e-07
    endloop
  endfacet
  facet normal -0.0450399 -0.998985 0
    outer loop
      vertex 6.95848 -61.0098 9.53674e-07
      vertex 7.05829 -61.0143 0.400001
      vertex 6.95848 -61.0098 0.400001
    endloop
  endfacet
  facet normal -0.0450399 -0.998985 -0
    outer loop
      vertex 7.05829 -61.0143 0.400001
      vertex 6.95848 -61.0098 9.53674e-07
      vertex 7.05829 -61.0143 9.53674e-07
    endloop
  endfacet
  facet normal 0.0454122 -0.998968 0
    outer loop
      vertex 7.05829 -61.0143 9.53674e-07
      vertex 7.15728 -61.0098 0.400001
      vertex 7.05829 -61.0143 0.400001
    endloop
  endfacet
  facet normal 0.0454122 -0.998968 0
    outer loop
      vertex 7.15728 -61.0098 0.400001
      vertex 7.05829 -61.0143 9.53674e-07
      vertex 7.15728 -61.0098 9.53674e-07
    endloop
  endfacet
  facet normal 0.146681 -0.989184 0
    outer loop
      vertex 7.15728 -61.0098 9.53674e-07
      vertex 7.24967 -60.9961 0.400001
      vertex 7.15728 -61.0098 0.400001
    endloop
  endfacet
  facet normal 0.146681 -0.989184 0
    outer loop
      vertex 7.24967 -60.9961 0.400001
      vertex 7.15728 -61.0098 9.53674e-07
      vertex 7.24967 -60.9961 9.53674e-07
    endloop
  endfacet
  facet normal 0.257929 -0.966164 0
    outer loop
      vertex 7.24967 -60.9961 9.53674e-07
      vertex 7.33545 -60.9732 0.400001
      vertex 7.24967 -60.9961 0.400001
    endloop
  endfacet
  facet normal 0.257929 -0.966164 0
    outer loop
      vertex 7.33545 -60.9732 0.400001
      vertex 7.24967 -60.9961 9.53674e-07
      vertex 7.33545 -60.9732 9.53674e-07
    endloop
  endfacet
  facet normal 0.373692 -0.927553 0
    outer loop
      vertex 7.33545 -60.9732 9.53674e-07
      vertex 7.41463 -60.9413 0.400001
      vertex 7.33545 -60.9732 0.400001
    endloop
  endfacet
  facet normal 0.373692 -0.927553 0
    outer loop
      vertex 7.41463 -60.9413 0.400001
      vertex 7.33545 -60.9732 9.53674e-07
      vertex 7.41463 -60.9413 9.53674e-07
    endloop
  endfacet
  facet normal 0.492804 -0.87014 0
    outer loop
      vertex 7.41463 -60.9413 9.53674e-07
      vertex 7.4872 -60.9002 0.400001
      vertex 7.41463 -60.9413 0.400001
    endloop
  endfacet
  facet normal 0.492804 -0.87014 0
    outer loop
      vertex 7.4872 -60.9002 0.400001
      vertex 7.41463 -60.9413 9.53674e-07
      vertex 7.4872 -60.9002 9.53674e-07
    endloop
  endfacet
  facet normal 0.606443 -0.795127 0
    outer loop
      vertex 7.4872 -60.9002 9.53674e-07
      vertex 7.55315 -60.8499 0.400001
      vertex 7.4872 -60.9002 0.400001
    endloop
  endfacet
  facet normal 0.606443 -0.795127 0
    outer loop
      vertex 7.55315 -60.8499 0.400001
      vertex 7.4872 -60.9002 9.53674e-07
      vertex 7.55315 -60.8499 9.53674e-07
    endloop
  endfacet
  facet normal 0.707345 -0.706869 0
    outer loop
      vertex 7.55315 -60.8499 0.400001
      vertex 7.61251 -60.7905 9.53674e-07
      vertex 7.61251 -60.7905 0.400001
    endloop
  endfacet
  facet normal 0.707345 -0.706869 0
    outer loop
      vertex 7.61251 -60.7905 9.53674e-07
      vertex 7.55315 -60.8499 0.400001
      vertex 7.55315 -60.8499 9.53674e-07
    endloop
  endfacet
  facet normal 0.791083 -0.611708 0
    outer loop
      vertex 7.61251 -60.7905 0.400001
      vertex 7.66455 -60.7232 9.53674e-07
      vertex 7.66455 -60.7232 0.400001
    endloop
  endfacet
  facet normal 0.791083 -0.611708 0
    outer loop
      vertex 7.66455 -60.7232 9.53674e-07
      vertex 7.61251 -60.7905 0.400001
      vertex 7.61251 -60.7905 9.53674e-07
    endloop
  endfacet
  facet normal 0.860239 -0.509891 0
    outer loop
      vertex 7.66455 -60.7232 0.400001
      vertex 7.70859 -60.6489 9.53674e-07
      vertex 7.70859 -60.6489 0.400001
    endloop
  endfacet
  facet normal 0.860239 -0.509891 0
    outer loop
      vertex 7.70859 -60.6489 9.53674e-07
      vertex 7.66455 -60.7232 0.400001
      vertex 7.66455 -60.7232 9.53674e-07
    endloop
  endfacet
  facet normal 0.91383 -0.406097 0
    outer loop
      vertex 7.70859 -60.6489 0.400001
      vertex 7.74463 -60.5678 9.53674e-07
      vertex 7.74463 -60.5678 0.400001
    endloop
  endfacet
  facet normal 0.91383 -0.406097 0
    outer loop
      vertex 7.74463 -60.5678 9.53674e-07
      vertex 7.70859 -60.6489 0.400001
      vertex 7.70859 -60.6489 9.53674e-07
    endloop
  endfacet
  facet normal 0.952963 -0.303088 0
    outer loop
      vertex 7.74463 -60.5678 0.400001
      vertex 7.77265 -60.4797 9.53674e-07
      vertex 7.77265 -60.4797 0.400001
    endloop
  endfacet
  facet normal 0.952963 -0.303088 0
    outer loop
      vertex 7.77265 -60.4797 9.53674e-07
      vertex 7.74463 -60.5678 0.400001
      vertex 7.74463 -60.5678 9.53674e-07
    endloop
  endfacet
  facet normal 0.978464 -0.206416 0
    outer loop
      vertex 7.77265 -60.4797 0.400001
      vertex 7.79267 -60.3848 9.53674e-07
      vertex 7.79267 -60.3848 0.400001
    endloop
  endfacet
  facet normal 0.978464 -0.206416 0
    outer loop
      vertex 7.79267 -60.3848 9.53674e-07
      vertex 7.77265 -60.4797 0.400001
      vertex 7.77265 -60.4797 9.53674e-07
    endloop
  endfacet
  facet normal 0.993099 -0.117277 0
    outer loop
      vertex 7.79267 -60.3848 0.400001
      vertex 7.80468 -60.2831 9.53674e-07
      vertex 7.80468 -60.2831 0.400001
    endloop
  endfacet
  facet normal 0.993099 -0.117277 0
    outer loop
      vertex 7.80468 -60.2831 9.53674e-07
      vertex 7.79267 -60.3848 0.400001
      vertex 7.79267 -60.3848 9.53674e-07
    endloop
  endfacet
  facet normal 0.99932 -0.0368654 0
    outer loop
      vertex 7.80468 -60.2831 0.400001
      vertex 7.80869 -60.1744 9.53674e-07
      vertex 7.80869 -60.1744 0.400001
    endloop
  endfacet
  facet normal 0.99932 -0.0368654 0
    outer loop
      vertex 7.80869 -60.1744 9.53674e-07
      vertex 7.80468 -60.2831 0.400001
      vertex 7.80468 -60.2831 9.53674e-07
    endloop
  endfacet
  facet normal 0.999385 0.0350754 0
    outer loop
      vertex 7.80869 -60.1744 0.400001
      vertex 7.80471 -60.061 9.53674e-07
      vertex 7.80471 -60.061 0.400001
    endloop
  endfacet
  facet normal 0.999385 0.0350754 0
    outer loop
      vertex 7.80471 -60.061 9.53674e-07
      vertex 7.80869 -60.1744 0.400001
      vertex 7.80869 -60.1744 9.53674e-07
    endloop
  endfacet
  facet normal 0.993725 0.111853 0
    outer loop
      vertex 7.80471 -60.061 0.400001
      vertex 7.79279 -59.9551 9.53674e-07
      vertex 7.79279 -59.9551 0.400001
    endloop
  endfacet
  facet normal 0.993725 0.111853 0
    outer loop
      vertex 7.79279 -59.9551 9.53674e-07
      vertex 7.80471 -60.061 0.400001
      vertex 7.80471 -60.061 9.53674e-07
    endloop
  endfacet
  facet normal 0.980137 0.198323 0
    outer loop
      vertex 7.79279 -59.9551 0.400001
      vertex 7.77292 -59.8569 9.53674e-07
      vertex 7.77292 -59.8569 0.400001
    endloop
  endfacet
  facet normal 0.980137 0.198323 0
    outer loop
      vertex 7.77292 -59.8569 9.53674e-07
      vertex 7.79279 -59.9551 0.400001
      vertex 7.79279 -59.9551 9.53674e-07
    endloop
  endfacet
  facet normal 0.956038 0.293241 0
    outer loop
      vertex 7.77292 -59.8569 0.400001
      vertex 7.7451 -59.7662 9.53674e-07
      vertex 7.7451 -59.7662 0.400001
    endloop
  endfacet
  facet normal 0.956038 0.293241 0
    outer loop
      vertex 7.7451 -59.7662 9.53674e-07
      vertex 7.77292 -59.8569 0.400001
      vertex 7.77292 -59.8569 9.53674e-07
    endloop
  endfacet
  facet normal 0.918601 0.395186 0
    outer loop
      vertex 7.7451 -59.7662 0.400001
      vertex 7.70935 -59.6831 9.53674e-07
      vertex 7.70935 -59.6831 0.400001
    endloop
  endfacet
  facet normal 0.918601 0.395186 0
    outer loop
      vertex 7.70935 -59.6831 9.53674e-07
      vertex 7.7451 -59.7662 0.400001
      vertex 7.7451 -59.7662 9.53674e-07
    endloop
  endfacet
  facet normal 0.865429 0.501032 0
    outer loop
      vertex 7.70935 -59.6831 0.400001
      vertex 7.66564 -59.6076 9.53674e-07
      vertex 7.66564 -59.6076 0.400001
    endloop
  endfacet
  facet normal 0.865429 0.501032 0
    outer loop
      vertex 7.66564 -59.6076 9.53674e-07
      vertex 7.70935 -59.6831 0.400001
      vertex 7.70935 -59.6831 9.53674e-07
    endloop
  endfacet
  facet normal 0.796331 0.604861 0
    outer loop
      vertex 7.66564 -59.6076 0.400001
      vertex 7.61399 -59.5396 9.53674e-07
      vertex 7.61399 -59.5396 0.400001
    endloop
  endfacet
  facet normal 0.796331 0.604861 0
    outer loop
      vertex 7.61399 -59.5396 9.53674e-07
      vertex 7.66564 -59.6076 0.400001
      vertex 7.66564 -59.6076 9.53674e-07
    endloop
  endfacet
  facet normal 0.710139 0.704062 0
    outer loop
      vertex 7.61399 -59.5396 0.400001
      vertex 7.5549 -59.48 9.53674e-07
      vertex 7.5549 -59.48 0.400001
    endloop
  endfacet
  facet normal 0.710139 0.704062 0
    outer loop
      vertex 7.5549 -59.48 9.53674e-07
      vertex 7.61399 -59.5396 0.400001
      vertex 7.61399 -59.5396 9.53674e-07
    endloop
  endfacet
  facet normal 0.606972 0.794723 -0
    outer loop
      vertex 7.5549 -59.48 9.53674e-07
      vertex 7.48891 -59.4296 0.400001
      vertex 7.5549 -59.48 0.400001
    endloop
  endfacet
  facet normal 0.606972 0.794723 0
    outer loop
      vertex 7.48891 -59.4296 0.400001
      vertex 7.5549 -59.48 9.53674e-07
      vertex 7.48891 -59.4296 9.53674e-07
    endloop
  endfacet
  facet normal 0.492069 0.870556 -0
    outer loop
      vertex 7.48891 -59.4296 9.53674e-07
      vertex 7.41602 -59.3884 0.400001
      vertex 7.48891 -59.4296 0.400001
    endloop
  endfacet
  facet normal 0.492069 0.870556 0
    outer loop
      vertex 7.41602 -59.3884 0.400001
      vertex 7.48891 -59.4296 9.53674e-07
      vertex 7.41602 -59.3884 9.53674e-07
    endloop
  endfacet
  facet normal 0.373114 0.927786 -0
    outer loop
      vertex 7.41602 -59.3884 9.53674e-07
      vertex 7.3362 -59.3563 0.400001
      vertex 7.41602 -59.3884 0.400001
    endloop
  endfacet
  facet normal 0.373114 0.927786 0
    outer loop
      vertex 7.3362 -59.3563 0.400001
      vertex 7.41602 -59.3884 9.53674e-07
      vertex 7.3362 -59.3563 9.53674e-07
    endloop
  endfacet
  facet normal 0.255316 0.966858 -0
    outer loop
      vertex 7.3362 -59.3563 9.53674e-07
      vertex 7.24948 -59.3334 0.400001
      vertex 7.3362 -59.3563 0.400001
    endloop
  endfacet
  facet normal 0.255316 0.966858 0
    outer loop
      vertex 7.24948 -59.3334 0.400001
      vertex 7.3362 -59.3563 9.53674e-07
      vertex 7.24948 -59.3334 9.53674e-07
    endloop
  endfacet
  facet normal 0.144764 0.989466 -0
    outer loop
      vertex 7.24948 -59.3334 9.53674e-07
      vertex 7.15584 -59.3197 0.400001
      vertex 7.24948 -59.3334 0.400001
    endloop
  endfacet
  facet normal 0.144764 0.989466 0
    outer loop
      vertex 7.15584 -59.3197 0.400001
      vertex 7.24948 -59.3334 9.53674e-07
      vertex 7.15584 -59.3197 9.53674e-07
    endloop
  endfacet
  facet normal 0.0457006 0.998955 -0
    outer loop
      vertex 7.15584 -59.3197 9.53674e-07
      vertex 7.05529 -59.3151 0.400001
      vertex 7.15584 -59.3197 0.400001
    endloop
  endfacet
  facet normal 0.0457006 0.998955 0
    outer loop
      vertex 7.05529 -59.3151 0.400001
      vertex 7.15584 -59.3197 9.53674e-07
      vertex 7.05529 -59.3151 9.53674e-07
    endloop
  endfacet
  facet normal -0.0479676 0.998849 0
    outer loop
      vertex 7.05529 -59.3151 9.53674e-07
      vertex 6.95742 -59.3198 0.400001
      vertex 7.05529 -59.3151 0.400001
    endloop
  endfacet
  facet normal -0.0479676 0.998849 0
    outer loop
      vertex 6.95742 -59.3198 0.400001
      vertex 7.05529 -59.3151 9.53674e-07
      vertex 6.95742 -59.3198 9.53674e-07
    endloop
  endfacet
  facet normal -0.999552 0.0299344 0
    outer loop
      vertex 3.38213 -60.7592 9.53674e-07
      vertex 3.38959 -60.5101 0.400001
      vertex 3.38959 -60.5101 9.53674e-07
    endloop
  endfacet
  facet normal -0.999552 0.0299344 0
    outer loop
      vertex 3.38959 -60.5101 0.400001
      vertex 3.38213 -60.7592 9.53674e-07
      vertex 3.38213 -60.7592 0.400001
    endloop
  endfacet
  facet normal -0.998674 0.0514866 0
    outer loop
      vertex 3.37467 -60.9039 9.53674e-07
      vertex 3.38213 -60.7592 0.400001
      vertex 3.38213 -60.7592 9.53674e-07
    endloop
  endfacet
  facet normal -0.998674 0.0514866 0
    outer loop
      vertex 3.38213 -60.7592 0.400001
      vertex 3.37467 -60.9039 9.53674e-07
      vertex 3.37467 -60.9039 0.400001
    endloop
  endfacet
  facet normal 0.846724 -0.532033 0
    outer loop
      vertex 3.37467 -60.9039 0.400001
      vertex 4.49953 -59.1137 9.53674e-07
      vertex 4.49953 -59.1137 0.400001
    endloop
  endfacet
  facet normal 0.846724 -0.532033 0
    outer loop
      vertex 4.49953 -59.1137 9.53674e-07
      vertex 3.37467 -60.9039 0.400001
      vertex 3.37467 -60.9039 9.53674e-07
    endloop
  endfacet
  facet normal 0 -1 0
    outer loop
      vertex 4.49953 -59.1137 9.53674e-07
      vertex 4.84267 -59.1137 0.400001
      vertex 4.49953 -59.1137 0.400001
    endloop
  endfacet
  facet normal 0 -1 -0
    outer loop
      vertex 4.84267 -59.1137 0.400001
      vertex 4.49953 -59.1137 9.53674e-07
      vertex 4.84267 -59.1137 9.53674e-07
    endloop
  endfacet
  facet normal -1 0 0
    outer loop
      vertex 4.84267 -61.2157 9.53674e-07
      vertex 4.84267 -59.1137 0.400001
      vertex 4.84267 -59.1137 9.53674e-07
    endloop
  endfacet
  facet normal -1 -0 0
    outer loop
      vertex 4.84267 -59.1137 0.400001
      vertex 4.84267 -61.2157 9.53674e-07
      vertex 4.84267 -61.2157 0.400001
    endloop
  endfacet
  facet normal 0 1 -0
    outer loop
      vertex 4.84267 -61.2157 9.53674e-07
      vertex 4.58606 -61.2157 0.400001
      vertex 4.84267 -61.2157 0.400001
    endloop
  endfacet
  facet normal 0 1 0
    outer loop
      vertex 4.58606 -61.2157 0.400001
      vertex 4.84267 -61.2157 9.53674e-07
      vertex 4.58606 -61.2157 9.53674e-07
    endloop
  endfacet
  facet normal 1 -0 0
    outer loop
      vertex 4.58606 -61.2157 0.400001
      vertex 4.58606 -59.8373 9.53674e-07
      vertex 4.58606 -59.8373 0.400001
    endloop
  endfacet
  facet normal 1 0 0
    outer loop
      vertex 4.58606 -59.8373 9.53674e-07
      vertex 4.58606 -61.2157 0.400001
      vertex 4.58606 -61.2157 9.53674e-07
    endloop
  endfacet
  facet normal 0.999963 -0.00857812 0
    outer loop
      vertex 4.58606 -59.8373 0.400001
      vertex 4.58641 -59.7965 9.53674e-07
      vertex 4.58641 -59.7965 0.400001
    endloop
  endfacet
  facet normal 0.999963 -0.00857812 0
    outer loop
      vertex 4.58641 -59.7965 9.53674e-07
      vertex 4.58606 -59.8373 0.400001
      vertex 4.58606 -59.8373 9.53674e-07
    endloop
  endfacet
  facet normal 0.999731 -0.0232005 0
    outer loop
      vertex 4.58641 -59.7965 0.400001
      vertex 4.58751 -59.7491 9.53674e-07
      vertex 4.58751 -59.7491 0.400001
    endloop
  endfacet
  facet normal 0.999731 -0.0232005 0
    outer loop
      vertex 4.58751 -59.7491 9.53674e-07
      vertex 4.58641 -59.7965 0.400001
      vertex 4.58641 -59.7965 9.53674e-07
    endloop
  endfacet
  facet normal 0.999426 -0.0338694 0
    outer loop
      vertex 4.58751 -59.7491 0.400001
      vertex 4.58934 -59.6951 9.53674e-07
      vertex 4.58934 -59.6951 0.400001
    endloop
  endfacet
  facet normal 0.999426 -0.0338694 0
    outer loop
      vertex 4.58934 -59.6951 9.53674e-07
      vertex 4.58751 -59.7491 0.400001
      vertex 4.58751 -59.7491 9.53674e-07
    endloop
  endfacet
  facet normal 0.999099 -0.0424411 0
    outer loop
      vertex 4.58934 -59.6951 0.400001
      vertex 4.59191 -59.6346 9.53674e-07
      vertex 4.59191 -59.6346 0.400001
    endloop
  endfacet
  facet normal 0.999099 -0.0424411 0
    outer loop
      vertex 4.59191 -59.6346 9.53674e-07
      vertex 4.58934 -59.6951 0.400001
      vertex 4.58934 -59.6951 9.53674e-07
    endloop
  endfacet
  facet normal 0.998807 -0.048824 0
    outer loop
      vertex 4.59191 -59.6346 0.400001
      vertex 4.59519 -59.5675 9.53674e-07
      vertex 4.59519 -59.5675 0.400001
    endloop
  endfacet
  facet normal 0.998807 -0.048824 0
    outer loop
      vertex 4.59519 -59.5675 9.53674e-07
      vertex 4.59191 -59.6346 0.400001
      vertex 4.59191 -59.6346 9.53674e-07
    endloop
  endfacet
  facet normal 0.998508 -0.0545996 0
    outer loop
      vertex 4.59519 -59.5675 0.400001
      vertex 4.59922 -59.4938 9.53674e-07
      vertex 4.59922 -59.4938 0.400001
    endloop
  endfacet
  facet normal 0.998508 -0.0545996 0
    outer loop
      vertex 4.59922 -59.4938 9.53674e-07
      vertex 4.59519 -59.5675 0.400001
      vertex 4.59519 -59.5675 9.53674e-07
    endloop
  endfacet
  facet normal 0.998258 -0.0589993 0
    outer loop
      vertex 4.59922 -59.4938 0.400001
      vertex 4.60396 -59.4136 9.53674e-07
      vertex 4.60396 -59.4136 0.400001
    endloop
  endfacet
  facet normal 0.998258 -0.0589993 0
    outer loop
      vertex 4.60396 -59.4136 9.53674e-07
      vertex 4.59922 -59.4938 0.400001
      vertex 4.59922 -59.4938 9.53674e-07
    endloop
  endfacet
  facet normal -0.845777 0.533537 0
    outer loop
      vertex 3.46715 -61.2157 9.53674e-07
      vertex 4.60396 -59.4136 0.400001
      vertex 4.60396 -59.4136 9.53674e-07
    endloop
  endfacet
  facet normal -0.845777 0.533537 0
    outer loop
      vertex 4.60396 -59.4136 0.400001
      vertex 3.46715 -61.2157 9.53674e-07
      vertex 3.46715 -61.2157 0.400001
    endloop
  endfacet
  facet normal 0 1 -0
    outer loop
      vertex 3.46715 -61.2157 9.53674e-07
      vertex 3.13597 -61.2157 0.400001
      vertex 3.46715 -61.2157 0.400001
    endloop
  endfacet
  facet normal 0 1 0
    outer loop
      vertex 3.13597 -61.2157 0.400001
      vertex 3.46715 -61.2157 9.53674e-07
      vertex 3.13597 -61.2157 9.53674e-07
    endloop
  endfacet
  facet normal 1 -0 0
    outer loop
      vertex 3.13597 -61.2157 0.400001
      vertex 3.13597 -59.1137 9.53674e-07
      vertex 3.13597 -59.1137 0.400001
    endloop
  endfacet
  facet normal 1 0 0
    outer loop
      vertex 3.13597 -59.1137 9.53674e-07
      vertex 3.13597 -61.2157 0.400001
      vertex 3.13597 -61.2157 9.53674e-07
    endloop
  endfacet
  facet normal 0 -1 0
    outer loop
      vertex 3.13597 -59.1137 9.53674e-07
      vertex 3.38959 -59.1137 0.400001
      vertex 3.13597 -59.1137 0.400001
    endloop
  endfacet
  facet normal 0 -1 -0
    outer loop
      vertex 3.38959 -59.1137 0.400001
      vertex 3.13597 -59.1137 9.53674e-07
      vertex 3.38959 -59.1137 9.53674e-07
    endloop
  endfacet
  facet normal -1 0 0
    outer loop
      vertex 3.38959 -60.5101 9.53674e-07
      vertex 3.38959 -59.1137 0.400001
      vertex 3.38959 -59.1137 9.53674e-07
    endloop
  endfacet
  facet normal -1 -0 0
    outer loop
      vertex 3.38959 -59.1137 0.400001
      vertex 3.38959 -60.5101 9.53674e-07
      vertex 3.38959 -60.5101 0.400001
    endloop
  endfacet
  facet normal 0 -1 0
    outer loop
      vertex 8.72585 -59.9656 9.53674e-07
      vertex 9.89844 -59.9656 0.400001
      vertex 8.72585 -59.9656 0.400001
    endloop
  endfacet
  facet normal 0 -1 -0
    outer loop
      vertex 9.89844 -59.9656 0.400001
      vertex 8.72585 -59.9656 9.53674e-07
      vertex 9.89844 -59.9656 9.53674e-07
    endloop
  endfacet
  facet normal -1 0 0
    outer loop
      vertex 9.89844 -60.2013 9.53674e-07
      vertex 9.89844 -59.9656 0.400001
      vertex 9.89844 -59.9656 9.53674e-07
    endloop
  endfacet
  facet normal -1 -0 0
    outer loop
      vertex 9.89844 -59.9656 0.400001
      vertex 9.89844 -60.2013 9.53674e-07
      vertex 9.89844 -60.2013 0.400001
    endloop
  endfacet
  facet normal 0 1 -0
    outer loop
      vertex 9.89844 -60.2013 9.53674e-07
      vertex 8.72585 -60.2013 0.400001
      vertex 9.89844 -60.2013 0.400001
    endloop
  endfacet
  facet normal 0 1 0
    outer loop
      vertex 8.72585 -60.2013 0.400001
      vertex 9.89844 -60.2013 9.53674e-07
      vertex 8.72585 -60.2013 9.53674e-07
    endloop
  endfacet
  facet normal -1 0 0
    outer loop
      vertex 8.72585 -60.983 9.53674e-07
      vertex 8.72585 -60.2013 0.400001
      vertex 8.72585 -60.2013 9.53674e-07
    endloop
  endfacet
  facet normal -1 -0 0
    outer loop
      vertex 8.72585 -60.2013 0.400001
      vertex 8.72585 -60.983 9.53674e-07
      vertex 8.72585 -60.983 0.400001
    endloop
  endfacet
  facet normal 0 -1 0
    outer loop
      vertex 8.72585 -60.983 9.53674e-07
      vertex 9.93425 -60.983 0.400001
      vertex 8.72585 -60.983 0.400001
    endloop
  endfacet
  facet normal 0 -1 -0
    outer loop
      vertex 9.93425 -60.983 0.400001
      vertex 8.72585 -60.983 9.53674e-07
      vertex 9.93425 -60.983 9.53674e-07
    endloop
  endfacet
  facet normal -1 0 0
    outer loop
      vertex 9.93425 -61.2157 9.53674e-07
      vertex 9.93425 -60.983 0.400001
      vertex 9.93425 -60.983 9.53674e-07
    endloop
  endfacet
  facet normal -1 -0 0
    outer loop
      vertex 9.93425 -60.983 0.400001
      vertex 9.93425 -61.2157 9.53674e-07
      vertex 9.93425 -61.2157 0.400001
    endloop
  endfacet
  facet normal 0 1 -0
    outer loop
      vertex 9.93425 -61.2157 9.53674e-07
      vertex 8.44089 -61.2157 0.400001
      vertex 9.93425 -61.2157 0.400001
    endloop
  endfacet
  facet normal 0 1 0
    outer loop
      vertex 8.44089 -61.2157 0.400001
      vertex 9.93425 -61.2157 9.53674e-07
      vertex 8.44089 -61.2157 9.53674e-07
    endloop
  endfacet
  facet normal 1 -0 0
    outer loop
      vertex 8.44089 -61.2157 0.400001
      vertex 8.44089 -59.1137 9.53674e-07
      vertex 8.44089 -59.1137 0.400001
    endloop
  endfacet
  facet normal 1 0 0
    outer loop
      vertex 8.44089 -59.1137 9.53674e-07
      vertex 8.44089 -61.2157 0.400001
      vertex 8.44089 -61.2157 9.53674e-07
    endloop
  endfacet
  facet normal 0 -1 0
    outer loop
      vertex 8.44089 -59.1137 9.53674e-07
      vertex 8.72585 -59.1137 0.400001
      vertex 8.44089 -59.1137 0.400001
    endloop
  endfacet
  facet normal 0 -1 -0
    outer loop
      vertex 8.72585 -59.1137 0.400001
      vertex 8.44089 -59.1137 9.53674e-07
      vertex 8.72585 -59.1137 9.53674e-07
    endloop
  endfacet
  facet normal -1 0 0
    outer loop
      vertex 8.72585 -59.9656 9.53674e-07
      vertex 8.72585 -59.1137 0.400001
      vertex 8.72585 -59.1137 9.53674e-07
    endloop
  endfacet
  facet normal -1 -0 0
    outer loop
      vertex 8.72585 -59.1137 0.400001
      vertex 8.72585 -59.9656 9.53674e-07
      vertex 8.72585 -59.9656 0.400001
    endloop
  endfacet
  facet normal 0 -1 0
    outer loop
      vertex 10.5486 -59.9656 9.53674e-07
      vertex 11.7211 -59.9656 0.400001
      vertex 10.5486 -59.9656 0.400001
    endloop
  endfacet
  facet normal 0 -1 -0
    outer loop
      vertex 11.7211 -59.9656 0.400001
      vertex 10.5486 -59.9656 9.53674e-07
      vertex 11.7211 -59.9656 9.53674e-07
    endloop
  endfacet
  facet normal -1 0 0
    outer loop
      vertex 11.7211 -60.2013 9.53674e-07
      vertex 11.7211 -59.9656 0.400001
      vertex 11.7211 -59.9656 9.53674e-07
    endloop
  endfacet
  facet normal -1 -0 0
    outer loop
      vertex 11.7211 -59.9656 0.400001
      vertex 11.7211 -60.2013 9.53674e-07
      vertex 11.7211 -60.2013 0.400001
    endloop
  endfacet
  facet normal 0 1 -0
    outer loop
      vertex 11.7211 -60.2013 9.53674e-07
      vertex 10.5486 -60.2013 0.400001
      vertex 11.7211 -60.2013 0.400001
    endloop
  endfacet
  facet normal 0 1 0
    outer loop
      vertex 10.5486 -60.2013 0.400001
      vertex 11.7211 -60.2013 9.53674e-07
      vertex 10.5486 -60.2013 9.53674e-07
    endloop
  endfacet
  facet normal -1 0 0
    outer loop
      vertex 10.5486 -60.983 9.53674e-07
      vertex 10.5486 -60.2013 0.400001
      vertex 10.5486 -60.2013 9.53674e-07
    endloop
  endfacet
  facet normal -1 -0 0
    outer loop
      vertex 10.5486 -60.2013 0.400001
      vertex 10.5486 -60.983 9.53674e-07
      vertex 10.5486 -60.983 0.400001
    endloop
  endfacet
  facet normal 0 -1 0
    outer loop
      vertex 10.5486 -60.983 9.53674e-07
      vertex 11.757 -60.983 0.400001
      vertex 10.5486 -60.983 0.400001
    endloop
  endfacet
  facet normal 0 -1 -0
    outer loop
      vertex 11.757 -60.983 0.400001
      vertex 10.5486 -60.983 9.53674e-07
      vertex 11.757 -60.983 9.53674e-07
    endloop
  endfacet
  facet normal -1 0 0
    outer loop
      vertex 11.757 -61.2157 9.53674e-07
      vertex 11.757 -60.983 0.400001
      vertex 11.757 -60.983 9.53674e-07
    endloop
  endfacet
  facet normal -1 -0 0
    outer loop
      vertex 11.757 -60.983 0.400001
      vertex 11.757 -61.2157 9.53674e-07
      vertex 11.757 -61.2157 0.400001
    endloop
  endfacet
  facet normal 0 1 -0
    outer loop
      vertex 11.757 -61.2157 9.53674e-07
      vertex 10.2636 -61.2157 0.400001
      vertex 11.757 -61.2157 0.400001
    endloop
  endfacet
  facet normal 0 1 0
    outer loop
      vertex 10.2636 -61.2157 0.400001
      vertex 11.757 -61.2157 9.53674e-07
      vertex 10.2636 -61.2157 9.53674e-07
    endloop
  endfacet
  facet normal 1 -0 0
    outer loop
      vertex 10.2636 -61.2157 0.400001
      vertex 10.2636 -59.1137 9.53674e-07
      vertex 10.2636 -59.1137 0.400001
    endloop
  endfacet
  facet normal 1 0 0
    outer loop
      vertex 10.2636 -59.1137 9.53674e-07
      vertex 10.2636 -61.2157 0.400001
      vertex 10.2636 -61.2157 9.53674e-07
    endloop
  endfacet
  facet normal 0 -1 0
    outer loop
      vertex 10.2636 -59.1137 9.53674e-07
      vertex 10.5486 -59.1137 0.400001
      vertex 10.2636 -59.1137 0.400001
    endloop
  endfacet
  facet normal 0 -1 -0
    outer loop
      vertex 10.5486 -59.1137 0.400001
      vertex 10.2636 -59.1137 9.53674e-07
      vertex 10.5486 -59.1137 9.53674e-07
    endloop
  endfacet
  facet normal -1 0 0
    outer loop
      vertex 10.5486 -59.9656 9.53674e-07
      vertex 10.5486 -59.1137 0.400001
      vertex 10.5486 -59.1137 9.53674e-07
    endloop
  endfacet
  facet normal -1 -0 0
    outer loop
      vertex 10.5486 -59.1137 0.400001
      vertex 10.5486 -59.9656 9.53674e-07
      vertex 10.5486 -59.9656 0.400001
    endloop
  endfacet
endsolid OpenSCAD_Model
