solid OpenSCAD_Model
  facet normal 0.709844 0.0465746 0.702817
    outer loop
      vertex 27.2706 46.0472 4.2
      vertex 26.3 45.75 5.2
      vertex 27.2901 45.75 4.2
    endloop
  endfacet
  facet normal 0.638056 -0.314491 0.702837
    outer loop
      vertex 27.115 44.8721 4.2
      vertex 26.1258 45.1 5.2
      vertex 26.9833 44.6049 4.2
    endloop
  endfacet
  facet normal -0.638056 0.314491 0.702837
    outer loop
      vertex 23.0167 46.8951 4.2
      vertex 22.885 46.6279 4.2
      vertex 23.8742 46.4 5.2
    endloop
  endfacet
  facet normal -0.395302 0.5914 0.702839
    outer loop
      vertex 23.8549 47.7333 4.2
      vertex 23.6073 47.5678 4.2
      vertex 24.35 46.8758 5.2
    endloop
  endfacet
  facet normal -0.709871 -0.0464323 0.7028
    outer loop
      vertex 22.7294 45.4528 4.2
      vertex 23.7111 45.5803 5.2
      vertex 23.7 45.75 5.2
    endloop
  endfacet
  facet normal -0.710315 -0.0417832 0.702643
    outer loop
      vertex 23.7111 45.5803 5.2
      vertex 22.7294 45.4528 4.2
      vertex 22.7295 45.4511 4.2
    endloop
  endfacet
  facet normal 0.138774 -0.697693 0.702827
    outer loop
      vertex 25.3365 44.4943 5.2
      vertex 25.3006 43.4798 4.2
      vertex 25.5927 43.5379 4.2
    endloop
  endfacet
  facet normal -0.138774 0.697693 0.702827
    outer loop
      vertex 24.6994 48.0202 4.2
      vertex 24.4073 47.9621 4.2
      vertex 24.6635 47.0057 5.2
    endloop
  endfacet
  facet normal 0.5914 0.395302 0.702839
    outer loop
      vertex 26.8178 47.1427 4.2
      vertex 26.1258 46.4 5.2
      vertex 26.9833 46.8951 4.2
    endloop
  endfacet
  facet normal 0.384932 -0.598783 0.702343
    outer loop
      vertex 25.7914 44.7186 5.2
      vertex 26.3927 43.9322 4.2
      vertex 26.3941 43.9331 4.2
    endloop
  endfacet
  facet normal 0.394997 -0.591659 0.702792
    outer loop
      vertex 26.3927 43.9322 4.2
      vertex 25.7914 44.7186 5.2
      vertex 25.65 44.6242 5.2
    endloop
  endfacet
  facet normal 0.709844 -0.0465746 0.702817
    outer loop
      vertex 27.2901 45.75 4.2
      vertex 26.3 45.75 5.2
      vertex 27.2706 45.4528 4.2
    endloop
  endfacet
  facet normal -0.598783 0.384932 0.702343
    outer loop
      vertex 23.1822 47.1427 4.2
      vertex 23.9686 46.5414 5.2
      vertex 23.1831 47.1441 4.2
    endloop
  endfacet
  facet normal -0.591659 0.394997 0.702792
    outer loop
      vertex 23.9686 46.5414 5.2
      vertex 23.1822 47.1427 4.2
      vertex 23.8742 46.4 5.2
    endloop
  endfacet
  facet normal -0.5914 0.395302 0.702839
    outer loop
      vertex 23.1822 47.1427 4.2
      vertex 23.0167 46.8951 4.2
      vertex 23.8742 46.4 5.2
    endloop
  endfacet
  facet normal -0.710315 0.0417832 0.702643
    outer loop
      vertex 22.7294 46.0472 4.2
      vertex 23.7111 45.9197 5.2
      vertex 22.7295 46.0489 4.2
    endloop
  endfacet
  facet normal -0.709871 0.0464323 0.7028
    outer loop
      vertex 23.7111 45.9197 5.2
      vertex 22.7294 46.0472 4.2
      vertex 23.7 45.75 5.2
    endloop
  endfacet
  facet normal -0.394997 -0.591659 0.702792
    outer loop
      vertex 24.2086 44.7186 5.2
      vertex 23.6073 43.9322 4.2
      vertex 24.35 44.6242 5.2
    endloop
  endfacet
  facet normal -0.384932 -0.598783 0.702343
    outer loop
      vertex 23.6073 43.9322 4.2
      vertex 24.2086 44.7186 5.2
      vertex 23.6059 43.9331 4.2
    endloop
  endfacet
  facet normal 0.138774 0.697693 0.702827
    outer loop
      vertex 25.5927 47.9621 4.2
      vertex 25.3006 48.0202 4.2
      vertex 25.3365 47.0057 5.2
    endloop
  endfacet
  facet normal 0.33518 0.628463 0.701918
    outer loop
      vertex 25.4975 46.951 5.2
      vertex 25.8779 47.865 4.2
      vertex 25.8764 47.8658 4.2
    endloop
  endfacet
  facet normal 0.314613 0.638012 0.702822
    outer loop
      vertex 25.8779 47.865 4.2
      vertex 25.4975 46.951 5.2
      vertex 25.65 46.8758 5.2
    endloop
  endfacet
  facet normal 0.123555 0.700147 0.703227
    outer loop
      vertex 25.1697 47.0389 5.2
      vertex 25.3006 48.0202 4.2
      vertex 25.2989 48.0205 4.2
    endloop
  endfacet
  facet normal 0.138868 0.697685 0.702816
    outer loop
      vertex 25.3006 48.0202 4.2
      vertex 25.1697 47.0389 5.2
      vertex 25.3365 47.0057 5.2
    endloop
  endfacet
  facet normal -0.0465746 0.709844 0.702817
    outer loop
      vertex 25 48.0401 4.2
      vertex 24.7028 48.0206 4.2
      vertex 25 47.05 5.2
    endloop
  endfacet
  facet normal 0.384932 0.598783 0.702343
    outer loop
      vertex 26.3927 47.5678 4.2
      vertex 25.7914 46.7814 5.2
      vertex 26.3941 47.5669 4.2
    endloop
  endfacet
  facet normal 0.394997 0.591659 0.702792
    outer loop
      vertex 25.7914 46.7814 5.2
      vertex 26.3927 47.5678 4.2
      vertex 25.65 46.8758 5.2
    endloop
  endfacet
  facet normal 0.591659 -0.394997 0.702792
    outer loop
      vertex 26.0314 44.9586 5.2
      vertex 26.8178 44.3573 4.2
      vertex 26.1258 45.1 5.2
    endloop
  endfacet
  facet normal 0.598783 -0.384932 0.702343
    outer loop
      vertex 26.8178 44.3573 4.2
      vertex 26.0314 44.9586 5.2
      vertex 26.8169 44.3559 4.2
    endloop
  endfacet
  facet normal 0.5914 -0.395302 0.702839
    outer loop
      vertex 26.9833 44.6049 4.2
      vertex 26.1258 45.1 5.2
      vertex 26.8178 44.3573 4.2
    endloop
  endfacet
  facet normal 0.673643 -0.228528 0.702838
    outer loop
      vertex 27.2115 45.1557 4.2
      vertex 26.201 45.2525 5.2
      vertex 27.1158 44.8736 4.2
    endloop
  endfacet
  facet normal -0.673643 0.228528 0.702838
    outer loop
      vertex 22.8842 46.6264 4.2
      vertex 22.7885 46.3443 4.2
      vertex 23.799 46.2475 5.2
    endloop
  endfacet
  facet normal -0.394997 0.591659 0.702792
    outer loop
      vertex 23.6073 47.5678 4.2
      vertex 24.2086 46.7814 5.2
      vertex 24.35 46.8758 5.2
    endloop
  endfacet
  facet normal -0.384932 0.598783 0.702343
    outer loop
      vertex 24.2086 46.7814 5.2
      vertex 23.6073 47.5678 4.2
      vertex 23.6059 47.5669 4.2
    endloop
  endfacet
  facet normal -0.482988 0.523237 0.7021
    outer loop
      vertex 23.6046 47.5657 4.2
      vertex 24.2086 46.7814 5.2
      vertex 23.6059 47.5669 4.2
    endloop
  endfacet
  facet normal -0.469351 0.534609 0.702782
    outer loop
      vertex 24.2086 46.7814 5.2
      vertex 23.6046 47.5657 4.2
      vertex 24.0808 46.6692 5.2
    endloop
  endfacet
  facet normal -0.469099 0.534783 0.702818
    outer loop
      vertex 23.6046 47.5657 4.2
      vertex 23.3807 47.3693 4.2
      vertex 24.0808 46.6692 5.2
    endloop
  endfacet
  facet normal -0.591659 -0.394997 0.702792
    outer loop
      vertex 23.1822 44.3573 4.2
      vertex 23.9686 44.9586 5.2
      vertex 23.8742 45.1 5.2
    endloop
  endfacet
  facet normal -0.598783 -0.384932 0.702343
    outer loop
      vertex 23.9686 44.9586 5.2
      vertex 23.1822 44.3573 4.2
      vertex 23.1831 44.3559 4.2
    endloop
  endfacet
  facet normal -0.638056 -0.314491 0.702837
    outer loop
      vertex 23.8742 45.1 5.2
      vertex 22.885 44.8721 4.2
      vertex 23.0167 44.6049 4.2
    endloop
  endfacet
  facet normal -0.5914 -0.395302 0.702839
    outer loop
      vertex 23.8742 45.1 5.2
      vertex 23.0167 44.6049 4.2
      vertex 23.1822 44.3573 4.2
    endloop
  endfacet
  facet normal -0.697693 0.138774 0.702827
    outer loop
      vertex 22.7879 46.3427 4.2
      vertex 22.7298 46.0506 4.2
      vertex 23.7443 46.0865 5.2
    endloop
  endfacet
  facet normal -0.673574 0.228848 0.702799
    outer loop
      vertex 22.7885 46.3443 4.2
      vertex 23.7443 46.0865 5.2
      vertex 23.799 46.2475 5.2
    endloop
  endfacet
  facet normal -0.666914 0.250093 0.701911
    outer loop
      vertex 23.7443 46.0865 5.2
      vertex 22.7885 46.3443 4.2
      vertex 22.7879 46.3427 4.2
    endloop
  endfacet
  facet normal 0.0465746 -0.709844 0.702817
    outer loop
      vertex 25 44.45 5.2
      vertex 25 43.4599 4.2
      vertex 25.2972 43.4794 4.2
    endloop
  endfacet
  facet normal -0.395302 -0.5914 0.702839
    outer loop
      vertex 24.35 44.6242 5.2
      vertex 23.6073 43.9322 4.2
      vertex 23.8549 43.7667 4.2
    endloop
  endfacet
  facet normal -0.314491 -0.638056 0.702837
    outer loop
      vertex 24.35 44.6242 5.2
      vertex 23.8549 43.7667 4.2
      vertex 24.1221 43.635 4.2
    endloop
  endfacet
  facet normal -0.228528 0.673643 0.702838
    outer loop
      vertex 24.4057 47.9615 4.2
      vertex 24.1236 47.8658 4.2
      vertex 24.5025 46.951 5.2
    endloop
  endfacet
  facet normal -0.250093 0.666914 0.701911
    outer loop
      vertex 24.4057 47.9615 4.2
      vertex 24.6635 47.0057 5.2
      vertex 24.4073 47.9621 4.2
    endloop
  endfacet
  facet normal -0.228848 0.673574 0.702799
    outer loop
      vertex 24.6635 47.0057 5.2
      vertex 24.4057 47.9615 4.2
      vertex 24.5025 46.951 5.2
    endloop
  endfacet
  facet normal -0.0464323 0.709871 0.7028
    outer loop
      vertex 24.7028 48.0206 4.2
      vertex 24.8303 47.0389 5.2
      vertex 25 47.05 5.2
    endloop
  endfacet
  facet normal -0.0417832 0.710315 0.702643
    outer loop
      vertex 24.8303 47.0389 5.2
      vertex 24.7028 48.0206 4.2
      vertex 24.7011 48.0205 4.2
    endloop
  endfacet
  facet normal 0.0417832 0.710315 0.702643
    outer loop
      vertex 25.2972 48.0206 4.2
      vertex 25.1697 47.0389 5.2
      vertex 25.2989 48.0205 4.2
    endloop
  endfacet
  facet normal 0.0464323 0.709871 0.7028
    outer loop
      vertex 25.1697 47.0389 5.2
      vertex 25.2972 48.0206 4.2
      vertex 25 47.05 5.2
    endloop
  endfacet
  facet normal 0.0465746 0.709844 0.702817
    outer loop
      vertex 25 48.0401 4.2
      vertex 25 47.05 5.2
      vertex 25.2972 48.0206 4.2
    endloop
  endfacet
  facet normal 0.598783 0.384932 0.702343
    outer loop
      vertex 26.0314 46.5414 5.2
      vertex 26.8178 47.1427 4.2
      vertex 26.8169 47.1441 4.2
    endloop
  endfacet
  facet normal 0.591659 0.394997 0.702792
    outer loop
      vertex 26.8178 47.1427 4.2
      vertex 26.0314 46.5414 5.2
      vertex 26.1258 46.4 5.2
    endloop
  endfacet
  facet normal 0.673643 0.228528 0.702838
    outer loop
      vertex 27.1158 46.6264 4.2
      vertex 26.201 46.2475 5.2
      vertex 27.2115 46.3443 4.2
    endloop
  endfacet
  facet normal 0.628463 0.33518 0.701918
    outer loop
      vertex 27.115 46.6279 4.2
      vertex 26.201 46.2475 5.2
      vertex 27.1158 46.6264 4.2
    endloop
  endfacet
  facet normal 0.638012 0.314613 0.702822
    outer loop
      vertex 26.201 46.2475 5.2
      vertex 27.115 46.6279 4.2
      vertex 26.1258 46.4 5.2
    endloop
  endfacet
  facet normal 0.638056 0.314491 0.702837
    outer loop
      vertex 26.9833 46.8951 4.2
      vertex 26.1258 46.4 5.2
      vertex 27.115 46.6279 4.2
    endloop
  endfacet
  facet normal 0.700147 0.123555 0.703227
    outer loop
      vertex 27.2702 46.0506 4.2
      vertex 26.2889 45.9197 5.2
      vertex 27.2705 46.0489 4.2
    endloop
  endfacet
  facet normal 0.697685 0.138868 0.702816
    outer loop
      vertex 26.2889 45.9197 5.2
      vertex 27.2702 46.0506 4.2
      vertex 26.2557 46.0865 5.2
    endloop
  endfacet
  facet normal 0.523237 0.482988 0.7021
    outer loop
      vertex 26.8157 47.1454 4.2
      vertex 26.0314 46.5414 5.2
      vertex 26.8169 47.1441 4.2
    endloop
  endfacet
  facet normal 0.534609 0.469351 0.702782
    outer loop
      vertex 26.0314 46.5414 5.2
      vertex 26.8157 47.1454 4.2
      vertex 25.9192 46.6692 5.2
    endloop
  endfacet
  facet normal 0.314491 0.638056 0.702837
    outer loop
      vertex 25.8779 47.865 4.2
      vertex 25.65 46.8758 5.2
      vertex 26.1451 47.7333 4.2
    endloop
  endfacet
  facet normal 0.395302 0.5914 0.702839
    outer loop
      vertex 26.1451 47.7333 4.2
      vertex 25.65 46.8758 5.2
      vertex 26.3927 47.5678 4.2
    endloop
  endfacet
  facet normal 0.228528 0.673643 0.702838
    outer loop
      vertex 25.5943 47.9615 4.2
      vertex 25.4975 46.951 5.2
      vertex 25.8764 47.8658 4.2
    endloop
  endfacet
  facet normal 0.250093 0.666914 0.701911
    outer loop
      vertex 25.3365 47.0057 5.2
      vertex 25.5943 47.9615 4.2
      vertex 25.5927 47.9621 4.2
    endloop
  endfacet
  facet normal 0.228848 0.673574 0.702799
    outer loop
      vertex 25.5943 47.9615 4.2
      vertex 25.3365 47.0057 5.2
      vertex 25.4975 46.951 5.2
    endloop
  endfacet
  facet normal 0.482988 0.523237 0.7021
    outer loop
      vertex 25.7914 46.7814 5.2
      vertex 26.3954 47.5657 4.2
      vertex 26.3941 47.5669 4.2
    endloop
  endfacet
  facet normal 0.469351 0.534609 0.702782
    outer loop
      vertex 26.3954 47.5657 4.2
      vertex 25.7914 46.7814 5.2
      vertex 25.9192 46.6692 5.2
    endloop
  endfacet
  facet normal 0.228528 -0.673643 0.702838
    outer loop
      vertex 25.8764 43.6342 4.2
      vertex 25.4975 44.549 5.2
      vertex 25.5943 43.5385 4.2
    endloop
  endfacet
  facet normal 0.228848 -0.673574 0.702799
    outer loop
      vertex 25.3365 44.4943 5.2
      vertex 25.5943 43.5385 4.2
      vertex 25.4975 44.549 5.2
    endloop
  endfacet
  facet normal 0.250093 -0.666914 0.701911
    outer loop
      vertex 25.5943 43.5385 4.2
      vertex 25.3365 44.4943 5.2
      vertex 25.5927 43.5379 4.2
    endloop
  endfacet
  facet normal 0.314613 -0.638012 0.702822
    outer loop
      vertex 25.4975 44.549 5.2
      vertex 25.8779 43.635 4.2
      vertex 25.65 44.6242 5.2
    endloop
  endfacet
  facet normal 0.33518 -0.628463 0.701918
    outer loop
      vertex 25.8779 43.635 4.2
      vertex 25.4975 44.549 5.2
      vertex 25.8764 43.6342 4.2
    endloop
  endfacet
  facet normal 0.314491 -0.638056 0.702837
    outer loop
      vertex 26.1451 43.7667 4.2
      vertex 25.65 44.6242 5.2
      vertex 25.8779 43.635 4.2
    endloop
  endfacet
  facet normal 0.395302 -0.5914 0.702839
    outer loop
      vertex 26.3927 43.9322 4.2
      vertex 25.65 44.6242 5.2
      vertex 26.1451 43.7667 4.2
    endloop
  endfacet
  facet normal 0.628463 -0.33518 0.701918
    outer loop
      vertex 26.201 45.2525 5.2
      vertex 27.115 44.8721 4.2
      vertex 27.1158 44.8736 4.2
    endloop
  endfacet
  facet normal 0.638012 -0.314613 0.702822
    outer loop
      vertex 27.115 44.8721 4.2
      vertex 26.201 45.2525 5.2
      vertex 26.1258 45.1 5.2
    endloop
  endfacet
  facet normal -0.33518 0.628463 0.701918
    outer loop
      vertex 24.1221 47.865 4.2
      vertex 24.5025 46.951 5.2
      vertex 24.1236 47.8658 4.2
    endloop
  endfacet
  facet normal -0.314613 0.638012 0.702822
    outer loop
      vertex 24.5025 46.951 5.2
      vertex 24.1221 47.865 4.2
      vertex 24.35 46.8758 5.2
    endloop
  endfacet
  facet normal -0.314491 0.638056 0.702837
    outer loop
      vertex 24.1221 47.865 4.2
      vertex 23.8549 47.7333 4.2
      vertex 24.35 46.8758 5.2
    endloop
  endfacet
  facet normal -0.534783 0.469099 0.702818
    outer loop
      vertex 23.3807 47.3693 4.2
      vertex 23.1843 47.1454 4.2
      vertex 24.0808 46.6692 5.2
    endloop
  endfacet
  facet normal -0.534609 0.469351 0.702782
    outer loop
      vertex 23.1843 47.1454 4.2
      vertex 23.9686 46.5414 5.2
      vertex 24.0808 46.6692 5.2
    endloop
  endfacet
  facet normal -0.523237 0.482988 0.7021
    outer loop
      vertex 23.9686 46.5414 5.2
      vertex 23.1843 47.1454 4.2
      vertex 23.1831 47.1441 4.2
    endloop
  endfacet
  facet normal -0.534609 -0.469351 0.702782
    outer loop
      vertex 23.9686 44.9586 5.2
      vertex 23.1843 44.3546 4.2
      vertex 24.0808 44.8308 5.2
    endloop
  endfacet
  facet normal -0.523237 -0.482988 0.7021
    outer loop
      vertex 23.1843 44.3546 4.2
      vertex 23.9686 44.9586 5.2
      vertex 23.1831 44.3559 4.2
    endloop
  endfacet
  facet normal -0.469334 -0.534589 0.702809
    outer loop
      vertex 23.6046 43.9342 4.2
      vertex 24.2086 44.7186 5.2
      vertex 24.0808 44.8308 5.2
    endloop
  endfacet
  facet normal -0.459281 -0.542786 0.703167
    outer loop
      vertex 24.2086 44.7186 5.2
      vertex 23.6046 43.9342 4.2
      vertex 23.6059 43.9331 4.2
    endloop
  endfacet
  facet normal -0.638012 -0.314613 0.702822
    outer loop
      vertex 23.799 45.2525 5.2
      vertex 22.885 44.8721 4.2
      vertex 23.8742 45.1 5.2
    endloop
  endfacet
  facet normal -0.628463 -0.33518 0.701918
    outer loop
      vertex 22.885 44.8721 4.2
      vertex 23.799 45.2525 5.2
      vertex 22.8842 44.8736 4.2
    endloop
  endfacet
  facet normal -0.673643 -0.228528 0.702838
    outer loop
      vertex 23.799 45.2525 5.2
      vertex 22.7885 45.1557 4.2
      vertex 22.8842 44.8736 4.2
    endloop
  endfacet
  facet normal -0.697685 -0.138868 0.702816
    outer loop
      vertex 23.7111 45.5803 5.2
      vertex 22.7298 45.4494 4.2
      vertex 23.7443 45.4135 5.2
    endloop
  endfacet
  facet normal -0.700147 -0.123555 0.703227
    outer loop
      vertex 22.7298 45.4494 4.2
      vertex 23.7111 45.5803 5.2
      vertex 22.7295 45.4511 4.2
    endloop
  endfacet
  facet normal 0 0 1
    outer loop
      vertex 26.2889 45.9197 5.2
      vertex 26.2889 45.5803 5.2
      vertex 26.3 45.75 5.2
    endloop
  endfacet
  facet normal 0 0 1
    outer loop
      vertex 26.2557 46.0865 5.2
      vertex 26.2889 45.5803 5.2
      vertex 26.2889 45.9197 5.2
    endloop
  endfacet
  facet normal 0 0 1
    outer loop
      vertex 26.2557 46.0865 5.2
      vertex 26.2557 45.4135 5.2
      vertex 26.2889 45.5803 5.2
    endloop
  endfacet
  facet normal 0 0 1
    outer loop
      vertex 26.201 46.2475 5.2
      vertex 26.2557 45.4135 5.2
      vertex 26.2557 46.0865 5.2
    endloop
  endfacet
  facet normal 0 0 1
    outer loop
      vertex 26.201 46.2475 5.2
      vertex 26.201 45.2525 5.2
      vertex 26.2557 45.4135 5.2
    endloop
  endfacet
  facet normal 0 0 1
    outer loop
      vertex 26.1258 46.4 5.2
      vertex 26.201 45.2525 5.2
      vertex 26.201 46.2475 5.2
    endloop
  endfacet
  facet normal 0 0 1
    outer loop
      vertex 26.1258 46.4 5.2
      vertex 26.1258 45.1 5.2
      vertex 26.201 45.2525 5.2
    endloop
  endfacet
  facet normal 0 0 1
    outer loop
      vertex 26.0314 46.5414 5.2
      vertex 26.1258 45.1 5.2
      vertex 26.1258 46.4 5.2
    endloop
  endfacet
  facet normal 0 0 1
    outer loop
      vertex 26.0314 46.5414 5.2
      vertex 26.0314 44.9586 5.2
      vertex 26.1258 45.1 5.2
    endloop
  endfacet
  facet normal 0 0 1
    outer loop
      vertex 25.9192 46.6692 5.2
      vertex 26.0314 44.9586 5.2
      vertex 26.0314 46.5414 5.2
    endloop
  endfacet
  facet normal 0 0 1
    outer loop
      vertex 25.9192 46.6692 5.2
      vertex 25.9192 44.8308 5.2
      vertex 26.0314 44.9586 5.2
    endloop
  endfacet
  facet normal 0 0 1
    outer loop
      vertex 25.7914 46.7814 5.2
      vertex 25.9192 44.8308 5.2
      vertex 25.9192 46.6692 5.2
    endloop
  endfacet
  facet normal 0 0 1
    outer loop
      vertex 25.7914 46.7814 5.2
      vertex 25.7914 44.7186 5.2
      vertex 25.9192 44.8308 5.2
    endloop
  endfacet
  facet normal 0 0 1
    outer loop
      vertex 25.65 46.8758 5.2
      vertex 25.7914 44.7186 5.2
      vertex 25.7914 46.7814 5.2
    endloop
  endfacet
  facet normal 0 0 1
    outer loop
      vertex 25.65 46.8758 5.2
      vertex 25.65 44.6242 5.2
      vertex 25.7914 44.7186 5.2
    endloop
  endfacet
  facet normal 0 0 1
    outer loop
      vertex 25.4975 46.951 5.2
      vertex 25.65 44.6242 5.2
      vertex 25.65 46.8758 5.2
    endloop
  endfacet
  facet normal 0 0 1
    outer loop
      vertex 25.4975 46.951 5.2
      vertex 25.4975 44.549 5.2
      vertex 25.65 44.6242 5.2
    endloop
  endfacet
  facet normal 0 0 1
    outer loop
      vertex 25.3365 47.0057 5.2
      vertex 25.4975 44.549 5.2
      vertex 25.4975 46.951 5.2
    endloop
  endfacet
  facet normal 0 0 1
    outer loop
      vertex 25.3365 47.0057 5.2
      vertex 25.3365 44.4943 5.2
      vertex 25.4975 44.549 5.2
    endloop
  endfacet
  facet normal 0 0 1
    outer loop
      vertex 25.1697 47.0389 5.2
      vertex 25.3365 44.4943 5.2
      vertex 25.3365 47.0057 5.2
    endloop
  endfacet
  facet normal 0 0 1
    outer loop
      vertex 25.1697 47.0389 5.2
      vertex 25.1697 44.4611 5.2
      vertex 25.3365 44.4943 5.2
    endloop
  endfacet
  facet normal 0 0 1
    outer loop
      vertex 25 47.05 5.2
      vertex 25.1697 44.4611 5.2
      vertex 25.1697 47.0389 5.2
    endloop
  endfacet
  facet normal 0 0 1
    outer loop
      vertex 25 47.05 5.2
      vertex 25 44.45 5.2
      vertex 25.1697 44.4611 5.2
    endloop
  endfacet
  facet normal -0 0 1
    outer loop
      vertex 24.8303 47.0389 5.2
      vertex 25 44.45 5.2
      vertex 25 47.05 5.2
    endloop
  endfacet
  facet normal 0 0 1
    outer loop
      vertex 24.8303 47.0389 5.2
      vertex 24.8303 44.4611 5.2
      vertex 25 44.45 5.2
    endloop
  endfacet
  facet normal -0 0 1
    outer loop
      vertex 24.6635 47.0057 5.2
      vertex 24.8303 44.4611 5.2
      vertex 24.8303 47.0389 5.2
    endloop
  endfacet
  facet normal 0 0 1
    outer loop
      vertex 24.6635 47.0057 5.2
      vertex 24.6635 44.4943 5.2
      vertex 24.8303 44.4611 5.2
    endloop
  endfacet
  facet normal -0 0 1
    outer loop
      vertex 24.5025 46.951 5.2
      vertex 24.6635 44.4943 5.2
      vertex 24.6635 47.0057 5.2
    endloop
  endfacet
  facet normal 0 0 1
    outer loop
      vertex 24.5025 46.951 5.2
      vertex 24.5025 44.549 5.2
      vertex 24.6635 44.4943 5.2
    endloop
  endfacet
  facet normal -0 0 1
    outer loop
      vertex 24.35 46.8758 5.2
      vertex 24.5025 44.549 5.2
      vertex 24.5025 46.951 5.2
    endloop
  endfacet
  facet normal 0 0 1
    outer loop
      vertex 24.35 46.8758 5.2
      vertex 24.35 44.6242 5.2
      vertex 24.5025 44.549 5.2
    endloop
  endfacet
  facet normal -0 0 1
    outer loop
      vertex 24.2086 46.7814 5.2
      vertex 24.35 44.6242 5.2
      vertex 24.35 46.8758 5.2
    endloop
  endfacet
  facet normal 0 0 1
    outer loop
      vertex 24.2086 46.7814 5.2
      vertex 24.2086 44.7186 5.2
      vertex 24.35 44.6242 5.2
    endloop
  endfacet
  facet normal -0 0 1
    outer loop
      vertex 24.0808 46.6692 5.2
      vertex 24.2086 44.7186 5.2
      vertex 24.2086 46.7814 5.2
    endloop
  endfacet
  facet normal 0 0 1
    outer loop
      vertex 24.0808 46.6692 5.2
      vertex 24.0808 44.8308 5.2
      vertex 24.2086 44.7186 5.2
    endloop
  endfacet
  facet normal -0 0 1
    outer loop
      vertex 23.9686 46.5414 5.2
      vertex 24.0808 44.8308 5.2
      vertex 24.0808 46.6692 5.2
    endloop
  endfacet
  facet normal 0 0 1
    outer loop
      vertex 23.9686 46.5414 5.2
      vertex 23.9686 44.9586 5.2
      vertex 24.0808 44.8308 5.2
    endloop
  endfacet
  facet normal -0 0 1
    outer loop
      vertex 23.8742 46.4 5.2
      vertex 23.9686 44.9586 5.2
      vertex 23.9686 46.5414 5.2
    endloop
  endfacet
  facet normal 0 0 1
    outer loop
      vertex 23.8742 46.4 5.2
      vertex 23.8742 45.1 5.2
      vertex 23.9686 44.9586 5.2
    endloop
  endfacet
  facet normal -0 0 1
    outer loop
      vertex 23.799 46.2475 5.2
      vertex 23.8742 45.1 5.2
      vertex 23.8742 46.4 5.2
    endloop
  endfacet
  facet normal 0 0 1
    outer loop
      vertex 23.799 46.2475 5.2
      vertex 23.799 45.2525 5.2
      vertex 23.8742 45.1 5.2
    endloop
  endfacet
  facet normal -0 0 1
    outer loop
      vertex 23.7443 46.0865 5.2
      vertex 23.799 45.2525 5.2
      vertex 23.799 46.2475 5.2
    endloop
  endfacet
  facet normal 0 0 1
    outer loop
      vertex 23.7443 46.0865 5.2
      vertex 23.7443 45.4135 5.2
      vertex 23.799 45.2525 5.2
    endloop
  endfacet
  facet normal -0 0 1
    outer loop
      vertex 23.7111 45.9197 5.2
      vertex 23.7443 45.4135 5.2
      vertex 23.7443 46.0865 5.2
    endloop
  endfacet
  facet normal 0 0 1
    outer loop
      vertex 23.7111 45.9197 5.2
      vertex 23.7111 45.5803 5.2
      vertex 23.7443 45.4135 5.2
    endloop
  endfacet
  facet normal 0 -0 1
    outer loop
      vertex 23.7111 45.5803 5.2
      vertex 23.7111 45.9197 5.2
      vertex 23.7 45.75 5.2
    endloop
  endfacet
  facet normal -0.697685 0.138868 0.702816
    outer loop
      vertex 22.7298 46.0506 4.2
      vertex 23.7111 45.9197 5.2
      vertex 23.7443 46.0865 5.2
    endloop
  endfacet
  facet normal -0.700147 0.123555 0.703227
    outer loop
      vertex 23.7111 45.9197 5.2
      vertex 22.7298 46.0506 4.2
      vertex 22.7295 46.0489 4.2
    endloop
  endfacet
  facet normal -0.638012 0.314613 0.702822
    outer loop
      vertex 22.885 46.6279 4.2
      vertex 23.799 46.2475 5.2
      vertex 23.8742 46.4 5.2
    endloop
  endfacet
  facet normal -0.628463 0.33518 0.701918
    outer loop
      vertex 23.799 46.2475 5.2
      vertex 22.885 46.6279 4.2
      vertex 22.8842 46.6264 4.2
    endloop
  endfacet
  facet normal 0.138868 -0.697685 0.702816
    outer loop
      vertex 25.1697 44.4611 5.2
      vertex 25.3006 43.4798 4.2
      vertex 25.3365 44.4943 5.2
    endloop
  endfacet
  facet normal 0.123555 -0.700147 0.703227
    outer loop
      vertex 25.3006 43.4798 4.2
      vertex 25.1697 44.4611 5.2
      vertex 25.2989 43.4795 4.2
    endloop
  endfacet
  facet normal -0.228528 -0.673643 0.702838
    outer loop
      vertex 24.5025 44.549 5.2
      vertex 24.1236 43.6342 4.2
      vertex 24.4057 43.5385 4.2
    endloop
  endfacet
  facet normal -0.228848 -0.673574 0.702799
    outer loop
      vertex 24.4057 43.5385 4.2
      vertex 24.6635 44.4943 5.2
      vertex 24.5025 44.549 5.2
    endloop
  endfacet
  facet normal -0.250093 -0.666914 0.701911
    outer loop
      vertex 24.6635 44.4943 5.2
      vertex 24.4057 43.5385 4.2
      vertex 24.4073 43.5379 4.2
    endloop
  endfacet
  facet normal -0.123555 0.700147 0.703227
    outer loop
      vertex 24.6994 48.0202 4.2
      vertex 24.8303 47.0389 5.2
      vertex 24.7011 48.0205 4.2
    endloop
  endfacet
  facet normal -0.138868 0.697685 0.702816
    outer loop
      vertex 24.8303 47.0389 5.2
      vertex 24.6994 48.0202 4.2
      vertex 24.6635 47.0057 5.2
    endloop
  endfacet
  facet normal 0.666914 0.250093 0.701911
    outer loop
      vertex 27.2115 46.3443 4.2
      vertex 26.2557 46.0865 5.2
      vertex 27.2121 46.3427 4.2
    endloop
  endfacet
  facet normal 0.673574 0.228848 0.702799
    outer loop
      vertex 26.2557 46.0865 5.2
      vertex 27.2115 46.3443 4.2
      vertex 26.201 46.2475 5.2
    endloop
  endfacet
  facet normal 0.697693 0.138774 0.702827
    outer loop
      vertex 27.2121 46.3427 4.2
      vertex 26.2557 46.0865 5.2
      vertex 27.2702 46.0506 4.2
    endloop
  endfacet
  facet normal 0.710315 0.0417832 0.702643
    outer loop
      vertex 26.2889 45.9197 5.2
      vertex 27.2706 46.0472 4.2
      vertex 27.2705 46.0489 4.2
    endloop
  endfacet
  facet normal 0.709871 0.0464323 0.7028
    outer loop
      vertex 27.2706 46.0472 4.2
      vertex 26.2889 45.9197 5.2
      vertex 26.3 45.75 5.2
    endloop
  endfacet
  facet normal 0.534783 0.469099 0.702818
    outer loop
      vertex 26.6193 47.3693 4.2
      vertex 25.9192 46.6692 5.2
      vertex 26.8157 47.1454 4.2
    endloop
  endfacet
  facet normal 0.469099 0.534783 0.702818
    outer loop
      vertex 26.3954 47.5657 4.2
      vertex 25.9192 46.6692 5.2
      vertex 26.6193 47.3693 4.2
    endloop
  endfacet
  facet normal 0.469334 -0.534589 0.702809
    outer loop
      vertex 25.7914 44.7186 5.2
      vertex 26.3954 43.9342 4.2
      vertex 25.9192 44.8308 5.2
    endloop
  endfacet
  facet normal 0.459281 -0.542786 0.703167
    outer loop
      vertex 26.3954 43.9342 4.2
      vertex 25.7914 44.7186 5.2
      vertex 26.3941 43.9331 4.2
    endloop
  endfacet
  facet normal 0.523237 -0.482988 0.7021
    outer loop
      vertex 26.0314 44.9586 5.2
      vertex 26.8157 44.3546 4.2
      vertex 26.8169 44.3559 4.2
    endloop
  endfacet
  facet normal 0.534609 -0.469351 0.702782
    outer loop
      vertex 26.8157 44.3546 4.2
      vertex 26.0314 44.9586 5.2
      vertex 25.9192 44.8308 5.2
    endloop
  endfacet
  facet normal 0.666914 -0.250093 0.701911
    outer loop
      vertex 26.2557 45.4135 5.2
      vertex 27.2115 45.1557 4.2
      vertex 27.2121 45.1573 4.2
    endloop
  endfacet
  facet normal 0.673574 -0.228848 0.702799
    outer loop
      vertex 27.2115 45.1557 4.2
      vertex 26.2557 45.4135 5.2
      vertex 26.201 45.2525 5.2
    endloop
  endfacet
  facet normal -0.469231 -0.53466 0.702824
    outer loop
      vertex 24.0808 44.8308 5.2
      vertex 23.3807 44.1307 4.2
      vertex 23.6046 43.9342 4.2
    endloop
  endfacet
  facet normal -0.534783 -0.469099 0.702818
    outer loop
      vertex 24.0808 44.8308 5.2
      vertex 23.1843 44.3546 4.2
      vertex 23.3807 44.1307 4.2
    endloop
  endfacet
  facet normal -0.673574 -0.228848 0.702799
    outer loop
      vertex 23.7443 45.4135 5.2
      vertex 22.7885 45.1557 4.2
      vertex 23.799 45.2525 5.2
    endloop
  endfacet
  facet normal -0.666914 -0.250093 0.701911
    outer loop
      vertex 22.7885 45.1557 4.2
      vertex 23.7443 45.4135 5.2
      vertex 22.7879 45.1573 4.2
    endloop
  endfacet
  facet normal -0.697693 -0.138774 0.702827
    outer loop
      vertex 23.7443 45.4135 5.2
      vertex 22.7298 45.4494 4.2
      vertex 22.7879 45.1573 4.2
    endloop
  endfacet
  facet normal -0.709844 0.0465746 0.702817
    outer loop
      vertex 22.7294 46.0472 4.2
      vertex 22.7099 45.75 4.2
      vertex 23.7 45.75 5.2
    endloop
  endfacet
  facet normal -0.709844 -0.0465746 0.702817
    outer loop
      vertex 23.7 45.75 5.2
      vertex 22.7099 45.75 4.2
      vertex 22.7294 45.4528 4.2
    endloop
  endfacet
  facet normal 0.0464323 -0.709871 0.7028
    outer loop
      vertex 25.2972 43.4794 4.2
      vertex 25.1697 44.4611 5.2
      vertex 25 44.45 5.2
    endloop
  endfacet
  facet normal 0.0417832 -0.710315 0.702643
    outer loop
      vertex 25.1697 44.4611 5.2
      vertex 25.2972 43.4794 4.2
      vertex 25.2989 43.4795 4.2
    endloop
  endfacet
  facet normal -0.0465746 -0.709844 0.702817
    outer loop
      vertex 25 44.45 5.2
      vertex 24.7028 43.4794 4.2
      vertex 25 43.4599 4.2
    endloop
  endfacet
  facet normal -0.314613 -0.638012 0.702822
    outer loop
      vertex 24.1221 43.635 4.2
      vertex 24.5025 44.549 5.2
      vertex 24.35 44.6242 5.2
    endloop
  endfacet
  facet normal -0.33518 -0.628463 0.701918
    outer loop
      vertex 24.5025 44.549 5.2
      vertex 24.1221 43.635 4.2
      vertex 24.1236 43.6342 4.2
    endloop
  endfacet
  facet normal -0.138774 -0.697693 0.702827
    outer loop
      vertex 24.6635 44.4943 5.2
      vertex 24.4073 43.5379 4.2
      vertex 24.6994 43.4798 4.2
    endloop
  endfacet
  facet normal 0.469231 -0.53466 0.702824
    outer loop
      vertex 26.6193 44.1307 4.2
      vertex 25.9192 44.8308 5.2
      vertex 26.3954 43.9342 4.2
    endloop
  endfacet
  facet normal 0.534783 -0.469099 0.702818
    outer loop
      vertex 26.8157 44.3546 4.2
      vertex 25.9192 44.8308 5.2
      vertex 26.6193 44.1307 4.2
    endloop
  endfacet
  facet normal 0.697693 -0.138774 0.702827
    outer loop
      vertex 27.2702 45.4494 4.2
      vertex 26.2557 45.4135 5.2
      vertex 27.2121 45.1573 4.2
    endloop
  endfacet
  facet normal -0.123555 -0.700147 0.703227
    outer loop
      vertex 24.8303 44.4611 5.2
      vertex 24.6994 43.4798 4.2
      vertex 24.7011 43.4795 4.2
    endloop
  endfacet
  facet normal -0.138868 -0.697685 0.702816
    outer loop
      vertex 24.6994 43.4798 4.2
      vertex 24.8303 44.4611 5.2
      vertex 24.6635 44.4943 5.2
    endloop
  endfacet
  facet normal -0.0417832 -0.710315 0.702643
    outer loop
      vertex 24.7028 43.4794 4.2
      vertex 24.8303 44.4611 5.2
      vertex 24.7011 43.4795 4.2
    endloop
  endfacet
  facet normal -0.0464323 -0.709871 0.7028
    outer loop
      vertex 24.8303 44.4611 5.2
      vertex 24.7028 43.4794 4.2
      vertex 25 44.45 5.2
    endloop
  endfacet
  facet normal 0.700147 -0.123555 0.703227
    outer loop
      vertex 26.2889 45.5803 5.2
      vertex 27.2702 45.4494 4.2
      vertex 27.2705 45.4511 4.2
    endloop
  endfacet
  facet normal 0.697685 -0.138868 0.702816
    outer loop
      vertex 27.2702 45.4494 4.2
      vertex 26.2889 45.5803 5.2
      vertex 26.2557 45.4135 5.2
    endloop
  endfacet
  facet normal 0.709871 -0.0464323 0.7028
    outer loop
      vertex 26.2889 45.5803 5.2
      vertex 27.2706 45.4528 4.2
      vertex 26.3 45.75 5.2
    endloop
  endfacet
  facet normal 0.710315 -0.0417832 0.702643
    outer loop
      vertex 27.2706 45.4528 4.2
      vertex 26.2889 45.5803 5.2
      vertex 27.2705 45.4511 4.2
    endloop
  endfacet
  facet normal 0.709844 0.0465746 0.702817
    outer loop
      vertex 27.2706 60.0472 4.2
      vertex 26.3 59.75 5.2
      vertex 27.2901 59.75 4.2
    endloop
  endfacet
  facet normal 0.638056 -0.314491 0.702837
    outer loop
      vertex 27.115 58.8721 4.2
      vertex 26.1258 59.1 5.2
      vertex 26.9833 58.6049 4.2
    endloop
  endfacet
  facet normal -0.638056 0.314491 0.702837
    outer loop
      vertex 23.0167 60.8951 4.2
      vertex 22.885 60.6279 4.2
      vertex 23.8742 60.4 5.2
    endloop
  endfacet
  facet normal -0.395302 0.5914 0.702839
    outer loop
      vertex 23.8549 61.7333 4.2
      vertex 23.6073 61.5678 4.2
      vertex 24.35 60.8758 5.2
    endloop
  endfacet
  facet normal -0.709871 -0.0464323 0.7028
    outer loop
      vertex 22.7294 59.4528 4.2
      vertex 23.7111 59.5803 5.2
      vertex 23.7 59.75 5.2
    endloop
  endfacet
  facet normal -0.710315 -0.0417832 0.702643
    outer loop
      vertex 23.7111 59.5803 5.2
      vertex 22.7294 59.4528 4.2
      vertex 22.7295 59.4511 4.2
    endloop
  endfacet
  facet normal 0.138774 -0.697693 0.702827
    outer loop
      vertex 25.3365 58.4943 5.2
      vertex 25.3006 57.4798 4.2
      vertex 25.5927 57.5379 4.2
    endloop
  endfacet
  facet normal -0.138774 0.697693 0.702827
    outer loop
      vertex 24.6994 62.0202 4.2
      vertex 24.4073 61.9621 4.2
      vertex 24.6635 61.0057 5.2
    endloop
  endfacet
  facet normal 0.5914 0.395302 0.702839
    outer loop
      vertex 26.8178 61.1427 4.2
      vertex 26.1258 60.4 5.2
      vertex 26.9833 60.8951 4.2
    endloop
  endfacet
  facet normal 0.384932 -0.598783 0.702343
    outer loop
      vertex 25.7914 58.7186 5.2
      vertex 26.3927 57.9322 4.2
      vertex 26.3941 57.9331 4.2
    endloop
  endfacet
  facet normal 0.394997 -0.591659 0.702792
    outer loop
      vertex 26.3927 57.9322 4.2
      vertex 25.7914 58.7186 5.2
      vertex 25.65 58.6242 5.2
    endloop
  endfacet
  facet normal 0.709844 -0.0465746 0.702817
    outer loop
      vertex 27.2901 59.75 4.2
      vertex 26.3 59.75 5.2
      vertex 27.2706 59.4528 4.2
    endloop
  endfacet
  facet normal -0.598783 0.384932 0.702343
    outer loop
      vertex 23.1822 61.1427 4.2
      vertex 23.9686 60.5414 5.2
      vertex 23.1831 61.1441 4.2
    endloop
  endfacet
  facet normal -0.591659 0.394997 0.702792
    outer loop
      vertex 23.9686 60.5414 5.2
      vertex 23.1822 61.1427 4.2
      vertex 23.8742 60.4 5.2
    endloop
  endfacet
  facet normal -0.5914 0.395302 0.702839
    outer loop
      vertex 23.1822 61.1427 4.2
      vertex 23.0167 60.8951 4.2
      vertex 23.8742 60.4 5.2
    endloop
  endfacet
  facet normal -0.394997 -0.591659 0.702792
    outer loop
      vertex 24.2086 58.7186 5.2
      vertex 23.6073 57.9322 4.2
      vertex 24.35 58.6242 5.2
    endloop
  endfacet
  facet normal -0.384932 -0.598783 0.702343
    outer loop
      vertex 23.6073 57.9322 4.2
      vertex 24.2086 58.7186 5.2
      vertex 23.6059 57.9331 4.2
    endloop
  endfacet
  facet normal 0.138774 0.697693 0.702827
    outer loop
      vertex 25.5927 61.9621 4.2
      vertex 25.3006 62.0202 4.2
      vertex 25.3365 61.0057 5.2
    endloop
  endfacet
  facet normal 0.33518 0.628463 0.701918
    outer loop
      vertex 25.4975 60.951 5.2
      vertex 25.8779 61.865 4.2
      vertex 25.8764 61.8658 4.2
    endloop
  endfacet
  facet normal 0.314613 0.638012 0.702822
    outer loop
      vertex 25.8779 61.865 4.2
      vertex 25.4975 60.951 5.2
      vertex 25.65 60.8758 5.2
    endloop
  endfacet
  facet normal 0.123555 0.700147 0.703227
    outer loop
      vertex 25.1697 61.0389 5.2
      vertex 25.3006 62.0202 4.2
      vertex 25.2989 62.0205 4.2
    endloop
  endfacet
  facet normal 0.138868 0.697685 0.702816
    outer loop
      vertex 25.3006 62.0202 4.2
      vertex 25.1697 61.0389 5.2
      vertex 25.3365 61.0057 5.2
    endloop
  endfacet
  facet normal -0.0465746 0.709844 0.702817
    outer loop
      vertex 25 62.0401 4.2
      vertex 24.7028 62.0206 4.2
      vertex 25 61.05 5.2
    endloop
  endfacet
  facet normal 0.384932 0.598783 0.702343
    outer loop
      vertex 26.3927 61.5678 4.2
      vertex 25.7914 60.7814 5.2
      vertex 26.3941 61.5669 4.2
    endloop
  endfacet
  facet normal 0.394997 0.591659 0.702792
    outer loop
      vertex 25.7914 60.7814 5.2
      vertex 26.3927 61.5678 4.2
      vertex 25.65 60.8758 5.2
    endloop
  endfacet
  facet normal 0.591659 -0.394997 0.702792
    outer loop
      vertex 26.0314 58.9586 5.2
      vertex 26.8178 58.3573 4.2
      vertex 26.1258 59.1 5.2
    endloop
  endfacet
  facet normal 0.598783 -0.384932 0.702343
    outer loop
      vertex 26.8178 58.3573 4.2
      vertex 26.0314 58.9586 5.2
      vertex 26.8169 58.3559 4.2
    endloop
  endfacet
  facet normal 0.5914 -0.395302 0.702839
    outer loop
      vertex 26.9833 58.6049 4.2
      vertex 26.1258 59.1 5.2
      vertex 26.8178 58.3573 4.2
    endloop
  endfacet
  facet normal 0.673643 -0.228528 0.702838
    outer loop
      vertex 27.2115 59.1557 4.2
      vertex 26.201 59.2525 5.2
      vertex 27.1158 58.8736 4.2
    endloop
  endfacet
  facet normal -0.673643 0.228528 0.702838
    outer loop
      vertex 22.8842 60.6264 4.2
      vertex 22.7885 60.3443 4.2
      vertex 23.799 60.2475 5.2
    endloop
  endfacet
  facet normal -0.394997 0.591659 0.702792
    outer loop
      vertex 23.6073 61.5678 4.2
      vertex 24.2086 60.7814 5.2
      vertex 24.35 60.8758 5.2
    endloop
  endfacet
  facet normal -0.384932 0.598783 0.702343
    outer loop
      vertex 24.2086 60.7814 5.2
      vertex 23.6073 61.5678 4.2
      vertex 23.6059 61.5669 4.2
    endloop
  endfacet
  facet normal -0.482988 0.523237 0.7021
    outer loop
      vertex 23.6046 61.5657 4.2
      vertex 24.2086 60.7814 5.2
      vertex 23.6059 61.5669 4.2
    endloop
  endfacet
  facet normal -0.469351 0.534609 0.702782
    outer loop
      vertex 24.2086 60.7814 5.2
      vertex 23.6046 61.5657 4.2
      vertex 24.0808 60.6692 5.2
    endloop
  endfacet
  facet normal -0.469099 0.534783 0.702818
    outer loop
      vertex 23.6046 61.5657 4.2
      vertex 23.3807 61.3693 4.2
      vertex 24.0808 60.6692 5.2
    endloop
  endfacet
  facet normal -0.534609 -0.469351 0.702782
    outer loop
      vertex 23.9686 58.9586 5.2
      vertex 23.1843 58.3546 4.2
      vertex 24.0808 58.8308 5.2
    endloop
  endfacet
  facet normal -0.523237 -0.482988 0.7021
    outer loop
      vertex 23.1843 58.3546 4.2
      vertex 23.9686 58.9586 5.2
      vertex 23.1831 58.3559 4.2
    endloop
  endfacet
  facet normal -0.638056 -0.314491 0.702837
    outer loop
      vertex 23.8742 59.1 5.2
      vertex 22.885 58.8721 4.2
      vertex 23.0167 58.6049 4.2
    endloop
  endfacet
  facet normal -0.591659 -0.394997 0.702792
    outer loop
      vertex 23.1822 58.3573 4.2
      vertex 23.9686 58.9586 5.2
      vertex 23.8742 59.1 5.2
    endloop
  endfacet
  facet normal -0.598783 -0.384932 0.702343
    outer loop
      vertex 23.9686 58.9586 5.2
      vertex 23.1822 58.3573 4.2
      vertex 23.1831 58.3559 4.2
    endloop
  endfacet
  facet normal -0.697693 0.138774 0.702827
    outer loop
      vertex 22.7879 60.3427 4.2
      vertex 22.7298 60.0506 4.2
      vertex 23.7443 60.0865 5.2
    endloop
  endfacet
  facet normal -0.673574 0.228848 0.702799
    outer loop
      vertex 22.7885 60.3443 4.2
      vertex 23.7443 60.0865 5.2
      vertex 23.799 60.2475 5.2
    endloop
  endfacet
  facet normal -0.666914 0.250093 0.701911
    outer loop
      vertex 23.7443 60.0865 5.2
      vertex 22.7885 60.3443 4.2
      vertex 22.7879 60.3427 4.2
    endloop
  endfacet
  facet normal 0.0465746 -0.709844 0.702817
    outer loop
      vertex 25 58.45 5.2
      vertex 25 57.4599 4.2
      vertex 25.2972 57.4794 4.2
    endloop
  endfacet
  facet normal -0.395302 -0.5914 0.702839
    outer loop
      vertex 24.35 58.6242 5.2
      vertex 23.6073 57.9322 4.2
      vertex 23.8549 57.7667 4.2
    endloop
  endfacet
  facet normal -0.314491 -0.638056 0.702837
    outer loop
      vertex 24.35 58.6242 5.2
      vertex 23.8549 57.7667 4.2
      vertex 24.1221 57.635 4.2
    endloop
  endfacet
  facet normal -0.228528 0.673643 0.702838
    outer loop
      vertex 24.4057 61.9615 4.2
      vertex 24.1236 61.8658 4.2
      vertex 24.5025 60.951 5.2
    endloop
  endfacet
  facet normal -0.250093 0.666914 0.701911
    outer loop
      vertex 24.4057 61.9615 4.2
      vertex 24.6635 61.0057 5.2
      vertex 24.4073 61.9621 4.2
    endloop
  endfacet
  facet normal -0.228848 0.673574 0.702799
    outer loop
      vertex 24.6635 61.0057 5.2
      vertex 24.4057 61.9615 4.2
      vertex 24.5025 60.951 5.2
    endloop
  endfacet
  facet normal -0.0464323 0.709871 0.7028
    outer loop
      vertex 24.7028 62.0206 4.2
      vertex 24.8303 61.0389 5.2
      vertex 25 61.05 5.2
    endloop
  endfacet
  facet normal -0.0417832 0.710315 0.702643
    outer loop
      vertex 24.8303 61.0389 5.2
      vertex 24.7028 62.0206 4.2
      vertex 24.7011 62.0205 4.2
    endloop
  endfacet
  facet normal 0.0417832 0.710315 0.702643
    outer loop
      vertex 25.2972 62.0206 4.2
      vertex 25.1697 61.0389 5.2
      vertex 25.2989 62.0205 4.2
    endloop
  endfacet
  facet normal 0.0464323 0.709871 0.7028
    outer loop
      vertex 25.1697 61.0389 5.2
      vertex 25.2972 62.0206 4.2
      vertex 25 61.05 5.2
    endloop
  endfacet
  facet normal 0.0465746 0.709844 0.702817
    outer loop
      vertex 25 62.0401 4.2
      vertex 25 61.05 5.2
      vertex 25.2972 62.0206 4.2
    endloop
  endfacet
  facet normal 0.598783 0.384932 0.702343
    outer loop
      vertex 26.0314 60.5414 5.2
      vertex 26.8178 61.1427 4.2
      vertex 26.8169 61.1441 4.2
    endloop
  endfacet
  facet normal 0.591659 0.394997 0.702792
    outer loop
      vertex 26.8178 61.1427 4.2
      vertex 26.0314 60.5414 5.2
      vertex 26.1258 60.4 5.2
    endloop
  endfacet
  facet normal 0.673643 0.228528 0.702838
    outer loop
      vertex 27.1158 60.6264 4.2
      vertex 26.201 60.2475 5.2
      vertex 27.2115 60.3443 4.2
    endloop
  endfacet
  facet normal 0.628463 0.33518 0.701918
    outer loop
      vertex 27.115 60.6279 4.2
      vertex 26.201 60.2475 5.2
      vertex 27.1158 60.6264 4.2
    endloop
  endfacet
  facet normal 0.638012 0.314613 0.702822
    outer loop
      vertex 26.201 60.2475 5.2
      vertex 27.115 60.6279 4.2
      vertex 26.1258 60.4 5.2
    endloop
  endfacet
  facet normal 0.638056 0.314491 0.702837
    outer loop
      vertex 26.9833 60.8951 4.2
      vertex 26.1258 60.4 5.2
      vertex 27.115 60.6279 4.2
    endloop
  endfacet
  facet normal 0.700147 0.123555 0.703227
    outer loop
      vertex 27.2702 60.0506 4.2
      vertex 26.2889 59.9197 5.2
      vertex 27.2705 60.0489 4.2
    endloop
  endfacet
  facet normal 0.697685 0.138868 0.702816
    outer loop
      vertex 26.2889 59.9197 5.2
      vertex 27.2702 60.0506 4.2
      vertex 26.2557 60.0865 5.2
    endloop
  endfacet
  facet normal 0.523237 0.482988 0.7021
    outer loop
      vertex 26.8157 61.1454 4.2
      vertex 26.0314 60.5414 5.2
      vertex 26.8169 61.1441 4.2
    endloop
  endfacet
  facet normal 0.534609 0.469351 0.702782
    outer loop
      vertex 26.0314 60.5414 5.2
      vertex 26.8157 61.1454 4.2
      vertex 25.9192 60.6692 5.2
    endloop
  endfacet
  facet normal 0.314491 0.638056 0.702837
    outer loop
      vertex 25.8779 61.865 4.2
      vertex 25.65 60.8758 5.2
      vertex 26.1451 61.7333 4.2
    endloop
  endfacet
  facet normal 0.395302 0.5914 0.702839
    outer loop
      vertex 26.1451 61.7333 4.2
      vertex 25.65 60.8758 5.2
      vertex 26.3927 61.5678 4.2
    endloop
  endfacet
  facet normal 0.228528 0.673643 0.702838
    outer loop
      vertex 25.5943 61.9615 4.2
      vertex 25.4975 60.951 5.2
      vertex 25.8764 61.8658 4.2
    endloop
  endfacet
  facet normal 0.250093 0.666914 0.701911
    outer loop
      vertex 25.3365 61.0057 5.2
      vertex 25.5943 61.9615 4.2
      vertex 25.5927 61.9621 4.2
    endloop
  endfacet
  facet normal 0.228848 0.673574 0.702799
    outer loop
      vertex 25.5943 61.9615 4.2
      vertex 25.3365 61.0057 5.2
      vertex 25.4975 60.951 5.2
    endloop
  endfacet
  facet normal 0.482988 0.523237 0.7021
    outer loop
      vertex 25.7914 60.7814 5.2
      vertex 26.3954 61.5657 4.2
      vertex 26.3941 61.5669 4.2
    endloop
  endfacet
  facet normal 0.469351 0.534609 0.702782
    outer loop
      vertex 26.3954 61.5657 4.2
      vertex 25.7914 60.7814 5.2
      vertex 25.9192 60.6692 5.2
    endloop
  endfacet
  facet normal 0.228528 -0.673643 0.702838
    outer loop
      vertex 25.8764 57.6342 4.2
      vertex 25.4975 58.549 5.2
      vertex 25.5943 57.5385 4.2
    endloop
  endfacet
  facet normal 0.228848 -0.673574 0.702799
    outer loop
      vertex 25.3365 58.4943 5.2
      vertex 25.5943 57.5385 4.2
      vertex 25.4975 58.549 5.2
    endloop
  endfacet
  facet normal 0.250093 -0.666914 0.701911
    outer loop
      vertex 25.5943 57.5385 4.2
      vertex 25.3365 58.4943 5.2
      vertex 25.5927 57.5379 4.2
    endloop
  endfacet
  facet normal 0.314613 -0.638012 0.702822
    outer loop
      vertex 25.4975 58.549 5.2
      vertex 25.8779 57.635 4.2
      vertex 25.65 58.6242 5.2
    endloop
  endfacet
  facet normal 0.33518 -0.628463 0.701918
    outer loop
      vertex 25.8779 57.635 4.2
      vertex 25.4975 58.549 5.2
      vertex 25.8764 57.6342 4.2
    endloop
  endfacet
  facet normal 0.314491 -0.638056 0.702837
    outer loop
      vertex 26.1451 57.7667 4.2
      vertex 25.65 58.6242 5.2
      vertex 25.8779 57.635 4.2
    endloop
  endfacet
  facet normal 0.395302 -0.5914 0.702839
    outer loop
      vertex 26.3927 57.9322 4.2
      vertex 25.65 58.6242 5.2
      vertex 26.1451 57.7667 4.2
    endloop
  endfacet
  facet normal 0.628463 -0.33518 0.701918
    outer loop
      vertex 26.201 59.2525 5.2
      vertex 27.115 58.8721 4.2
      vertex 27.1158 58.8736 4.2
    endloop
  endfacet
  facet normal 0.638012 -0.314613 0.702822
    outer loop
      vertex 27.115 58.8721 4.2
      vertex 26.201 59.2525 5.2
      vertex 26.1258 59.1 5.2
    endloop
  endfacet
  facet normal -0.33518 0.628463 0.701918
    outer loop
      vertex 24.1221 61.865 4.2
      vertex 24.5025 60.951 5.2
      vertex 24.1236 61.8658 4.2
    endloop
  endfacet
  facet normal -0.314613 0.638012 0.702822
    outer loop
      vertex 24.5025 60.951 5.2
      vertex 24.1221 61.865 4.2
      vertex 24.35 60.8758 5.2
    endloop
  endfacet
  facet normal -0.314491 0.638056 0.702837
    outer loop
      vertex 24.1221 61.865 4.2
      vertex 23.8549 61.7333 4.2
      vertex 24.35 60.8758 5.2
    endloop
  endfacet
  facet normal -0.534783 0.469099 0.702818
    outer loop
      vertex 23.3807 61.3693 4.2
      vertex 23.1843 61.1454 4.2
      vertex 24.0808 60.6692 5.2
    endloop
  endfacet
  facet normal -0.534609 0.469351 0.702782
    outer loop
      vertex 23.1843 61.1454 4.2
      vertex 23.9686 60.5414 5.2
      vertex 24.0808 60.6692 5.2
    endloop
  endfacet
  facet normal -0.523237 0.482988 0.7021
    outer loop
      vertex 23.9686 60.5414 5.2
      vertex 23.1843 61.1454 4.2
      vertex 23.1831 61.1441 4.2
    endloop
  endfacet
  facet normal -0.5914 -0.395302 0.702839
    outer loop
      vertex 23.8742 59.1 5.2
      vertex 23.0167 58.6049 4.2
      vertex 23.1822 58.3573 4.2
    endloop
  endfacet
  facet normal -0.469231 -0.53466 0.702824
    outer loop
      vertex 24.0808 58.8308 5.2
      vertex 23.3807 58.1307 4.2
      vertex 23.6046 57.9342 4.2
    endloop
  endfacet
  facet normal -0.469334 -0.534589 0.702809
    outer loop
      vertex 23.6046 57.9342 4.2
      vertex 24.2086 58.7186 5.2
      vertex 24.0808 58.8308 5.2
    endloop
  endfacet
  facet normal -0.459281 -0.542786 0.703167
    outer loop
      vertex 24.2086 58.7186 5.2
      vertex 23.6046 57.9342 4.2
      vertex 23.6059 57.9331 4.2
    endloop
  endfacet
  facet normal -0.638012 -0.314613 0.702822
    outer loop
      vertex 23.799 59.2525 5.2
      vertex 22.885 58.8721 4.2
      vertex 23.8742 59.1 5.2
    endloop
  endfacet
  facet normal -0.628463 -0.33518 0.701918
    outer loop
      vertex 22.885 58.8721 4.2
      vertex 23.799 59.2525 5.2
      vertex 22.8842 58.8736 4.2
    endloop
  endfacet
  facet normal -0.673643 -0.228528 0.702838
    outer loop
      vertex 23.799 59.2525 5.2
      vertex 22.7885 59.1557 4.2
      vertex 22.8842 58.8736 4.2
    endloop
  endfacet
  facet normal -0.697685 -0.138868 0.702816
    outer loop
      vertex 23.7111 59.5803 5.2
      vertex 22.7298 59.4494 4.2
      vertex 23.7443 59.4135 5.2
    endloop
  endfacet
  facet normal -0.700147 -0.123555 0.703227
    outer loop
      vertex 22.7298 59.4494 4.2
      vertex 23.7111 59.5803 5.2
      vertex 22.7295 59.4511 4.2
    endloop
  endfacet
  facet normal -0.697685 0.138868 0.702816
    outer loop
      vertex 22.7298 60.0506 4.2
      vertex 23.7111 59.9197 5.2
      vertex 23.7443 60.0865 5.2
    endloop
  endfacet
  facet normal -0.700147 0.123555 0.703227
    outer loop
      vertex 23.7111 59.9197 5.2
      vertex 22.7298 60.0506 4.2
      vertex 22.7295 60.0489 4.2
    endloop
  endfacet
  facet normal -0.710315 0.0417832 0.702643
    outer loop
      vertex 22.7294 60.0472 4.2
      vertex 23.7111 59.9197 5.2
      vertex 22.7295 60.0489 4.2
    endloop
  endfacet
  facet normal -0.709871 0.0464323 0.7028
    outer loop
      vertex 23.7111 59.9197 5.2
      vertex 22.7294 60.0472 4.2
      vertex 23.7 59.75 5.2
    endloop
  endfacet
  facet normal 0 0 1
    outer loop
      vertex 26.2889 59.9197 5.2
      vertex 26.2889 59.5803 5.2
      vertex 26.3 59.75 5.2
    endloop
  endfacet
  facet normal 0 0 1
    outer loop
      vertex 26.2557 60.0865 5.2
      vertex 26.2889 59.5803 5.2
      vertex 26.2889 59.9197 5.2
    endloop
  endfacet
  facet normal 0 0 1
    outer loop
      vertex 26.2557 60.0865 5.2
      vertex 26.2557 59.4135 5.2
      vertex 26.2889 59.5803 5.2
    endloop
  endfacet
  facet normal 0 0 1
    outer loop
      vertex 26.201 60.2475 5.2
      vertex 26.2557 59.4135 5.2
      vertex 26.2557 60.0865 5.2
    endloop
  endfacet
  facet normal 0 0 1
    outer loop
      vertex 26.201 60.2475 5.2
      vertex 26.201 59.2525 5.2
      vertex 26.2557 59.4135 5.2
    endloop
  endfacet
  facet normal 0 0 1
    outer loop
      vertex 26.1258 60.4 5.2
      vertex 26.201 59.2525 5.2
      vertex 26.201 60.2475 5.2
    endloop
  endfacet
  facet normal 0 0 1
    outer loop
      vertex 26.1258 60.4 5.2
      vertex 26.1258 59.1 5.2
      vertex 26.201 59.2525 5.2
    endloop
  endfacet
  facet normal 0 0 1
    outer loop
      vertex 26.0314 60.5414 5.2
      vertex 26.1258 59.1 5.2
      vertex 26.1258 60.4 5.2
    endloop
  endfacet
  facet normal 0 0 1
    outer loop
      vertex 26.0314 60.5414 5.2
      vertex 26.0314 58.9586 5.2
      vertex 26.1258 59.1 5.2
    endloop
  endfacet
  facet normal 0 0 1
    outer loop
      vertex 25.9192 60.6692 5.2
      vertex 26.0314 58.9586 5.2
      vertex 26.0314 60.5414 5.2
    endloop
  endfacet
  facet normal 0 0 1
    outer loop
      vertex 25.9192 60.6692 5.2
      vertex 25.9192 58.8308 5.2
      vertex 26.0314 58.9586 5.2
    endloop
  endfacet
  facet normal 0 0 1
    outer loop
      vertex 25.7914 60.7814 5.2
      vertex 25.9192 58.8308 5.2
      vertex 25.9192 60.6692 5.2
    endloop
  endfacet
  facet normal 0 0 1
    outer loop
      vertex 25.7914 60.7814 5.2
      vertex 25.7914 58.7186 5.2
      vertex 25.9192 58.8308 5.2
    endloop
  endfacet
  facet normal 0 0 1
    outer loop
      vertex 25.65 60.8758 5.2
      vertex 25.7914 58.7186 5.2
      vertex 25.7914 60.7814 5.2
    endloop
  endfacet
  facet normal 0 0 1
    outer loop
      vertex 25.65 60.8758 5.2
      vertex 25.65 58.6242 5.2
      vertex 25.7914 58.7186 5.2
    endloop
  endfacet
  facet normal 0 0 1
    outer loop
      vertex 25.4975 60.951 5.2
      vertex 25.65 58.6242 5.2
      vertex 25.65 60.8758 5.2
    endloop
  endfacet
  facet normal 0 0 1
    outer loop
      vertex 25.4975 60.951 5.2
      vertex 25.4975 58.549 5.2
      vertex 25.65 58.6242 5.2
    endloop
  endfacet
  facet normal 0 0 1
    outer loop
      vertex 25.3365 61.0057 5.2
      vertex 25.4975 58.549 5.2
      vertex 25.4975 60.951 5.2
    endloop
  endfacet
  facet normal 0 0 1
    outer loop
      vertex 25.3365 61.0057 5.2
      vertex 25.3365 58.4943 5.2
      vertex 25.4975 58.549 5.2
    endloop
  endfacet
  facet normal 0 0 1
    outer loop
      vertex 25.1697 61.0389 5.2
      vertex 25.3365 58.4943 5.2
      vertex 25.3365 61.0057 5.2
    endloop
  endfacet
  facet normal 0 0 1
    outer loop
      vertex 25.1697 61.0389 5.2
      vertex 25.1697 58.4611 5.2
      vertex 25.3365 58.4943 5.2
    endloop
  endfacet
  facet normal 0 0 1
    outer loop
      vertex 25 61.05 5.2
      vertex 25.1697 58.4611 5.2
      vertex 25.1697 61.0389 5.2
    endloop
  endfacet
  facet normal 0 0 1
    outer loop
      vertex 25 61.05 5.2
      vertex 25 58.45 5.2
      vertex 25.1697 58.4611 5.2
    endloop
  endfacet
  facet normal -0 0 1
    outer loop
      vertex 24.8303 61.0389 5.2
      vertex 25 58.45 5.2
      vertex 25 61.05 5.2
    endloop
  endfacet
  facet normal 0 0 1
    outer loop
      vertex 24.8303 61.0389 5.2
      vertex 24.8303 58.4611 5.2
      vertex 25 58.45 5.2
    endloop
  endfacet
  facet normal -0 0 1
    outer loop
      vertex 24.6635 61.0057 5.2
      vertex 24.8303 58.4611 5.2
      vertex 24.8303 61.0389 5.2
    endloop
  endfacet
  facet normal 0 0 1
    outer loop
      vertex 24.6635 61.0057 5.2
      vertex 24.6635 58.4943 5.2
      vertex 24.8303 58.4611 5.2
    endloop
  endfacet
  facet normal -0 0 1
    outer loop
      vertex 24.5025 60.951 5.2
      vertex 24.6635 58.4943 5.2
      vertex 24.6635 61.0057 5.2
    endloop
  endfacet
  facet normal 0 0 1
    outer loop
      vertex 24.5025 60.951 5.2
      vertex 24.5025 58.549 5.2
      vertex 24.6635 58.4943 5.2
    endloop
  endfacet
  facet normal -0 0 1
    outer loop
      vertex 24.35 60.8758 5.2
      vertex 24.5025 58.549 5.2
      vertex 24.5025 60.951 5.2
    endloop
  endfacet
  facet normal 0 0 1
    outer loop
      vertex 24.35 60.8758 5.2
      vertex 24.35 58.6242 5.2
      vertex 24.5025 58.549 5.2
    endloop
  endfacet
  facet normal -0 0 1
    outer loop
      vertex 24.2086 60.7814 5.2
      vertex 24.35 58.6242 5.2
      vertex 24.35 60.8758 5.2
    endloop
  endfacet
  facet normal 0 0 1
    outer loop
      vertex 24.2086 60.7814 5.2
      vertex 24.2086 58.7186 5.2
      vertex 24.35 58.6242 5.2
    endloop
  endfacet
  facet normal -0 0 1
    outer loop
      vertex 24.0808 60.6692 5.2
      vertex 24.2086 58.7186 5.2
      vertex 24.2086 60.7814 5.2
    endloop
  endfacet
  facet normal 0 0 1
    outer loop
      vertex 24.0808 60.6692 5.2
      vertex 24.0808 58.8308 5.2
      vertex 24.2086 58.7186 5.2
    endloop
  endfacet
  facet normal -0 0 1
    outer loop
      vertex 23.9686 60.5414 5.2
      vertex 24.0808 58.8308 5.2
      vertex 24.0808 60.6692 5.2
    endloop
  endfacet
  facet normal 0 0 1
    outer loop
      vertex 23.9686 60.5414 5.2
      vertex 23.9686 58.9586 5.2
      vertex 24.0808 58.8308 5.2
    endloop
  endfacet
  facet normal -0 0 1
    outer loop
      vertex 23.8742 60.4 5.2
      vertex 23.9686 58.9586 5.2
      vertex 23.9686 60.5414 5.2
    endloop
  endfacet
  facet normal 0 0 1
    outer loop
      vertex 23.8742 60.4 5.2
      vertex 23.8742 59.1 5.2
      vertex 23.9686 58.9586 5.2
    endloop
  endfacet
  facet normal -0 0 1
    outer loop
      vertex 23.799 60.2475 5.2
      vertex 23.8742 59.1 5.2
      vertex 23.8742 60.4 5.2
    endloop
  endfacet
  facet normal 0 0 1
    outer loop
      vertex 23.799 60.2475 5.2
      vertex 23.799 59.2525 5.2
      vertex 23.8742 59.1 5.2
    endloop
  endfacet
  facet normal -0 0 1
    outer loop
      vertex 23.7443 60.0865 5.2
      vertex 23.799 59.2525 5.2
      vertex 23.799 60.2475 5.2
    endloop
  endfacet
  facet normal 0 0 1
    outer loop
      vertex 23.7443 60.0865 5.2
      vertex 23.7443 59.4135 5.2
      vertex 23.799 59.2525 5.2
    endloop
  endfacet
  facet normal -0 0 1
    outer loop
      vertex 23.7111 59.9197 5.2
      vertex 23.7443 59.4135 5.2
      vertex 23.7443 60.0865 5.2
    endloop
  endfacet
  facet normal 0 0 1
    outer loop
      vertex 23.7111 59.9197 5.2
      vertex 23.7111 59.5803 5.2
      vertex 23.7443 59.4135 5.2
    endloop
  endfacet
  facet normal 0 -0 1
    outer loop
      vertex 23.7111 59.5803 5.2
      vertex 23.7111 59.9197 5.2
      vertex 23.7 59.75 5.2
    endloop
  endfacet
  facet normal -0.638012 0.314613 0.702822
    outer loop
      vertex 22.885 60.6279 4.2
      vertex 23.799 60.2475 5.2
      vertex 23.8742 60.4 5.2
    endloop
  endfacet
  facet normal -0.628463 0.33518 0.701918
    outer loop
      vertex 23.799 60.2475 5.2
      vertex 22.885 60.6279 4.2
      vertex 22.8842 60.6264 4.2
    endloop
  endfacet
  facet normal 0.138868 -0.697685 0.702816
    outer loop
      vertex 25.1697 58.4611 5.2
      vertex 25.3006 57.4798 4.2
      vertex 25.3365 58.4943 5.2
    endloop
  endfacet
  facet normal 0.123555 -0.700147 0.703227
    outer loop
      vertex 25.3006 57.4798 4.2
      vertex 25.1697 58.4611 5.2
      vertex 25.2989 57.4795 4.2
    endloop
  endfacet
  facet normal -0.228528 -0.673643 0.702838
    outer loop
      vertex 24.5025 58.549 5.2
      vertex 24.1236 57.6342 4.2
      vertex 24.4057 57.5385 4.2
    endloop
  endfacet
  facet normal -0.138774 -0.697693 0.702827
    outer loop
      vertex 24.6635 58.4943 5.2
      vertex 24.4073 57.5379 4.2
      vertex 24.6994 57.4798 4.2
    endloop
  endfacet
  facet normal -0.123555 0.700147 0.703227
    outer loop
      vertex 24.6994 62.0202 4.2
      vertex 24.8303 61.0389 5.2
      vertex 24.7011 62.0205 4.2
    endloop
  endfacet
  facet normal -0.138868 0.697685 0.702816
    outer loop
      vertex 24.8303 61.0389 5.2
      vertex 24.6994 62.0202 4.2
      vertex 24.6635 61.0057 5.2
    endloop
  endfacet
  facet normal 0.666914 0.250093 0.701911
    outer loop
      vertex 27.2115 60.3443 4.2
      vertex 26.2557 60.0865 5.2
      vertex 27.2121 60.3427 4.2
    endloop
  endfacet
  facet normal 0.673574 0.228848 0.702799
    outer loop
      vertex 26.2557 60.0865 5.2
      vertex 27.2115 60.3443 4.2
      vertex 26.201 60.2475 5.2
    endloop
  endfacet
  facet normal 0.697693 0.138774 0.702827
    outer loop
      vertex 27.2121 60.3427 4.2
      vertex 26.2557 60.0865 5.2
      vertex 27.2702 60.0506 4.2
    endloop
  endfacet
  facet normal 0.710315 0.0417832 0.702643
    outer loop
      vertex 26.2889 59.9197 5.2
      vertex 27.2706 60.0472 4.2
      vertex 27.2705 60.0489 4.2
    endloop
  endfacet
  facet normal 0.709871 0.0464323 0.7028
    outer loop
      vertex 27.2706 60.0472 4.2
      vertex 26.2889 59.9197 5.2
      vertex 26.3 59.75 5.2
    endloop
  endfacet
  facet normal 0.534783 0.469099 0.702818
    outer loop
      vertex 26.6193 61.3693 4.2
      vertex 25.9192 60.6692 5.2
      vertex 26.8157 61.1454 4.2
    endloop
  endfacet
  facet normal 0.469099 0.534783 0.702818
    outer loop
      vertex 26.3954 61.5657 4.2
      vertex 25.9192 60.6692 5.2
      vertex 26.6193 61.3693 4.2
    endloop
  endfacet
  facet normal 0.469334 -0.534589 0.702809
    outer loop
      vertex 25.7914 58.7186 5.2
      vertex 26.3954 57.9342 4.2
      vertex 25.9192 58.8308 5.2
    endloop
  endfacet
  facet normal 0.459281 -0.542786 0.703167
    outer loop
      vertex 26.3954 57.9342 4.2
      vertex 25.7914 58.7186 5.2
      vertex 26.3941 57.9331 4.2
    endloop
  endfacet
  facet normal 0.523237 -0.482988 0.7021
    outer loop
      vertex 26.0314 58.9586 5.2
      vertex 26.8157 58.3546 4.2
      vertex 26.8169 58.3559 4.2
    endloop
  endfacet
  facet normal 0.534609 -0.469351 0.702782
    outer loop
      vertex 26.8157 58.3546 4.2
      vertex 26.0314 58.9586 5.2
      vertex 25.9192 58.8308 5.2
    endloop
  endfacet
  facet normal 0.666914 -0.250093 0.701911
    outer loop
      vertex 26.2557 59.4135 5.2
      vertex 27.2115 59.1557 4.2
      vertex 27.2121 59.1573 4.2
    endloop
  endfacet
  facet normal 0.673574 -0.228848 0.702799
    outer loop
      vertex 27.2115 59.1557 4.2
      vertex 26.2557 59.4135 5.2
      vertex 26.201 59.2525 5.2
    endloop
  endfacet
  facet normal -0.534783 -0.469099 0.702818
    outer loop
      vertex 24.0808 58.8308 5.2
      vertex 23.1843 58.3546 4.2
      vertex 23.3807 58.1307 4.2
    endloop
  endfacet
  facet normal -0.673574 -0.228848 0.702799
    outer loop
      vertex 23.7443 59.4135 5.2
      vertex 22.7885 59.1557 4.2
      vertex 23.799 59.2525 5.2
    endloop
  endfacet
  facet normal -0.666914 -0.250093 0.701911
    outer loop
      vertex 22.7885 59.1557 4.2
      vertex 23.7443 59.4135 5.2
      vertex 22.7879 59.1573 4.2
    endloop
  endfacet
  facet normal -0.697693 -0.138774 0.702827
    outer loop
      vertex 23.7443 59.4135 5.2
      vertex 22.7298 59.4494 4.2
      vertex 22.7879 59.1573 4.2
    endloop
  endfacet
  facet normal -0.709844 0.0465746 0.702817
    outer loop
      vertex 22.7294 60.0472 4.2
      vertex 22.7099 59.75 4.2
      vertex 23.7 59.75 5.2
    endloop
  endfacet
  facet normal -0.709844 -0.0465746 0.702817
    outer loop
      vertex 23.7 59.75 5.2
      vertex 22.7099 59.75 4.2
      vertex 22.7294 59.4528 4.2
    endloop
  endfacet
  facet normal 0.0464323 -0.709871 0.7028
    outer loop
      vertex 25.2972 57.4794 4.2
      vertex 25.1697 58.4611 5.2
      vertex 25 58.45 5.2
    endloop
  endfacet
  facet normal 0.0417832 -0.710315 0.702643
    outer loop
      vertex 25.1697 58.4611 5.2
      vertex 25.2972 57.4794 4.2
      vertex 25.2989 57.4795 4.2
    endloop
  endfacet
  facet normal -0.0465746 -0.709844 0.702817
    outer loop
      vertex 25 58.45 5.2
      vertex 24.7028 57.4794 4.2
      vertex 25 57.4599 4.2
    endloop
  endfacet
  facet normal -0.314613 -0.638012 0.702822
    outer loop
      vertex 24.1221 57.635 4.2
      vertex 24.5025 58.549 5.2
      vertex 24.35 58.6242 5.2
    endloop
  endfacet
  facet normal -0.33518 -0.628463 0.701918
    outer loop
      vertex 24.5025 58.549 5.2
      vertex 24.1221 57.635 4.2
      vertex 24.1236 57.6342 4.2
    endloop
  endfacet
  facet normal -0.228848 -0.673574 0.702799
    outer loop
      vertex 24.4057 57.5385 4.2
      vertex 24.6635 58.4943 5.2
      vertex 24.5025 58.549 5.2
    endloop
  endfacet
  facet normal -0.250093 -0.666914 0.701911
    outer loop
      vertex 24.6635 58.4943 5.2
      vertex 24.4057 57.5385 4.2
      vertex 24.4073 57.5379 4.2
    endloop
  endfacet
  facet normal 0.469231 -0.53466 0.702824
    outer loop
      vertex 26.6193 58.1307 4.2
      vertex 25.9192 58.8308 5.2
      vertex 26.3954 57.9342 4.2
    endloop
  endfacet
  facet normal 0.534783 -0.469099 0.702818
    outer loop
      vertex 26.8157 58.3546 4.2
      vertex 25.9192 58.8308 5.2
      vertex 26.6193 58.1307 4.2
    endloop
  endfacet
  facet normal 0.697693 -0.138774 0.702827
    outer loop
      vertex 27.2702 59.4494 4.2
      vertex 26.2557 59.4135 5.2
      vertex 27.2121 59.1573 4.2
    endloop
  endfacet
  facet normal -0.123555 -0.700147 0.703227
    outer loop
      vertex 24.8303 58.4611 5.2
      vertex 24.6994 57.4798 4.2
      vertex 24.7011 57.4795 4.2
    endloop
  endfacet
  facet normal -0.138868 -0.697685 0.702816
    outer loop
      vertex 24.6994 57.4798 4.2
      vertex 24.8303 58.4611 5.2
      vertex 24.6635 58.4943 5.2
    endloop
  endfacet
  facet normal -0.0417832 -0.710315 0.702643
    outer loop
      vertex 24.7028 57.4794 4.2
      vertex 24.8303 58.4611 5.2
      vertex 24.7011 57.4795 4.2
    endloop
  endfacet
  facet normal -0.0464323 -0.709871 0.7028
    outer loop
      vertex 24.8303 58.4611 5.2
      vertex 24.7028 57.4794 4.2
      vertex 25 58.45 5.2
    endloop
  endfacet
  facet normal 0.700147 -0.123555 0.703227
    outer loop
      vertex 26.2889 59.5803 5.2
      vertex 27.2702 59.4494 4.2
      vertex 27.2705 59.4511 4.2
    endloop
  endfacet
  facet normal 0.697685 -0.138868 0.702816
    outer loop
      vertex 27.2702 59.4494 4.2
      vertex 26.2889 59.5803 5.2
      vertex 26.2557 59.4135 5.2
    endloop
  endfacet
  facet normal 0.709871 -0.0464323 0.7028
    outer loop
      vertex 26.2889 59.5803 5.2
      vertex 27.2706 59.4528 4.2
      vertex 26.3 59.75 5.2
    endloop
  endfacet
  facet normal 0.710315 -0.0417832 0.702643
    outer loop
      vertex 27.2706 59.4528 4.2
      vertex 26.2889 59.5803 5.2
      vertex 27.2705 59.4511 4.2
    endloop
  endfacet
  facet normal -0.956937 0.290295 0
    outer loop
      vertex -3.21896 56.0241 1.90735e-07
      vertex -2.97867 56.8162 3.4
      vertex -2.97867 56.8162 1.90735e-07
    endloop
  endfacet
  facet normal -0.956937 0.290295 0
    outer loop
      vertex -2.97867 56.8162 3.4
      vertex -3.21896 56.0241 1.90735e-07
      vertex -3.21896 56.0241 3.4
    endloop
  endfacet
  facet normal 0.64421 -0.29196 0.706932
    outer loop
      vertex 51.948 48.2152 4.2
      vertex 51.6279 47.5089 4.2
      vertex 52.3454 47.155 3.4
    endloop
  endfacet
  facet normal 0.0327396 -0.999464 0
    outer loop
      vertex 41 40.1 1.90735e-07
      vertex 41.8273 40.1271 3.4
      vertex 41 40.1 3.4
    endloop
  endfacet
  facet normal 0.0327396 -0.999464 0
    outer loop
      vertex 41.8273 40.1271 3.4
      vertex 41 40.1 1.90735e-07
      vertex 41.8273 40.1271 1.90735e-07
    endloop
  endfacet
  facet normal -0.205313 0.676817 0.706941
    outer loop
      vertex 5.72594 64.969 3.4
      vertex 4.93379 64.7287 3.4
      vertex 5.19094 63.9711 4.2
    endloop
  endfacet
  facet normal 0.688826 -0.160623 0.706908
    outer loop
      vertex 52.6223 50.4382 4.2
      vertex 52.4462 49.683 4.2
      vertex 53.4069 50.2821 3.4
    endloop
  endfacet
  facet normal -0.644268 0.291881 0.706912
    outer loop
      vertex -2.34544 58.345 3.4
      vertex -2.68708 57.5909 3.4
      vertex -1.94797 57.2848 4.2
    endloop
  endfacet
  facet normal -0.162963 -0.986632 0
    outer loop
      vertex 6.53211 40.3431 1.90735e-07
      vertex 7.34884 40.2082 3.4
      vertex 6.53211 40.3431 3.4
    endloop
  endfacet
  facet normal -0.162963 -0.986632 -0
    outer loop
      vertex 7.34884 40.2082 3.4
      vertex 6.53211 40.3431 1.90735e-07
      vertex 7.34884 40.2082 1.90735e-07
    endloop
  endfacet
  facet normal 0.0231566 -0.706917 0.706917
    outer loop
      vertex 41 40.9 4.2
      vertex 41 40.1 3.4
      vertex 41.8273 40.1271 3.4
    endloop
  endfacet
  facet normal -0.0327376 0.999464 0
    outer loop
      vertex 9 65.4 1.90735e-07
      vertex 8.17265 65.3729 3.4
      vertex 9 65.4 3.4
    endloop
  endfacet
  facet normal -0.0327376 0.999464 0
    outer loop
      vertex 8.17265 65.3729 3.4
      vertex 9 65.4 1.90735e-07
      vertex 8.17265 65.3729 1.90735e-07
    endloop
  endfacet
  facet normal 0.226985 0.973898 -0
    outer loop
      vertex 44.2741 64.969 1.90735e-07
      vertex 43.4679 65.1569 3.4
      vertex 44.2741 64.969 3.4
    endloop
  endfacet
  facet normal 0.226985 0.973898 0
    outer loop
      vertex 43.4679 65.1569 3.4
      vertex 44.2741 64.969 1.90735e-07
      vertex 43.4679 65.1569 1.90735e-07
    endloop
  endfacet
  facet normal -0.448678 0.54676 0.706924
    outer loop
      vertex 1.29917 62.7859 3.4
      vertex 1.18675 61.6593 4.2
      vertex 1.78618 62.1512 4.2
    endloop
  endfacet
  facet normal -0.411996 0.574906 0.706924
    outer loop
      vertex 2.41649 62.6029 4.2
      vertex 1.29917 62.7859 3.4
      vertex 1.78618 62.1512 4.2
    endloop
  endfacet
  facet normal 0.333373 -0.623785 0.706933
    outer loop
      vertex 46.925 42.4876 4.2
      vertex 46.2411 42.1221 4.2
      vertex 46.595 41.4046 3.4
    endloop
  endfacet
  facet normal 0.0231684 -0.706911 0.706923
    outer loop
      vertex 41.775 40.9254 4.2
      vertex 41 40.9 4.2
      vertex 41.8273 40.1271 3.4
    endloop
  endfacet
  facet normal 0.0231566 0.706917 0.706917
    outer loop
      vertex 41 65.4 3.4
      vertex 41 64.6 4.2
      vertex 41.8273 65.3729 3.4
    endloop
  endfacet
  facet normal -0.574895 0.412005 0.706928
    outer loop
      vertex -1.03592 60.4508 3.4
      vertex -1.51809 59.778 3.4
      vertex -0.852915 59.3335 4.2
    endloop
  endfacet
  facet normal -0.849215 -0.528047 0
    outer loop
      vertex -1.51809 45.722 1.90735e-07
      vertex -1.95522 46.425 3.4
      vertex -1.95522 46.425 1.90735e-07
    endloop
  endfacet
  facet normal -0.849215 -0.528047 0
    outer loop
      vertex -1.95522 46.425 3.4
      vertex -1.51809 45.722 1.90735e-07
      vertex -1.51809 45.722 3.4
    endloop
  endfacet
  facet normal 0.935897 0.352275 0
    outer loop
      vertex 52.9787 56.8162 3.4
      vertex 52.6871 57.5909 1.90735e-07
      vertex 52.6871 57.5909 3.4
    endloop
  endfacet
  facet normal 0.935897 0.352275 0
    outer loop
      vertex 52.6871 57.5909 1.90735e-07
      vertex 52.9787 56.8162 3.4
      vertex 52.9787 56.8162 1.90735e-07
    endloop
  endfacet
  facet normal 0.471403 0.881918 -0
    outer loop
      vertex 47.325 63.7052 1.90735e-07
      vertex 46.595 64.0954 3.4
      vertex 47.325 63.7052 3.4
    endloop
  endfacet
  facet normal 0.471403 0.881918 0
    outer loop
      vertex 46.595 64.0954 3.4
      vertex 47.325 63.7052 1.90735e-07
      vertex 46.595 64.0954 1.90735e-07
    endloop
  endfacet
  facet normal 0.729861 -0.683595 0
    outer loop
      vertex 49.9449 43.8051 3.4
      vertex 50.5108 44.4093 1.90735e-07
      vertex 50.5108 44.4093 3.4
    endloop
  endfacet
  facet normal 0.729861 -0.683595 0
    outer loop
      vertex 50.5108 44.4093 1.90735e-07
      vertex 49.9449 43.8051 3.4
      vertex 49.9449 43.8051 1.90735e-07
    endloop
  endfacet
  facet normal -0.0231675 -0.706911 0.706923
    outer loop
      vertex 8.22497 40.9254 4.2
      vertex 8.17265 40.1271 3.4
      vertex 9 40.9 4.2
    endloop
  endfacet
  facet normal 0.910854 -0.412729 0
    outer loop
      vertex 52.3454 47.155 3.4
      vertex 52.6871 47.9091 1.90735e-07
      vertex 52.6871 47.9091 3.4
    endloop
  endfacet
  facet normal 0.910854 -0.412729 0
    outer loop
      vertex 52.6871 47.9091 1.90735e-07
      vertex 52.3454 47.155 3.4
      vertex 52.3454 47.155 1.90735e-07
    endloop
  endfacet
  facet normal 0 -1 0
    outer loop
      vertex 9 40.1 1.90735e-07
      vertex 41 40.1 3.4
      vertex 9 40.1 3.4
    endloop
  endfacet
  facet normal 0 -1 -0
    outer loop
      vertex 41 40.1 3.4
      vertex 9 40.1 1.90735e-07
      vertex 41 40.1 1.90735e-07
    endloop
  endfacet
  facet normal -0.0231552 -0.706917 0.706917
    outer loop
      vertex 9 40.9 4.2
      vertex 8.17265 40.1271 3.4
      vertex 9 40.1 3.4
    endloop
  endfacet
  facet normal -0.0231675 0.706911 0.706923
    outer loop
      vertex 9 64.6 4.2
      vertex 8.17265 65.3729 3.4
      vertex 8.22497 64.5746 4.2
    endloop
  endfacet
  facet normal -0.0231552 0.706917 0.706917
    outer loop
      vertex 9 65.4 3.4
      vertex 8.17265 65.3729 3.4
      vertex 9 64.6 4.2
    endloop
  endfacet
  facet normal 0.373457 0.600642 0.706936
    outer loop
      vertex 48.028 63.2681 3.4
      vertex 47.325 63.7052 3.4
      vertex 47.5835 62.6029 4.2
    endloop
  endfacet
  facet normal 0.205327 0.676819 0.706935
    outer loop
      vertex 45.0662 64.7287 3.4
      vertex 44.2741 64.969 3.4
      vertex 44.8091 63.9711 4.2
    endloop
  endfacet
  facet normal 0.528021 0.849231 -0
    outer loop
      vertex 48.028 63.2681 1.90735e-07
      vertex 47.325 63.7052 3.4
      vertex 48.028 63.2681 3.4
    endloop
  endfacet
  facet normal 0.528021 0.849231 0
    outer loop
      vertex 47.325 63.7052 3.4
      vertex 48.028 63.2681 1.90735e-07
      vertex 47.325 63.7052 1.90735e-07
    endloop
  endfacet
  facet normal 0.160623 0.688826 0.706908
    outer loop
      vertex 43.4679 65.1569 3.4
      vertex 43.3118 64.3723 4.2
      vertex 44.067 64.1962 4.2
    endloop
  endfacet
  facet normal 0 1 -0
    outer loop
      vertex 41 65.4 1.90735e-07
      vertex 9 65.4 3.4
      vertex 41 65.4 3.4
    endloop
  endfacet
  facet normal 0 1 0
    outer loop
      vertex 9 65.4 3.4
      vertex 41 65.4 1.90735e-07
      vertex 9 65.4 1.90735e-07
    endloop
  endfacet
  facet normal -0.516237 0.483489 0.706922
    outer loop
      vertex 0.0550995 61.6949 3.4
      vertex -0.510773 61.0907 3.4
      vertex 0.620785 61.1292 4.2
    endloop
  endfacet
  facet normal -0.57492 0.411992 0.706915
    outer loop
      vertex -0.401237 59.9638 4.2
      vertex -1.03592 60.4508 3.4
      vertex -0.852915 59.3335 4.2
    endloop
  endfacet
  facet normal -0.697846 0.115216 0.70692
    outer loop
      vertex -2.6223 55.0618 4.2
      vertex -3.40693 55.2179 3.4
      vertex -2.74862 54.2967 4.2
    endloop
  endfacet
  facet normal -0.634359 0.773039 0
    outer loop
      vertex 1.29917 62.7859 1.90735e-07
      vertex 0.659276 62.2608 3.4
      vertex 1.29917 62.7859 3.4
    endloop
  endfacet
  facet normal -0.634359 0.773039 0
    outer loop
      vertex 0.659276 62.2608 3.4
      vertex 1.29917 62.7859 1.90735e-07
      vertex 0.659276 62.2608 1.90735e-07
    endloop
  endfacet
  facet normal 0.986631 0.162969 0
    outer loop
      vertex 53.5418 54.4012 3.4
      vertex 53.4069 55.2179 1.90735e-07
      vertex 53.4069 55.2179 3.4
    endloop
  endfacet
  facet normal 0.986631 0.162969 0
    outer loop
      vertex 53.4069 55.2179 1.90735e-07
      vertex 53.5418 54.4012 3.4
      vertex 53.5418 54.4012 1.90735e-07
    endloop
  endfacet
  facet normal 0.64421 0.29196 0.706932
    outer loop
      vertex 52.3454 58.345 3.4
      vertex 51.6279 57.9911 4.2
      vertex 51.948 57.2848 4.2
    endloop
  endfacet
  facet normal 0.644253 0.291926 0.706907
    outer loop
      vertex 52.3454 58.345 3.4
      vertex 51.948 57.2848 4.2
      vertex 52.6871 57.5909 3.4
    endloop
  endfacet
  facet normal 0.162969 -0.986631 0
    outer loop
      vertex 42.6512 40.2082 1.90735e-07
      vertex 43.4679 40.3431 3.4
      vertex 42.6512 40.2082 3.4
    endloop
  endfacet
  facet normal 0.162969 -0.986631 0
    outer loop
      vertex 43.4679 40.3431 3.4
      vertex 42.6512 40.2082 1.90735e-07
      vertex 43.4679 40.3431 1.90735e-07
    endloop
  endfacet
  facet normal 0.516221 -0.483498 0.706927
    outer loop
      vertex 50.5108 44.4093 3.4
      vertex 49.3792 44.3708 4.2
      vertex 49.9449 43.8051 3.4
    endloop
  endfacet
  facet normal -0.68361 0.729848 0
    outer loop
      vertex 0.659276 62.2608 1.90735e-07
      vertex 0.0550995 61.6949 3.4
      vertex 0.659276 62.2608 3.4
    endloop
  endfacet
  facet normal -0.68361 0.729848 0
    outer loop
      vertex 0.0550995 61.6949 3.4
      vertex 0.659276 62.2608 1.90735e-07
      vertex 0.0550995 61.6949 1.90735e-07
    endloop
  endfacet
  facet normal -0.448674 0.546761 0.706926
    outer loop
      vertex 1.29917 62.7859 3.4
      vertex 0.659276 62.2608 3.4
      vertex 1.18675 61.6593 4.2
    endloop
  endfacet
  facet normal -0.471378 -0.881931 0
    outer loop
      vertex 2.675 41.7948 1.90735e-07
      vertex 3.40505 41.4046 3.4
      vertex 2.675 41.7948 3.4
    endloop
  endfacet
  facet normal -0.471378 -0.881931 -0
    outer loop
      vertex 3.40505 41.4046 3.4
      vertex 2.675 41.7948 1.90735e-07
      vertex 3.40505 41.4046 1.90735e-07
    endloop
  endfacet
  facet normal -0.574895 -0.412005 0.706928
    outer loop
      vertex -0.852915 46.1665 4.2
      vertex -1.51809 45.722 3.4
      vertex -1.03592 45.0492 3.4
    endloop
  endfacet
  facet normal 0.703886 -0.0693214 0.706922
    outer loop
      vertex 52.8246 51.975 4.2
      vertex 52.7486 51.2033 4.2
      vertex 53.6229 51.9227 3.4
    endloop
  endfacet
  facet normal 0 -0.707107 0.707107
    outer loop
      vertex 9 40.9 4.2
      vertex 41 40.1 3.4
      vertex 41 40.9 4.2
    endloop
  endfacet
  facet normal 0 -0.707107 0.707107
    outer loop
      vertex 41 40.1 3.4
      vertex 9 40.9 4.2
      vertex 9 40.1 3.4
    endloop
  endfacet
  facet normal -0.115202 -0.697864 0.706905
    outer loop
      vertex 6.68818 41.1277 4.2
      vertex 6.53211 40.3431 3.4
      vertex 7.45327 41.0014 4.2
    endloop
  endfacet
  facet normal -0.0327376 -0.999464 0
    outer loop
      vertex 8.17265 40.1271 1.90735e-07
      vertex 9 40.1 3.4
      vertex 8.17265 40.1271 3.4
    endloop
  endfacet
  facet normal -0.0327376 -0.999464 -0
    outer loop
      vertex 9 40.1 3.4
      vertex 8.17265 40.1271 1.90735e-07
      vertex 9 40.1 1.90735e-07
    endloop
  endfacet
  facet normal -0.0693213 0.703885 0.706923
    outer loop
      vertex 8.17265 65.3729 3.4
      vertex 7.45327 64.4986 4.2
      vertex 8.22497 64.5746 4.2
    endloop
  endfacet
  facet normal 0.0231684 0.706911 0.706923
    outer loop
      vertex 41.8273 65.3729 3.4
      vertex 41 64.6 4.2
      vertex 41.775 64.5746 4.2
    endloop
  endfacet
  facet normal -0 0.707107 0.707107
    outer loop
      vertex 9 65.4 3.4
      vertex 41 64.6 4.2
      vertex 41 65.4 3.4
    endloop
  endfacet
  facet normal 0 0.707107 0.707107
    outer loop
      vertex 41 64.6 4.2
      vertex 9 65.4 3.4
      vertex 9 64.6 4.2
    endloop
  endfacet
  facet normal 0.448694 0.546751 0.706921
    outer loop
      vertex 48.7008 62.7859 3.4
      vertex 48.2138 62.1512 4.2
      vertex 48.8132 61.6593 4.2
    endloop
  endfacet
  facet normal 0.249121 0.661982 0.706908
    outer loop
      vertex 45.8409 64.4371 3.4
      vertex 44.8091 63.9711 4.2
      vertex 45.5348 63.698 4.2
    endloop
  endfacet
  facet normal -0.729878 0.683578 0
    outer loop
      vertex -0.510773 61.0907 1.90735e-07
      vertex 0.0550995 61.6949 3.4
      vertex 0.0550995 61.6949 1.90735e-07
    endloop
  endfacet
  facet normal -0.729878 0.683578 0
    outer loop
      vertex 0.0550995 61.6949 3.4
      vertex -0.510773 61.0907 1.90735e-07
      vertex -0.510773 61.0907 3.4
    endloop
  endfacet
  facet normal -0.600638 0.373481 0.706927
    outer loop
      vertex -1.51809 59.778 3.4
      vertex -1.95522 59.075 3.4
      vertex -0.852915 59.3335 4.2
    endloop
  endfacet
  facet normal -0.935901 0.352264 0
    outer loop
      vertex -2.97867 56.8162 1.90735e-07
      vertex -2.68708 57.5909 3.4
      vertex -2.68708 57.5909 1.90735e-07
    endloop
  endfacet
  facet normal -0.935901 0.352264 0
    outer loop
      vertex -2.68708 57.5909 3.4
      vertex -2.97867 56.8162 1.90735e-07
      vertex -2.97867 56.8162 3.4
    endloop
  endfacet
  facet normal -0.661962 0.249159 0.706913
    outer loop
      vertex -1.94797 57.2848 4.2
      vertex -2.68708 57.5909 3.4
      vertex -2.22112 56.5591 4.2
    endloop
  endfacet
  facet normal -0.623771 0.333401 0.706933
    outer loop
      vertex -1.2624 58.675 4.2
      vertex -2.34544 58.345 3.4
      vertex -1.62794 57.9911 4.2
    endloop
  endfacet
  facet normal -0.54674 0.448717 0.706915
    outer loop
      vertex 0.0906992 60.5632 4.2
      vertex -1.03592 60.4508 3.4
      vertex -0.401237 59.9638 4.2
    endloop
  endfacet
  facet normal -0.706917 0.0231413 0.706918
    outer loop
      vertex -2.82463 53.525 4.2
      vertex -3.62292 53.5773 3.4
      vertex -2.85 52.75 4.2
    endloop
  endfacet
  facet normal -0 0 1
    outer loop
      vertex 26.9833 58.6049 4.2
      vertex 31.6226 56.6342 4.2
      vertex 27.115 58.8721 4.2
    endloop
  endfacet
  facet normal 0 0 1
    outer loop
      vertex 30.85 52.75 4.2
      vertex 27.2706 46.0472 4.2
      vertex 27.2901 45.75 4.2
    endloop
  endfacet
  facet normal 0 0 1
    outer loop
      vertex 31.6226 56.6342 4.2
      vertex 26.9833 58.6049 4.2
      vertex 31.3887 56.0126 4.2
    endloop
  endfacet
  facet normal 0 0 1
    outer loop
      vertex 30.85 52.75 4.2
      vertex 27.2705 46.0489 4.2
      vertex 27.2706 46.0472 4.2
    endloop
  endfacet
  facet normal -0 0 1
    outer loop
      vertex 26.8178 58.3573 4.2
      vertex 31.3887 56.0126 4.2
      vertex 26.9833 58.6049 4.2
    endloop
  endfacet
  facet normal 0 0 1
    outer loop
      vertex 30.85 52.75 4.2
      vertex 27.2702 46.0506 4.2
      vertex 27.2705 46.0489 4.2
    endloop
  endfacet
  facet normal -0 0 1
    outer loop
      vertex 26.8169 58.3559 4.2
      vertex 31.3887 56.0126 4.2
      vertex 26.8178 58.3573 4.2
    endloop
  endfacet
  facet normal 0 0 1
    outer loop
      vertex 30.85 52.75 4.2
      vertex 27.2121 46.3427 4.2
      vertex 27.2702 46.0506 4.2
    endloop
  endfacet
  facet normal -0 0 1
    outer loop
      vertex 26.8157 58.3546 4.2
      vertex 31.3887 56.0126 4.2
      vertex 26.8169 58.3559 4.2
    endloop
  endfacet
  facet normal 0 0 1
    outer loop
      vertex 30.85 52.75 4.2
      vertex 27.2115 46.3443 4.2
      vertex 27.2121 46.3427 4.2
    endloop
  endfacet
  facet normal 0 0 1
    outer loop
      vertex 31.3887 56.0126 4.2
      vertex 26.8157 58.3546 4.2
      vertex 31.1959 55.377 4.2
    endloop
  endfacet
  facet normal 0 0 1
    outer loop
      vertex 30.85 52.75 4.2
      vertex 27.1158 46.6264 4.2
      vertex 27.2115 46.3443 4.2
    endloop
  endfacet
  facet normal -0 0 1
    outer loop
      vertex 26.6193 58.1307 4.2
      vertex 31.1959 55.377 4.2
      vertex 26.8157 58.3546 4.2
    endloop
  endfacet
  facet normal 0 0 1
    outer loop
      vertex 30.85 52.75 4.2
      vertex 27.115 46.6279 4.2
      vertex 27.1158 46.6264 4.2
    endloop
  endfacet
  facet normal -0 0 1
    outer loop
      vertex 26.3954 57.9342 4.2
      vertex 31.1959 55.377 4.2
      vertex 26.6193 58.1307 4.2
    endloop
  endfacet
  facet normal 0 0 1
    outer loop
      vertex 30.85 52.75 4.2
      vertex 26.9833 46.8951 4.2
      vertex 27.115 46.6279 4.2
    endloop
  endfacet
  facet normal -0 0 1
    outer loop
      vertex 26.3941 57.9331 4.2
      vertex 31.1959 55.377 4.2
      vertex 26.3954 57.9342 4.2
    endloop
  endfacet
  facet normal 0 0 1
    outer loop
      vertex 30.85 52.75 4.2
      vertex 26.8178 47.1427 4.2
      vertex 26.9833 46.8951 4.2
    endloop
  endfacet
  facet normal 0 0 1
    outer loop
      vertex 31.1959 55.377 4.2
      vertex 26.3941 57.9331 4.2
      vertex 31.045 54.7302 4.2
    endloop
  endfacet
  facet normal 0 0 1
    outer loop
      vertex 30.85 52.75 4.2
      vertex 26.8169 47.1441 4.2
      vertex 26.8178 47.1427 4.2
    endloop
  endfacet
  facet normal -0 0 1
    outer loop
      vertex 26.3927 57.9322 4.2
      vertex 31.045 54.7302 4.2
      vertex 26.3941 57.9331 4.2
    endloop
  endfacet
  facet normal 0 0 1
    outer loop
      vertex 30.85 52.75 4.2
      vertex 26.8157 47.1454 4.2
      vertex 26.8169 47.1441 4.2
    endloop
  endfacet
  facet normal -0 0 1
    outer loop
      vertex 26.1451 57.7667 4.2
      vertex 31.045 54.7302 4.2
      vertex 26.3927 57.9322 4.2
    endloop
  endfacet
  facet normal 0 0 1
    outer loop
      vertex 30.85 52.75 4.2
      vertex 26.6193 47.3693 4.2
      vertex 26.8157 47.1454 4.2
    endloop
  endfacet
  facet normal 0 0 1
    outer loop
      vertex 31.045 54.7302 4.2
      vertex 26.1451 57.7667 4.2
      vertex 30.9368 54.0748 4.2
    endloop
  endfacet
  facet normal 0 0 1
    outer loop
      vertex 30.85 52.75 4.2
      vertex 26.3954 47.5657 4.2
      vertex 26.6193 47.3693 4.2
    endloop
  endfacet
  facet normal -0 0 1
    outer loop
      vertex 25.8779 57.635 4.2
      vertex 30.9368 54.0748 4.2
      vertex 26.1451 57.7667 4.2
    endloop
  endfacet
  facet normal 0 0 1
    outer loop
      vertex 30.85 52.75 4.2
      vertex 26.3941 47.5669 4.2
      vertex 26.3954 47.5657 4.2
    endloop
  endfacet
  facet normal -0 0 1
    outer loop
      vertex 25.8764 57.6342 4.2
      vertex 30.9368 54.0748 4.2
      vertex 25.8779 57.635 4.2
    endloop
  endfacet
  facet normal 0 0 1
    outer loop
      vertex 30.85 52.75 4.2
      vertex 26.3927 47.5678 4.2
      vertex 26.3941 47.5669 4.2
    endloop
  endfacet
  facet normal 0 0 1
    outer loop
      vertex 30.9368 54.0748 4.2
      vertex 25.8764 57.6342 4.2
      vertex 30.8717 53.4138 4.2
    endloop
  endfacet
  facet normal 0 0 1
    outer loop
      vertex 30.85 52.75 4.2
      vertex 26.1451 47.7333 4.2
      vertex 26.3927 47.5678 4.2
    endloop
  endfacet
  facet normal -0 0 1
    outer loop
      vertex 25.5943 57.5385 4.2
      vertex 30.8717 53.4138 4.2
      vertex 25.8764 57.6342 4.2
    endloop
  endfacet
  facet normal 0 0 1
    outer loop
      vertex 30.85 52.75 4.2
      vertex 25.8779 47.865 4.2
      vertex 26.1451 47.7333 4.2
    endloop
  endfacet
  facet normal -0 0 1
    outer loop
      vertex 25.5927 57.5379 4.2
      vertex 30.8717 53.4138 4.2
      vertex 25.5943 57.5385 4.2
    endloop
  endfacet
  facet normal 0 0 1
    outer loop
      vertex 30.85 52.75 4.2
      vertex 25.8764 47.8658 4.2
      vertex 25.8779 47.865 4.2
    endloop
  endfacet
  facet normal 0 0 1
    outer loop
      vertex 30.8717 53.4138 4.2
      vertex 25.5927 57.5379 4.2
      vertex 30.85 52.75 4.2
    endloop
  endfacet
  facet normal 0 0 1
    outer loop
      vertex 30.85 52.75 4.2
      vertex 25.5943 47.9615 4.2
      vertex 25.8764 47.8658 4.2
    endloop
  endfacet
  facet normal -0 0 1
    outer loop
      vertex 25.3006 57.4798 4.2
      vertex 30.85 52.75 4.2
      vertex 25.5927 57.5379 4.2
    endloop
  endfacet
  facet normal 0 0 1
    outer loop
      vertex 30.85 52.75 4.2
      vertex 25.5927 47.9621 4.2
      vertex 25.5943 47.9615 4.2
    endloop
  endfacet
  facet normal -0 0 1
    outer loop
      vertex 25.2989 57.4795 4.2
      vertex 30.85 52.75 4.2
      vertex 25.3006 57.4798 4.2
    endloop
  endfacet
  facet normal 0 0 1
    outer loop
      vertex 30.85 52.75 4.2
      vertex 25.3006 48.0202 4.2
      vertex 25.5927 47.9621 4.2
    endloop
  endfacet
  facet normal 0 0 1
    outer loop
      vertex 25.2989 48.0205 4.2
      vertex 30.85 52.75 4.2
      vertex 25.2989 57.4795 4.2
    endloop
  endfacet
  facet normal 0 0 1
    outer loop
      vertex 30.85 52.75 4.2
      vertex 25.2989 48.0205 4.2
      vertex 25.3006 48.0202 4.2
    endloop
  endfacet
  facet normal -0 0 1
    outer loop
      vertex 25.2972 57.4794 4.2
      vertex 25.2989 48.0205 4.2
      vertex 25.2989 57.4795 4.2
    endloop
  endfacet
  facet normal 0 0 1
    outer loop
      vertex 25.2972 57.4794 4.2
      vertex 25.2972 48.0206 4.2
      vertex 25.2989 48.0205 4.2
    endloop
  endfacet
  facet normal -0 0 1
    outer loop
      vertex 25 57.4599 4.2
      vertex 25.2972 48.0206 4.2
      vertex 25.2972 57.4794 4.2
    endloop
  endfacet
  facet normal 0 0 1
    outer loop
      vertex 25 57.4599 4.2
      vertex 25 48.0401 4.2
      vertex 25.2972 48.0206 4.2
    endloop
  endfacet
  facet normal 0 0 1
    outer loop
      vertex 24.7028 57.4794 4.2
      vertex 25 48.0401 4.2
      vertex 25 57.4599 4.2
    endloop
  endfacet
  facet normal 0 0 1
    outer loop
      vertex 24.7028 57.4794 4.2
      vertex 24.7028 48.0206 4.2
      vertex 25 48.0401 4.2
    endloop
  endfacet
  facet normal 0 0 1
    outer loop
      vertex 24.7011 57.4795 4.2
      vertex 24.7028 48.0206 4.2
      vertex 24.7028 57.4794 4.2
    endloop
  endfacet
  facet normal 0 0 1
    outer loop
      vertex 24.7011 57.4795 4.2
      vertex 24.7011 48.0205 4.2
      vertex 24.7028 48.0206 4.2
    endloop
  endfacet
  facet normal 0 0 1
    outer loop
      vertex 19.15 52.75 4.2
      vertex 24.7011 57.4795 4.2
      vertex 24.6994 57.4798 4.2
    endloop
  endfacet
  facet normal 0 0 1
    outer loop
      vertex 24.7011 57.4795 4.2
      vertex 19.15 52.75 4.2
      vertex 24.7011 48.0205 4.2
    endloop
  endfacet
  facet normal 0 0 1
    outer loop
      vertex 19.15 52.75 4.2
      vertex 24.6994 57.4798 4.2
      vertex 24.4073 57.5379 4.2
    endloop
  endfacet
  facet normal 0 0 1
    outer loop
      vertex 24.7011 48.0205 4.2
      vertex 19.15 52.75 4.2
      vertex 24.6994 48.0202 4.2
    endloop
  endfacet
  facet normal 0 0 1
    outer loop
      vertex 19.1283 53.4138 4.2
      vertex 24.4073 57.5379 4.2
      vertex 24.4057 57.5385 4.2
    endloop
  endfacet
  facet normal 0 0 1
    outer loop
      vertex 24.6994 48.0202 4.2
      vertex 19.15 52.75 4.2
      vertex 24.4073 47.9621 4.2
    endloop
  endfacet
  facet normal 0 0 1
    outer loop
      vertex 19.1283 53.4138 4.2
      vertex 24.4057 57.5385 4.2
      vertex 24.1236 57.6342 4.2
    endloop
  endfacet
  facet normal -0 0 1
    outer loop
      vertex 19.1283 52.0862 4.2
      vertex 24.4073 47.9621 4.2
      vertex 19.15 52.75 4.2
    endloop
  endfacet
  facet normal 0 0 1
    outer loop
      vertex 19.0632 54.0748 4.2
      vertex 24.1236 57.6342 4.2
      vertex 24.1221 57.635 4.2
    endloop
  endfacet
  facet normal 0 0 1
    outer loop
      vertex 24.4073 47.9621 4.2
      vertex 19.1283 52.0862 4.2
      vertex 24.4057 47.9615 4.2
    endloop
  endfacet
  facet normal 0 0 1
    outer loop
      vertex 19.0632 54.0748 4.2
      vertex 24.1221 57.635 4.2
      vertex 23.8549 57.7667 4.2
    endloop
  endfacet
  facet normal 0 0 1
    outer loop
      vertex 24.4057 47.9615 4.2
      vertex 19.1283 52.0862 4.2
      vertex 24.1236 47.8658 4.2
    endloop
  endfacet
  facet normal 0 0 1
    outer loop
      vertex 18.955 54.7302 4.2
      vertex 23.8549 57.7667 4.2
      vertex 23.6073 57.9322 4.2
    endloop
  endfacet
  facet normal -0 0 1
    outer loop
      vertex 19.0632 51.4252 4.2
      vertex 24.1236 47.8658 4.2
      vertex 19.1283 52.0862 4.2
    endloop
  endfacet
  facet normal 0 0 1
    outer loop
      vertex 18.955 54.7302 4.2
      vertex 23.6073 57.9322 4.2
      vertex 23.6059 57.9331 4.2
    endloop
  endfacet
  facet normal 0 0 1
    outer loop
      vertex 24.1236 47.8658 4.2
      vertex 19.0632 51.4252 4.2
      vertex 24.1221 47.865 4.2
    endloop
  endfacet
  facet normal 0 0 1
    outer loop
      vertex 18.8041 55.377 4.2
      vertex 23.6059 57.9331 4.2
      vertex 23.6046 57.9342 4.2
    endloop
  endfacet
  facet normal 0 0 1
    outer loop
      vertex 24.1221 47.865 4.2
      vertex 19.0632 51.4252 4.2
      vertex 23.8549 47.7333 4.2
    endloop
  endfacet
  facet normal 0 0 1
    outer loop
      vertex 18.8041 55.377 4.2
      vertex 23.6046 57.9342 4.2
      vertex 23.3807 58.1307 4.2
    endloop
  endfacet
  facet normal -0 0 1
    outer loop
      vertex 18.955 50.7698 4.2
      vertex 23.8549 47.7333 4.2
      vertex 19.0632 51.4252 4.2
    endloop
  endfacet
  facet normal 0 0 1
    outer loop
      vertex 18.8041 55.377 4.2
      vertex 23.3807 58.1307 4.2
      vertex 23.1843 58.3546 4.2
    endloop
  endfacet
  facet normal 0 0 1
    outer loop
      vertex 23.8549 47.7333 4.2
      vertex 18.955 50.7698 4.2
      vertex 23.6073 47.5678 4.2
    endloop
  endfacet
  facet normal 0 0 1
    outer loop
      vertex 18.6113 56.0126 4.2
      vertex 23.1843 58.3546 4.2
      vertex 23.1831 58.3559 4.2
    endloop
  endfacet
  facet normal 0 0 1
    outer loop
      vertex 23.6073 47.5678 4.2
      vertex 18.955 50.7698 4.2
      vertex 23.6059 47.5669 4.2
    endloop
  endfacet
  facet normal 0 0 1
    outer loop
      vertex 18.6113 56.0126 4.2
      vertex 23.1831 58.3559 4.2
      vertex 23.1822 58.3573 4.2
    endloop
  endfacet
  facet normal -0 0 1
    outer loop
      vertex 18.8041 50.123 4.2
      vertex 23.6059 47.5669 4.2
      vertex 18.955 50.7698 4.2
    endloop
  endfacet
  facet normal 0 0 1
    outer loop
      vertex 18.6113 56.0126 4.2
      vertex 23.1822 58.3573 4.2
      vertex 23.0167 58.6049 4.2
    endloop
  endfacet
  facet normal 0 0 1
    outer loop
      vertex 23.6059 47.5669 4.2
      vertex 18.8041 50.123 4.2
      vertex 23.6046 47.5657 4.2
    endloop
  endfacet
  facet normal 0 0 1
    outer loop
      vertex 18.3774 56.6342 4.2
      vertex 23.0167 58.6049 4.2
      vertex 22.885 58.8721 4.2
    endloop
  endfacet
  facet normal 0 0 1
    outer loop
      vertex 23.6046 47.5657 4.2
      vertex 18.8041 50.123 4.2
      vertex 23.3807 47.3693 4.2
    endloop
  endfacet
  facet normal 0 0 1
    outer loop
      vertex 18.3774 56.6342 4.2
      vertex 22.885 58.8721 4.2
      vertex 22.8842 58.8736 4.2
    endloop
  endfacet
  facet normal 0 0 1
    outer loop
      vertex 23.3807 47.3693 4.2
      vertex 18.8041 50.123 4.2
      vertex 23.1843 47.1454 4.2
    endloop
  endfacet
  facet normal 0 0 1
    outer loop
      vertex 18.1033 57.2392 4.2
      vertex 22.8842 58.8736 4.2
      vertex 22.7885 59.1557 4.2
    endloop
  endfacet
  facet normal -0 0 1
    outer loop
      vertex 18.6113 49.4874 4.2
      vertex 23.1843 47.1454 4.2
      vertex 18.8041 50.123 4.2
    endloop
  endfacet
  facet normal 0 0 1
    outer loop
      vertex 18.1033 57.2392 4.2
      vertex 22.7885 59.1557 4.2
      vertex 22.7879 59.1573 4.2
    endloop
  endfacet
  facet normal 0 0 1
    outer loop
      vertex 23.1843 47.1454 4.2
      vertex 18.6113 49.4874 4.2
      vertex 23.1831 47.1441 4.2
    endloop
  endfacet
  facet normal 0 0 1
    outer loop
      vertex 17.7902 57.825 4.2
      vertex 22.7879 59.1573 4.2
      vertex 22.7298 59.4494 4.2
    endloop
  endfacet
  facet normal 0 0 1
    outer loop
      vertex 23.1831 47.1441 4.2
      vertex 18.6113 49.4874 4.2
      vertex 23.1822 47.1427 4.2
    endloop
  endfacet
  facet normal 0 0 1
    outer loop
      vertex 17.7902 57.825 4.2
      vertex 22.7298 59.4494 4.2
      vertex 22.7295 59.4511 4.2
    endloop
  endfacet
  facet normal 0 0 1
    outer loop
      vertex 23.1822 47.1427 4.2
      vertex 18.6113 49.4874 4.2
      vertex 23.0167 46.8951 4.2
    endloop
  endfacet
  facet normal 0 0 1
    outer loop
      vertex 17.7902 57.825 4.2
      vertex 22.7295 59.4511 4.2
      vertex 22.7294 59.4528 4.2
    endloop
  endfacet
  facet normal -0 0 1
    outer loop
      vertex 18.3774 48.8658 4.2
      vertex 23.0167 46.8951 4.2
      vertex 18.6113 49.4874 4.2
    endloop
  endfacet
  facet normal 0 0 1
    outer loop
      vertex 17.7902 57.825 4.2
      vertex 22.7294 59.4528 4.2
      vertex 22.7099 59.75 4.2
    endloop
  endfacet
  facet normal 0 0 1
    outer loop
      vertex 23.0167 46.8951 4.2
      vertex 18.3774 48.8658 4.2
      vertex 22.885 46.6279 4.2
    endloop
  endfacet
  facet normal 0 0 1
    outer loop
      vertex 51.15 52.75 4.2
      vertex 52.85 52.75 4.2
      vertex 52.8246 53.525 4.2
    endloop
  endfacet
  facet normal 0 0 1
    outer loop
      vertex 51.1283 53.4138 4.2
      vertex 52.8246 53.525 4.2
      vertex 52.7486 54.2967 4.2
    endloop
  endfacet
  facet normal 0 0 1
    outer loop
      vertex 52.85 52.75 4.2
      vertex 51.15 52.75 4.2
      vertex 52.8246 51.975 4.2
    endloop
  endfacet
  facet normal 0 0 1
    outer loop
      vertex 51.0632 54.0748 4.2
      vertex 52.7486 54.2967 4.2
      vertex 52.6223 55.0618 4.2
    endloop
  endfacet
  facet normal -0 0 1
    outer loop
      vertex 51.1283 52.0862 4.2
      vertex 52.8246 51.975 4.2
      vertex 51.15 52.75 4.2
    endloop
  endfacet
  facet normal 0 0 1
    outer loop
      vertex 50.955 54.7302 4.2
      vertex 52.6223 55.0618 4.2
      vertex 52.4462 55.817 4.2
    endloop
  endfacet
  facet normal 0 0 1
    outer loop
      vertex 52.8246 51.975 4.2
      vertex 51.1283 52.0862 4.2
      vertex 52.7486 51.2033 4.2
    endloop
  endfacet
  facet normal 0 0 1
    outer loop
      vertex 50.8041 55.377 4.2
      vertex 52.4462 55.817 4.2
      vertex 52.2211 56.5591 4.2
    endloop
  endfacet
  facet normal -0 0 1
    outer loop
      vertex 51.0632 51.4252 4.2
      vertex 52.7486 51.2033 4.2
      vertex 51.1283 52.0862 4.2
    endloop
  endfacet
  facet normal 0 0 1
    outer loop
      vertex 50.6113 56.0126 4.2
      vertex 52.2211 56.5591 4.2
      vertex 51.948 57.2848 4.2
    endloop
  endfacet
  facet normal 0 0 1
    outer loop
      vertex 52.7486 51.2033 4.2
      vertex 51.0632 51.4252 4.2
      vertex 52.6223 50.4382 4.2
    endloop
  endfacet
  facet normal 0 0 1
    outer loop
      vertex 50.3774 56.6342 4.2
      vertex 51.948 57.2848 4.2
      vertex 51.6279 57.9911 4.2
    endloop
  endfacet
  facet normal -0 0 1
    outer loop
      vertex 50.955 50.7698 4.2
      vertex 52.6223 50.4382 4.2
      vertex 51.0632 51.4252 4.2
    endloop
  endfacet
  facet normal 0 0 1
    outer loop
      vertex 50.1033 57.2392 4.2
      vertex 51.6279 57.9911 4.2
      vertex 51.2624 58.675 4.2
    endloop
  endfacet
  facet normal 0 0 1
    outer loop
      vertex 52.6223 50.4382 4.2
      vertex 50.955 50.7698 4.2
      vertex 52.4462 49.683 4.2
    endloop
  endfacet
  facet normal -0 0 1
    outer loop
      vertex 50.8041 50.123 4.2
      vertex 52.4462 49.683 4.2
      vertex 50.955 50.7698 4.2
    endloop
  endfacet
  facet normal 0 0 1
    outer loop
      vertex 52.8246 53.525 4.2
      vertex 51.1283 53.4138 4.2
      vertex 51.15 52.75 4.2
    endloop
  endfacet
  facet normal 0 0 1
    outer loop
      vertex 52.7486 54.2967 4.2
      vertex 51.0632 54.0748 4.2
      vertex 51.1283 53.4138 4.2
    endloop
  endfacet
  facet normal 0 0 1
    outer loop
      vertex 52.6223 55.0618 4.2
      vertex 50.955 54.7302 4.2
      vertex 51.0632 54.0748 4.2
    endloop
  endfacet
  facet normal 0 0 1
    outer loop
      vertex 49.7902 57.825 4.2
      vertex 51.2624 58.675 4.2
      vertex 50.8529 59.3335 4.2
    endloop
  endfacet
  facet normal 0 0 1
    outer loop
      vertex 52.4462 55.817 4.2
      vertex 50.8041 55.377 4.2
      vertex 50.955 54.7302 4.2
    endloop
  endfacet
  facet normal 0 0 1
    outer loop
      vertex 52.2211 56.5591 4.2
      vertex 50.6113 56.0126 4.2
      vertex 50.8041 55.377 4.2
    endloop
  endfacet
  facet normal 0 0 1
    outer loop
      vertex 49.4394 58.389 4.2
      vertex 50.8529 59.3335 4.2
      vertex 50.4012 59.9638 4.2
    endloop
  endfacet
  facet normal 0 0 1
    outer loop
      vertex 51.948 57.2848 4.2
      vertex 50.3774 56.6342 4.2
      vertex 50.6113 56.0126 4.2
    endloop
  endfacet
  facet normal 0 0 1
    outer loop
      vertex 51.6279 57.9911 4.2
      vertex 50.1033 57.2392 4.2
      vertex 50.3774 56.6342 4.2
    endloop
  endfacet
  facet normal 0 0 1
    outer loop
      vertex 49.0525 58.9289 4.2
      vertex 50.4012 59.9638 4.2
      vertex 49.9093 60.5632 4.2
    endloop
  endfacet
  facet normal 0 0 1
    outer loop
      vertex 51.2624 58.675 4.2
      vertex 49.7902 57.825 4.2
      vertex 50.1033 57.2392 4.2
    endloop
  endfacet
  facet normal 0 0 1
    outer loop
      vertex 50.8529 59.3335 4.2
      vertex 49.4394 58.389 4.2
      vertex 49.7902 57.825 4.2
    endloop
  endfacet
  facet normal 0 0 1
    outer loop
      vertex 48.6312 59.4424 4.2
      vertex 49.9093 60.5632 4.2
      vertex 49.3792 61.1292 4.2
    endloop
  endfacet
  facet normal 0 0 1
    outer loop
      vertex 50.4012 59.9638 4.2
      vertex 49.0525 58.9289 4.2
      vertex 49.4394 58.389 4.2
    endloop
  endfacet
  facet normal 0 0 1
    outer loop
      vertex 48.1771 59.9271 4.2
      vertex 49.3792 61.1292 4.2
      vertex 48.8132 61.6593 4.2
    endloop
  endfacet
  facet normal 0 0 1
    outer loop
      vertex 49.9093 60.5632 4.2
      vertex 48.6312 59.4424 4.2
      vertex 49.0525 58.9289 4.2
    endloop
  endfacet
  facet normal 0 0 1
    outer loop
      vertex 47.6924 60.3812 4.2
      vertex 48.8132 61.6593 4.2
      vertex 48.2138 62.1512 4.2
    endloop
  endfacet
  facet normal 0 0 1
    outer loop
      vertex 49.3792 61.1292 4.2
      vertex 48.1771 59.9271 4.2
      vertex 48.6312 59.4424 4.2
    endloop
  endfacet
  facet normal 0 0 1
    outer loop
      vertex 48.8132 61.6593 4.2
      vertex 47.6924 60.3812 4.2
      vertex 48.1771 59.9271 4.2
    endloop
  endfacet
  facet normal 0 0 1
    outer loop
      vertex 47.1789 60.8025 4.2
      vertex 48.2138 62.1512 4.2
      vertex 47.5835 62.6029 4.2
    endloop
  endfacet
  facet normal 0 0 1
    outer loop
      vertex 48.2138 62.1512 4.2
      vertex 47.1789 60.8025 4.2
      vertex 47.6924 60.3812 4.2
    endloop
  endfacet
  facet normal 0 0 1
    outer loop
      vertex 46.639 61.1894 4.2
      vertex 47.5835 62.6029 4.2
      vertex 46.925 63.0124 4.2
    endloop
  endfacet
  facet normal 0 0 1
    outer loop
      vertex 47.5835 62.6029 4.2
      vertex 46.639 61.1894 4.2
      vertex 47.1789 60.8025 4.2
    endloop
  endfacet
  facet normal 0 0 1
    outer loop
      vertex 46.075 61.5402 4.2
      vertex 46.925 63.0124 4.2
      vertex 46.2411 63.3779 4.2
    endloop
  endfacet
  facet normal 0 0 1
    outer loop
      vertex 46.925 63.0124 4.2
      vertex 46.075 61.5402 4.2
      vertex 46.639 61.1894 4.2
    endloop
  endfacet
  facet normal 0 0 1
    outer loop
      vertex 45.4892 61.8533 4.2
      vertex 46.2411 63.3779 4.2
      vertex 45.5348 63.698 4.2
    endloop
  endfacet
  facet normal 0 0 1
    outer loop
      vertex 46.2411 63.3779 4.2
      vertex 45.4892 61.8533 4.2
      vertex 46.075 61.5402 4.2
    endloop
  endfacet
  facet normal 0 0 1
    outer loop
      vertex 45.5348 63.698 4.2
      vertex 44.8842 62.1274 4.2
      vertex 45.4892 61.8533 4.2
    endloop
  endfacet
  facet normal 0 0 1
    outer loop
      vertex 44.8091 63.9711 4.2
      vertex 44.8842 62.1274 4.2
      vertex 45.5348 63.698 4.2
    endloop
  endfacet
  facet normal 0 0 1
    outer loop
      vertex 44.8091 63.9711 4.2
      vertex 44.2626 62.3613 4.2
      vertex 44.8842 62.1274 4.2
    endloop
  endfacet
  facet normal 0 0 1
    outer loop
      vertex 44.067 64.1962 4.2
      vertex 44.2626 62.3613 4.2
      vertex 44.8091 63.9711 4.2
    endloop
  endfacet
  facet normal 0 0 1
    outer loop
      vertex 44.067 64.1962 4.2
      vertex 43.627 62.5541 4.2
      vertex 44.2626 62.3613 4.2
    endloop
  endfacet
  facet normal 0 0 1
    outer loop
      vertex 43.3118 64.3723 4.2
      vertex 43.627 62.5541 4.2
      vertex 44.067 64.1962 4.2
    endloop
  endfacet
  facet normal 0 0 1
    outer loop
      vertex 43.3118 64.3723 4.2
      vertex 42.9802 62.705 4.2
      vertex 43.627 62.5541 4.2
    endloop
  endfacet
  facet normal 0 0 1
    outer loop
      vertex 42.5467 64.4986 4.2
      vertex 42.9802 62.705 4.2
      vertex 43.3118 64.3723 4.2
    endloop
  endfacet
  facet normal 0 0 1
    outer loop
      vertex 42.5467 64.4986 4.2
      vertex 42.3248 62.8132 4.2
      vertex 42.9802 62.705 4.2
    endloop
  endfacet
  facet normal 0 0 1
    outer loop
      vertex 41.775 64.5746 4.2
      vertex 42.3248 62.8132 4.2
      vertex 42.5467 64.4986 4.2
    endloop
  endfacet
  facet normal 0 0 1
    outer loop
      vertex 41.775 64.5746 4.2
      vertex 41.6638 62.8783 4.2
      vertex 42.3248 62.8132 4.2
    endloop
  endfacet
  facet normal 0 0 1
    outer loop
      vertex 41 64.6 4.2
      vertex 41.6638 62.8783 4.2
      vertex 41.775 64.5746 4.2
    endloop
  endfacet
  facet normal 0 0 1
    outer loop
      vertex 41 64.6 4.2
      vertex 41 62.9 4.2
      vertex 41.6638 62.8783 4.2
    endloop
  endfacet
  facet normal 0 0 1
    outer loop
      vertex 41 64.6 4.2
      vertex 40.3362 62.8783 4.2
      vertex 41 62.9 4.2
    endloop
  endfacet
  facet normal 0 0 1
    outer loop
      vertex 41 64.6 4.2
      vertex 39.6752 62.8132 4.2
      vertex 40.3362 62.8783 4.2
    endloop
  endfacet
  facet normal 0 0 1
    outer loop
      vertex 41 64.6 4.2
      vertex 39.0198 62.705 4.2
      vertex 39.6752 62.8132 4.2
    endloop
  endfacet
  facet normal 0 0 1
    outer loop
      vertex 41 64.6 4.2
      vertex 38.373 62.5541 4.2
      vertex 39.0198 62.705 4.2
    endloop
  endfacet
  facet normal 0 0 1
    outer loop
      vertex 41 64.6 4.2
      vertex 37.7374 62.3613 4.2
      vertex 38.373 62.5541 4.2
    endloop
  endfacet
  facet normal 0 0 1
    outer loop
      vertex 41 64.6 4.2
      vertex 37.1158 62.1274 4.2
      vertex 37.7374 62.3613 4.2
    endloop
  endfacet
  facet normal 0 0 1
    outer loop
      vertex 25.8764 61.8658 4.2
      vertex 37.1158 62.1274 4.2
      vertex 41 64.6 4.2
    endloop
  endfacet
  facet normal 0 0 1
    outer loop
      vertex 37.1158 62.1274 4.2
      vertex 25.8764 61.8658 4.2
      vertex 36.5108 61.8533 4.2
    endloop
  endfacet
  facet normal 0 0 1
    outer loop
      vertex 31.8967 57.2392 4.2
      vertex 27.1158 58.8736 4.2
      vertex 31.6226 56.6342 4.2
    endloop
  endfacet
  facet normal -0 0 1
    outer loop
      vertex 27.1158 58.8736 4.2
      vertex 31.8967 57.2392 4.2
      vertex 27.2115 59.1557 4.2
    endloop
  endfacet
  facet normal -0 0 1
    outer loop
      vertex 27.2115 59.1557 4.2
      vertex 31.8967 57.2392 4.2
      vertex 27.2121 59.1573 4.2
    endloop
  endfacet
  facet normal 0 0 1
    outer loop
      vertex 32.2098 57.825 4.2
      vertex 27.2121 59.1573 4.2
      vertex 31.8967 57.2392 4.2
    endloop
  endfacet
  facet normal -0 0 1
    outer loop
      vertex 27.2121 59.1573 4.2
      vertex 32.2098 57.825 4.2
      vertex 27.2702 59.4494 4.2
    endloop
  endfacet
  facet normal -0 0 1
    outer loop
      vertex 27.2702 59.4494 4.2
      vertex 32.2098 57.825 4.2
      vertex 27.2705 59.4511 4.2
    endloop
  endfacet
  facet normal -0 0 1
    outer loop
      vertex 27.2705 59.4511 4.2
      vertex 32.2098 57.825 4.2
      vertex 27.2706 59.4528 4.2
    endloop
  endfacet
  facet normal -0 0 1
    outer loop
      vertex 27.2706 59.4528 4.2
      vertex 32.2098 57.825 4.2
      vertex 27.2901 59.75 4.2
    endloop
  endfacet
  facet normal 0 0 1
    outer loop
      vertex 32.5606 58.389 4.2
      vertex 27.2901 59.75 4.2
      vertex 32.2098 57.825 4.2
    endloop
  endfacet
  facet normal 0 0 1
    outer loop
      vertex 27.2705 60.0489 4.2
      vertex 32.5606 58.389 4.2
      vertex 32.9475 58.9289 4.2
    endloop
  endfacet
  facet normal 0 0 1
    outer loop
      vertex 27.2121 60.3427 4.2
      vertex 32.9475 58.9289 4.2
      vertex 33.3688 59.4424 4.2
    endloop
  endfacet
  facet normal 0 0 1
    outer loop
      vertex 27.1158 60.6264 4.2
      vertex 33.3688 59.4424 4.2
      vertex 33.8229 59.9271 4.2
    endloop
  endfacet
  facet normal 0 0 1
    outer loop
      vertex 26.9833 60.8951 4.2
      vertex 33.8229 59.9271 4.2
      vertex 34.3076 60.3812 4.2
    endloop
  endfacet
  facet normal 0 0 1
    outer loop
      vertex 26.8157 61.1454 4.2
      vertex 34.3076 60.3812 4.2
      vertex 34.8211 60.8025 4.2
    endloop
  endfacet
  facet normal 0 0 1
    outer loop
      vertex 26.6193 61.3693 4.2
      vertex 34.8211 60.8025 4.2
      vertex 35.361 61.1894 4.2
    endloop
  endfacet
  facet normal 0 0 1
    outer loop
      vertex 26.3941 61.5669 4.2
      vertex 35.361 61.1894 4.2
      vertex 35.925 61.5402 4.2
    endloop
  endfacet
  facet normal -0 -0 1
    outer loop
      vertex 25.8779 61.865 4.2
      vertex 36.5108 61.8533 4.2
      vertex 25.8764 61.8658 4.2
    endloop
  endfacet
  facet normal 0 0 1
    outer loop
      vertex 32.5606 58.389 4.2
      vertex 27.2706 60.0472 4.2
      vertex 27.2901 59.75 4.2
    endloop
  endfacet
  facet normal 0 0 1
    outer loop
      vertex 32.5606 58.389 4.2
      vertex 27.2705 60.0489 4.2
      vertex 27.2706 60.0472 4.2
    endloop
  endfacet
  facet normal 0 0 1
    outer loop
      vertex 32.9475 58.9289 4.2
      vertex 27.2702 60.0506 4.2
      vertex 27.2705 60.0489 4.2
    endloop
  endfacet
  facet normal 0 0 1
    outer loop
      vertex 32.9475 58.9289 4.2
      vertex 27.2121 60.3427 4.2
      vertex 27.2702 60.0506 4.2
    endloop
  endfacet
  facet normal 0 0 1
    outer loop
      vertex 33.3688 59.4424 4.2
      vertex 27.2115 60.3443 4.2
      vertex 27.2121 60.3427 4.2
    endloop
  endfacet
  facet normal 0 0 1
    outer loop
      vertex 33.3688 59.4424 4.2
      vertex 27.1158 60.6264 4.2
      vertex 27.2115 60.3443 4.2
    endloop
  endfacet
  facet normal 0 0 1
    outer loop
      vertex 33.8229 59.9271 4.2
      vertex 27.115 60.6279 4.2
      vertex 27.1158 60.6264 4.2
    endloop
  endfacet
  facet normal 0 0 1
    outer loop
      vertex 33.8229 59.9271 4.2
      vertex 26.9833 60.8951 4.2
      vertex 27.115 60.6279 4.2
    endloop
  endfacet
  facet normal 0 0 1
    outer loop
      vertex 34.3076 60.3812 4.2
      vertex 26.8178 61.1427 4.2
      vertex 26.9833 60.8951 4.2
    endloop
  endfacet
  facet normal 0 0 1
    outer loop
      vertex 34.3076 60.3812 4.2
      vertex 26.8169 61.1441 4.2
      vertex 26.8178 61.1427 4.2
    endloop
  endfacet
  facet normal 0 0 1
    outer loop
      vertex 34.3076 60.3812 4.2
      vertex 26.8157 61.1454 4.2
      vertex 26.8169 61.1441 4.2
    endloop
  endfacet
  facet normal 0 0 1
    outer loop
      vertex 34.8211 60.8025 4.2
      vertex 26.6193 61.3693 4.2
      vertex 26.8157 61.1454 4.2
    endloop
  endfacet
  facet normal 0 0 1
    outer loop
      vertex 35.361 61.1894 4.2
      vertex 26.3954 61.5657 4.2
      vertex 26.6193 61.3693 4.2
    endloop
  endfacet
  facet normal 0 0 1
    outer loop
      vertex 35.361 61.1894 4.2
      vertex 26.3941 61.5669 4.2
      vertex 26.3954 61.5657 4.2
    endloop
  endfacet
  facet normal 0 0 1
    outer loop
      vertex 35.925 61.5402 4.2
      vertex 26.3927 61.5678 4.2
      vertex 26.3941 61.5669 4.2
    endloop
  endfacet
  facet normal 0 0 1
    outer loop
      vertex 35.925 61.5402 4.2
      vertex 26.1451 61.7333 4.2
      vertex 26.3927 61.5678 4.2
    endloop
  endfacet
  facet normal 0 0 1
    outer loop
      vertex 36.5108 61.8533 4.2
      vertex 26.1451 61.7333 4.2
      vertex 35.925 61.5402 4.2
    endloop
  endfacet
  facet normal 0 -0 1
    outer loop
      vertex 26.1451 61.7333 4.2
      vertex 36.5108 61.8533 4.2
      vertex 25.8779 61.865 4.2
    endloop
  endfacet
  facet normal 0 0 1
    outer loop
      vertex 41 64.6 4.2
      vertex 25.5943 61.9615 4.2
      vertex 25.8764 61.8658 4.2
    endloop
  endfacet
  facet normal 0 0 1
    outer loop
      vertex 41 64.6 4.2
      vertex 25.5927 61.9621 4.2
      vertex 25.5943 61.9615 4.2
    endloop
  endfacet
  facet normal 0 0 1
    outer loop
      vertex 41 64.6 4.2
      vertex 25.3006 62.0202 4.2
      vertex 25.5927 61.9621 4.2
    endloop
  endfacet
  facet normal 0 0 1
    outer loop
      vertex 41 64.6 4.2
      vertex 25.2989 62.0205 4.2
      vertex 25.3006 62.0202 4.2
    endloop
  endfacet
  facet normal 0 0 1
    outer loop
      vertex 41 64.6 4.2
      vertex 25.2972 62.0206 4.2
      vertex 25.2989 62.0205 4.2
    endloop
  endfacet
  facet normal 0 0 1
    outer loop
      vertex 41 64.6 4.2
      vertex 25 62.0401 4.2
      vertex 25.2972 62.0206 4.2
    endloop
  endfacet
  facet normal -0 0 1
    outer loop
      vertex 9 64.6 4.2
      vertex 25 62.0401 4.2
      vertex 41 64.6 4.2
    endloop
  endfacet
  facet normal 0 0 1
    outer loop
      vertex 25 62.0401 4.2
      vertex 9 64.6 4.2
      vertex 24.7028 62.0206 4.2
    endloop
  endfacet
  facet normal 0 0 1
    outer loop
      vertex 24.4073 61.9621 4.2
      vertex 24.1236 61.8658 4.2
      vertex 24.4057 61.9615 4.2
    endloop
  endfacet
  facet normal 0 0 1
    outer loop
      vertex 14.075 61.5402 4.2
      vertex 23.6073 61.5678 4.2
      vertex 23.8549 61.7333 4.2
    endloop
  endfacet
  facet normal 0 0 1
    outer loop
      vertex 15.6924 60.3812 4.2
      vertex 23.1822 61.1427 4.2
      vertex 23.1831 61.1441 4.2
    endloop
  endfacet
  facet normal 0 0 1
    outer loop
      vertex 16.1771 59.9271 4.2
      vertex 22.885 60.6279 4.2
      vertex 23.0167 60.8951 4.2
    endloop
  endfacet
  facet normal 0 0 1
    outer loop
      vertex 22.885 46.6279 4.2
      vertex 18.3774 48.8658 4.2
      vertex 22.8842 46.6264 4.2
    endloop
  endfacet
  facet normal 0 0 1
    outer loop
      vertex 17.4394 58.389 4.2
      vertex 22.7099 59.75 4.2
      vertex 22.7294 60.0472 4.2
    endloop
  endfacet
  facet normal 0 0 1
    outer loop
      vertex 17.4394 58.389 4.2
      vertex 22.7294 60.0472 4.2
      vertex 22.7295 60.0489 4.2
    endloop
  endfacet
  facet normal 0 0 1
    outer loop
      vertex 17.0525 58.9289 4.2
      vertex 22.7295 60.0489 4.2
      vertex 22.7298 60.0506 4.2
    endloop
  endfacet
  facet normal 0 0 1
    outer loop
      vertex 17.0525 58.9289 4.2
      vertex 22.7298 60.0506 4.2
      vertex 22.7879 60.3427 4.2
    endloop
  endfacet
  facet normal 0 0 1
    outer loop
      vertex 16.6312 59.4424 4.2
      vertex 22.7879 60.3427 4.2
      vertex 22.7885 60.3443 4.2
    endloop
  endfacet
  facet normal 0 0 1
    outer loop
      vertex 16.6312 59.4424 4.2
      vertex 22.7885 60.3443 4.2
      vertex 22.8842 60.6264 4.2
    endloop
  endfacet
  facet normal 0 0 1
    outer loop
      vertex 24.4073 57.5379 4.2
      vertex 19.1283 53.4138 4.2
      vertex 19.15 52.75 4.2
    endloop
  endfacet
  facet normal 0 0 1
    outer loop
      vertex 22.885 60.6279 4.2
      vertex 16.1771 59.9271 4.2
      vertex 22.8842 60.6264 4.2
    endloop
  endfacet
  facet normal 0 0 1
    outer loop
      vertex 24.1236 57.6342 4.2
      vertex 19.0632 54.0748 4.2
      vertex 19.1283 53.4138 4.2
    endloop
  endfacet
  facet normal 0 0 1
    outer loop
      vertex 23.8549 57.7667 4.2
      vertex 18.955 54.7302 4.2
      vertex 19.0632 54.0748 4.2
    endloop
  endfacet
  facet normal 0 0 1
    outer loop
      vertex 23.6059 57.9331 4.2
      vertex 18.8041 55.377 4.2
      vertex 18.955 54.7302 4.2
    endloop
  endfacet
  facet normal 0 0 1
    outer loop
      vertex 23.1822 61.1427 4.2
      vertex 15.6924 60.3812 4.2
      vertex 23.0167 60.8951 4.2
    endloop
  endfacet
  facet normal 0 0 1
    outer loop
      vertex 23.1843 58.3546 4.2
      vertex 18.6113 56.0126 4.2
      vertex 18.8041 55.377 4.2
    endloop
  endfacet
  facet normal 0 0 1
    outer loop
      vertex 15.6924 60.3812 4.2
      vertex 23.1831 61.1441 4.2
      vertex 23.1843 61.1454 4.2
    endloop
  endfacet
  facet normal 0 0 1
    outer loop
      vertex 15.6924 60.3812 4.2
      vertex 23.1843 61.1454 4.2
      vertex 23.3807 61.3693 4.2
    endloop
  endfacet
  facet normal 0 0 1
    outer loop
      vertex 23.0167 58.6049 4.2
      vertex 18.3774 56.6342 4.2
      vertex 18.6113 56.0126 4.2
    endloop
  endfacet
  facet normal 0 0 1
    outer loop
      vertex 22.8842 58.8736 4.2
      vertex 18.1033 57.2392 4.2
      vertex 18.3774 56.6342 4.2
    endloop
  endfacet
  facet normal 0 0 1
    outer loop
      vertex 14.639 61.1894 4.2
      vertex 23.3807 61.3693 4.2
      vertex 23.6046 61.5657 4.2
    endloop
  endfacet
  facet normal 0 0 1
    outer loop
      vertex 14.639 61.1894 4.2
      vertex 23.6046 61.5657 4.2
      vertex 23.6059 61.5669 4.2
    endloop
  endfacet
  facet normal 0 0 1
    outer loop
      vertex 22.7879 59.1573 4.2
      vertex 17.7902 57.825 4.2
      vertex 18.1033 57.2392 4.2
    endloop
  endfacet
  facet normal 0 0 1
    outer loop
      vertex 23.6073 61.5678 4.2
      vertex 14.075 61.5402 4.2
      vertex 23.6059 61.5669 4.2
    endloop
  endfacet
  facet normal 0 0 1
    outer loop
      vertex 22.7099 59.75 4.2
      vertex 17.4394 58.389 4.2
      vertex 17.7902 57.825 4.2
    endloop
  endfacet
  facet normal 0 0 1
    outer loop
      vertex 22.7295 60.0489 4.2
      vertex 17.0525 58.9289 4.2
      vertex 17.4394 58.389 4.2
    endloop
  endfacet
  facet normal -0 0 1
    outer loop
      vertex 13.4892 61.8533 4.2
      vertex 23.8549 61.7333 4.2
      vertex 24.1221 61.865 4.2
    endloop
  endfacet
  facet normal 0 0 1
    outer loop
      vertex 13.4892 61.8533 4.2
      vertex 24.1221 61.865 4.2
      vertex 24.1236 61.8658 4.2
    endloop
  endfacet
  facet normal 0 0 1
    outer loop
      vertex 22.7879 60.3427 4.2
      vertex 16.6312 59.4424 4.2
      vertex 17.0525 58.9289 4.2
    endloop
  endfacet
  facet normal 0 0 1
    outer loop
      vertex 9 64.6 4.2
      vertex 24.1236 61.8658 4.2
      vertex 24.4073 61.9621 4.2
    endloop
  endfacet
  facet normal 0 0 1
    outer loop
      vertex 22.8842 60.6264 4.2
      vertex 16.1771 59.9271 4.2
      vertex 16.6312 59.4424 4.2
    endloop
  endfacet
  facet normal 0 0 1
    outer loop
      vertex 23.0167 60.8951 4.2
      vertex 15.6924 60.3812 4.2
      vertex 16.1771 59.9271 4.2
    endloop
  endfacet
  facet normal 0 0 1
    outer loop
      vertex 9 64.6 4.2
      vertex 24.4073 61.9621 4.2
      vertex 24.6994 62.0202 4.2
    endloop
  endfacet
  facet normal 0 0 1
    outer loop
      vertex 9 64.6 4.2
      vertex 24.6994 62.0202 4.2
      vertex 24.7011 62.0205 4.2
    endloop
  endfacet
  facet normal 0 0 1
    outer loop
      vertex 23.3807 61.3693 4.2
      vertex 15.1789 60.8025 4.2
      vertex 15.6924 60.3812 4.2
    endloop
  endfacet
  facet normal 0 0 1
    outer loop
      vertex 24.7028 62.0206 4.2
      vertex 9 64.6 4.2
      vertex 24.7011 62.0205 4.2
    endloop
  endfacet
  facet normal 0 0 1
    outer loop
      vertex 23.3807 61.3693 4.2
      vertex 14.639 61.1894 4.2
      vertex 15.1789 60.8025 4.2
    endloop
  endfacet
  facet normal 0 0 1
    outer loop
      vertex 23.6059 61.5669 4.2
      vertex 14.075 61.5402 4.2
      vertex 14.639 61.1894 4.2
    endloop
  endfacet
  facet normal 0 0 1
    outer loop
      vertex 23.8549 61.7333 4.2
      vertex 13.4892 61.8533 4.2
      vertex 14.075 61.5402 4.2
    endloop
  endfacet
  facet normal 0 0 1
    outer loop
      vertex 24.1236 61.8658 4.2
      vertex 9 64.6 4.2
      vertex 12.8842 62.1274 4.2
    endloop
  endfacet
  facet normal 0 0 1
    outer loop
      vertex 24.1236 61.8658 4.2
      vertex 12.8842 62.1274 4.2
      vertex 13.4892 61.8533 4.2
    endloop
  endfacet
  facet normal 0 0 1
    outer loop
      vertex 12.8842 62.1274 4.2
      vertex 9 64.6 4.2
      vertex 12.2626 62.3613 4.2
    endloop
  endfacet
  facet normal 0 0 1
    outer loop
      vertex 12.2626 62.3613 4.2
      vertex 9 64.6 4.2
      vertex 11.627 62.5541 4.2
    endloop
  endfacet
  facet normal 0 0 1
    outer loop
      vertex 11.627 62.5541 4.2
      vertex 9 64.6 4.2
      vertex 10.9802 62.705 4.2
    endloop
  endfacet
  facet normal 0 0 1
    outer loop
      vertex 10.9802 62.705 4.2
      vertex 9 64.6 4.2
      vertex 10.3248 62.8132 4.2
    endloop
  endfacet
  facet normal 0 0 1
    outer loop
      vertex 10.3248 62.8132 4.2
      vertex 9 64.6 4.2
      vertex 9.66384 62.8783 4.2
    endloop
  endfacet
  facet normal 0 0 1
    outer loop
      vertex 9 64.6 4.2
      vertex 9 62.9 4.2
      vertex 9.66384 62.8783 4.2
    endloop
  endfacet
  facet normal 0 0 1
    outer loop
      vertex 9 64.6 4.2
      vertex 8.33616 62.8783 4.2
      vertex 9 62.9 4.2
    endloop
  endfacet
  facet normal -0 0 1
    outer loop
      vertex 8.22497 64.5746 4.2
      vertex 8.33616 62.8783 4.2
      vertex 9 64.6 4.2
    endloop
  endfacet
  facet normal 0 0 1
    outer loop
      vertex 8.22497 64.5746 4.2
      vertex 7.67516 62.8132 4.2
      vertex 8.33616 62.8783 4.2
    endloop
  endfacet
  facet normal -0 0 1
    outer loop
      vertex 7.45327 64.4986 4.2
      vertex 7.67516 62.8132 4.2
      vertex 8.22497 64.5746 4.2
    endloop
  endfacet
  facet normal 0 0 1
    outer loop
      vertex 7.45327 64.4986 4.2
      vertex 7.01983 62.705 4.2
      vertex 7.67516 62.8132 4.2
    endloop
  endfacet
  facet normal -0 0 1
    outer loop
      vertex 6.68818 64.3723 4.2
      vertex 7.01983 62.705 4.2
      vertex 7.45327 64.4986 4.2
    endloop
  endfacet
  facet normal 0 0 1
    outer loop
      vertex 6.68818 64.3723 4.2
      vertex 6.37299 62.5541 4.2
      vertex 7.01983 62.705 4.2
    endloop
  endfacet
  facet normal -0 0 1
    outer loop
      vertex 5.93299 64.1962 4.2
      vertex 6.37299 62.5541 4.2
      vertex 6.68818 64.3723 4.2
    endloop
  endfacet
  facet normal 0 0 1
    outer loop
      vertex 5.93299 64.1962 4.2
      vertex 5.73739 62.3613 4.2
      vertex 6.37299 62.5541 4.2
    endloop
  endfacet
  facet normal -0 0 1
    outer loop
      vertex 5.19094 63.9711 4.2
      vertex 5.73739 62.3613 4.2
      vertex 5.93299 64.1962 4.2
    endloop
  endfacet
  facet normal 0 0 1
    outer loop
      vertex 5.19094 63.9711 4.2
      vertex 5.11576 62.1274 4.2
      vertex 5.73739 62.3613 4.2
    endloop
  endfacet
  facet normal -0 0 1
    outer loop
      vertex 4.4652 63.698 4.2
      vertex 5.11576 62.1274 4.2
      vertex 5.19094 63.9711 4.2
    endloop
  endfacet
  facet normal 0 0 1
    outer loop
      vertex 5.11576 62.1274 4.2
      vertex 4.4652 63.698 4.2
      vertex 4.51077 61.8533 4.2
    endloop
  endfacet
  facet normal -0 0 1
    outer loop
      vertex 3.75888 63.3779 4.2
      vertex 4.51077 61.8533 4.2
      vertex 4.4652 63.698 4.2
    endloop
  endfacet
  facet normal 0 0 1
    outer loop
      vertex 4.51077 61.8533 4.2
      vertex 3.75888 63.3779 4.2
      vertex 3.925 61.5402 4.2
    endloop
  endfacet
  facet normal -0 0 1
    outer loop
      vertex 3.075 63.0124 4.2
      vertex 3.925 61.5402 4.2
      vertex 3.75888 63.3779 4.2
    endloop
  endfacet
  facet normal 0 0 1
    outer loop
      vertex 3.925 61.5402 4.2
      vertex 3.075 63.0124 4.2
      vertex 3.36096 61.1894 4.2
    endloop
  endfacet
  facet normal -0 0 1
    outer loop
      vertex 2.41649 62.6029 4.2
      vertex 3.36096 61.1894 4.2
      vertex 3.075 63.0124 4.2
    endloop
  endfacet
  facet normal 0 0 1
    outer loop
      vertex 3.36096 61.1894 4.2
      vertex 2.41649 62.6029 4.2
      vertex 2.82107 60.8025 4.2
    endloop
  endfacet
  facet normal -0 0 1
    outer loop
      vertex 1.78618 62.1512 4.2
      vertex 2.82107 60.8025 4.2
      vertex 2.41649 62.6029 4.2
    endloop
  endfacet
  facet normal 0 0 1
    outer loop
      vertex 2.82107 60.8025 4.2
      vertex 1.78618 62.1512 4.2
      vertex 2.30764 60.3812 4.2
    endloop
  endfacet
  facet normal -0 0 1
    outer loop
      vertex 1.18675 61.6593 4.2
      vertex 2.30764 60.3812 4.2
      vertex 1.78618 62.1512 4.2
    endloop
  endfacet
  facet normal 0 0 1
    outer loop
      vertex 2.30764 60.3812 4.2
      vertex 1.18675 61.6593 4.2
      vertex 1.82287 59.9271 4.2
    endloop
  endfacet
  facet normal -0 0 1
    outer loop
      vertex 0.620785 61.1292 4.2
      vertex 1.82287 59.9271 4.2
      vertex 1.18675 61.6593 4.2
    endloop
  endfacet
  facet normal 0 0 1
    outer loop
      vertex 1.82287 59.9271 4.2
      vertex 0.620785 61.1292 4.2
      vertex 1.36883 59.4424 4.2
    endloop
  endfacet
  facet normal -0 0 1
    outer loop
      vertex 0.0906992 60.5632 4.2
      vertex 1.36883 59.4424 4.2
      vertex 0.620785 61.1292 4.2
    endloop
  endfacet
  facet normal 0 0 1
    outer loop
      vertex 1.36883 59.4424 4.2
      vertex 0.0906992 60.5632 4.2
      vertex 0.947463 58.9289 4.2
    endloop
  endfacet
  facet normal -0 0 1
    outer loop
      vertex -0.401237 59.9638 4.2
      vertex 0.947463 58.9289 4.2
      vertex 0.0906992 60.5632 4.2
    endloop
  endfacet
  facet normal 0 0 1
    outer loop
      vertex 0.947463 58.9289 4.2
      vertex -0.401237 59.9638 4.2
      vertex 0.560583 58.389 4.2
    endloop
  endfacet
  facet normal -0 0 1
    outer loop
      vertex -0.852915 59.3335 4.2
      vertex 0.560583 58.389 4.2
      vertex -0.401237 59.9638 4.2
    endloop
  endfacet
  facet normal 0 0 1
    outer loop
      vertex 0.560583 58.389 4.2
      vertex -0.852915 59.3335 4.2
      vertex 0.209842 57.825 4.2
    endloop
  endfacet
  facet normal -0 0 1
    outer loop
      vertex -1.2624 58.675 4.2
      vertex 0.209842 57.825 4.2
      vertex -0.852915 59.3335 4.2
    endloop
  endfacet
  facet normal 0 0 1
    outer loop
      vertex 0.209842 57.825 4.2
      vertex -1.2624 58.675 4.2
      vertex -0.103258 57.2392 4.2
    endloop
  endfacet
  facet normal -0 0 1
    outer loop
      vertex -1.62794 57.9911 4.2
      vertex -0.103258 57.2392 4.2
      vertex -1.2624 58.675 4.2
    endloop
  endfacet
  facet normal 0 0 1
    outer loop
      vertex -0.103258 57.2392 4.2
      vertex -1.62794 57.9911 4.2
      vertex -0.377377 56.6342 4.2
    endloop
  endfacet
  facet normal -0 0 1
    outer loop
      vertex -1.94797 57.2848 4.2
      vertex -0.377377 56.6342 4.2
      vertex -1.62794 57.9911 4.2
    endloop
  endfacet
  facet normal 0 0 1
    outer loop
      vertex -0.377377 56.6342 4.2
      vertex -1.94797 57.2848 4.2
      vertex -0.611341 56.0126 4.2
    endloop
  endfacet
  facet normal -0 0 1
    outer loop
      vertex -2.22112 56.5591 4.2
      vertex -0.611341 56.0126 4.2
      vertex -1.94797 57.2848 4.2
    endloop
  endfacet
  facet normal -0 0 1
    outer loop
      vertex -2.44622 55.817 4.2
      vertex -0.804147 55.377 4.2
      vertex -2.22112 56.5591 4.2
    endloop
  endfacet
  facet normal 0 0 1
    outer loop
      vertex -0.611341 56.0126 4.2
      vertex -2.22112 56.5591 4.2
      vertex -0.804147 55.377 4.2
    endloop
  endfacet
  facet normal 0 0 1
    outer loop
      vertex 52.4462 49.683 4.2
      vertex 50.8041 50.123 4.2
      vertex 52.2211 48.9409 4.2
    endloop
  endfacet
  facet normal -0 0 1
    outer loop
      vertex 50.6113 49.4874 4.2
      vertex 52.2211 48.9409 4.2
      vertex 50.8041 50.123 4.2
    endloop
  endfacet
  facet normal 0 0 1
    outer loop
      vertex 52.2211 48.9409 4.2
      vertex 50.6113 49.4874 4.2
      vertex 51.948 48.2152 4.2
    endloop
  endfacet
  facet normal -0 0 1
    outer loop
      vertex 50.3774 48.8658 4.2
      vertex 51.948 48.2152 4.2
      vertex 50.6113 49.4874 4.2
    endloop
  endfacet
  facet normal 0 0 1
    outer loop
      vertex 51.948 48.2152 4.2
      vertex 50.3774 48.8658 4.2
      vertex 51.6279 47.5089 4.2
    endloop
  endfacet
  facet normal -0 0 1
    outer loop
      vertex 50.1033 48.2608 4.2
      vertex 51.6279 47.5089 4.2
      vertex 50.3774 48.8658 4.2
    endloop
  endfacet
  facet normal 0 0 1
    outer loop
      vertex 51.6279 47.5089 4.2
      vertex 50.1033 48.2608 4.2
      vertex 51.2624 46.825 4.2
    endloop
  endfacet
  facet normal -0 0 1
    outer loop
      vertex 49.7902 47.675 4.2
      vertex 51.2624 46.825 4.2
      vertex 50.1033 48.2608 4.2
    endloop
  endfacet
  facet normal 0 0 1
    outer loop
      vertex 51.2624 46.825 4.2
      vertex 49.7902 47.675 4.2
      vertex 50.8529 46.1665 4.2
    endloop
  endfacet
  facet normal -0 0 1
    outer loop
      vertex 49.4394 47.111 4.2
      vertex 50.8529 46.1665 4.2
      vertex 49.7902 47.675 4.2
    endloop
  endfacet
  facet normal 0 0 1
    outer loop
      vertex 50.8529 46.1665 4.2
      vertex 49.4394 47.111 4.2
      vertex 50.4012 45.5362 4.2
    endloop
  endfacet
  facet normal -0 0 1
    outer loop
      vertex 49.0525 46.5711 4.2
      vertex 50.4012 45.5362 4.2
      vertex 49.4394 47.111 4.2
    endloop
  endfacet
  facet normal 0 0 1
    outer loop
      vertex 50.4012 45.5362 4.2
      vertex 49.0525 46.5711 4.2
      vertex 49.9093 44.9368 4.2
    endloop
  endfacet
  facet normal -0 0 1
    outer loop
      vertex 48.6312 46.0576 4.2
      vertex 49.9093 44.9368 4.2
      vertex 49.0525 46.5711 4.2
    endloop
  endfacet
  facet normal 0 0 1
    outer loop
      vertex 49.9093 44.9368 4.2
      vertex 48.6312 46.0576 4.2
      vertex 49.3792 44.3708 4.2
    endloop
  endfacet
  facet normal -0 0 1
    outer loop
      vertex 48.1771 45.5729 4.2
      vertex 49.3792 44.3708 4.2
      vertex 48.6312 46.0576 4.2
    endloop
  endfacet
  facet normal 0 0 1
    outer loop
      vertex 49.3792 44.3708 4.2
      vertex 48.1771 45.5729 4.2
      vertex 48.8132 43.8407 4.2
    endloop
  endfacet
  facet normal -0 0 1
    outer loop
      vertex 47.6924 45.1188 4.2
      vertex 48.8132 43.8407 4.2
      vertex 48.1771 45.5729 4.2
    endloop
  endfacet
  facet normal 0 0 1
    outer loop
      vertex 48.8132 43.8407 4.2
      vertex 47.6924 45.1188 4.2
      vertex 48.2138 43.3488 4.2
    endloop
  endfacet
  facet normal -0 0 1
    outer loop
      vertex 47.1789 44.6975 4.2
      vertex 48.2138 43.3488 4.2
      vertex 47.6924 45.1188 4.2
    endloop
  endfacet
  facet normal 0 0 1
    outer loop
      vertex 48.2138 43.3488 4.2
      vertex 47.1789 44.6975 4.2
      vertex 47.5835 42.8971 4.2
    endloop
  endfacet
  facet normal -0 0 1
    outer loop
      vertex 46.639 44.3106 4.2
      vertex 47.5835 42.8971 4.2
      vertex 47.1789 44.6975 4.2
    endloop
  endfacet
  facet normal 0 0 1
    outer loop
      vertex 47.5835 42.8971 4.2
      vertex 46.639 44.3106 4.2
      vertex 46.925 42.4876 4.2
    endloop
  endfacet
  facet normal -0 0 1
    outer loop
      vertex 46.075 43.9598 4.2
      vertex 46.925 42.4876 4.2
      vertex 46.639 44.3106 4.2
    endloop
  endfacet
  facet normal 0 0 1
    outer loop
      vertex 46.925 42.4876 4.2
      vertex 46.075 43.9598 4.2
      vertex 46.2411 42.1221 4.2
    endloop
  endfacet
  facet normal -0 0 1
    outer loop
      vertex 45.4892 43.6467 4.2
      vertex 46.2411 42.1221 4.2
      vertex 46.075 43.9598 4.2
    endloop
  endfacet
  facet normal 0 0 1
    outer loop
      vertex 46.2411 42.1221 4.2
      vertex 45.4892 43.6467 4.2
      vertex 45.5348 41.802 4.2
    endloop
  endfacet
  facet normal -0 0 1
    outer loop
      vertex 44.8842 43.3726 4.2
      vertex 45.5348 41.802 4.2
      vertex 45.4892 43.6467 4.2
    endloop
  endfacet
  facet normal 0 0 1
    outer loop
      vertex 44.8842 43.3726 4.2
      vertex 44.8091 41.5289 4.2
      vertex 45.5348 41.802 4.2
    endloop
  endfacet
  facet normal -0 0 1
    outer loop
      vertex 44.2626 43.1387 4.2
      vertex 44.8091 41.5289 4.2
      vertex 44.8842 43.3726 4.2
    endloop
  endfacet
  facet normal 0 0 1
    outer loop
      vertex 44.2626 43.1387 4.2
      vertex 44.067 41.3038 4.2
      vertex 44.8091 41.5289 4.2
    endloop
  endfacet
  facet normal -0 0 1
    outer loop
      vertex 43.627 42.9459 4.2
      vertex 44.067 41.3038 4.2
      vertex 44.2626 43.1387 4.2
    endloop
  endfacet
  facet normal 0 0 1
    outer loop
      vertex 43.627 42.9459 4.2
      vertex 43.3118 41.1277 4.2
      vertex 44.067 41.3038 4.2
    endloop
  endfacet
  facet normal -0 0 1
    outer loop
      vertex 42.9802 42.795 4.2
      vertex 43.3118 41.1277 4.2
      vertex 43.627 42.9459 4.2
    endloop
  endfacet
  facet normal 0 0 1
    outer loop
      vertex 42.9802 42.795 4.2
      vertex 42.5467 41.0014 4.2
      vertex 43.3118 41.1277 4.2
    endloop
  endfacet
  facet normal -0 0 1
    outer loop
      vertex 42.3248 42.6868 4.2
      vertex 42.5467 41.0014 4.2
      vertex 42.9802 42.795 4.2
    endloop
  endfacet
  facet normal 0 0 1
    outer loop
      vertex 42.3248 42.6868 4.2
      vertex 41.775 40.9254 4.2
      vertex 42.5467 41.0014 4.2
    endloop
  endfacet
  facet normal -0 0 1
    outer loop
      vertex 41.6638 42.6217 4.2
      vertex 41.775 40.9254 4.2
      vertex 42.3248 42.6868 4.2
    endloop
  endfacet
  facet normal -0 0 1
    outer loop
      vertex 41 42.6 4.2
      vertex 41.775 40.9254 4.2
      vertex 41.6638 42.6217 4.2
    endloop
  endfacet
  facet normal 0 0 1
    outer loop
      vertex 41 42.6 4.2
      vertex 41 40.9 4.2
      vertex 41.775 40.9254 4.2
    endloop
  endfacet
  facet normal 0 0 1
    outer loop
      vertex 40.3362 42.6217 4.2
      vertex 41 40.9 4.2
      vertex 41 42.6 4.2
    endloop
  endfacet
  facet normal 0 0 1
    outer loop
      vertex 39.6752 42.6868 4.2
      vertex 41 40.9 4.2
      vertex 40.3362 42.6217 4.2
    endloop
  endfacet
  facet normal 0 0 1
    outer loop
      vertex 39.0198 42.795 4.2
      vertex 41 40.9 4.2
      vertex 39.6752 42.6868 4.2
    endloop
  endfacet
  facet normal 0 0 1
    outer loop
      vertex 38.373 42.9459 4.2
      vertex 41 40.9 4.2
      vertex 39.0198 42.795 4.2
    endloop
  endfacet
  facet normal 0 0 1
    outer loop
      vertex 37.7374 43.1387 4.2
      vertex 41 40.9 4.2
      vertex 38.373 42.9459 4.2
    endloop
  endfacet
  facet normal 0 0 1
    outer loop
      vertex 37.1158 43.3726 4.2
      vertex 41 40.9 4.2
      vertex 37.7374 43.1387 4.2
    endloop
  endfacet
  facet normal -0 0 1
    outer loop
      vertex 25.8764 43.6342 4.2
      vertex 37.1158 43.3726 4.2
      vertex 36.5108 43.6467 4.2
    endloop
  endfacet
  facet normal -0 0 1
    outer loop
      vertex 26.1451 43.7667 4.2
      vertex 36.5108 43.6467 4.2
      vertex 35.925 43.9598 4.2
    endloop
  endfacet
  facet normal -0 0 1
    outer loop
      vertex 27.115 58.8721 4.2
      vertex 31.6226 56.6342 4.2
      vertex 27.1158 58.8736 4.2
    endloop
  endfacet
  facet normal 0 0 1
    outer loop
      vertex 30.85 52.75 4.2
      vertex 27.2901 45.75 4.2
      vertex 30.8717 52.0862 4.2
    endloop
  endfacet
  facet normal 0 0 1
    outer loop
      vertex 30.8717 52.0862 4.2
      vertex 27.2901 45.75 4.2
      vertex 30.9368 51.4252 4.2
    endloop
  endfacet
  facet normal 0 0 1
    outer loop
      vertex 30.9368 51.4252 4.2
      vertex 27.2901 45.75 4.2
      vertex 31.045 50.7698 4.2
    endloop
  endfacet
  facet normal 0 0 1
    outer loop
      vertex 31.045 50.7698 4.2
      vertex 27.2901 45.75 4.2
      vertex 31.1959 50.123 4.2
    endloop
  endfacet
  facet normal 0 0 1
    outer loop
      vertex 31.1959 50.123 4.2
      vertex 27.2901 45.75 4.2
      vertex 31.3887 49.4874 4.2
    endloop
  endfacet
  facet normal 0 0 1
    outer loop
      vertex 31.3887 49.4874 4.2
      vertex 27.2901 45.75 4.2
      vertex 31.6226 48.8658 4.2
    endloop
  endfacet
  facet normal 0 0 1
    outer loop
      vertex 27.2901 45.75 4.2
      vertex 31.8967 48.2608 4.2
      vertex 31.6226 48.8658 4.2
    endloop
  endfacet
  facet normal 0 0 1
    outer loop
      vertex 27.2901 45.75 4.2
      vertex 32.2098 47.675 4.2
      vertex 31.8967 48.2608 4.2
    endloop
  endfacet
  facet normal 0 0 1
    outer loop
      vertex 27.2901 45.75 4.2
      vertex 32.5606 47.111 4.2
      vertex 32.2098 47.675 4.2
    endloop
  endfacet
  facet normal 0 0 1
    outer loop
      vertex 27.2706 45.4528 4.2
      vertex 32.5606 47.111 4.2
      vertex 27.2901 45.75 4.2
    endloop
  endfacet
  facet normal 0 0 1
    outer loop
      vertex 27.2705 45.4511 4.2
      vertex 32.5606 47.111 4.2
      vertex 27.2706 45.4528 4.2
    endloop
  endfacet
  facet normal 0 0 1
    outer loop
      vertex 32.5606 47.111 4.2
      vertex 27.2705 45.4511 4.2
      vertex 32.9475 46.5711 4.2
    endloop
  endfacet
  facet normal 0 0 1
    outer loop
      vertex 27.2702 45.4494 4.2
      vertex 32.9475 46.5711 4.2
      vertex 27.2705 45.4511 4.2
    endloop
  endfacet
  facet normal 0 0 1
    outer loop
      vertex 27.2121 45.1573 4.2
      vertex 32.9475 46.5711 4.2
      vertex 27.2702 45.4494 4.2
    endloop
  endfacet
  facet normal 0 0 1
    outer loop
      vertex 32.9475 46.5711 4.2
      vertex 27.2121 45.1573 4.2
      vertex 33.3688 46.0576 4.2
    endloop
  endfacet
  facet normal 0 0 1
    outer loop
      vertex 27.2115 45.1557 4.2
      vertex 33.3688 46.0576 4.2
      vertex 27.2121 45.1573 4.2
    endloop
  endfacet
  facet normal 0 0 1
    outer loop
      vertex 27.1158 44.8736 4.2
      vertex 33.3688 46.0576 4.2
      vertex 27.2115 45.1557 4.2
    endloop
  endfacet
  facet normal 0 0 1
    outer loop
      vertex 33.3688 46.0576 4.2
      vertex 27.1158 44.8736 4.2
      vertex 33.8229 45.5729 4.2
    endloop
  endfacet
  facet normal 0 0 1
    outer loop
      vertex 27.115 44.8721 4.2
      vertex 33.8229 45.5729 4.2
      vertex 27.1158 44.8736 4.2
    endloop
  endfacet
  facet normal 0 0 1
    outer loop
      vertex 26.9833 44.6049 4.2
      vertex 33.8229 45.5729 4.2
      vertex 27.115 44.8721 4.2
    endloop
  endfacet
  facet normal 0 0 1
    outer loop
      vertex 33.8229 45.5729 4.2
      vertex 26.9833 44.6049 4.2
      vertex 34.3076 45.1188 4.2
    endloop
  endfacet
  facet normal 0 0 1
    outer loop
      vertex 26.8178 44.3573 4.2
      vertex 34.3076 45.1188 4.2
      vertex 26.9833 44.6049 4.2
    endloop
  endfacet
  facet normal 0 0 1
    outer loop
      vertex 26.8169 44.3559 4.2
      vertex 34.3076 45.1188 4.2
      vertex 26.8178 44.3573 4.2
    endloop
  endfacet
  facet normal 0 0 1
    outer loop
      vertex 26.8157 44.3546 4.2
      vertex 34.3076 45.1188 4.2
      vertex 26.8169 44.3559 4.2
    endloop
  endfacet
  facet normal 0 0 1
    outer loop
      vertex 34.3076 45.1188 4.2
      vertex 26.8157 44.3546 4.2
      vertex 34.8211 44.6975 4.2
    endloop
  endfacet
  facet normal 0 0 1
    outer loop
      vertex 26.6193 44.1307 4.2
      vertex 34.8211 44.6975 4.2
      vertex 26.8157 44.3546 4.2
    endloop
  endfacet
  facet normal 0 0 1
    outer loop
      vertex 34.8211 44.6975 4.2
      vertex 26.6193 44.1307 4.2
      vertex 35.361 44.3106 4.2
    endloop
  endfacet
  facet normal 0 0 1
    outer loop
      vertex 26.3954 43.9342 4.2
      vertex 35.361 44.3106 4.2
      vertex 26.6193 44.1307 4.2
    endloop
  endfacet
  facet normal 0 0 1
    outer loop
      vertex 26.3941 43.9331 4.2
      vertex 35.361 44.3106 4.2
      vertex 26.3954 43.9342 4.2
    endloop
  endfacet
  facet normal 0 0 1
    outer loop
      vertex 35.361 44.3106 4.2
      vertex 26.3941 43.9331 4.2
      vertex 35.925 43.9598 4.2
    endloop
  endfacet
  facet normal 0 0 1
    outer loop
      vertex 26.3927 43.9322 4.2
      vertex 35.925 43.9598 4.2
      vertex 26.3941 43.9331 4.2
    endloop
  endfacet
  facet normal 0 0 1
    outer loop
      vertex 26.1451 43.7667 4.2
      vertex 35.925 43.9598 4.2
      vertex 26.3927 43.9322 4.2
    endloop
  endfacet
  facet normal 0 0 1
    outer loop
      vertex 36.5108 43.6467 4.2
      vertex 26.1451 43.7667 4.2
      vertex 25.8779 43.635 4.2
    endloop
  endfacet
  facet normal 0 0 1
    outer loop
      vertex 36.5108 43.6467 4.2
      vertex 25.8779 43.635 4.2
      vertex 25.8764 43.6342 4.2
    endloop
  endfacet
  facet normal 0 0 1
    outer loop
      vertex 37.1158 43.3726 4.2
      vertex 25.8764 43.6342 4.2
      vertex 41 40.9 4.2
    endloop
  endfacet
  facet normal -0 0 1
    outer loop
      vertex 25.5943 43.5385 4.2
      vertex 41 40.9 4.2
      vertex 25.8764 43.6342 4.2
    endloop
  endfacet
  facet normal -0 0 1
    outer loop
      vertex 25.5927 43.5379 4.2
      vertex 41 40.9 4.2
      vertex 25.5943 43.5385 4.2
    endloop
  endfacet
  facet normal -0 0 1
    outer loop
      vertex 25.3006 43.4798 4.2
      vertex 41 40.9 4.2
      vertex 25.5927 43.5379 4.2
    endloop
  endfacet
  facet normal -0 0 1
    outer loop
      vertex 25.2989 43.4795 4.2
      vertex 41 40.9 4.2
      vertex 25.3006 43.4798 4.2
    endloop
  endfacet
  facet normal -0 0 1
    outer loop
      vertex 25.2972 43.4794 4.2
      vertex 41 40.9 4.2
      vertex 25.2989 43.4795 4.2
    endloop
  endfacet
  facet normal -0 0 1
    outer loop
      vertex 25 43.4599 4.2
      vertex 41 40.9 4.2
      vertex 25.2972 43.4794 4.2
    endloop
  endfacet
  facet normal 0 0 1
    outer loop
      vertex 9 40.9 4.2
      vertex 25 43.4599 4.2
      vertex 24.7028 43.4794 4.2
    endloop
  endfacet
  facet normal 0 0 1
    outer loop
      vertex 9 40.9 4.2
      vertex 24.7028 43.4794 4.2
      vertex 24.7011 43.4795 4.2
    endloop
  endfacet
  facet normal 0 0 1
    outer loop
      vertex 24.1236 43.6342 4.2
      vertex 24.4073 43.5379 4.2
      vertex 24.4057 43.5385 4.2
    endloop
  endfacet
  facet normal 0 0 1
    outer loop
      vertex 14.075 43.9598 4.2
      vertex 23.6073 43.9322 4.2
      vertex 23.6059 43.9331 4.2
    endloop
  endfacet
  facet normal 0 0 1
    outer loop
      vertex 15.6924 45.1188 4.2
      vertex 23.1843 44.3546 4.2
      vertex 23.1831 44.3559 4.2
    endloop
  endfacet
  facet normal 0 0 1
    outer loop
      vertex 15.6924 45.1188 4.2
      vertex 23.1822 44.3573 4.2
      vertex 23.0167 44.6049 4.2
    endloop
  endfacet
  facet normal 0 0 1
    outer loop
      vertex 16.1771 45.5729 4.2
      vertex 22.885 44.8721 4.2
      vertex 22.8842 44.8736 4.2
    endloop
  endfacet
  facet normal -0 0 1
    outer loop
      vertex 18.1033 48.2608 4.2
      vertex 22.8842 46.6264 4.2
      vertex 18.3774 48.8658 4.2
    endloop
  endfacet
  facet normal 0 0 1
    outer loop
      vertex 22.8842 46.6264 4.2
      vertex 18.1033 48.2608 4.2
      vertex 22.7885 46.3443 4.2
    endloop
  endfacet
  facet normal 0 0 1
    outer loop
      vertex 22.7885 46.3443 4.2
      vertex 18.1033 48.2608 4.2
      vertex 22.7879 46.3427 4.2
    endloop
  endfacet
  facet normal -0 0 1
    outer loop
      vertex 17.7902 47.675 4.2
      vertex 22.7879 46.3427 4.2
      vertex 18.1033 48.2608 4.2
    endloop
  endfacet
  facet normal 0 0 1
    outer loop
      vertex 22.7879 46.3427 4.2
      vertex 17.7902 47.675 4.2
      vertex 22.7298 46.0506 4.2
    endloop
  endfacet
  facet normal 0 0 1
    outer loop
      vertex 22.7298 46.0506 4.2
      vertex 17.7902 47.675 4.2
      vertex 22.7295 46.0489 4.2
    endloop
  endfacet
  facet normal 0 0 1
    outer loop
      vertex 22.7295 46.0489 4.2
      vertex 17.7902 47.675 4.2
      vertex 22.7294 46.0472 4.2
    endloop
  endfacet
  facet normal 0 0 1
    outer loop
      vertex 22.7294 46.0472 4.2
      vertex 17.7902 47.675 4.2
      vertex 22.7099 45.75 4.2
    endloop
  endfacet
  facet normal -0 0 1
    outer loop
      vertex 17.4394 47.111 4.2
      vertex 22.7099 45.75 4.2
      vertex 17.7902 47.675 4.2
    endloop
  endfacet
  facet normal 0 0 1
    outer loop
      vertex 22.7099 45.75 4.2
      vertex 17.4394 47.111 4.2
      vertex 22.7294 45.4528 4.2
    endloop
  endfacet
  facet normal 0 0 1
    outer loop
      vertex 22.7294 45.4528 4.2
      vertex 17.4394 47.111 4.2
      vertex 22.7295 45.4511 4.2
    endloop
  endfacet
  facet normal -0 0 1
    outer loop
      vertex 17.0525 46.5711 4.2
      vertex 22.7295 45.4511 4.2
      vertex 17.4394 47.111 4.2
    endloop
  endfacet
  facet normal 0 0 1
    outer loop
      vertex 22.7295 45.4511 4.2
      vertex 17.0525 46.5711 4.2
      vertex 22.7298 45.4494 4.2
    endloop
  endfacet
  facet normal 0 0 1
    outer loop
      vertex 22.7298 45.4494 4.2
      vertex 17.0525 46.5711 4.2
      vertex 22.7879 45.1573 4.2
    endloop
  endfacet
  facet normal -0 0 1
    outer loop
      vertex 16.6312 46.0576 4.2
      vertex 22.7879 45.1573 4.2
      vertex 17.0525 46.5711 4.2
    endloop
  endfacet
  facet normal 0 0 1
    outer loop
      vertex 22.7879 45.1573 4.2
      vertex 16.6312 46.0576 4.2
      vertex 22.7885 45.1557 4.2
    endloop
  endfacet
  facet normal 0 0 1
    outer loop
      vertex 22.7885 45.1557 4.2
      vertex 16.6312 46.0576 4.2
      vertex 22.8842 44.8736 4.2
    endloop
  endfacet
  facet normal -0 0 1
    outer loop
      vertex 16.1771 45.5729 4.2
      vertex 22.8842 44.8736 4.2
      vertex 16.6312 46.0576 4.2
    endloop
  endfacet
  facet normal 0 0 1
    outer loop
      vertex 22.885 44.8721 4.2
      vertex 16.1771 45.5729 4.2
      vertex 23.0167 44.6049 4.2
    endloop
  endfacet
  facet normal -0 0 1
    outer loop
      vertex 15.6924 45.1188 4.2
      vertex 23.0167 44.6049 4.2
      vertex 16.1771 45.5729 4.2
    endloop
  endfacet
  facet normal 0 0 1
    outer loop
      vertex 23.1822 44.3573 4.2
      vertex 15.6924 45.1188 4.2
      vertex 23.1831 44.3559 4.2
    endloop
  endfacet
  facet normal 0 0 1
    outer loop
      vertex 23.1843 44.3546 4.2
      vertex 15.6924 45.1188 4.2
      vertex 23.3807 44.1307 4.2
    endloop
  endfacet
  facet normal -0 0 1
    outer loop
      vertex 15.1789 44.6975 4.2
      vertex 23.3807 44.1307 4.2
      vertex 15.6924 45.1188 4.2
    endloop
  endfacet
  facet normal -0 0 1
    outer loop
      vertex 14.639 44.3106 4.2
      vertex 23.3807 44.1307 4.2
      vertex 15.1789 44.6975 4.2
    endloop
  endfacet
  facet normal 0 0 1
    outer loop
      vertex 23.3807 44.1307 4.2
      vertex 14.639 44.3106 4.2
      vertex 23.6046 43.9342 4.2
    endloop
  endfacet
  facet normal 0 0 1
    outer loop
      vertex 23.6046 43.9342 4.2
      vertex 14.639 44.3106 4.2
      vertex 23.6059 43.9331 4.2
    endloop
  endfacet
  facet normal -0 0 1
    outer loop
      vertex 14.075 43.9598 4.2
      vertex 23.6059 43.9331 4.2
      vertex 14.639 44.3106 4.2
    endloop
  endfacet
  facet normal 0 0 1
    outer loop
      vertex 23.6073 43.9322 4.2
      vertex 14.075 43.9598 4.2
      vertex 23.8549 43.7667 4.2
    endloop
  endfacet
  facet normal 0 0 1
    outer loop
      vertex 13.4892 43.6467 4.2
      vertex 23.8549 43.7667 4.2
      vertex 14.075 43.9598 4.2
    endloop
  endfacet
  facet normal 0 0 1
    outer loop
      vertex 23.8549 43.7667 4.2
      vertex 13.4892 43.6467 4.2
      vertex 24.1221 43.635 4.2
    endloop
  endfacet
  facet normal 0 0 1
    outer loop
      vertex 24.1221 43.635 4.2
      vertex 13.4892 43.6467 4.2
      vertex 24.1236 43.6342 4.2
    endloop
  endfacet
  facet normal 0 0 1
    outer loop
      vertex 12.8842 43.3726 4.2
      vertex 24.1236 43.6342 4.2
      vertex 13.4892 43.6467 4.2
    endloop
  endfacet
  facet normal 0 0 1
    outer loop
      vertex 9 40.9 4.2
      vertex 24.1236 43.6342 4.2
      vertex 12.8842 43.3726 4.2
    endloop
  endfacet
  facet normal 0 0 1
    outer loop
      vertex 24.1236 43.6342 4.2
      vertex 9 40.9 4.2
      vertex 24.4073 43.5379 4.2
    endloop
  endfacet
  facet normal 0 0 1
    outer loop
      vertex 24.4073 43.5379 4.2
      vertex 9 40.9 4.2
      vertex 24.6994 43.4798 4.2
    endloop
  endfacet
  facet normal 0 0 1
    outer loop
      vertex 24.6994 43.4798 4.2
      vertex 9 40.9 4.2
      vertex 24.7011 43.4795 4.2
    endloop
  endfacet
  facet normal 0 0 1
    outer loop
      vertex 9 40.9 4.2
      vertex 12.8842 43.3726 4.2
      vertex 12.2626 43.1387 4.2
    endloop
  endfacet
  facet normal 0 0 1
    outer loop
      vertex 9 40.9 4.2
      vertex 12.2626 43.1387 4.2
      vertex 11.627 42.9459 4.2
    endloop
  endfacet
  facet normal 0 0 1
    outer loop
      vertex 9 40.9 4.2
      vertex 11.627 42.9459 4.2
      vertex 10.9802 42.795 4.2
    endloop
  endfacet
  facet normal 0 0 1
    outer loop
      vertex 9 40.9 4.2
      vertex 10.9802 42.795 4.2
      vertex 10.3248 42.6868 4.2
    endloop
  endfacet
  facet normal 0 0 1
    outer loop
      vertex 9 40.9 4.2
      vertex 10.3248 42.6868 4.2
      vertex 9.66384 42.6217 4.2
    endloop
  endfacet
  facet normal 0 0 1
    outer loop
      vertex 9 40.9 4.2
      vertex 9.66384 42.6217 4.2
      vertex 9 42.6 4.2
    endloop
  endfacet
  facet normal 0 0 1
    outer loop
      vertex 25 43.4599 4.2
      vertex 9 40.9 4.2
      vertex 41 40.9 4.2
    endloop
  endfacet
  facet normal 0 0 1
    outer loop
      vertex 8.33616 42.6217 4.2
      vertex 9 40.9 4.2
      vertex 9 42.6 4.2
    endloop
  endfacet
  facet normal 0 0 1
    outer loop
      vertex 8.33616 42.6217 4.2
      vertex 8.22497 40.9254 4.2
      vertex 9 40.9 4.2
    endloop
  endfacet
  facet normal 0 0 1
    outer loop
      vertex 7.67516 42.6868 4.2
      vertex 8.22497 40.9254 4.2
      vertex 8.33616 42.6217 4.2
    endloop
  endfacet
  facet normal 0 0 1
    outer loop
      vertex 7.67516 42.6868 4.2
      vertex 7.45327 41.0014 4.2
      vertex 8.22497 40.9254 4.2
    endloop
  endfacet
  facet normal 0 0 1
    outer loop
      vertex 7.01983 42.795 4.2
      vertex 7.45327 41.0014 4.2
      vertex 7.67516 42.6868 4.2
    endloop
  endfacet
  facet normal 0 0 1
    outer loop
      vertex 7.01983 42.795 4.2
      vertex 6.68818 41.1277 4.2
      vertex 7.45327 41.0014 4.2
    endloop
  endfacet
  facet normal 0 0 1
    outer loop
      vertex 6.37299 42.9459 4.2
      vertex 6.68818 41.1277 4.2
      vertex 7.01983 42.795 4.2
    endloop
  endfacet
  facet normal 0 0 1
    outer loop
      vertex 6.37299 42.9459 4.2
      vertex 5.93299 41.3038 4.2
      vertex 6.68818 41.1277 4.2
    endloop
  endfacet
  facet normal 0 0 1
    outer loop
      vertex 5.73739 43.1387 4.2
      vertex 5.93299 41.3038 4.2
      vertex 6.37299 42.9459 4.2
    endloop
  endfacet
  facet normal 0 0 1
    outer loop
      vertex 5.73739 43.1387 4.2
      vertex 5.19094 41.5289 4.2
      vertex 5.93299 41.3038 4.2
    endloop
  endfacet
  facet normal 0 0 1
    outer loop
      vertex 5.11576 43.3726 4.2
      vertex 5.19094 41.5289 4.2
      vertex 5.73739 43.1387 4.2
    endloop
  endfacet
  facet normal 0 0 1
    outer loop
      vertex 4.4652 41.802 4.2
      vertex 5.11576 43.3726 4.2
      vertex 4.51077 43.6467 4.2
    endloop
  endfacet
  facet normal 0 0 1
    outer loop
      vertex 5.11576 43.3726 4.2
      vertex 4.4652 41.802 4.2
      vertex 5.19094 41.5289 4.2
    endloop
  endfacet
  facet normal 0 0 1
    outer loop
      vertex 3.75888 42.1221 4.2
      vertex 4.51077 43.6467 4.2
      vertex 3.925 43.9598 4.2
    endloop
  endfacet
  facet normal 0 0 1
    outer loop
      vertex 4.51077 43.6467 4.2
      vertex 3.75888 42.1221 4.2
      vertex 4.4652 41.802 4.2
    endloop
  endfacet
  facet normal 0 0 1
    outer loop
      vertex 3.075 42.4876 4.2
      vertex 3.925 43.9598 4.2
      vertex 3.36096 44.3106 4.2
    endloop
  endfacet
  facet normal 0 0 1
    outer loop
      vertex 3.925 43.9598 4.2
      vertex 3.075 42.4876 4.2
      vertex 3.75888 42.1221 4.2
    endloop
  endfacet
  facet normal 0 0 1
    outer loop
      vertex 2.41649 42.8971 4.2
      vertex 3.36096 44.3106 4.2
      vertex 2.82107 44.6975 4.2
    endloop
  endfacet
  facet normal 0 0 1
    outer loop
      vertex 3.36096 44.3106 4.2
      vertex 2.41649 42.8971 4.2
      vertex 3.075 42.4876 4.2
    endloop
  endfacet
  facet normal 0 0 1
    outer loop
      vertex 1.78618 43.3488 4.2
      vertex 2.82107 44.6975 4.2
      vertex 2.30764 45.1188 4.2
    endloop
  endfacet
  facet normal 0 0 1
    outer loop
      vertex 1.18675 43.8407 4.2
      vertex 2.30764 45.1188 4.2
      vertex 1.82287 45.5729 4.2
    endloop
  endfacet
  facet normal 0 0 1
    outer loop
      vertex 2.82107 44.6975 4.2
      vertex 1.78618 43.3488 4.2
      vertex 2.41649 42.8971 4.2
    endloop
  endfacet
  facet normal 0 0 1
    outer loop
      vertex 0.620785 44.3708 4.2
      vertex 1.82287 45.5729 4.2
      vertex 1.36883 46.0576 4.2
    endloop
  endfacet
  facet normal 0 0 1
    outer loop
      vertex 2.30764 45.1188 4.2
      vertex 1.18675 43.8407 4.2
      vertex 1.78618 43.3488 4.2
    endloop
  endfacet
  facet normal 0 0 1
    outer loop
      vertex 0.0906992 44.9368 4.2
      vertex 1.36883 46.0576 4.2
      vertex 0.947463 46.5711 4.2
    endloop
  endfacet
  facet normal 0 0 1
    outer loop
      vertex 1.82287 45.5729 4.2
      vertex 0.620785 44.3708 4.2
      vertex 1.18675 43.8407 4.2
    endloop
  endfacet
  facet normal 0 0 1
    outer loop
      vertex -0.401237 45.5362 4.2
      vertex 0.947463 46.5711 4.2
      vertex 0.560583 47.111 4.2
    endloop
  endfacet
  facet normal 0 0 1
    outer loop
      vertex -0.852915 46.1665 4.2
      vertex 0.560583 47.111 4.2
      vertex 0.209842 47.675 4.2
    endloop
  endfacet
  facet normal 0 0 1
    outer loop
      vertex 1.36883 46.0576 4.2
      vertex 0.0906992 44.9368 4.2
      vertex 0.620785 44.3708 4.2
    endloop
  endfacet
  facet normal 0 0 1
    outer loop
      vertex -1.2624 46.825 4.2
      vertex 0.209842 47.675 4.2
      vertex -0.103258 48.2608 4.2
    endloop
  endfacet
  facet normal 0 0 1
    outer loop
      vertex -1.62794 47.5089 4.2
      vertex -0.103258 48.2608 4.2
      vertex -0.377377 48.8658 4.2
    endloop
  endfacet
  facet normal 0 0 1
    outer loop
      vertex 0.947463 46.5711 4.2
      vertex -0.401237 45.5362 4.2
      vertex 0.0906992 44.9368 4.2
    endloop
  endfacet
  facet normal 0 0 1
    outer loop
      vertex -1.94797 48.2152 4.2
      vertex -0.377377 48.8658 4.2
      vertex -0.611341 49.4874 4.2
    endloop
  endfacet
  facet normal 0 0 1
    outer loop
      vertex -2.22112 48.9409 4.2
      vertex -0.611341 49.4874 4.2
      vertex -0.804147 50.123 4.2
    endloop
  endfacet
  facet normal 0 0 1
    outer loop
      vertex 0.560583 47.111 4.2
      vertex -0.852915 46.1665 4.2
      vertex -0.401237 45.5362 4.2
    endloop
  endfacet
  facet normal 0 0 1
    outer loop
      vertex -2.44622 49.683 4.2
      vertex -0.804147 50.123 4.2
      vertex -0.95497 50.7698 4.2
    endloop
  endfacet
  facet normal 0 0 1
    outer loop
      vertex -2.6223 50.4382 4.2
      vertex -0.95497 50.7698 4.2
      vertex -1.06316 51.4252 4.2
    endloop
  endfacet
  facet normal 0 0 1
    outer loop
      vertex -2.74862 51.2033 4.2
      vertex -1.06316 51.4252 4.2
      vertex -1.12827 52.0862 4.2
    endloop
  endfacet
  facet normal 0 0 1
    outer loop
      vertex 0.209842 47.675 4.2
      vertex -1.2624 46.825 4.2
      vertex -0.852915 46.1665 4.2
    endloop
  endfacet
  facet normal 0 0 1
    outer loop
      vertex -2.82463 51.975 4.2
      vertex -1.12827 52.0862 4.2
      vertex -1.15 52.75 4.2
    endloop
  endfacet
  facet normal 0 0 1
    outer loop
      vertex -0.804147 55.377 4.2
      vertex -2.44622 55.817 4.2
      vertex -0.95497 54.7302 4.2
    endloop
  endfacet
  facet normal -0 0 1
    outer loop
      vertex -2.6223 55.0618 4.2
      vertex -0.95497 54.7302 4.2
      vertex -2.44622 55.817 4.2
    endloop
  endfacet
  facet normal 0 0 1
    outer loop
      vertex -0.103258 48.2608 4.2
      vertex -1.62794 47.5089 4.2
      vertex -1.2624 46.825 4.2
    endloop
  endfacet
  facet normal 0 0 1
    outer loop
      vertex -0.95497 54.7302 4.2
      vertex -2.6223 55.0618 4.2
      vertex -1.06316 54.0748 4.2
    endloop
  endfacet
  facet normal 0 0 1
    outer loop
      vertex -0.377377 48.8658 4.2
      vertex -1.94797 48.2152 4.2
      vertex -1.62794 47.5089 4.2
    endloop
  endfacet
  facet normal -0 0 1
    outer loop
      vertex -2.74862 54.2967 4.2
      vertex -1.06316 54.0748 4.2
      vertex -2.6223 55.0618 4.2
    endloop
  endfacet
  facet normal 0 0 1
    outer loop
      vertex -0.611341 49.4874 4.2
      vertex -2.22112 48.9409 4.2
      vertex -1.94797 48.2152 4.2
    endloop
  endfacet
  facet normal 0 0 1
    outer loop
      vertex -1.06316 54.0748 4.2
      vertex -2.74862 54.2967 4.2
      vertex -1.12827 53.4138 4.2
    endloop
  endfacet
  facet normal 0 0 1
    outer loop
      vertex -0.804147 50.123 4.2
      vertex -2.44622 49.683 4.2
      vertex -2.22112 48.9409 4.2
    endloop
  endfacet
  facet normal -0 0 1
    outer loop
      vertex -2.82463 53.525 4.2
      vertex -1.12827 53.4138 4.2
      vertex -2.74862 54.2967 4.2
    endloop
  endfacet
  facet normal 0 0 1
    outer loop
      vertex -0.95497 50.7698 4.2
      vertex -2.6223 50.4382 4.2
      vertex -2.44622 49.683 4.2
    endloop
  endfacet
  facet normal 0 0 1
    outer loop
      vertex -1.12827 53.4138 4.2
      vertex -2.82463 53.525 4.2
      vertex -1.15 52.75 4.2
    endloop
  endfacet
  facet normal 0 0 1
    outer loop
      vertex -1.06316 51.4252 4.2
      vertex -2.74862 51.2033 4.2
      vertex -2.6223 50.4382 4.2
    endloop
  endfacet
  facet normal 0 0 1
    outer loop
      vertex -2.85 52.75 4.2
      vertex -1.15 52.75 4.2
      vertex -2.82463 53.525 4.2
    endloop
  endfacet
  facet normal 0 0 1
    outer loop
      vertex -1.12827 52.0862 4.2
      vertex -2.82463 51.975 4.2
      vertex -2.74862 51.2033 4.2
    endloop
  endfacet
  facet normal 0 0 1
    outer loop
      vertex -1.15 52.75 4.2
      vertex -2.85 52.75 4.2
      vertex -2.82463 51.975 4.2
    endloop
  endfacet
  facet normal -0.706917 0.0231395 0.706917
    outer loop
      vertex -3.62292 53.5773 3.4
      vertex -3.65 52.75 3.4
      vertex -2.85 52.75 4.2
    endloop
  endfacet
  facet normal -0.160625 0.688829 0.706905
    outer loop
      vertex 6.53211 65.1569 3.4
      vertex 5.93299 64.1962 4.2
      vertex 6.68818 64.3723 4.2
    endloop
  endfacet
  facet normal -0.291954 0.64423 0.706916
    outer loop
      vertex 4.15905 64.4371 3.4
      vertex 3.40505 64.0954 3.4
      vertex 4.4652 63.698 4.2
    endloop
  endfacet
  facet normal -0.373512 0.600639 0.70691
    outer loop
      vertex 2.675 63.7052 3.4
      vertex 2.41649 62.6029 4.2
      vertex 3.075 63.0124 4.2
    endloop
  endfacet
  facet normal 0.881918 0.471403 0
    outer loop
      vertex 52.3454 58.345 3.4
      vertex 51.9552 59.075 1.90735e-07
      vertex 51.9552 59.075 3.4
    endloop
  endfacet
  facet normal 0.881918 0.471403 0
    outer loop
      vertex 51.9552 59.075 1.90735e-07
      vertex 52.3454 58.345 3.4
      vertex 52.3454 58.345 1.90735e-07
    endloop
  endfacet
  facet normal 0.99519 0.0979608 0
    outer loop
      vertex 53.6229 53.5773 3.4
      vertex 53.5418 54.4012 1.90735e-07
      vertex 53.5418 54.4012 3.4
    endloop
  endfacet
  facet normal 0.99519 0.0979608 0
    outer loop
      vertex 53.5418 54.4012 1.90735e-07
      vertex 53.6229 53.5773 3.4
      vertex 53.6229 53.5773 1.90735e-07
    endloop
  endfacet
  facet normal 0.703886 0.0693214 0.706922
    outer loop
      vertex 53.6229 53.5773 3.4
      vertex 52.7486 54.2967 4.2
      vertex 52.8246 53.525 4.2
    endloop
  endfacet
  facet normal 0.812802 0.58254 0
    outer loop
      vertex 51.5181 59.778 3.4
      vertex 51.0359 60.4508 1.90735e-07
      vertex 51.0359 60.4508 3.4
    endloop
  endfacet
  facet normal 0.812802 0.58254 0
    outer loop
      vertex 51.0359 60.4508 1.90735e-07
      vertex 51.5181 59.778 3.4
      vertex 51.5181 59.778 1.90735e-07
    endloop
  endfacet
  facet normal 0.849231 0.528021 0
    outer loop
      vertex 51.9552 59.075 3.4
      vertex 51.5181 59.778 1.90735e-07
      vertex 51.5181 59.778 3.4
    endloop
  endfacet
  facet normal 0.849231 0.528021 0
    outer loop
      vertex 51.5181 59.778 1.90735e-07
      vertex 51.9552 59.075 3.4
      vertex 51.9552 59.075 1.90735e-07
    endloop
  endfacet
  facet normal 0.160539 -0.688806 0.706946
    outer loop
      vertex 44.067 41.3038 4.2
      vertex 43.4679 40.3431 3.4
      vertex 44.2741 40.531 3.4
    endloop
  endfacet
  facet normal 0.352275 -0.935897 0
    outer loop
      vertex 45.0662 40.7713 1.90735e-07
      vertex 45.8409 41.0629 3.4
      vertex 45.0662 40.7713 3.4
    endloop
  endfacet
  facet normal 0.352275 -0.935897 0
    outer loop
      vertex 45.8409 41.0629 3.4
      vertex 45.0662 40.7713 1.90735e-07
      vertex 45.8409 41.0629 1.90735e-07
    endloop
  endfacet
  facet normal 0.412002 -0.574905 0.706922
    outer loop
      vertex 48.2138 43.3488 4.2
      vertex 47.5835 42.8971 4.2
      vertex 48.7008 42.7141 3.4
    endloop
  endfacet
  facet normal -0.528043 0.849218 0
    outer loop
      vertex 2.675 63.7052 1.90735e-07
      vertex 1.97204 63.2681 3.4
      vertex 2.675 63.7052 3.4
    endloop
  endfacet
  facet normal -0.528043 0.849218 0
    outer loop
      vertex 1.97204 63.2681 3.4
      vertex 2.675 63.7052 1.90735e-07
      vertex 1.97204 63.2681 1.90735e-07
    endloop
  endfacet
  facet normal -0.483511 0.516215 0.706922
    outer loop
      vertex 0.659276 62.2608 3.4
      vertex 0.0550995 61.6949 3.4
      vertex 0.620785 61.1292 4.2
    endloop
  endfacet
  facet normal -0.483504 0.516217 0.706926
    outer loop
      vertex 0.659276 62.2608 3.4
      vertex 0.620785 61.1292 4.2
      vertex 1.18675 61.6593 4.2
    endloop
  endfacet
  facet normal -0.352259 0.935903 0
    outer loop
      vertex 4.93379 64.7287 1.90735e-07
      vertex 4.15905 64.4371 3.4
      vertex 4.93379 64.7287 3.4
    endloop
  endfacet
  facet normal -0.352259 0.935903 0
    outer loop
      vertex 4.15905 64.4371 3.4
      vertex 4.93379 64.7287 1.90735e-07
      vertex 4.15905 64.4371 1.90735e-07
    endloop
  endfacet
  facet normal -0.910881 -0.412669 0
    outer loop
      vertex -2.34544 47.155 1.90735e-07
      vertex -2.68708 47.9091 3.4
      vertex -2.68708 47.9091 1.90735e-07
    endloop
  endfacet
  facet normal -0.910881 -0.412669 0
    outer loop
      vertex -2.68708 47.9091 3.4
      vertex -2.34544 47.155 1.90735e-07
      vertex -2.34544 47.155 3.4
    endloop
  endfacet
  facet normal -0.70389 -0.0693309 0.706918
    outer loop
      vertex -2.82463 51.975 4.2
      vertex -3.62292 51.9227 3.4
      vertex -2.74862 51.2033 4.2
    endloop
  endfacet
  facet normal -0.290289 -0.956939 0
    outer loop
      vertex 4.93379 40.7713 1.90735e-07
      vertex 5.72594 40.531 3.4
      vertex 4.93379 40.7713 3.4
    endloop
  endfacet
  facet normal -0.290289 -0.956939 -0
    outer loop
      vertex 5.72594 40.531 3.4
      vertex 4.93379 40.7713 1.90735e-07
      vertex 5.72594 40.531 1.90735e-07
    endloop
  endfacet
  facet normal -0.226993 -0.973896 0
    outer loop
      vertex 5.72594 40.531 1.90735e-07
      vertex 6.53211 40.3431 3.4
      vertex 5.72594 40.531 3.4
    endloop
  endfacet
  facet normal -0.226993 -0.973896 -0
    outer loop
      vertex 6.53211 40.3431 3.4
      vertex 5.72594 40.531 1.90735e-07
      vertex 6.53211 40.3431 1.90735e-07
    endloop
  endfacet
  facet normal -0.411996 -0.574906 0.706924
    outer loop
      vertex 1.78618 43.3488 4.2
      vertex 1.29917 42.7141 3.4
      vertex 2.41649 42.8971 4.2
    endloop
  endfacet
  facet normal 0.935897 -0.352275 0
    outer loop
      vertex 52.6871 47.9091 3.4
      vertex 52.9787 48.6838 1.90735e-07
      vertex 52.9787 48.6838 3.4
    endloop
  endfacet
  facet normal 0.935897 -0.352275 0
    outer loop
      vertex 52.9787 48.6838 1.90735e-07
      vertex 52.6871 47.9091 3.4
      vertex 52.6871 47.9091 1.90735e-07
    endloop
  endfacet
  facet normal 0.999464 -0.0327396 0
    outer loop
      vertex 53.6229 51.9227 3.4
      vertex 53.65 52.75 1.90735e-07
      vertex 53.65 52.75 3.4
    endloop
  endfacet
  facet normal 0.999464 -0.0327396 0
    outer loop
      vertex 53.65 52.75 1.90735e-07
      vertex 53.6229 51.9227 3.4
      vertex 53.6229 51.9227 1.90735e-07
    endloop
  endfacet
  facet normal 0.703872 0.0692851 0.70694
    outer loop
      vertex 53.5418 54.4012 3.4
      vertex 52.7486 54.2967 4.2
      vertex 53.6229 53.5773 3.4
    endloop
  endfacet
  facet normal 0.706911 0.0231684 0.706923
    outer loop
      vertex 53.6229 53.5773 3.4
      vertex 52.8246 53.525 4.2
      vertex 52.85 52.75 4.2
    endloop
  endfacet
  facet normal 0.849231 -0.528021 0
    outer loop
      vertex 51.5181 45.722 3.4
      vertex 51.9552 46.425 1.90735e-07
      vertex 51.9552 46.425 3.4
    endloop
  endfacet
  facet normal 0.849231 -0.528021 0
    outer loop
      vertex 51.9552 46.425 1.90735e-07
      vertex 51.5181 45.722 3.4
      vertex 51.5181 45.722 1.90735e-07
    endloop
  endfacet
  facet normal 0.0979608 -0.99519 0
    outer loop
      vertex 41.8273 40.1271 1.90735e-07
      vertex 42.6512 40.2082 3.4
      vertex 41.8273 40.1271 3.4
    endloop
  endfacet
  facet normal 0.0979608 -0.99519 0
    outer loop
      vertex 42.6512 40.2082 3.4
      vertex 41.8273 40.1271 1.90735e-07
      vertex 42.6512 40.2082 1.90735e-07
    endloop
  endfacet
  facet normal -0.162963 0.986632 0
    outer loop
      vertex 7.34884 65.2918 1.90735e-07
      vertex 6.53211 65.1569 3.4
      vertex 7.34884 65.2918 3.4
    endloop
  endfacet
  facet normal -0.162963 0.986632 0
    outer loop
      vertex 6.53211 65.1569 3.4
      vertex 7.34884 65.2918 1.90735e-07
      vertex 6.53211 65.1569 1.90735e-07
    endloop
  endfacet
  facet normal 0.412729 0.910854 -0
    outer loop
      vertex 46.595 64.0954 1.90735e-07
      vertex 45.8409 64.4371 3.4
      vertex 46.595 64.0954 3.4
    endloop
  endfacet
  facet normal 0.412729 0.910854 0
    outer loop
      vertex 45.8409 64.4371 3.4
      vertex 46.595 64.0954 1.90735e-07
      vertex 45.8409 64.4371 1.90735e-07
    endloop
  endfacet
  facet normal 0.412017 0.574876 0.706937
    outer loop
      vertex 48.028 63.2681 3.4
      vertex 47.5835 62.6029 4.2
      vertex 48.7008 62.7859 3.4
    endloop
  endfacet
  facet normal 0.448667 0.546757 0.706933
    outer loop
      vertex 49.3407 62.2608 3.4
      vertex 48.7008 62.7859 3.4
      vertex 48.8132 61.6593 4.2
    endloop
  endfacet
  facet normal 0.162969 0.986631 -0
    outer loop
      vertex 43.4679 65.1569 1.90735e-07
      vertex 42.6512 65.2918 3.4
      vertex 43.4679 65.1569 3.4
    endloop
  endfacet
  facet normal 0.162969 0.986631 0
    outer loop
      vertex 42.6512 65.2918 3.4
      vertex 43.4679 65.1569 1.90735e-07
      vertex 42.6512 65.2918 1.90735e-07
    endloop
  endfacet
  facet normal 0.0327396 0.999464 -0
    outer loop
      vertex 41.8273 65.3729 1.90735e-07
      vertex 41 65.4 3.4
      vertex 41.8273 65.3729 3.4
    endloop
  endfacet
  facet normal 0.0327396 0.999464 0
    outer loop
      vertex 41 65.4 3.4
      vertex 41.8273 65.3729 1.90735e-07
      vertex 41 65.4 1.90735e-07
    endloop
  endfacet
  facet normal 0.0979608 0.99519 -0
    outer loop
      vertex 42.6512 65.2918 1.90735e-07
      vertex 41.8273 65.3729 3.4
      vertex 42.6512 65.2918 3.4
    endloop
  endfacet
  facet normal 0.0979608 0.99519 0
    outer loop
      vertex 41.8273 65.3729 3.4
      vertex 42.6512 65.2918 1.90735e-07
      vertex 41.8273 65.3729 1.90735e-07
    endloop
  endfacet
  facet normal 0.115201 0.697862 0.706907
    outer loop
      vertex 43.4679 65.1569 3.4
      vertex 42.5467 64.4986 4.2
      vertex 43.3118 64.3723 4.2
    endloop
  endfacet
  facet normal 0.290306 0.956934 -0
    outer loop
      vertex 45.0662 64.7287 1.90735e-07
      vertex 44.2741 64.969 3.4
      vertex 45.0662 64.7287 3.4
    endloop
  endfacet
  facet normal 0.290306 0.956934 0
    outer loop
      vertex 44.2741 64.969 3.4
      vertex 45.0662 64.7287 1.90735e-07
      vertex 44.2741 64.969 1.90735e-07
    endloop
  endfacet
  facet normal 0.352275 0.935897 -0
    outer loop
      vertex 45.8409 64.4371 1.90735e-07
      vertex 45.0662 64.7287 3.4
      vertex 45.8409 64.4371 3.4
    endloop
  endfacet
  facet normal 0.352275 0.935897 0
    outer loop
      vertex 45.0662 64.7287 3.4
      vertex 45.8409 64.4371 1.90735e-07
      vertex 45.0662 64.7287 1.90735e-07
    endloop
  endfacet
  facet normal -0.773014 0.634389 0
    outer loop
      vertex -1.03592 60.4508 1.90735e-07
      vertex -0.510773 61.0907 3.4
      vertex -0.510773 61.0907 1.90735e-07
    endloop
  endfacet
  facet normal -0.773014 0.634389 0
    outer loop
      vertex -0.510773 61.0907 3.4
      vertex -1.03592 60.4508 1.90735e-07
      vertex -1.03592 60.4508 3.4
    endloop
  endfacet
  facet normal -0.676842 0.205325 0.706913
    outer loop
      vertex -2.97867 56.8162 3.4
      vertex -3.21896 56.0241 3.4
      vertex -2.22112 56.5591 4.2
    endloop
  endfacet
  facet normal -0.881908 0.471422 0
    outer loop
      vertex -2.34544 58.345 1.90735e-07
      vertex -1.95522 59.075 3.4
      vertex -1.95522 59.075 1.90735e-07
    endloop
  endfacet
  facet normal -0.881908 0.471422 0
    outer loop
      vertex -1.95522 59.075 3.4
      vertex -2.34544 58.345 1.90735e-07
      vertex -2.34544 58.345 3.4
    endloop
  endfacet
  facet normal -0.516239 0.483482 0.706925
    outer loop
      vertex 0.620785 61.1292 4.2
      vertex -0.510773 61.0907 3.4
      vertex 0.0906992 60.5632 4.2
    endloop
  endfacet
  facet normal -0.546744 0.448697 0.706924
    outer loop
      vertex -0.510773 61.0907 3.4
      vertex -1.03592 60.4508 3.4
      vertex 0.0906992 60.5632 4.2
    endloop
  endfacet
  facet normal -0.995186 0.0980087 0
    outer loop
      vertex -3.62292 53.5773 1.90735e-07
      vertex -3.54178 54.4012 3.4
      vertex -3.54178 54.4012 1.90735e-07
    endloop
  endfacet
  facet normal -0.995186 0.0980087 0
    outer loop
      vertex -3.54178 54.4012 3.4
      vertex -3.62292 53.5773 1.90735e-07
      vertex -3.62292 53.5773 3.4
    endloop
  endfacet
  facet normal -0.249143 0.661939 0.70694
    outer loop
      vertex 4.93379 64.7287 3.4
      vertex 4.15905 64.4371 3.4
      vertex 5.19094 63.9711 4.2
    endloop
  endfacet
  facet normal -0.249106 0.661979 0.706916
    outer loop
      vertex 5.19094 63.9711 4.2
      vertex 4.15905 64.4371 3.4
      vertex 4.4652 63.698 4.2
    endloop
  endfacet
  facet normal -0.115202 0.697864 0.706905
    outer loop
      vertex 7.45327 64.4986 4.2
      vertex 6.53211 65.1569 3.4
      vertex 6.68818 64.3723 4.2
    endloop
  endfacet
  facet normal -0.333408 0.623794 0.706909
    outer loop
      vertex 3.40505 64.0954 3.4
      vertex 2.675 63.7052 3.4
      vertex 3.075 63.0124 4.2
    endloop
  endfacet
  facet normal -0.291959 0.644225 0.706919
    outer loop
      vertex 4.4652 63.698 4.2
      vertex 3.40505 64.0954 3.4
      vertex 3.75888 63.3779 4.2
    endloop
  endfacet
  facet normal 0.676819 -0.205327 0.706935
    outer loop
      vertex 53.219 49.4759 3.4
      vertex 52.2211 48.9409 4.2
      vertex 52.9787 48.6838 3.4
    endloop
  endfacet
  facet normal 0.688806 0.160539 0.706946
    outer loop
      vertex 53.219 56.0241 3.4
      vertex 52.4462 55.817 4.2
      vertex 53.4069 55.2179 3.4
    endloop
  endfacet
  facet normal 0.676814 0.205297 0.706948
    outer loop
      vertex 53.219 56.0241 3.4
      vertex 52.2211 56.5591 4.2
      vertex 52.4462 55.817 4.2
    endloop
  endfacet
  facet normal 0.0692851 -0.703872 0.70694
    outer loop
      vertex 42.5467 41.0014 4.2
      vertex 41.8273 40.1271 3.4
      vertex 42.6512 40.2082 3.4
    endloop
  endfacet
  facet normal 0.226985 -0.973898 0
    outer loop
      vertex 43.4679 40.3431 1.90735e-07
      vertex 44.2741 40.531 3.4
      vertex 43.4679 40.3431 3.4
    endloop
  endfacet
  facet normal 0.226985 -0.973898 0
    outer loop
      vertex 44.2741 40.531 3.4
      vertex 43.4679 40.3431 1.90735e-07
      vertex 44.2741 40.531 1.90735e-07
    endloop
  endfacet
  facet normal 0.528021 -0.849231 0
    outer loop
      vertex 47.325 41.7948 1.90735e-07
      vertex 48.028 42.2319 3.4
      vertex 47.325 41.7948 3.4
    endloop
  endfacet
  facet normal 0.528021 -0.849231 0
    outer loop
      vertex 48.028 42.2319 3.4
      vertex 47.325 41.7948 1.90735e-07
      vertex 48.028 42.2319 1.90735e-07
    endloop
  endfacet
  facet normal 0.574905 -0.412002 0.706922
    outer loop
      vertex 50.8529 46.1665 4.2
      vertex 50.4012 45.5362 4.2
      vertex 51.0359 45.0492 3.4
    endloop
  endfacet
  facet normal 0.412017 -0.574876 0.706937
    outer loop
      vertex 48.7008 42.7141 3.4
      vertex 47.5835 42.8971 4.2
      vertex 48.028 42.2319 3.4
    endloop
  endfacet
  facet normal 0.58254 -0.812802 0
    outer loop
      vertex 48.028 42.2319 1.90735e-07
      vertex 48.7008 42.7141 3.4
      vertex 48.028 42.2319 3.4
    endloop
  endfacet
  facet normal 0.58254 -0.812802 0
    outer loop
      vertex 48.7008 42.7141 3.4
      vertex 48.028 42.2319 1.90735e-07
      vertex 48.7008 42.7141 1.90735e-07
    endloop
  endfacet
  facet normal 0.0693214 -0.703886 0.706922
    outer loop
      vertex 42.5467 41.0014 4.2
      vertex 41.775 40.9254 4.2
      vertex 41.8273 40.1271 3.4
    endloop
  endfacet
  facet normal 0.574876 -0.412017 0.706937
    outer loop
      vertex 51.5181 45.722 3.4
      vertex 50.8529 46.1665 4.2
      vertex 51.0359 45.0492 3.4
    endloop
  endfacet
  facet normal 0.623785 -0.333373 0.706933
    outer loop
      vertex 51.6279 47.5089 4.2
      vertex 51.2624 46.825 4.2
      vertex 52.3454 47.155 3.4
    endloop
  endfacet
  facet normal 0.600642 -0.373457 0.706936
    outer loop
      vertex 51.9552 46.425 3.4
      vertex 50.8529 46.1665 4.2
      vertex 51.5181 45.722 3.4
    endloop
  endfacet
  facet normal -0.373479 0.600642 0.706925
    outer loop
      vertex 2.675 63.7052 3.4
      vertex 1.97204 63.2681 3.4
      vertex 2.41649 62.6029 4.2
    endloop
  endfacet
  facet normal -0.411996 0.574906 0.706924
    outer loop
      vertex 1.97204 63.2681 3.4
      vertex 1.29917 62.7859 3.4
      vertex 2.41649 62.6029 4.2
    endloop
  endfacet
  facet normal -0.290289 0.956939 0
    outer loop
      vertex 5.72594 64.969 1.90735e-07
      vertex 4.93379 64.7287 3.4
      vertex 5.72594 64.969 3.4
    endloop
  endfacet
  facet normal -0.290289 0.956939 0
    outer loop
      vertex 4.93379 64.7287 3.4
      vertex 5.72594 64.969 1.90735e-07
      vertex 4.93379 64.7287 1.90735e-07
    endloop
  endfacet
  facet normal -0.205311 0.676816 0.706942
    outer loop
      vertex 5.72594 64.969 3.4
      vertex 5.19094 63.9711 4.2
      vertex 5.93299 64.1962 4.2
    endloop
  endfacet
  facet normal -0.160546 0.68881 0.706941
    outer loop
      vertex 6.53211 65.1569 3.4
      vertex 5.72594 64.969 3.4
      vertex 5.93299 64.1962 4.2
    endloop
  endfacet
  facet normal -0.5825 0.812831 0
    outer loop
      vertex 1.97204 63.2681 1.90735e-07
      vertex 1.29917 62.7859 3.4
      vertex 1.97204 63.2681 3.4
    endloop
  endfacet
  facet normal -0.5825 0.812831 0
    outer loop
      vertex 1.29917 62.7859 3.4
      vertex 1.97204 63.2681 1.90735e-07
      vertex 1.29917 62.7859 1.90735e-07
    endloop
  endfacet
  facet normal -0.881908 -0.471422 0
    outer loop
      vertex -1.95522 46.425 1.90735e-07
      vertex -2.34544 47.155 3.4
      vertex -2.34544 47.155 1.90735e-07
    endloop
  endfacet
  facet normal -0.881908 -0.471422 0
    outer loop
      vertex -2.34544 47.155 3.4
      vertex -1.95522 46.425 1.90735e-07
      vertex -1.95522 46.425 3.4
    endloop
  endfacet
  facet normal -0.373512 -0.600639 0.70691
    outer loop
      vertex 3.075 42.4876 4.2
      vertex 2.41649 42.8971 4.2
      vertex 2.675 41.7948 3.4
    endloop
  endfacet
  facet normal -0.634359 -0.773039 0
    outer loop
      vertex 0.659276 43.2392 1.90735e-07
      vertex 1.29917 42.7141 3.4
      vertex 0.659276 43.2392 3.4
    endloop
  endfacet
  facet normal -0.634359 -0.773039 -0
    outer loop
      vertex 1.29917 42.7141 3.4
      vertex 0.659276 43.2392 1.90735e-07
      vertex 1.29917 42.7141 1.90735e-07
    endloop
  endfacet
  facet normal -0.773014 -0.634389 0
    outer loop
      vertex -0.510773 44.4093 1.90735e-07
      vertex -1.03592 45.0492 3.4
      vertex -1.03592 45.0492 1.90735e-07
    endloop
  endfacet
  facet normal -0.773014 -0.634389 0
    outer loop
      vertex -1.03592 45.0492 3.4
      vertex -0.510773 44.4093 1.90735e-07
      vertex -0.510773 44.4093 3.4
    endloop
  endfacet
  facet normal -0.688817 -0.160602 0.706921
    outer loop
      vertex -2.44622 49.683 4.2
      vertex -3.40693 50.2821 3.4
      vertex -3.21896 49.4759 3.4
    endloop
  endfacet
  facet normal -0.706917 -0.0231395 0.706917
    outer loop
      vertex -2.85 52.75 4.2
      vertex -3.65 52.75 3.4
      vertex -3.62292 51.9227 3.4
    endloop
  endfacet
  facet normal -0.999465 0.0327155 0
    outer loop
      vertex -3.65 52.75 1.90735e-07
      vertex -3.62292 53.5773 3.4
      vertex -3.62292 53.5773 1.90735e-07
    endloop
  endfacet
  facet normal -0.999465 0.0327155 0
    outer loop
      vertex -3.62292 53.5773 3.4
      vertex -3.65 52.75 1.90735e-07
      vertex -3.65 52.75 3.4
    endloop
  endfacet
  facet normal -0.995186 -0.0980087 0
    outer loop
      vertex -3.54178 51.0988 1.90735e-07
      vertex -3.62292 51.9227 3.4
      vertex -3.62292 51.9227 1.90735e-07
    endloop
  endfacet
  facet normal -0.995186 -0.0980087 0
    outer loop
      vertex -3.62292 51.9227 3.4
      vertex -3.54178 51.0988 1.90735e-07
      vertex -3.54178 51.0988 3.4
    endloop
  endfacet
  facet normal -0.333408 -0.623794 0.706909
    outer loop
      vertex 3.075 42.4876 4.2
      vertex 2.675 41.7948 3.4
      vertex 3.40505 41.4046 3.4
    endloop
  endfacet
  facet normal -0.333387 -0.623794 0.706918
    outer loop
      vertex 3.75888 42.1221 4.2
      vertex 3.075 42.4876 4.2
      vertex 3.40505 41.4046 3.4
    endloop
  endfacet
  facet normal -0.352259 -0.935903 0
    outer loop
      vertex 4.15905 41.0629 1.90735e-07
      vertex 4.93379 40.7713 3.4
      vertex 4.15905 41.0629 3.4
    endloop
  endfacet
  facet normal -0.352259 -0.935903 -0
    outer loop
      vertex 4.93379 40.7713 3.4
      vertex 4.15905 41.0629 1.90735e-07
      vertex 4.93379 40.7713 1.90735e-07
    endloop
  endfacet
  facet normal -0.5825 -0.812831 0
    outer loop
      vertex 1.29917 42.7141 1.90735e-07
      vertex 1.97204 42.2319 3.4
      vertex 1.29917 42.7141 3.4
    endloop
  endfacet
  facet normal -0.5825 -0.812831 -0
    outer loop
      vertex 1.97204 42.2319 3.4
      vertex 1.29917 42.7141 1.90735e-07
      vertex 1.97204 42.2319 1.90735e-07
    endloop
  endfacet
  facet normal 0.881918 -0.471403 0
    outer loop
      vertex 51.9552 46.425 3.4
      vertex 52.3454 47.155 1.90735e-07
      vertex 52.3454 47.155 3.4
    endloop
  endfacet
  facet normal 0.881918 -0.471403 0
    outer loop
      vertex 52.3454 47.155 1.90735e-07
      vertex 51.9552 46.425 3.4
      vertex 51.9552 46.425 1.90735e-07
    endloop
  endfacet
  facet normal 0.697862 -0.115201 0.706907
    outer loop
      vertex 52.7486 51.2033 4.2
      vertex 52.6223 50.4382 4.2
      vertex 53.4069 50.2821 3.4
    endloop
  endfacet
  facet normal 0.999464 0.0327396 0
    outer loop
      vertex 53.65 52.75 3.4
      vertex 53.6229 53.5773 1.90735e-07
      vertex 53.6229 53.5773 3.4
    endloop
  endfacet
  facet normal 0.999464 0.0327396 0
    outer loop
      vertex 53.6229 53.5773 1.90735e-07
      vertex 53.65 52.75 3.4
      vertex 53.65 52.75 1.90735e-07
    endloop
  endfacet
  facet normal -0.0979714 -0.995189 0
    outer loop
      vertex 7.34884 40.2082 1.90735e-07
      vertex 8.17265 40.1271 3.4
      vertex 7.34884 40.2082 3.4
    endloop
  endfacet
  facet normal -0.0979714 -0.995189 -0
    outer loop
      vertex 8.17265 40.1271 3.4
      vertex 7.34884 40.2082 1.90735e-07
      vertex 8.17265 40.1271 1.90735e-07
    endloop
  endfacet
  facet normal -0.0979714 0.995189 0
    outer loop
      vertex 8.17265 65.3729 1.90735e-07
      vertex 7.34884 65.2918 3.4
      vertex 8.17265 65.3729 3.4
    endloop
  endfacet
  facet normal -0.0979714 0.995189 0
    outer loop
      vertex 7.34884 65.2918 3.4
      vertex 8.17265 65.3729 1.90735e-07
      vertex 7.34884 65.2918 1.90735e-07
    endloop
  endfacet
  facet normal 0.291926 0.644253 0.706907
    outer loop
      vertex 45.8409 64.4371 3.4
      vertex 45.5348 63.698 4.2
      vertex 46.595 64.0954 3.4
    endloop
  endfacet
  facet normal 0.333425 0.623784 0.70691
    outer loop
      vertex 47.325 63.7052 3.4
      vertex 46.595 64.0954 3.4
      vertex 46.925 63.0124 4.2
    endloop
  endfacet
  facet normal 0.373517 0.600637 0.70691
    outer loop
      vertex 47.325 63.7052 3.4
      vertex 46.925 63.0124 4.2
      vertex 47.5835 62.6029 4.2
    endloop
  endfacet
  facet normal 0.683595 0.729861 -0
    outer loop
      vertex 49.9449 61.6949 1.90735e-07
      vertex 49.3407 62.2608 3.4
      vertex 49.9449 61.6949 3.4
    endloop
  endfacet
  facet normal 0.683595 0.729861 0
    outer loop
      vertex 49.3407 62.2608 3.4
      vertex 49.9449 61.6949 1.90735e-07
      vertex 49.3407 62.2608 1.90735e-07
    endloop
  endfacet
  facet normal 0.516226 0.483483 0.706934
    outer loop
      vertex 50.5108 61.0907 3.4
      vertex 49.3792 61.1292 4.2
      vertex 49.9093 60.5632 4.2
    endloop
  endfacet
  facet normal 0.516221 0.483498 0.706927
    outer loop
      vertex 49.9449 61.6949 3.4
      vertex 49.3792 61.1292 4.2
      vertex 50.5108 61.0907 3.4
    endloop
  endfacet
  facet normal 0.0693214 0.703886 0.706922
    outer loop
      vertex 41.8273 65.3729 3.4
      vertex 41.775 64.5746 4.2
      vertex 42.5467 64.4986 4.2
    endloop
  endfacet
  facet normal 0.249158 0.661942 0.706932
    outer loop
      vertex 45.0662 64.7287 3.4
      vertex 44.8091 63.9711 4.2
      vertex 45.8409 64.4371 3.4
    endloop
  endfacet
  facet normal 0.160539 0.688806 0.706946
    outer loop
      vertex 44.2741 64.969 3.4
      vertex 43.4679 65.1569 3.4
      vertex 44.067 64.1962 4.2
    endloop
  endfacet
  facet normal -0.849215 0.528047 0
    outer loop
      vertex -1.95522 59.075 1.90735e-07
      vertex -1.51809 59.778 3.4
      vertex -1.51809 59.778 1.90735e-07
    endloop
  endfacet
  facet normal -0.849215 0.528047 0
    outer loop
      vertex -1.51809 59.778 3.4
      vertex -1.95522 59.075 1.90735e-07
      vertex -1.95522 59.075 3.4
    endloop
  endfacet
  facet normal -0.812819 0.582516 0
    outer loop
      vertex -1.51809 59.778 1.90735e-07
      vertex -1.03592 60.4508 3.4
      vertex -1.03592 60.4508 1.90735e-07
    endloop
  endfacet
  facet normal -0.812819 0.582516 0
    outer loop
      vertex -1.03592 60.4508 3.4
      vertex -1.51809 59.778 1.90735e-07
      vertex -1.51809 59.778 3.4
    endloop
  endfacet
  facet normal -0.661964 0.249157 0.706912
    outer loop
      vertex -2.68708 57.5909 3.4
      vertex -2.97867 56.8162 3.4
      vertex -2.22112 56.5591 4.2
    endloop
  endfacet
  facet normal -0.910881 0.412669 0
    outer loop
      vertex -2.68708 57.5909 1.90735e-07
      vertex -2.34544 58.345 3.4
      vertex -2.34544 58.345 1.90735e-07
    endloop
  endfacet
  facet normal -0.910881 0.412669 0
    outer loop
      vertex -2.34544 58.345 3.4
      vertex -2.68708 57.5909 1.90735e-07
      vertex -2.68708 57.5909 3.4
    endloop
  endfacet
  facet normal -0.703886 0.0693207 0.706923
    outer loop
      vertex -3.54178 54.4012 3.4
      vertex -3.62292 53.5773 3.4
      vertex -2.74862 54.2967 4.2
    endloop
  endfacet
  facet normal -0.69784 0.115224 0.706925
    outer loop
      vertex -3.40693 55.2179 3.4
      vertex -3.54178 54.4012 3.4
      vertex -2.74862 54.2967 4.2
    endloop
  endfacet
  facet normal -0.676838 0.205304 0.706923
    outer loop
      vertex -2.22112 56.5591 4.2
      vertex -3.21896 56.0241 3.4
      vertex -2.44622 55.817 4.2
    endloop
  endfacet
  facet normal -0.644235 0.291908 0.706931
    outer loop
      vertex -1.62794 57.9911 4.2
      vertex -2.34544 58.345 3.4
      vertex -1.94797 57.2848 4.2
    endloop
  endfacet
  facet normal -0.62377 0.333435 0.706918
    outer loop
      vertex -1.95522 59.075 3.4
      vertex -2.34544 58.345 3.4
      vertex -1.2624 58.675 4.2
    endloop
  endfacet
  facet normal -0.600636 0.373503 0.706917
    outer loop
      vertex -0.852915 59.3335 4.2
      vertex -1.95522 59.075 3.4
      vertex -1.2624 58.675 4.2
    endloop
  endfacet
  facet normal 0 0 -1
    outer loop
      vertex 20.9816 44.0455 1.90735e-07
      vertex 19.173 44.0455 1.90735e-07
      vertex 20.9816 45.4601 1.90735e-07
    endloop
  endfacet
  facet normal 0 0 -1
    outer loop
      vertex 24.0158 44.303 1.90735e-07
      vertex 24.1812 44.6389 1.90735e-07
      vertex 24.1795 44.5959 1.90735e-07
    endloop
  endfacet
  facet normal 0 0 -1
    outer loop
      vertex 24.0466 44.3286 1.90735e-07
      vertex 24.1795 44.5959 1.90735e-07
      vertex 24.1745 44.5551 1.90735e-07
    endloop
  endfacet
  facet normal 0 0 -1
    outer loop
      vertex 24.0744 44.3556 1.90735e-07
      vertex 24.1745 44.5551 1.90735e-07
      vertex 24.1662 44.5165 1.90735e-07
    endloop
  endfacet
  facet normal 0 0 -1
    outer loop
      vertex 24.0158 44.303 1.90735e-07
      vertex 24.1795 44.5959 1.90735e-07
      vertex 24.0466 44.3286 1.90735e-07
    endloop
  endfacet
  facet normal 0 0 -1
    outer loop
      vertex 24.0744 44.3556 1.90735e-07
      vertex 24.1662 44.5165 1.90735e-07
      vertex 24.1544 44.48 1.90735e-07
    endloop
  endfacet
  facet normal -0 0 -1
    outer loop
      vertex 24.1812 44.6389 1.90735e-07
      vertex 24.0158 44.303 1.90735e-07
      vertex 24.1769 44.7115 1.90735e-07
    endloop
  endfacet
  facet normal 0 0 -1
    outer loop
      vertex 24.0744 44.3556 1.90735e-07
      vertex 24.1544 44.48 1.90735e-07
      vertex 24.1394 44.4458 1.90735e-07
    endloop
  endfacet
  facet normal 0 0 -1
    outer loop
      vertex 24.0993 44.3838 1.90735e-07
      vertex 24.1394 44.4458 1.90735e-07
      vertex 24.121 44.4137 1.90735e-07
    endloop
  endfacet
  facet normal 0 0 -1
    outer loop
      vertex 24.0744 44.3556 1.90735e-07
      vertex 24.1394 44.4458 1.90735e-07
      vertex 24.0993 44.3838 1.90735e-07
    endloop
  endfacet
  facet normal 0 0 -1
    outer loop
      vertex 24.1745 44.5551 1.90735e-07
      vertex 24.0744 44.3556 1.90735e-07
      vertex 24.0466 44.3286 1.90735e-07
    endloop
  endfacet
  facet normal 0 0 -1
    outer loop
      vertex 23.9821 44.2785 1.90735e-07
      vertex 24.1769 44.7115 1.90735e-07
      vertex 24.0158 44.303 1.90735e-07
    endloop
  endfacet
  facet normal 0 0 -1
    outer loop
      vertex 23.97 45.0352 1.90735e-07
      vertex 24.1769 44.7115 1.90735e-07
      vertex 23.9821 44.2785 1.90735e-07
    endloop
  endfacet
  facet normal 0 0 -1
    outer loop
      vertex 24.1639 44.7788 1.90735e-07
      vertex 24.026 44.9946 1.90735e-07
      vertex 24.1424 44.8407 1.90735e-07
    endloop
  endfacet
  facet normal 0 0 -1
    outer loop
      vertex 24.1424 44.8407 1.90735e-07
      vertex 24.0734 44.9487 1.90735e-07
      vertex 24.1122 44.8974 1.90735e-07
    endloop
  endfacet
  facet normal 0 0 -1
    outer loop
      vertex 24.1424 44.8407 1.90735e-07
      vertex 24.026 44.9946 1.90735e-07
      vertex 24.0734 44.9487 1.90735e-07
    endloop
  endfacet
  facet normal 0 0 -1
    outer loop
      vertex 24.1769 44.7115 1.90735e-07
      vertex 23.97 45.0352 1.90735e-07
      vertex 24.1639 44.7788 1.90735e-07
    endloop
  endfacet
  facet normal 0 0 -1
    outer loop
      vertex 24.1639 44.7788 1.90735e-07
      vertex 23.97 45.0352 1.90735e-07
      vertex 24.026 44.9946 1.90735e-07
    endloop
  endfacet
  facet normal 0 0 -1
    outer loop
      vertex 23.9454 44.2554 1.90735e-07
      vertex 23.97 45.0352 1.90735e-07
      vertex 23.9821 44.2785 1.90735e-07
    endloop
  endfacet
  facet normal 0 0 -1
    outer loop
      vertex 23.9057 45.0705 1.90735e-07
      vertex 23.9454 44.2554 1.90735e-07
      vertex 23.9057 44.2335 1.90735e-07
    endloop
  endfacet
  facet normal 0 0 -1
    outer loop
      vertex 23.9454 44.2554 1.90735e-07
      vertex 23.9057 45.0705 1.90735e-07
      vertex 23.97 45.0352 1.90735e-07
    endloop
  endfacet
  facet normal 0 0 -1
    outer loop
      vertex 23.8337 45.1004 1.90735e-07
      vertex 23.9057 44.2335 1.90735e-07
      vertex 23.8631 44.2128 1.90735e-07
    endloop
  endfacet
  facet normal 0 0 -1
    outer loop
      vertex 23.9057 44.2335 1.90735e-07
      vertex 23.8337 45.1004 1.90735e-07
      vertex 23.9057 45.0705 1.90735e-07
    endloop
  endfacet
  facet normal 0 0 -1
    outer loop
      vertex 23.8128 44.1922 1.90735e-07
      vertex 23.8337 45.1004 1.90735e-07
      vertex 23.8631 44.2128 1.90735e-07
    endloop
  endfacet
  facet normal 0 0 -1
    outer loop
      vertex 23.8128 44.1922 1.90735e-07
      vertex 23.754 45.1248 1.90735e-07
      vertex 23.8337 45.1004 1.90735e-07
    endloop
  endfacet
  facet normal 0 0 -1
    outer loop
      vertex 23.75 44.1702 1.90735e-07
      vertex 23.754 45.1248 1.90735e-07
      vertex 23.8128 44.1922 1.90735e-07
    endloop
  endfacet
  facet normal 0 0 -1
    outer loop
      vertex 23.6665 45.1438 1.90735e-07
      vertex 23.75 44.1702 1.90735e-07
      vertex 23.6747 44.147 1.90735e-07
    endloop
  endfacet
  facet normal 0 0 -1
    outer loop
      vertex 23.75 44.1702 1.90735e-07
      vertex 23.6665 45.1438 1.90735e-07
      vertex 23.754 45.1248 1.90735e-07
    endloop
  endfacet
  facet normal 0 0 -1
    outer loop
      vertex 23.5713 45.1573 1.90735e-07
      vertex 23.6747 44.147 1.90735e-07
      vertex 23.5868 44.1224 1.90735e-07
    endloop
  endfacet
  facet normal 0 0 -1
    outer loop
      vertex 23.6747 44.147 1.90735e-07
      vertex 23.5713 45.1573 1.90735e-07
      vertex 23.6665 45.1438 1.90735e-07
    endloop
  endfacet
  facet normal 0 0 -1
    outer loop
      vertex 23.4683 45.1655 1.90735e-07
      vertex 23.5868 44.1224 1.90735e-07
      vertex 23.4865 44.0965 1.90735e-07
    endloop
  endfacet
  facet normal 0 0 -1
    outer loop
      vertex 23.5868 44.1224 1.90735e-07
      vertex 23.4683 45.1655 1.90735e-07
      vertex 23.5713 45.1573 1.90735e-07
    endloop
  endfacet
  facet normal 0 0 -1
    outer loop
      vertex 23.2564 45.1657 1.90735e-07
      vertex 23.4865 44.0965 1.90735e-07
      vertex 23.3737 44.0693 1.90735e-07
    endloop
  endfacet
  facet normal 0 0 -1
    outer loop
      vertex 23.4865 44.0965 1.90735e-07
      vertex 23.3576 45.1682 1.90735e-07
      vertex 23.4683 45.1655 1.90735e-07
    endloop
  endfacet
  facet normal 0 0 -1
    outer loop
      vertex 23.4865 44.0965 1.90735e-07
      vertex 23.2564 45.1657 1.90735e-07
      vertex 23.3576 45.1682 1.90735e-07
    endloop
  endfacet
  facet normal 0 0 -1
    outer loop
      vertex 23.0735 45.1462 1.90735e-07
      vertex 23.3737 44.0693 1.90735e-07
      vertex 23.2484 44.0408 1.90735e-07
    endloop
  endfacet
  facet normal 0 0 -1
    outer loop
      vertex 22.9166 45.107 1.90735e-07
      vertex 23.2484 44.0408 1.90735e-07
      vertex 23.2043 44.0306 1.90735e-07
    endloop
  endfacet
  facet normal 0 0 -1
    outer loop
      vertex 23.3737 44.0693 1.90735e-07
      vertex 23.1617 45.1584 1.90735e-07
      vertex 23.2564 45.1657 1.90735e-07
    endloop
  endfacet
  facet normal 0 0 -1
    outer loop
      vertex 22.7856 45.0483 1.90735e-07
      vertex 23.2043 44.0306 1.90735e-07
      vertex 23.1604 44.0204 1.90735e-07
    endloop
  endfacet
  facet normal 0 0 -1
    outer loop
      vertex 22.5055 44.6626 1.90735e-07
      vertex 23.1604 44.0204 1.90735e-07
      vertex 23.1164 44.0101 1.90735e-07
    endloop
  endfacet
  facet normal 0 0 -1
    outer loop
      vertex 23.3737 44.0693 1.90735e-07
      vertex 23.0735 45.1462 1.90735e-07
      vertex 23.1617 45.1584 1.90735e-07
    endloop
  endfacet
  facet normal 0 0 -1
    outer loop
      vertex 22.5055 44.6626 1.90735e-07
      vertex 23.1164 44.0101 1.90735e-07
      vertex 23.0725 43.9997 1.90735e-07
    endloop
  endfacet
  facet normal 0 0 -1
    outer loop
      vertex 22.5055 44.6626 1.90735e-07
      vertex 23.0725 43.9997 1.90735e-07
      vertex 23.0286 43.9893 1.90735e-07
    endloop
  endfacet
  facet normal 0 0 -1
    outer loop
      vertex 23.2484 44.0408 1.90735e-07
      vertex 22.9918 45.129 1.90735e-07
      vertex 23.0735 45.1462 1.90735e-07
    endloop
  endfacet
  facet normal 0 0 -1
    outer loop
      vertex 22.5055 44.6626 1.90735e-07
      vertex 23.0286 43.9893 1.90735e-07
      vertex 22.9848 43.9789 1.90735e-07
    endloop
  endfacet
  facet normal 0 0 -1
    outer loop
      vertex 22.5055 44.6626 1.90735e-07
      vertex 22.9848 43.9789 1.90735e-07
      vertex 22.9411 43.9684 1.90735e-07
    endloop
  endfacet
  facet normal 0 0 -1
    outer loop
      vertex 23.2484 44.0408 1.90735e-07
      vertex 22.9166 45.107 1.90735e-07
      vertex 22.9918 45.129 1.90735e-07
    endloop
  endfacet
  facet normal 0 0 -1
    outer loop
      vertex 22.5055 44.6626 1.90735e-07
      vertex 22.9411 43.9684 1.90735e-07
      vertex 22.8976 43.9576 1.90735e-07
    endloop
  endfacet
  facet normal 0 0 -1
    outer loop
      vertex 22.5055 44.6626 1.90735e-07
      vertex 22.8976 43.9576 1.90735e-07
      vertex 22.8546 43.9462 1.90735e-07
    endloop
  endfacet
  facet normal 0 0 -1
    outer loop
      vertex 23.2043 44.0306 1.90735e-07
      vertex 22.8478 45.0801 1.90735e-07
      vertex 22.9166 45.107 1.90735e-07
    endloop
  endfacet
  facet normal 0 0 -1
    outer loop
      vertex 22.5055 44.6626 1.90735e-07
      vertex 22.8546 43.9462 1.90735e-07
      vertex 22.8122 43.9343 1.90735e-07
    endloop
  endfacet
  facet normal 0 0 -1
    outer loop
      vertex 23.1604 44.0204 1.90735e-07
      vertex 22.5055 44.6626 1.90735e-07
      vertex 22.5293 44.7356 1.90735e-07
    endloop
  endfacet
  facet normal 0 0 -1
    outer loop
      vertex 22.5055 44.6626 1.90735e-07
      vertex 22.8122 43.9343 1.90735e-07
      vertex 22.7704 43.9217 1.90735e-07
    endloop
  endfacet
  facet normal 0 0 -1
    outer loop
      vertex 23.1604 44.0204 1.90735e-07
      vertex 22.5293 44.7356 1.90735e-07
      vertex 22.5584 44.8026 1.90735e-07
    endloop
  endfacet
  facet normal 0 0 -1
    outer loop
      vertex 22.5055 44.6626 1.90735e-07
      vertex 22.7704 43.9217 1.90735e-07
      vertex 22.729 43.9086 1.90735e-07
    endloop
  endfacet
  facet normal 0 0 -1
    outer loop
      vertex 22.5055 44.6626 1.90735e-07
      vertex 22.729 43.9086 1.90735e-07
      vertex 22.6882 43.8949 1.90735e-07
    endloop
  endfacet
  facet normal 0 0 -1
    outer loop
      vertex 23.1604 44.0204 1.90735e-07
      vertex 22.5584 44.8026 1.90735e-07
      vertex 22.7856 45.0483 1.90735e-07
    endloop
  endfacet
  facet normal 0 0 -1
    outer loop
      vertex 22.5055 44.6626 1.90735e-07
      vertex 22.6882 43.8949 1.90735e-07
      vertex 22.6479 43.8806 1.90735e-07
    endloop
  endfacet
  facet normal 0 0 -1
    outer loop
      vertex 23.2043 44.0306 1.90735e-07
      vertex 22.7856 45.0483 1.90735e-07
      vertex 22.8478 45.0801 1.90735e-07
    endloop
  endfacet
  facet normal 0 0 -1
    outer loop
      vertex 22.5055 44.6626 1.90735e-07
      vertex 22.6479 43.8806 1.90735e-07
      vertex 22.6083 43.8656 1.90735e-07
    endloop
  endfacet
  facet normal 0 0 -1
    outer loop
      vertex 22.7856 45.0483 1.90735e-07
      vertex 22.5584 44.8026 1.90735e-07
      vertex 22.7293 45.0111 1.90735e-07
    endloop
  endfacet
  facet normal 0 0 -1
    outer loop
      vertex 22.5055 44.6626 1.90735e-07
      vertex 22.6083 43.8656 1.90735e-07
      vertex 22.5694 43.85 1.90735e-07
    endloop
  endfacet
  facet normal 0 0 -1
    outer loop
      vertex 22.7293 45.0111 1.90735e-07
      vertex 22.5584 44.8026 1.90735e-07
      vertex 22.6785 44.9679 1.90735e-07
    endloop
  endfacet
  facet normal 0 0 -1
    outer loop
      vertex 22.5055 44.6626 1.90735e-07
      vertex 22.5694 43.85 1.90735e-07
      vertex 22.5312 43.8336 1.90735e-07
    endloop
  endfacet
  facet normal 0 0 -1
    outer loop
      vertex 22.633 44.9188 1.90735e-07
      vertex 22.5584 44.8026 1.90735e-07
      vertex 22.593 44.8637 1.90735e-07
    endloop
  endfacet
  facet normal 0 0 -1
    outer loop
      vertex 22.6785 44.9679 1.90735e-07
      vertex 22.5584 44.8026 1.90735e-07
      vertex 22.633 44.9188 1.90735e-07
    endloop
  endfacet
  facet normal 0 0 -1
    outer loop
      vertex 22.4937 43.8165 1.90735e-07
      vertex 22.5055 44.6626 1.90735e-07
      vertex 22.5312 43.8336 1.90735e-07
    endloop
  endfacet
  facet normal 0 0 -1
    outer loop
      vertex 22.457 43.7986 1.90735e-07
      vertex 22.5055 44.6626 1.90735e-07
      vertex 22.4937 43.8165 1.90735e-07
    endloop
  endfacet
  facet normal 0 0 -1
    outer loop
      vertex 22.421 43.78 1.90735e-07
      vertex 22.5055 44.6626 1.90735e-07
      vertex 22.457 43.7986 1.90735e-07
    endloop
  endfacet
  facet normal 0 0 -1
    outer loop
      vertex 22.0593 44.741 1.90735e-07
      vertex 22.421 43.78 1.90735e-07
      vertex 22.3857 43.7607 1.90735e-07
    endloop
  endfacet
  facet normal 0 0 -1
    outer loop
      vertex 22.0593 44.741 1.90735e-07
      vertex 22.3857 43.7607 1.90735e-07
      vertex 22.3514 43.7404 1.90735e-07
    endloop
  endfacet
  facet normal 0 0 -1
    outer loop
      vertex 22.0593 44.741 1.90735e-07
      vertex 22.3514 43.7404 1.90735e-07
      vertex 22.3184 43.7189 1.90735e-07
    endloop
  endfacet
  facet normal 0 0 -1
    outer loop
      vertex 22.0593 44.741 1.90735e-07
      vertex 22.3184 43.7189 1.90735e-07
      vertex 22.2868 43.6961 1.90735e-07
    endloop
  endfacet
  facet normal 0 0 -1
    outer loop
      vertex 22.0593 44.741 1.90735e-07
      vertex 22.2868 43.6961 1.90735e-07
      vertex 22.2564 43.672 1.90735e-07
    endloop
  endfacet
  facet normal 0 0 -1
    outer loop
      vertex 22.0593 44.741 1.90735e-07
      vertex 22.2564 43.672 1.90735e-07
      vertex 22.2274 43.6467 1.90735e-07
    endloop
  endfacet
  facet normal 0 0 -1
    outer loop
      vertex 22.0593 44.741 1.90735e-07
      vertex 22.2274 43.6467 1.90735e-07
      vertex 22.1997 43.6201 1.90735e-07
    endloop
  endfacet
  facet normal 0 0 -1
    outer loop
      vertex 22.0593 44.741 1.90735e-07
      vertex 22.1997 43.6201 1.90735e-07
      vertex 22.1732 43.5922 1.90735e-07
    endloop
  endfacet
  facet normal 0 0 -1
    outer loop
      vertex 22.0593 44.741 1.90735e-07
      vertex 22.1732 43.5922 1.90735e-07
      vertex 22.1483 43.563 1.90735e-07
    endloop
  endfacet
  facet normal 0 0 -1
    outer loop
      vertex 22.0593 44.741 1.90735e-07
      vertex 22.1483 43.563 1.90735e-07
      vertex 22.1249 43.5323 1.90735e-07
    endloop
  endfacet
  facet normal 0 0 -1
    outer loop
      vertex 22.0593 44.741 1.90735e-07
      vertex 22.1249 43.5323 1.90735e-07
      vertex 22.1031 43.5002 1.90735e-07
    endloop
  endfacet
  facet normal 0 0 -1
    outer loop
      vertex 22.0593 44.741 1.90735e-07
      vertex 22.1031 43.5002 1.90735e-07
      vertex 22.0829 43.4667 1.90735e-07
    endloop
  endfacet
  facet normal 0 0 -1
    outer loop
      vertex 22.0593 44.741 1.90735e-07
      vertex 22.0829 43.4667 1.90735e-07
      vertex 22.0644 43.4317 1.90735e-07
    endloop
  endfacet
  facet normal 0 0 -1
    outer loop
      vertex 22.421 43.78 1.90735e-07
      vertex 22.0593 44.741 1.90735e-07
      vertex 22.5055 44.6626 1.90735e-07
    endloop
  endfacet
  facet normal 0 -0 -1
    outer loop
      vertex 22.0593 44.741 1.90735e-07
      vertex 22.0644 43.4317 1.90735e-07
      vertex 22.0474 43.3952 1.90735e-07
    endloop
  endfacet
  facet normal 0 0 -1
    outer loop
      vertex 26.2771 45.4601 1.90735e-07
      vertex 24.6214 44.5625 1.90735e-07
      vertex 24.6226 44.6152 1.90735e-07
    endloop
  endfacet
  facet normal 0 0 -1
    outer loop
      vertex 26.2771 45.4601 1.90735e-07
      vertex 24.6175 44.5115 1.90735e-07
      vertex 24.6214 44.5625 1.90735e-07
    endloop
  endfacet
  facet normal 0 0 -1
    outer loop
      vertex 26.2771 45.4601 1.90735e-07
      vertex 24.6111 44.4623 1.90735e-07
      vertex 24.6175 44.5115 1.90735e-07
    endloop
  endfacet
  facet normal 0 0 -1
    outer loop
      vertex 26.2771 45.4601 1.90735e-07
      vertex 24.6021 44.4148 1.90735e-07
      vertex 24.6111 44.4623 1.90735e-07
    endloop
  endfacet
  facet normal 0 0 -1
    outer loop
      vertex 26.2771 45.4601 1.90735e-07
      vertex 24.5905 44.3691 1.90735e-07
      vertex 24.6021 44.4148 1.90735e-07
    endloop
  endfacet
  facet normal 0 0 -1
    outer loop
      vertex 26.2771 45.4601 1.90735e-07
      vertex 24.5764 44.3251 1.90735e-07
      vertex 24.5905 44.3691 1.90735e-07
    endloop
  endfacet
  facet normal 0 0 -1
    outer loop
      vertex 24.7793 42.9182 1.90735e-07
      vertex 24.5597 44.2829 1.90735e-07
      vertex 24.5764 44.3251 1.90735e-07
    endloop
  endfacet
  facet normal 0 0 -1
    outer loop
      vertex 24.7793 42.9182 1.90735e-07
      vertex 24.5406 44.2422 1.90735e-07
      vertex 24.5597 44.2829 1.90735e-07
    endloop
  endfacet
  facet normal 0 0 -1
    outer loop
      vertex 24.7793 42.9182 1.90735e-07
      vertex 24.5192 44.2031 1.90735e-07
      vertex 24.5406 44.2422 1.90735e-07
    endloop
  endfacet
  facet normal 0 0 -1
    outer loop
      vertex 24.7793 42.9182 1.90735e-07
      vertex 24.4956 44.1655 1.90735e-07
      vertex 24.5192 44.2031 1.90735e-07
    endloop
  endfacet
  facet normal 0 0 -1
    outer loop
      vertex 24.7793 42.9182 1.90735e-07
      vertex 24.4697 44.1294 1.90735e-07
      vertex 24.4956 44.1655 1.90735e-07
    endloop
  endfacet
  facet normal 0 0 -1
    outer loop
      vertex 24.7793 42.9182 1.90735e-07
      vertex 24.4414 44.0948 1.90735e-07
      vertex 24.4697 44.1294 1.90735e-07
    endloop
  endfacet
  facet normal 0 0 -1
    outer loop
      vertex 24.7793 42.9182 1.90735e-07
      vertex 24.4109 44.0617 1.90735e-07
      vertex 24.4414 44.0948 1.90735e-07
    endloop
  endfacet
  facet normal 0 0 -1
    outer loop
      vertex 24.7793 42.9182 1.90735e-07
      vertex 24.3782 44.0301 1.90735e-07
      vertex 24.4109 44.0617 1.90735e-07
    endloop
  endfacet
  facet normal 0 0 -1
    outer loop
      vertex 24.7793 42.9182 1.90735e-07
      vertex 24.3425 43.9996 1.90735e-07
      vertex 24.3782 44.0301 1.90735e-07
    endloop
  endfacet
  facet normal 0 0 -1
    outer loop
      vertex 24.3033 43.97 1.90735e-07
      vertex 24.7793 42.9182 1.90735e-07
      vertex 24.3402 43.006 1.90735e-07
    endloop
  endfacet
  facet normal 0 0 -1
    outer loop
      vertex 23.6634 43.7089 1.90735e-07
      vertex 24.3402 43.006 1.90735e-07
      vertex 24.315 42.9231 1.90735e-07
    endloop
  endfacet
  facet normal 0 0 -1
    outer loop
      vertex 24.7793 42.9182 1.90735e-07
      vertex 24.3033 43.97 1.90735e-07
      vertex 24.3425 43.9996 1.90735e-07
    endloop
  endfacet
  facet normal 0 0 -1
    outer loop
      vertex 23.5619 43.6838 1.90735e-07
      vertex 24.315 42.9231 1.90735e-07
      vertex 24.2828 42.8468 1.90735e-07
    endloop
  endfacet
  facet normal 0 0 -1
    outer loop
      vertex 24.3402 43.006 1.90735e-07
      vertex 24.2605 43.9412 1.90735e-07
      vertex 24.3033 43.97 1.90735e-07
    endloop
  endfacet
  facet normal 0 0 -1
    outer loop
      vertex 23.5619 43.6838 1.90735e-07
      vertex 24.2828 42.8468 1.90735e-07
      vertex 24.2437 42.7771 1.90735e-07
    endloop
  endfacet
  facet normal 0 0 -1
    outer loop
      vertex 24.3402 43.006 1.90735e-07
      vertex 24.2142 43.9133 1.90735e-07
      vertex 24.2605 43.9412 1.90735e-07
    endloop
  endfacet
  facet normal 0 0 -1
    outer loop
      vertex 23.5619 43.6838 1.90735e-07
      vertex 24.2437 42.7771 1.90735e-07
      vertex 24.1976 42.7138 1.90735e-07
    endloop
  endfacet
  facet normal 0 0 -1
    outer loop
      vertex 24.3402 43.006 1.90735e-07
      vertex 24.1644 43.8861 1.90735e-07
      vertex 24.2142 43.9133 1.90735e-07
    endloop
  endfacet
  facet normal 0 0 -1
    outer loop
      vertex 23.5619 43.6838 1.90735e-07
      vertex 24.1976 42.7138 1.90735e-07
      vertex 24.1445 42.6571 1.90735e-07
    endloop
  endfacet
  facet normal 0 0 -1
    outer loop
      vertex 24.3402 43.006 1.90735e-07
      vertex 24.1111 43.8598 1.90735e-07
      vertex 24.1644 43.8861 1.90735e-07
    endloop
  endfacet
  facet normal 0 0 -1
    outer loop
      vertex 23.5619 43.6838 1.90735e-07
      vertex 24.1445 42.6571 1.90735e-07
      vertex 24.0845 42.607 1.90735e-07
    endloop
  endfacet
  facet normal 0 0 -1
    outer loop
      vertex 24.3402 43.006 1.90735e-07
      vertex 24.0542 43.8343 1.90735e-07
      vertex 24.1111 43.8598 1.90735e-07
    endloop
  endfacet
  facet normal 0 0 -1
    outer loop
      vertex 23.5619 43.6838 1.90735e-07
      vertex 24.0845 42.607 1.90735e-07
      vertex 24.0174 42.5634 1.90735e-07
    endloop
  endfacet
  facet normal 0 0 -1
    outer loop
      vertex 24.3402 43.006 1.90735e-07
      vertex 23.9916 43.8092 1.90735e-07
      vertex 24.0542 43.8343 1.90735e-07
    endloop
  endfacet
  facet normal 0 0 -1
    outer loop
      vertex 23.5619 43.6838 1.90735e-07
      vertex 24.0174 42.5634 1.90735e-07
      vertex 23.9433 42.5259 1.90735e-07
    endloop
  endfacet
  facet normal 0 0 -1
    outer loop
      vertex 24.3402 43.006 1.90735e-07
      vertex 23.9213 43.7841 1.90735e-07
      vertex 23.9916 43.8092 1.90735e-07
    endloop
  endfacet
  facet normal 0 0 -1
    outer loop
      vertex 23.5619 43.6838 1.90735e-07
      vertex 23.9433 42.5259 1.90735e-07
      vertex 23.8618 42.4942 1.90735e-07
    endloop
  endfacet
  facet normal 0 0 -1
    outer loop
      vertex 24.3402 43.006 1.90735e-07
      vertex 23.8431 43.759 1.90735e-07
      vertex 23.9213 43.7841 1.90735e-07
    endloop
  endfacet
  facet normal 0 0 -1
    outer loop
      vertex 23.5619 43.6838 1.90735e-07
      vertex 23.8618 42.4942 1.90735e-07
      vertex 23.7731 42.4682 1.90735e-07
    endloop
  endfacet
  facet normal 0 0 -1
    outer loop
      vertex 24.3402 43.006 1.90735e-07
      vertex 23.7572 43.7339 1.90735e-07
      vertex 23.8431 43.759 1.90735e-07
    endloop
  endfacet
  facet normal 0 0 -1
    outer loop
      vertex 23.3882 43.6439 1.90735e-07
      vertex 23.7731 42.4682 1.90735e-07
      vertex 23.6772 42.4481 1.90735e-07
    endloop
  endfacet
  facet normal 0 0 -1
    outer loop
      vertex 24.3402 43.006 1.90735e-07
      vertex 23.6634 43.7089 1.90735e-07
      vertex 23.7572 43.7339 1.90735e-07
    endloop
  endfacet
  facet normal 0 0 -1
    outer loop
      vertex 23.3882 43.6439 1.90735e-07
      vertex 23.6772 42.4481 1.90735e-07
      vertex 23.574 42.4337 1.90735e-07
    endloop
  endfacet
  facet normal 0 0 -1
    outer loop
      vertex 24.315 42.9231 1.90735e-07
      vertex 23.5619 43.6838 1.90735e-07
      vertex 23.6634 43.7089 1.90735e-07
    endloop
  endfacet
  facet normal 0 0 -1
    outer loop
      vertex 23.3256 43.6294 1.90735e-07
      vertex 23.574 42.4337 1.90735e-07
      vertex 23.4635 42.425 1.90735e-07
    endloop
  endfacet
  facet normal 0 0 -1
    outer loop
      vertex 23.7731 42.4682 1.90735e-07
      vertex 23.3882 43.6439 1.90735e-07
      vertex 23.5619 43.6838 1.90735e-07
    endloop
  endfacet
  facet normal 0 0 -1
    outer loop
      vertex 23.2646 43.6152 1.90735e-07
      vertex 23.4635 42.425 1.90735e-07
      vertex 23.3457 42.4221 1.90735e-07
    endloop
  endfacet
  facet normal 0 0 -1
    outer loop
      vertex 23.574 42.4337 1.90735e-07
      vertex 23.3256 43.6294 1.90735e-07
      vertex 23.3882 43.6439 1.90735e-07
    endloop
  endfacet
  facet normal 0 0 -1
    outer loop
      vertex 23.4635 42.425 1.90735e-07
      vertex 23.2646 43.6152 1.90735e-07
      vertex 23.3256 43.6294 1.90735e-07
    endloop
  endfacet
  facet normal 0 0 -1
    outer loop
      vertex 23.1476 43.5877 1.90735e-07
      vertex 23.3457 42.4221 1.90735e-07
      vertex 23.2244 42.4252 1.90735e-07
    endloop
  endfacet
  facet normal 0 0 -1
    outer loop
      vertex 23.3457 42.4221 1.90735e-07
      vertex 23.2053 43.6013 1.90735e-07
      vertex 23.2646 43.6152 1.90735e-07
    endloop
  endfacet
  facet normal 0 0 -1
    outer loop
      vertex 23.3457 42.4221 1.90735e-07
      vertex 23.1476 43.5877 1.90735e-07
      vertex 23.2053 43.6013 1.90735e-07
    endloop
  endfacet
  facet normal 0 0 -1
    outer loop
      vertex 23.0916 43.5744 1.90735e-07
      vertex 23.2244 42.4252 1.90735e-07
      vertex 23.1112 42.4344 1.90735e-07
    endloop
  endfacet
  facet normal 0 0 -1
    outer loop
      vertex 23.2244 42.4252 1.90735e-07
      vertex 23.0916 43.5744 1.90735e-07
      vertex 23.1476 43.5877 1.90735e-07
    endloop
  endfacet
  facet normal 0 0 -1
    outer loop
      vertex 23.1112 42.4344 1.90735e-07
      vertex 23.0372 43.5613 1.90735e-07
      vertex 23.0916 43.5744 1.90735e-07
    endloop
  endfacet
  facet normal 0 0 -1
    outer loop
      vertex 22.9847 43.548 1.90735e-07
      vertex 23.1112 42.4344 1.90735e-07
      vertex 23.0062 42.4498 1.90735e-07
    endloop
  endfacet
  facet normal 0 0 -1
    outer loop
      vertex 23.1112 42.4344 1.90735e-07
      vertex 22.9847 43.548 1.90735e-07
      vertex 23.0372 43.5613 1.90735e-07
    endloop
  endfacet
  facet normal 0 0 -1
    outer loop
      vertex 23.0062 42.4498 1.90735e-07
      vertex 22.9343 43.5338 1.90735e-07
      vertex 22.9847 43.548 1.90735e-07
    endloop
  endfacet
  facet normal 0 0 -1
    outer loop
      vertex 22.9094 42.4713 1.90735e-07
      vertex 22.9343 43.5338 1.90735e-07
      vertex 23.0062 42.4498 1.90735e-07
    endloop
  endfacet
  facet normal 0 0 -1
    outer loop
      vertex 22.9094 42.4713 1.90735e-07
      vertex 22.886 43.5188 1.90735e-07
      vertex 22.9343 43.5338 1.90735e-07
    endloop
  endfacet
  facet normal 0 0 -1
    outer loop
      vertex 22.9094 42.4713 1.90735e-07
      vertex 22.84 43.5028 1.90735e-07
      vertex 22.886 43.5188 1.90735e-07
    endloop
  endfacet
  facet normal 0 0 -1
    outer loop
      vertex 22.8208 42.499 1.90735e-07
      vertex 22.84 43.5028 1.90735e-07
      vertex 22.9094 42.4713 1.90735e-07
    endloop
  endfacet
  facet normal 0 0 -1
    outer loop
      vertex 22.8208 42.499 1.90735e-07
      vertex 22.796 43.486 1.90735e-07
      vertex 22.84 43.5028 1.90735e-07
    endloop
  endfacet
  facet normal 0 0 -1
    outer loop
      vertex 22.8208 42.499 1.90735e-07
      vertex 22.7541 43.4684 1.90735e-07
      vertex 22.796 43.486 1.90735e-07
    endloop
  endfacet
  facet normal 0 0 -1
    outer loop
      vertex 22.7403 42.5329 1.90735e-07
      vertex 22.7541 43.4684 1.90735e-07
      vertex 22.8208 42.499 1.90735e-07
    endloop
  endfacet
  facet normal 0 0 -1
    outer loop
      vertex 22.7403 42.5329 1.90735e-07
      vertex 22.7144 43.4498 1.90735e-07
      vertex 22.7541 43.4684 1.90735e-07
    endloop
  endfacet
  facet normal 0 0 -1
    outer loop
      vertex 22.6681 42.5728 1.90735e-07
      vertex 22.7144 43.4498 1.90735e-07
      vertex 22.7403 42.5329 1.90735e-07
    endloop
  endfacet
  facet normal 0 0 -1
    outer loop
      vertex 22.7144 43.4498 1.90735e-07
      vertex 22.6681 42.5728 1.90735e-07
      vertex 22.677 43.4301 1.90735e-07
    endloop
  endfacet
  facet normal 0 0 -1
    outer loop
      vertex 22.6048 42.6188 1.90735e-07
      vertex 22.677 43.4301 1.90735e-07
      vertex 22.6681 42.5728 1.90735e-07
    endloop
  endfacet
  facet normal 0 0 -1
    outer loop
      vertex 22.4344 42.935 1.90735e-07
      vertex 22.677 43.4301 1.90735e-07
      vertex 22.6048 42.6188 1.90735e-07
    endloop
  endfacet
  facet normal 0 0 -1
    outer loop
      vertex 22.4296 43.0155 1.90735e-07
      vertex 22.677 43.4301 1.90735e-07
      vertex 22.4344 42.935 1.90735e-07
    endloop
  endfacet
  facet normal 0 0 -1
    outer loop
      vertex 22.677 43.4301 1.90735e-07
      vertex 22.4296 43.0155 1.90735e-07
      vertex 22.642 43.4089 1.90735e-07
    endloop
  endfacet
  facet normal 0 0 -1
    outer loop
      vertex 22.642 43.4089 1.90735e-07
      vertex 22.4296 43.0155 1.90735e-07
      vertex 22.6095 43.3863 1.90735e-07
    endloop
  endfacet
  facet normal 0 0 -1
    outer loop
      vertex 22.4344 42.935 1.90735e-07
      vertex 22.6048 42.6188 1.90735e-07
      vertex 22.5513 42.6705 1.90735e-07
    endloop
  endfacet
  facet normal 0 -0 -1
    outer loop
      vertex 22.4311 43.061 1.90735e-07
      vertex 22.6095 43.3863 1.90735e-07
      vertex 22.4296 43.0155 1.90735e-07
    endloop
  endfacet
  facet normal 0 0 -1
    outer loop
      vertex 22.4344 42.935 1.90735e-07
      vertex 22.5513 42.6705 1.90735e-07
      vertex 22.5075 42.728 1.90735e-07
    endloop
  endfacet
  facet normal 0 0 -1
    outer loop
      vertex 22.6095 43.3863 1.90735e-07
      vertex 22.4311 43.061 1.90735e-07
      vertex 22.5795 43.3622 1.90735e-07
    endloop
  endfacet
  facet normal 0 0 -1
    outer loop
      vertex 22.5795 43.3622 1.90735e-07
      vertex 22.4311 43.061 1.90735e-07
      vertex 22.552 43.3367 1.90735e-07
    endloop
  endfacet
  facet normal 0 0 -1
    outer loop
      vertex 22.4344 42.935 1.90735e-07
      vertex 22.5075 42.728 1.90735e-07
      vertex 22.4734 42.7912 1.90735e-07
    endloop
  endfacet
  facet normal 0 -0 -1
    outer loop
      vertex 22.4357 43.104 1.90735e-07
      vertex 22.552 43.3367 1.90735e-07
      vertex 22.4311 43.061 1.90735e-07
    endloop
  endfacet
  facet normal 0 0 -1
    outer loop
      vertex 22.552 43.3367 1.90735e-07
      vertex 22.4357 43.104 1.90735e-07
      vertex 22.5269 43.3097 1.90735e-07
    endloop
  endfacet
  facet normal 0 0 -1
    outer loop
      vertex 22.4344 42.935 1.90735e-07
      vertex 22.4734 42.7912 1.90735e-07
      vertex 22.4491 42.8602 1.90735e-07
    endloop
  endfacet
  facet normal 0 -0 -1
    outer loop
      vertex 22.4433 43.1445 1.90735e-07
      vertex 22.5269 43.3097 1.90735e-07
      vertex 22.4357 43.104 1.90735e-07
    endloop
  endfacet
  facet normal 0 0 -1
    outer loop
      vertex 22.5043 43.2813 1.90735e-07
      vertex 22.4433 43.1445 1.90735e-07
      vertex 22.454 43.1825 1.90735e-07
    endloop
  endfacet
  facet normal 0 0 -1
    outer loop
      vertex 22.5269 43.3097 1.90735e-07
      vertex 22.4433 43.1445 1.90735e-07
      vertex 22.5043 43.2813 1.90735e-07
    endloop
  endfacet
  facet normal 0 0 -1
    outer loop
      vertex 22.5043 43.2813 1.90735e-07
      vertex 22.454 43.1825 1.90735e-07
      vertex 22.4677 43.2179 1.90735e-07
    endloop
  endfacet
  facet normal 0 0 -1
    outer loop
      vertex 22.5043 43.2813 1.90735e-07
      vertex 22.4677 43.2179 1.90735e-07
      vertex 22.4845 43.2509 1.90735e-07
    endloop
  endfacet
  facet normal 0 0 -1
    outer loop
      vertex 53.6229 51.9227 1.90735e-07
      vertex 53.6229 53.5773 1.90735e-07
      vertex 53.65 52.75 1.90735e-07
    endloop
  endfacet
  facet normal 0 0 -1
    outer loop
      vertex 53.5418 51.0988 1.90735e-07
      vertex 53.6229 53.5773 1.90735e-07
      vertex 53.6229 51.9227 1.90735e-07
    endloop
  endfacet
  facet normal 0 0 -1
    outer loop
      vertex 53.5418 51.0988 1.90735e-07
      vertex 53.5418 54.4012 1.90735e-07
      vertex 53.6229 53.5773 1.90735e-07
    endloop
  endfacet
  facet normal 0 0 -1
    outer loop
      vertex 53.4069 50.2821 1.90735e-07
      vertex 53.5418 54.4012 1.90735e-07
      vertex 53.5418 51.0988 1.90735e-07
    endloop
  endfacet
  facet normal 0 0 -1
    outer loop
      vertex 53.4069 50.2821 1.90735e-07
      vertex 53.4069 55.2179 1.90735e-07
      vertex 53.5418 54.4012 1.90735e-07
    endloop
  endfacet
  facet normal 0 0 -1
    outer loop
      vertex 53.219 49.4759 1.90735e-07
      vertex 53.4069 55.2179 1.90735e-07
      vertex 53.4069 50.2821 1.90735e-07
    endloop
  endfacet
  facet normal 0 0 -1
    outer loop
      vertex 53.219 49.4759 1.90735e-07
      vertex 53.219 56.0241 1.90735e-07
      vertex 53.4069 55.2179 1.90735e-07
    endloop
  endfacet
  facet normal 0 0 -1
    outer loop
      vertex 52.9787 48.6838 1.90735e-07
      vertex 53.219 56.0241 1.90735e-07
      vertex 53.219 49.4759 1.90735e-07
    endloop
  endfacet
  facet normal 0 0 -1
    outer loop
      vertex 52.9787 48.6838 1.90735e-07
      vertex 52.9787 56.8162 1.90735e-07
      vertex 53.219 56.0241 1.90735e-07
    endloop
  endfacet
  facet normal 0 0 -1
    outer loop
      vertex 52.6871 47.9091 1.90735e-07
      vertex 52.9787 56.8162 1.90735e-07
      vertex 52.9787 48.6838 1.90735e-07
    endloop
  endfacet
  facet normal 0 0 -1
    outer loop
      vertex 52.6871 47.9091 1.90735e-07
      vertex 52.6871 57.5909 1.90735e-07
      vertex 52.9787 56.8162 1.90735e-07
    endloop
  endfacet
  facet normal 0 0 -1
    outer loop
      vertex 52.3454 47.155 1.90735e-07
      vertex 52.6871 57.5909 1.90735e-07
      vertex 52.6871 47.9091 1.90735e-07
    endloop
  endfacet
  facet normal 0 0 -1
    outer loop
      vertex 52.3454 47.155 1.90735e-07
      vertex 52.3454 58.345 1.90735e-07
      vertex 52.6871 57.5909 1.90735e-07
    endloop
  endfacet
  facet normal 0 0 -1
    outer loop
      vertex 51.9552 46.425 1.90735e-07
      vertex 52.3454 58.345 1.90735e-07
      vertex 52.3454 47.155 1.90735e-07
    endloop
  endfacet
  facet normal 0 0 -1
    outer loop
      vertex 31.1958 45.4601 1.90735e-07
      vertex 52.3454 58.345 1.90735e-07
      vertex 51.9552 46.425 1.90735e-07
    endloop
  endfacet
  facet normal 0 0 -1
    outer loop
      vertex 31.1958 45.4601 1.90735e-07
      vertex 51.9552 46.425 1.90735e-07
      vertex 51.5181 45.722 1.90735e-07
    endloop
  endfacet
  facet normal -0 0 -1
    outer loop
      vertex 52.3454 58.345 1.90735e-07
      vertex 31.1958 45.4601 1.90735e-07
      vertex 51.9552 59.075 1.90735e-07
    endloop
  endfacet
  facet normal 0 0 -1
    outer loop
      vertex 31.1958 45.4601 1.90735e-07
      vertex 51.5181 45.722 1.90735e-07
      vertex 51.0359 45.0492 1.90735e-07
    endloop
  endfacet
  facet normal -0 0 -1
    outer loop
      vertex 51.9552 59.075 1.90735e-07
      vertex 31.1958 45.4601 1.90735e-07
      vertex 51.5181 59.778 1.90735e-07
    endloop
  endfacet
  facet normal 0 0 -1
    outer loop
      vertex 31.1958 45.4601 1.90735e-07
      vertex 51.0359 45.0492 1.90735e-07
      vertex 50.5108 44.4093 1.90735e-07
    endloop
  endfacet
  facet normal -0 0 -1
    outer loop
      vertex 51.5181 59.778 1.90735e-07
      vertex 31.1958 45.4601 1.90735e-07
      vertex 51.0359 60.4508 1.90735e-07
    endloop
  endfacet
  facet normal 0 0 -1
    outer loop
      vertex 31.1958 45.4601 1.90735e-07
      vertex 50.5108 44.4093 1.90735e-07
      vertex 49.9449 43.8051 1.90735e-07
    endloop
  endfacet
  facet normal -0 0 -1
    outer loop
      vertex 51.0359 60.4508 1.90735e-07
      vertex 31.1958 45.4601 1.90735e-07
      vertex 50.5108 61.0907 1.90735e-07
    endloop
  endfacet
  facet normal 0 0 -1
    outer loop
      vertex 31.1958 45.4601 1.90735e-07
      vertex 49.9449 43.8051 1.90735e-07
      vertex 49.3407 43.2392 1.90735e-07
    endloop
  endfacet
  facet normal -0 0 -1
    outer loop
      vertex 50.5108 61.0907 1.90735e-07
      vertex 31.1958 45.4601 1.90735e-07
      vertex 49.9449 61.6949 1.90735e-07
    endloop
  endfacet
  facet normal 0 0 -1
    outer loop
      vertex 31.1958 45.4601 1.90735e-07
      vertex 49.3407 43.2392 1.90735e-07
      vertex 48.7008 42.7141 1.90735e-07
    endloop
  endfacet
  facet normal -0 0 -1
    outer loop
      vertex 49.9449 61.6949 1.90735e-07
      vertex 31.1958 45.4601 1.90735e-07
      vertex 49.3407 62.2608 1.90735e-07
    endloop
  endfacet
  facet normal 0 0 -1
    outer loop
      vertex 31.1958 45.4601 1.90735e-07
      vertex 48.7008 42.7141 1.90735e-07
      vertex 48.028 42.2319 1.90735e-07
    endloop
  endfacet
  facet normal -0 0 -1
    outer loop
      vertex 49.3407 62.2608 1.90735e-07
      vertex 31.1958 45.4601 1.90735e-07
      vertex 48.7008 62.7859 1.90735e-07
    endloop
  endfacet
  facet normal 0 0 -1
    outer loop
      vertex 31.1958 45.4601 1.90735e-07
      vertex 48.028 42.2319 1.90735e-07
      vertex 47.325 41.7948 1.90735e-07
    endloop
  endfacet
  facet normal -0 0 -1
    outer loop
      vertex 48.7008 62.7859 1.90735e-07
      vertex 31.1958 45.4601 1.90735e-07
      vertex 48.028 63.2681 1.90735e-07
    endloop
  endfacet
  facet normal 0 0 -1
    outer loop
      vertex 31.1958 45.4601 1.90735e-07
      vertex 47.325 41.7948 1.90735e-07
      vertex 46.595 41.4046 1.90735e-07
    endloop
  endfacet
  facet normal -0 0 -1
    outer loop
      vertex 48.028 63.2681 1.90735e-07
      vertex 31.1958 45.4601 1.90735e-07
      vertex 47.325 63.7052 1.90735e-07
    endloop
  endfacet
  facet normal 0 0 -1
    outer loop
      vertex 31.1958 45.4601 1.90735e-07
      vertex 46.595 41.4046 1.90735e-07
      vertex 45.8409 41.0629 1.90735e-07
    endloop
  endfacet
  facet normal -0 0 -1
    outer loop
      vertex 47.325 63.7052 1.90735e-07
      vertex 31.1958 45.4601 1.90735e-07
      vertex 46.595 64.0954 1.90735e-07
    endloop
  endfacet
  facet normal 0 0 -1
    outer loop
      vertex 31.1958 45.4601 1.90735e-07
      vertex 45.8409 41.0629 1.90735e-07
      vertex 45.0662 40.7713 1.90735e-07
    endloop
  endfacet
  facet normal -0 0 -1
    outer loop
      vertex 46.595 64.0954 1.90735e-07
      vertex 31.1958 45.4601 1.90735e-07
      vertex 45.8409 64.4371 1.90735e-07
    endloop
  endfacet
  facet normal 0 0 -1
    outer loop
      vertex 31.1958 45.4601 1.90735e-07
      vertex 45.0662 40.7713 1.90735e-07
      vertex 44.2741 40.531 1.90735e-07
    endloop
  endfacet
  facet normal -0 0 -1
    outer loop
      vertex 45.8409 64.4371 1.90735e-07
      vertex 31.1958 45.4601 1.90735e-07
      vertex 45.0662 64.7287 1.90735e-07
    endloop
  endfacet
  facet normal 0 0 -1
    outer loop
      vertex 31.1958 45.4601 1.90735e-07
      vertex 44.2741 40.531 1.90735e-07
      vertex 43.4679 40.3431 1.90735e-07
    endloop
  endfacet
  facet normal -0 0 -1
    outer loop
      vertex 45.0662 64.7287 1.90735e-07
      vertex 31.1958 45.4601 1.90735e-07
      vertex 44.2741 64.969 1.90735e-07
    endloop
  endfacet
  facet normal 0 0 -1
    outer loop
      vertex 31.1958 45.4601 1.90735e-07
      vertex 43.4679 40.3431 1.90735e-07
      vertex 42.6512 40.2082 1.90735e-07
    endloop
  endfacet
  facet normal -0 0 -1
    outer loop
      vertex 44.2741 64.969 1.90735e-07
      vertex 31.1958 45.4601 1.90735e-07
      vertex 43.4679 65.1569 1.90735e-07
    endloop
  endfacet
  facet normal 0 0 -1
    outer loop
      vertex 31.1958 45.4601 1.90735e-07
      vertex 42.6512 40.2082 1.90735e-07
      vertex 41.8273 40.1271 1.90735e-07
    endloop
  endfacet
  facet normal -0 0 -1
    outer loop
      vertex 43.4679 65.1569 1.90735e-07
      vertex 31.1958 45.4601 1.90735e-07
      vertex 42.6512 65.2918 1.90735e-07
    endloop
  endfacet
  facet normal 0 0 -1
    outer loop
      vertex 31.1958 45.4601 1.90735e-07
      vertex 41.8273 40.1271 1.90735e-07
      vertex 41 40.1 1.90735e-07
    endloop
  endfacet
  facet normal -0 0 -1
    outer loop
      vertex 42.6512 65.2918 1.90735e-07
      vertex 31.1958 45.4601 1.90735e-07
      vertex 41.8273 65.3729 1.90735e-07
    endloop
  endfacet
  facet normal 0 0 -1
    outer loop
      vertex 31.1958 45.4601 1.90735e-07
      vertex 41 40.1 1.90735e-07
      vertex 31.1958 42.116 1.90735e-07
    endloop
  endfacet
  facet normal 0 0 -1
    outer loop
      vertex 41 40.1 1.90735e-07
      vertex 29.945 42.116 1.90735e-07
      vertex 31.1958 42.116 1.90735e-07
    endloop
  endfacet
  facet normal 0 0 -1
    outer loop
      vertex 41 40.1 1.90735e-07
      vertex 29.809 42.1202 1.90735e-07
      vertex 29.945 42.116 1.90735e-07
    endloop
  endfacet
  facet normal 0 0 -1
    outer loop
      vertex 28.1568 42.116 1.90735e-07
      vertex 29.809 42.1202 1.90735e-07
      vertex 41 40.1 1.90735e-07
    endloop
  endfacet
  facet normal -0 0 -1
    outer loop
      vertex 29.809 42.1202 1.90735e-07
      vertex 28.1568 42.116 1.90735e-07
      vertex 29.6777 42.1328 1.90735e-07
    endloop
  endfacet
  facet normal 0 0 -1
    outer loop
      vertex 28.3333 43.5373 1.90735e-07
      vertex 26.7921 45.4601 1.90735e-07
      vertex 28.321 43.6772 1.90735e-07
    endloop
  endfacet
  facet normal 0 0 -1
    outer loop
      vertex 26.7921 45.4601 1.90735e-07
      vertex 28.3333 43.5373 1.90735e-07
      vertex 28.1568 42.116 1.90735e-07
    endloop
  endfacet
  facet normal -0 0 -1
    outer loop
      vertex 28.3539 43.4027 1.90735e-07
      vertex 28.1568 42.116 1.90735e-07
      vertex 28.3333 43.5373 1.90735e-07
    endloop
  endfacet
  facet normal -0 0 -1
    outer loop
      vertex 28.3828 43.2733 1.90735e-07
      vertex 28.1568 42.116 1.90735e-07
      vertex 28.3539 43.4027 1.90735e-07
    endloop
  endfacet
  facet normal -0 0 -1
    outer loop
      vertex 28.4198 43.1493 1.90735e-07
      vertex 28.1568 42.116 1.90735e-07
      vertex 28.3828 43.2733 1.90735e-07
    endloop
  endfacet
  facet normal -0 0 -1
    outer loop
      vertex 28.4651 43.0305 1.90735e-07
      vertex 28.1568 42.116 1.90735e-07
      vertex 28.4198 43.1493 1.90735e-07
    endloop
  endfacet
  facet normal -0 0 -1
    outer loop
      vertex 28.5186 42.917 1.90735e-07
      vertex 28.1568 42.116 1.90735e-07
      vertex 28.4651 43.0305 1.90735e-07
    endloop
  endfacet
  facet normal -0 0 -1
    outer loop
      vertex 28.5797 42.8098 1.90735e-07
      vertex 28.1568 42.116 1.90735e-07
      vertex 28.5186 42.917 1.90735e-07
    endloop
  endfacet
  facet normal -0 0 -1
    outer loop
      vertex 28.6476 42.71 1.90735e-07
      vertex 28.1568 42.116 1.90735e-07
      vertex 28.5797 42.8098 1.90735e-07
    endloop
  endfacet
  facet normal -0 0 -1
    outer loop
      vertex 28.7225 42.6177 1.90735e-07
      vertex 28.1568 42.116 1.90735e-07
      vertex 28.6476 42.71 1.90735e-07
    endloop
  endfacet
  facet normal -0 0 -1
    outer loop
      vertex 28.8042 42.5328 1.90735e-07
      vertex 28.1568 42.116 1.90735e-07
      vertex 28.7225 42.6177 1.90735e-07
    endloop
  endfacet
  facet normal -0 0 -1
    outer loop
      vertex 28.8928 42.4552 1.90735e-07
      vertex 28.1568 42.116 1.90735e-07
      vertex 28.8042 42.5328 1.90735e-07
    endloop
  endfacet
  facet normal -0 0 -1
    outer loop
      vertex 28.9883 42.3851 1.90735e-07
      vertex 28.1568 42.116 1.90735e-07
      vertex 28.8928 42.4552 1.90735e-07
    endloop
  endfacet
  facet normal -0 0 -1
    outer loop
      vertex 29.0906 42.3224 1.90735e-07
      vertex 28.1568 42.116 1.90735e-07
      vertex 28.9883 42.3851 1.90735e-07
    endloop
  endfacet
  facet normal -0 0 -1
    outer loop
      vertex 29.1987 42.2676 1.90735e-07
      vertex 28.1568 42.116 1.90735e-07
      vertex 29.0906 42.3224 1.90735e-07
    endloop
  endfacet
  facet normal -0 0 -1
    outer loop
      vertex 29.3115 42.2213 1.90735e-07
      vertex 28.1568 42.116 1.90735e-07
      vertex 29.1987 42.2676 1.90735e-07
    endloop
  endfacet
  facet normal -0 0 -1
    outer loop
      vertex 29.4289 42.1834 1.90735e-07
      vertex 28.1568 42.116 1.90735e-07
      vertex 29.3115 42.2213 1.90735e-07
    endloop
  endfacet
  facet normal -0 0 -1
    outer loop
      vertex 29.551 42.1539 1.90735e-07
      vertex 28.1568 42.116 1.90735e-07
      vertex 29.4289 42.1834 1.90735e-07
    endloop
  endfacet
  facet normal -0 0 -1
    outer loop
      vertex 29.6777 42.1328 1.90735e-07
      vertex 28.1568 42.116 1.90735e-07
      vertex 29.551 42.1539 1.90735e-07
    endloop
  endfacet
  facet normal 0 0 -1
    outer loop
      vertex 41 40.1 1.90735e-07
      vertex 27.6869 42.116 1.90735e-07
      vertex 28.1568 42.116 1.90735e-07
    endloop
  endfacet
  facet normal 0 0 -1
    outer loop
      vertex 27.6869 42.116 1.90735e-07
      vertex 25.7787 43.0938 1.90735e-07
      vertex 27.3024 43.0938 1.90735e-07
    endloop
  endfacet
  facet normal 0 0 -1
    outer loop
      vertex 27.6869 42.116 1.90735e-07
      vertex 25.3965 42.116 1.90735e-07
      vertex 25.7787 43.0938 1.90735e-07
    endloop
  endfacet
  facet normal 0 0 -1
    outer loop
      vertex 41 40.1 1.90735e-07
      vertex 25.3965 42.116 1.90735e-07
      vertex 27.6869 42.116 1.90735e-07
    endloop
  endfacet
  facet normal 0 0 -1
    outer loop
      vertex 23.3623 42.0685 1.90735e-07
      vertex 25.3965 42.116 1.90735e-07
      vertex 41 40.1 1.90735e-07
    endloop
  endfacet
  facet normal 0 0 -1
    outer loop
      vertex 24.9337 42.116 1.90735e-07
      vertex 24.7027 42.6927 1.90735e-07
      vertex 24.7793 42.9182 1.90735e-07
    endloop
  endfacet
  facet normal 0 0 -1
    outer loop
      vertex 24.9337 42.116 1.90735e-07
      vertex 24.5842 42.502 1.90735e-07
      vertex 24.7027 42.6927 1.90735e-07
    endloop
  endfacet
  facet normal 0 0 -1
    outer loop
      vertex 24.9337 42.116 1.90735e-07
      vertex 24.4237 42.3459 1.90735e-07
      vertex 24.5842 42.502 1.90735e-07
    endloop
  endfacet
  facet normal 0 0 -1
    outer loop
      vertex 24.9337 42.116 1.90735e-07
      vertex 24.2213 42.2245 1.90735e-07
      vertex 24.4237 42.3459 1.90735e-07
    endloop
  endfacet
  facet normal 0 0 -1
    outer loop
      vertex 24.9337 42.116 1.90735e-07
      vertex 23.9769 42.1378 1.90735e-07
      vertex 24.2213 42.2245 1.90735e-07
    endloop
  endfacet
  facet normal -0 0 -1
    outer loop
      vertex 25.3965 42.116 1.90735e-07
      vertex 23.3623 42.0685 1.90735e-07
      vertex 24.9337 42.116 1.90735e-07
    endloop
  endfacet
  facet normal -0 0 -1
    outer loop
      vertex 24.9337 42.116 1.90735e-07
      vertex 23.6906 42.0858 1.90735e-07
      vertex 23.9769 42.1378 1.90735e-07
    endloop
  endfacet
  facet normal 0 0 -1
    outer loop
      vertex 24.9337 42.116 1.90735e-07
      vertex 23.3623 42.0685 1.90735e-07
      vertex 23.6906 42.0858 1.90735e-07
    endloop
  endfacet
  facet normal 0 0 -1
    outer loop
      vertex 9 40.1 1.90735e-07
      vertex 23.3623 42.0685 1.90735e-07
      vertex 41 40.1 1.90735e-07
    endloop
  endfacet
  facet normal -0 0 -1
    outer loop
      vertex 23.3623 42.0685 1.90735e-07
      vertex 9 40.1 1.90735e-07
      vertex 23.1805 42.0737 1.90735e-07
    endloop
  endfacet
  facet normal -0 0 -1
    outer loop
      vertex 21.9884 42.9112 1.90735e-07
      vertex 21.4349 42.116 1.90735e-07
      vertex 21.981 43.0392 1.90735e-07
    endloop
  endfacet
  facet normal -0 0 -1
    outer loop
      vertex 22.0105 42.7918 1.90735e-07
      vertex 21.4349 42.116 1.90735e-07
      vertex 21.9884 42.9112 1.90735e-07
    endloop
  endfacet
  facet normal -0 0 -1
    outer loop
      vertex 22.0475 42.6809 1.90735e-07
      vertex 21.4349 42.116 1.90735e-07
      vertex 22.0105 42.7918 1.90735e-07
    endloop
  endfacet
  facet normal -0 0 -1
    outer loop
      vertex 22.0992 42.5785 1.90735e-07
      vertex 21.4349 42.116 1.90735e-07
      vertex 22.0475 42.6809 1.90735e-07
    endloop
  endfacet
  facet normal -0 0 -1
    outer loop
      vertex 22.1656 42.4846 1.90735e-07
      vertex 21.4349 42.116 1.90735e-07
      vertex 22.0992 42.5785 1.90735e-07
    endloop
  endfacet
  facet normal -0 0 -1
    outer loop
      vertex 22.2469 42.3993 1.90735e-07
      vertex 21.4349 42.116 1.90735e-07
      vertex 22.1656 42.4846 1.90735e-07
    endloop
  endfacet
  facet normal -0 0 -1
    outer loop
      vertex 22.3429 42.3224 1.90735e-07
      vertex 21.4349 42.116 1.90735e-07
      vertex 22.2469 42.3993 1.90735e-07
    endloop
  endfacet
  facet normal -0 0 -1
    outer loop
      vertex 22.4524 42.2551 1.90735e-07
      vertex 21.4349 42.116 1.90735e-07
      vertex 22.3429 42.3224 1.90735e-07
    endloop
  endfacet
  facet normal -0 0 -1
    outer loop
      vertex 22.5739 42.1981 1.90735e-07
      vertex 21.4349 42.116 1.90735e-07
      vertex 22.4524 42.2551 1.90735e-07
    endloop
  endfacet
  facet normal -0 0 -1
    outer loop
      vertex 22.7075 42.1514 1.90735e-07
      vertex 21.4349 42.116 1.90735e-07
      vertex 22.5739 42.1981 1.90735e-07
    endloop
  endfacet
  facet normal 0 0 -1
    outer loop
      vertex 22.8531 42.1151 1.90735e-07
      vertex 21.4349 42.116 1.90735e-07
      vertex 22.7075 42.1514 1.90735e-07
    endloop
  endfacet
  facet normal 0 0 -1
    outer loop
      vertex 23.0108 42.0892 1.90735e-07
      vertex 21.4349 42.116 1.90735e-07
      vertex 22.8531 42.1151 1.90735e-07
    endloop
  endfacet
  facet normal 0 -0 -1
    outer loop
      vertex 21.4349 42.116 1.90735e-07
      vertex 23.1805 42.0737 1.90735e-07
      vertex 9 40.1 1.90735e-07
    endloop
  endfacet
  facet normal 0 0 -1
    outer loop
      vertex 23.1805 42.0737 1.90735e-07
      vertex 21.4349 42.116 1.90735e-07
      vertex 23.0108 42.0892 1.90735e-07
    endloop
  endfacet
  facet normal 0 0 -1
    outer loop
      vertex 20.9816 42.116 1.90735e-07
      vertex 19.173 42.116 1.90735e-07
      vertex 20.9816 43.6658 1.90735e-07
    endloop
  endfacet
  facet normal -0 0 -1
    outer loop
      vertex 21.4349 42.116 1.90735e-07
      vertex 9 40.1 1.90735e-07
      vertex 20.9816 42.116 1.90735e-07
    endloop
  endfacet
  facet normal -0 0 -1
    outer loop
      vertex 20.9816 42.116 1.90735e-07
      vertex 9 40.1 1.90735e-07
      vertex 19.173 42.116 1.90735e-07
    endloop
  endfacet
  facet normal -0 0 -1
    outer loop
      vertex 18.7197 42.116 1.90735e-07
      vertex 9 40.1 1.90735e-07
      vertex 18.7197 45.4601 1.90735e-07
    endloop
  endfacet
  facet normal -0 0 -1
    outer loop
      vertex 19.173 42.116 1.90735e-07
      vertex 9 40.1 1.90735e-07
      vertex 18.7197 42.116 1.90735e-07
    endloop
  endfacet
  facet normal -0 0 -1
    outer loop
      vertex 41.8273 65.3729 1.90735e-07
      vertex 31.1958 45.4601 1.90735e-07
      vertex 41 65.4 1.90735e-07
    endloop
  endfacet
  facet normal 0 0 -1
    outer loop
      vertex 30.0898 45.4601 1.90735e-07
      vertex 41 65.4 1.90735e-07
      vertex 31.1958 45.4601 1.90735e-07
    endloop
  endfacet
  facet normal 0 0 -1
    outer loop
      vertex 29.855 45.4514 1.90735e-07
      vertex 41 65.4 1.90735e-07
      vertex 30.0898 45.4601 1.90735e-07
    endloop
  endfacet
  facet normal 0 0 -1
    outer loop
      vertex 26.7921 45.4601 1.90735e-07
      vertex 29.855 45.4514 1.90735e-07
      vertex 29.636 45.4253 1.90735e-07
    endloop
  endfacet
  facet normal 0 0 -1
    outer loop
      vertex 26.7921 45.4601 1.90735e-07
      vertex 29.636 45.4253 1.90735e-07
      vertex 29.4328 45.3819 1.90735e-07
    endloop
  endfacet
  facet normal 0 0 -1
    outer loop
      vertex 26.7921 45.4601 1.90735e-07
      vertex 29.4328 45.3819 1.90735e-07
      vertex 29.2455 45.321 1.90735e-07
    endloop
  endfacet
  facet normal 0 0 -1
    outer loop
      vertex 26.7921 45.4601 1.90735e-07
      vertex 29.2455 45.321 1.90735e-07
      vertex 29.074 45.2427 1.90735e-07
    endloop
  endfacet
  facet normal 0 0 -1
    outer loop
      vertex 26.7921 45.4601 1.90735e-07
      vertex 29.074 45.2427 1.90735e-07
      vertex 28.9183 45.1471 1.90735e-07
    endloop
  endfacet
  facet normal 0 0 -1
    outer loop
      vertex 26.7921 45.4601 1.90735e-07
      vertex 28.9183 45.1471 1.90735e-07
      vertex 28.7785 45.0341 1.90735e-07
    endloop
  endfacet
  facet normal 0 0 -1
    outer loop
      vertex 26.7921 45.4601 1.90735e-07
      vertex 28.7785 45.0341 1.90735e-07
      vertex 28.656 44.905 1.90735e-07
    endloop
  endfacet
  facet normal 0 0 -1
    outer loop
      vertex 26.7921 45.4601 1.90735e-07
      vertex 28.656 44.905 1.90735e-07
      vertex 28.5524 44.7613 1.90735e-07
    endloop
  endfacet
  facet normal 0 0 -1
    outer loop
      vertex 28.321 43.6772 1.90735e-07
      vertex 26.7921 45.4601 1.90735e-07
      vertex 28.3169 43.8224 1.90735e-07
    endloop
  endfacet
  facet normal 0 0 -1
    outer loop
      vertex 28.3169 43.8224 1.90735e-07
      vertex 26.7921 45.4601 1.90735e-07
      vertex 28.3263 44.0396 1.90735e-07
    endloop
  endfacet
  facet normal 0 0 -1
    outer loop
      vertex 26.7921 45.4601 1.90735e-07
      vertex 28.3546 44.242 1.90735e-07
      vertex 28.3263 44.0396 1.90735e-07
    endloop
  endfacet
  facet normal 0 0 -1
    outer loop
      vertex 26.7921 45.4601 1.90735e-07
      vertex 28.4017 44.4298 1.90735e-07
      vertex 28.3546 44.242 1.90735e-07
    endloop
  endfacet
  facet normal 0 0 -1
    outer loop
      vertex 26.7921 45.4601 1.90735e-07
      vertex 28.4676 44.6028 1.90735e-07
      vertex 28.4017 44.4298 1.90735e-07
    endloop
  endfacet
  facet normal 0 0 -1
    outer loop
      vertex 26.7921 45.4601 1.90735e-07
      vertex 28.5524 44.7613 1.90735e-07
      vertex 28.4676 44.6028 1.90735e-07
    endloop
  endfacet
  facet normal 0 0 -1
    outer loop
      vertex 29.855 45.4514 1.90735e-07
      vertex 26.7921 45.4601 1.90735e-07
      vertex 41 65.4 1.90735e-07
    endloop
  endfacet
  facet normal 0 0 -1
    outer loop
      vertex 26.2771 45.4601 1.90735e-07
      vertex 41 65.4 1.90735e-07
      vertex 26.7921 45.4601 1.90735e-07
    endloop
  endfacet
  facet normal 0 0 -1
    outer loop
      vertex 24.7793 42.9182 1.90735e-07
      vertex 26.2771 45.4601 1.90735e-07
      vertex 24.9337 42.116 1.90735e-07
    endloop
  endfacet
  facet normal 0 0 -1
    outer loop
      vertex 24.5764 44.3251 1.90735e-07
      vertex 26.2771 45.4601 1.90735e-07
      vertex 24.7793 42.9182 1.90735e-07
    endloop
  endfacet
  facet normal 0 0 -1
    outer loop
      vertex 24.6159 44.7339 1.90735e-07
      vertex 26.2771 45.4601 1.90735e-07
      vertex 24.6226 44.6152 1.90735e-07
    endloop
  endfacet
  facet normal 0 0 -1
    outer loop
      vertex 24.5958 44.8446 1.90735e-07
      vertex 26.2771 45.4601 1.90735e-07
      vertex 24.6159 44.7339 1.90735e-07
    endloop
  endfacet
  facet normal 0 0 -1
    outer loop
      vertex 24.5623 44.9472 1.90735e-07
      vertex 26.2771 45.4601 1.90735e-07
      vertex 24.5958 44.8446 1.90735e-07
    endloop
  endfacet
  facet normal 0 0 -1
    outer loop
      vertex 24.5153 45.0418 1.90735e-07
      vertex 26.2771 45.4601 1.90735e-07
      vertex 24.5623 44.9472 1.90735e-07
    endloop
  endfacet
  facet normal 0 0 -1
    outer loop
      vertex 24.4549 45.1284 1.90735e-07
      vertex 26.2771 45.4601 1.90735e-07
      vertex 24.5153 45.0418 1.90735e-07
    endloop
  endfacet
  facet normal 0 0 -1
    outer loop
      vertex 24.3811 45.2069 1.90735e-07
      vertex 26.2771 45.4601 1.90735e-07
      vertex 24.4549 45.1284 1.90735e-07
    endloop
  endfacet
  facet normal 0 0 -1
    outer loop
      vertex 24.2939 45.2773 1.90735e-07
      vertex 26.2771 45.4601 1.90735e-07
      vertex 24.3811 45.2069 1.90735e-07
    endloop
  endfacet
  facet normal 0 0 -1
    outer loop
      vertex 24.1942 45.3391 1.90735e-07
      vertex 26.2771 45.4601 1.90735e-07
      vertex 24.2939 45.2773 1.90735e-07
    endloop
  endfacet
  facet normal 0 0 -1
    outer loop
      vertex 24.0829 45.3913 1.90735e-07
      vertex 26.2771 45.4601 1.90735e-07
      vertex 24.1942 45.3391 1.90735e-07
    endloop
  endfacet
  facet normal 0 0 -1
    outer loop
      vertex 23.9601 45.434 1.90735e-07
      vertex 26.2771 45.4601 1.90735e-07
      vertex 24.0829 45.3913 1.90735e-07
    endloop
  endfacet
  facet normal 0 0 -1
    outer loop
      vertex 23.8256 45.4672 1.90735e-07
      vertex 26.2771 45.4601 1.90735e-07
      vertex 23.9601 45.434 1.90735e-07
    endloop
  endfacet
  facet normal 0 0 -1
    outer loop
      vertex 23.6796 45.491 1.90735e-07
      vertex 26.2771 45.4601 1.90735e-07
      vertex 23.8256 45.4672 1.90735e-07
    endloop
  endfacet
  facet normal 0 0 -1
    outer loop
      vertex 26.2771 45.4601 1.90735e-07
      vertex 23.6796 45.491 1.90735e-07
      vertex 41 65.4 1.90735e-07
    endloop
  endfacet
  facet normal 0 0 -1
    outer loop
      vertex 23.522 45.5052 1.90735e-07
      vertex 41 65.4 1.90735e-07
      vertex 23.6796 45.491 1.90735e-07
    endloop
  endfacet
  facet normal 0 0 -1
    outer loop
      vertex 9 65.4 1.90735e-07
      vertex 23.522 45.5052 1.90735e-07
      vertex 23.3528 45.5099 1.90735e-07
    endloop
  endfacet
  facet normal 0 0 -1
    outer loop
      vertex 9 65.4 1.90735e-07
      vertex 23.3528 45.5099 1.90735e-07
      vertex 23.1956 45.5064 1.90735e-07
    endloop
  endfacet
  facet normal 0 0 -1
    outer loop
      vertex 9 65.4 1.90735e-07
      vertex 23.1956 45.5064 1.90735e-07
      vertex 23.0492 45.4957 1.90735e-07
    endloop
  endfacet
  facet normal 0 0 -1
    outer loop
      vertex 21.4349 45.4601 1.90735e-07
      vertex 23.0492 45.4957 1.90735e-07
      vertex 22.9138 45.4779 1.90735e-07
    endloop
  endfacet
  facet normal 0 0 -1
    outer loop
      vertex 21.4349 45.4601 1.90735e-07
      vertex 22.9138 45.4779 1.90735e-07
      vertex 22.7894 45.453 1.90735e-07
    endloop
  endfacet
  facet normal 0 0 -1
    outer loop
      vertex 21.4349 45.4601 1.90735e-07
      vertex 22.7894 45.453 1.90735e-07
      vertex 22.6759 45.4209 1.90735e-07
    endloop
  endfacet
  facet normal 0 0 -1
    outer loop
      vertex 21.4349 45.4601 1.90735e-07
      vertex 22.6759 45.4209 1.90735e-07
      vertex 22.5734 45.3818 1.90735e-07
    endloop
  endfacet
  facet normal 0 0 -1
    outer loop
      vertex 21.4349 45.4601 1.90735e-07
      vertex 22.5734 45.3818 1.90735e-07
      vertex 22.4818 45.3355 1.90735e-07
    endloop
  endfacet
  facet normal 0 0 -1
    outer loop
      vertex 21.4349 45.4601 1.90735e-07
      vertex 22.4818 45.3355 1.90735e-07
      vertex 22.3994 45.2806 1.90735e-07
    endloop
  endfacet
  facet normal 0 0 -1
    outer loop
      vertex 21.4349 45.4601 1.90735e-07
      vertex 22.3994 45.2806 1.90735e-07
      vertex 22.3243 45.2157 1.90735e-07
    endloop
  endfacet
  facet normal 0 0 -1
    outer loop
      vertex 21.4349 45.4601 1.90735e-07
      vertex 22.0474 43.3952 1.90735e-07
      vertex 22.032 43.3573 1.90735e-07
    endloop
  endfacet
  facet normal 0 0 -1
    outer loop
      vertex 21.4349 45.4601 1.90735e-07
      vertex 22.032 43.3573 1.90735e-07
      vertex 22.0185 43.3176 1.90735e-07
    endloop
  endfacet
  facet normal 0 0 -1
    outer loop
      vertex 21.4349 45.4601 1.90735e-07
      vertex 22.0185 43.3176 1.90735e-07
      vertex 22.007 43.2761 1.90735e-07
    endloop
  endfacet
  facet normal 0 0 -1
    outer loop
      vertex 21.4349 45.4601 1.90735e-07
      vertex 22.007 43.2761 1.90735e-07
      vertex 21.9976 43.2326 1.90735e-07
    endloop
  endfacet
  facet normal 0 0 -1
    outer loop
      vertex 21.4349 42.116 1.90735e-07
      vertex 21.9976 43.2326 1.90735e-07
      vertex 21.9904 43.1871 1.90735e-07
    endloop
  endfacet
  facet normal 0 0 -1
    outer loop
      vertex 21.4349 42.116 1.90735e-07
      vertex 21.9904 43.1871 1.90735e-07
      vertex 21.9851 43.1398 1.90735e-07
    endloop
  endfacet
  facet normal 0 0 -1
    outer loop
      vertex 21.4349 42.116 1.90735e-07
      vertex 21.9851 43.1398 1.90735e-07
      vertex 21.982 43.0905 1.90735e-07
    endloop
  endfacet
  facet normal 0 0 -1
    outer loop
      vertex 21.4349 42.116 1.90735e-07
      vertex 21.982 43.0905 1.90735e-07
      vertex 21.981 43.0392 1.90735e-07
    endloop
  endfacet
  facet normal -0 0 -1
    outer loop
      vertex 21.9976 43.2326 1.90735e-07
      vertex 21.4349 42.116 1.90735e-07
      vertex 21.4349 45.4601 1.90735e-07
    endloop
  endfacet
  facet normal 0 0 -1
    outer loop
      vertex 22.0474 43.3952 1.90735e-07
      vertex 21.4349 45.4601 1.90735e-07
      vertex 22.0593 44.741 1.90735e-07
    endloop
  endfacet
  facet normal 0 0 -1
    outer loop
      vertex 21.4349 45.4601 1.90735e-07
      vertex 22.0976 44.856 1.90735e-07
      vertex 22.0593 44.741 1.90735e-07
    endloop
  endfacet
  facet normal 0 0 -1
    outer loop
      vertex 21.4349 45.4601 1.90735e-07
      vertex 22.1432 44.961 1.90735e-07
      vertex 22.0976 44.856 1.90735e-07
    endloop
  endfacet
  facet normal 0 0 -1
    outer loop
      vertex 21.4349 45.4601 1.90735e-07
      vertex 22.1962 45.0559 1.90735e-07
      vertex 22.1432 44.961 1.90735e-07
    endloop
  endfacet
  facet normal 0 0 -1
    outer loop
      vertex 21.4349 45.4601 1.90735e-07
      vertex 22.2566 45.1408 1.90735e-07
      vertex 22.1962 45.0559 1.90735e-07
    endloop
  endfacet
  facet normal 0 0 -1
    outer loop
      vertex 21.4349 45.4601 1.90735e-07
      vertex 22.3243 45.2157 1.90735e-07
      vertex 22.2566 45.1408 1.90735e-07
    endloop
  endfacet
  facet normal -0 0 -1
    outer loop
      vertex 23.0492 45.4957 1.90735e-07
      vertex 21.4349 45.4601 1.90735e-07
      vertex 9 65.4 1.90735e-07
    endloop
  endfacet
  facet normal 0 0 -1
    outer loop
      vertex 9 65.4 1.90735e-07
      vertex 21.4349 45.4601 1.90735e-07
      vertex 20.9816 45.4601 1.90735e-07
    endloop
  endfacet
  facet normal 0 0 -1
    outer loop
      vertex 19.173 45.4601 1.90735e-07
      vertex 20.9816 45.4601 1.90735e-07
      vertex 19.173 44.0455 1.90735e-07
    endloop
  endfacet
  facet normal 0 0 -1
    outer loop
      vertex 9 65.4 1.90735e-07
      vertex 20.9816 45.4601 1.90735e-07
      vertex 19.173 45.4601 1.90735e-07
    endloop
  endfacet
  facet normal 0 0 -1
    outer loop
      vertex 9 65.4 1.90735e-07
      vertex 19.173 45.4601 1.90735e-07
      vertex 18.7197 45.4601 1.90735e-07
    endloop
  endfacet
  facet normal 0 0 -1
    outer loop
      vertex 8.17265 40.1271 1.90735e-07
      vertex 18.7197 45.4601 1.90735e-07
      vertex 9 40.1 1.90735e-07
    endloop
  endfacet
  facet normal 0 0 -1
    outer loop
      vertex 23.522 45.5052 1.90735e-07
      vertex 9 65.4 1.90735e-07
      vertex 41 65.4 1.90735e-07
    endloop
  endfacet
  facet normal 0 0 -1
    outer loop
      vertex 7.34884 40.2082 1.90735e-07
      vertex 18.7197 45.4601 1.90735e-07
      vertex 8.17265 40.1271 1.90735e-07
    endloop
  endfacet
  facet normal 0 0 -1
    outer loop
      vertex 18.7197 45.4601 1.90735e-07
      vertex 8.17265 65.3729 1.90735e-07
      vertex 9 65.4 1.90735e-07
    endloop
  endfacet
  facet normal 0 0 -1
    outer loop
      vertex 6.53211 40.3431 1.90735e-07
      vertex 18.7197 45.4601 1.90735e-07
      vertex 7.34884 40.2082 1.90735e-07
    endloop
  endfacet
  facet normal 0 0 -1
    outer loop
      vertex 18.7197 45.4601 1.90735e-07
      vertex 7.34884 65.2918 1.90735e-07
      vertex 8.17265 65.3729 1.90735e-07
    endloop
  endfacet
  facet normal 0 0 -1
    outer loop
      vertex 5.72594 40.531 1.90735e-07
      vertex 18.7197 45.4601 1.90735e-07
      vertex 6.53211 40.3431 1.90735e-07
    endloop
  endfacet
  facet normal 0 0 -1
    outer loop
      vertex 18.7197 45.4601 1.90735e-07
      vertex 6.53211 65.1569 1.90735e-07
      vertex 7.34884 65.2918 1.90735e-07
    endloop
  endfacet
  facet normal 0 0 -1
    outer loop
      vertex 4.93379 40.7713 1.90735e-07
      vertex 18.7197 45.4601 1.90735e-07
      vertex 5.72594 40.531 1.90735e-07
    endloop
  endfacet
  facet normal 0 0 -1
    outer loop
      vertex 18.7197 45.4601 1.90735e-07
      vertex 5.72594 64.969 1.90735e-07
      vertex 6.53211 65.1569 1.90735e-07
    endloop
  endfacet
  facet normal 0 0 -1
    outer loop
      vertex 4.15905 41.0629 1.90735e-07
      vertex 18.7197 45.4601 1.90735e-07
      vertex 4.93379 40.7713 1.90735e-07
    endloop
  endfacet
  facet normal 0 0 -1
    outer loop
      vertex 18.7197 45.4601 1.90735e-07
      vertex 4.93379 64.7287 1.90735e-07
      vertex 5.72594 64.969 1.90735e-07
    endloop
  endfacet
  facet normal 0 0 -1
    outer loop
      vertex 3.40505 41.4046 1.90735e-07
      vertex 18.7197 45.4601 1.90735e-07
      vertex 4.15905 41.0629 1.90735e-07
    endloop
  endfacet
  facet normal 0 0 -1
    outer loop
      vertex 18.7197 45.4601 1.90735e-07
      vertex 4.15905 64.4371 1.90735e-07
      vertex 4.93379 64.7287 1.90735e-07
    endloop
  endfacet
  facet normal 0 0 -1
    outer loop
      vertex 2.675 41.7948 1.90735e-07
      vertex 18.7197 45.4601 1.90735e-07
      vertex 3.40505 41.4046 1.90735e-07
    endloop
  endfacet
  facet normal 0 0 -1
    outer loop
      vertex 18.7197 45.4601 1.90735e-07
      vertex 3.40505 64.0954 1.90735e-07
      vertex 4.15905 64.4371 1.90735e-07
    endloop
  endfacet
  facet normal 0 0 -1
    outer loop
      vertex 1.97204 42.2319 1.90735e-07
      vertex 18.7197 45.4601 1.90735e-07
      vertex 2.675 41.7948 1.90735e-07
    endloop
  endfacet
  facet normal 0 0 -1
    outer loop
      vertex 18.7197 45.4601 1.90735e-07
      vertex 2.675 63.7052 1.90735e-07
      vertex 3.40505 64.0954 1.90735e-07
    endloop
  endfacet
  facet normal 0 0 -1
    outer loop
      vertex 1.29917 42.7141 1.90735e-07
      vertex 18.7197 45.4601 1.90735e-07
      vertex 1.97204 42.2319 1.90735e-07
    endloop
  endfacet
  facet normal 0 0 -1
    outer loop
      vertex 18.7197 45.4601 1.90735e-07
      vertex 1.97204 63.2681 1.90735e-07
      vertex 2.675 63.7052 1.90735e-07
    endloop
  endfacet
  facet normal 0 0 -1
    outer loop
      vertex 0.659276 43.2392 1.90735e-07
      vertex 18.7197 45.4601 1.90735e-07
      vertex 1.29917 42.7141 1.90735e-07
    endloop
  endfacet
  facet normal 0 0 -1
    outer loop
      vertex 18.7197 45.4601 1.90735e-07
      vertex 1.29917 62.7859 1.90735e-07
      vertex 1.97204 63.2681 1.90735e-07
    endloop
  endfacet
  facet normal 0 0 -1
    outer loop
      vertex 0.0550995 43.8051 1.90735e-07
      vertex 18.7197 45.4601 1.90735e-07
      vertex 0.659276 43.2392 1.90735e-07
    endloop
  endfacet
  facet normal 0 0 -1
    outer loop
      vertex 18.7197 45.4601 1.90735e-07
      vertex 0.659276 62.2608 1.90735e-07
      vertex 1.29917 62.7859 1.90735e-07
    endloop
  endfacet
  facet normal 0 0 -1
    outer loop
      vertex -0.510773 44.4093 1.90735e-07
      vertex 18.7197 45.4601 1.90735e-07
      vertex 0.0550995 43.8051 1.90735e-07
    endloop
  endfacet
  facet normal 0 0 -1
    outer loop
      vertex 18.7197 45.4601 1.90735e-07
      vertex 0.0550995 61.6949 1.90735e-07
      vertex 0.659276 62.2608 1.90735e-07
    endloop
  endfacet
  facet normal 0 0 -1
    outer loop
      vertex -1.03592 45.0492 1.90735e-07
      vertex 18.7197 45.4601 1.90735e-07
      vertex -0.510773 44.4093 1.90735e-07
    endloop
  endfacet
  facet normal 0 0 -1
    outer loop
      vertex 18.7197 45.4601 1.90735e-07
      vertex -0.510773 61.0907 1.90735e-07
      vertex 0.0550995 61.6949 1.90735e-07
    endloop
  endfacet
  facet normal 0 0 -1
    outer loop
      vertex -1.51809 45.722 1.90735e-07
      vertex 18.7197 45.4601 1.90735e-07
      vertex -1.03592 45.0492 1.90735e-07
    endloop
  endfacet
  facet normal 0 0 -1
    outer loop
      vertex 18.7197 45.4601 1.90735e-07
      vertex -1.03592 60.4508 1.90735e-07
      vertex -0.510773 61.0907 1.90735e-07
    endloop
  endfacet
  facet normal 0 0 -1
    outer loop
      vertex -1.95522 46.425 1.90735e-07
      vertex 18.7197 45.4601 1.90735e-07
      vertex -1.51809 45.722 1.90735e-07
    endloop
  endfacet
  facet normal 0 0 -1
    outer loop
      vertex 18.7197 45.4601 1.90735e-07
      vertex -1.51809 59.778 1.90735e-07
      vertex -1.03592 60.4508 1.90735e-07
    endloop
  endfacet
  facet normal 0 0 -1
    outer loop
      vertex -2.34544 47.155 1.90735e-07
      vertex 18.7197 45.4601 1.90735e-07
      vertex -1.95522 46.425 1.90735e-07
    endloop
  endfacet
  facet normal 0 0 -1
    outer loop
      vertex 18.7197 45.4601 1.90735e-07
      vertex -1.95522 59.075 1.90735e-07
      vertex -1.51809 59.778 1.90735e-07
    endloop
  endfacet
  facet normal 0 0 -1
    outer loop
      vertex -2.68708 47.9091 1.90735e-07
      vertex 18.7197 45.4601 1.90735e-07
      vertex -2.34544 47.155 1.90735e-07
    endloop
  endfacet
  facet normal 0 0 -1
    outer loop
      vertex 18.7197 45.4601 1.90735e-07
      vertex -2.34544 58.345 1.90735e-07
      vertex -1.95522 59.075 1.90735e-07
    endloop
  endfacet
  facet normal 0 0 -1
    outer loop
      vertex 18.7197 45.4601 1.90735e-07
      vertex -2.68708 47.9091 1.90735e-07
      vertex -2.34544 58.345 1.90735e-07
    endloop
  endfacet
  facet normal 0 0 -1
    outer loop
      vertex -2.68708 47.9091 1.90735e-07
      vertex -2.68708 57.5909 1.90735e-07
      vertex -2.34544 58.345 1.90735e-07
    endloop
  endfacet
  facet normal 0 0 -1
    outer loop
      vertex -2.97867 48.6838 1.90735e-07
      vertex -2.68708 57.5909 1.90735e-07
      vertex -2.68708 47.9091 1.90735e-07
    endloop
  endfacet
  facet normal 0 0 -1
    outer loop
      vertex -2.97867 48.6838 1.90735e-07
      vertex -2.97867 56.8162 1.90735e-07
      vertex -2.68708 57.5909 1.90735e-07
    endloop
  endfacet
  facet normal 0 0 -1
    outer loop
      vertex -3.21896 49.4759 1.90735e-07
      vertex -2.97867 56.8162 1.90735e-07
      vertex -2.97867 48.6838 1.90735e-07
    endloop
  endfacet
  facet normal 0 0 -1
    outer loop
      vertex -3.21896 49.4759 1.90735e-07
      vertex -3.21896 56.0241 1.90735e-07
      vertex -2.97867 56.8162 1.90735e-07
    endloop
  endfacet
  facet normal 0 0 -1
    outer loop
      vertex -3.40693 50.2821 1.90735e-07
      vertex -3.21896 56.0241 1.90735e-07
      vertex -3.21896 49.4759 1.90735e-07
    endloop
  endfacet
  facet normal 0 0 -1
    outer loop
      vertex -3.40693 50.2821 1.90735e-07
      vertex -3.40693 55.2179 1.90735e-07
      vertex -3.21896 56.0241 1.90735e-07
    endloop
  endfacet
  facet normal 0 0 -1
    outer loop
      vertex -3.54178 51.0988 1.90735e-07
      vertex -3.40693 55.2179 1.90735e-07
      vertex -3.40693 50.2821 1.90735e-07
    endloop
  endfacet
  facet normal 0 0 -1
    outer loop
      vertex -3.54178 51.0988 1.90735e-07
      vertex -3.54178 54.4012 1.90735e-07
      vertex -3.40693 55.2179 1.90735e-07
    endloop
  endfacet
  facet normal 0 0 -1
    outer loop
      vertex -3.62292 51.9227 1.90735e-07
      vertex -3.54178 54.4012 1.90735e-07
      vertex -3.54178 51.0988 1.90735e-07
    endloop
  endfacet
  facet normal 0 0 -1
    outer loop
      vertex -3.62292 51.9227 1.90735e-07
      vertex -3.62292 53.5773 1.90735e-07
      vertex -3.54178 54.4012 1.90735e-07
    endloop
  endfacet
  facet normal 0 -0 -1
    outer loop
      vertex -3.62292 53.5773 1.90735e-07
      vertex -3.62292 51.9227 1.90735e-07
      vertex -3.65 52.75 1.90735e-07
    endloop
  endfacet
  facet normal -0 0 -1
    outer loop
      vertex 20.9816 43.6658 1.90735e-07
      vertex 19.173 42.116 1.90735e-07
      vertex 19.173 43.6658 1.90735e-07
    endloop
  endfacet
  facet normal 0 0 -1
    outer loop
      vertex 26.4764 44.9213 1.90735e-07
      vertex 26.5619 45.0519 1.90735e-07
      vertex 26.58 44.9933 1.90735e-07
    endloop
  endfacet
  facet normal -0 0 -1
    outer loop
      vertex 26.5619 45.0519 1.90735e-07
      vertex 26.4764 44.9213 1.90735e-07
      vertex 26.5405 45.1183 1.90735e-07
    endloop
  endfacet
  facet normal -0 0 -1
    outer loop
      vertex 26.6004 44.9302 1.90735e-07
      vertex 26.4764 44.9213 1.90735e-07
      vertex 26.58 44.9933 1.90735e-07
    endloop
  endfacet
  facet normal 0 0 -1
    outer loop
      vertex 26.6232 44.8625 1.90735e-07
      vertex 26.4764 44.9213 1.90735e-07
      vertex 26.6004 44.9302 1.90735e-07
    endloop
  endfacet
  facet normal 0 0 -1
    outer loop
      vertex 26.4385 44.8068 1.90735e-07
      vertex 26.6232 44.8625 1.90735e-07
      vertex 26.6483 44.7903 1.90735e-07
    endloop
  endfacet
  facet normal 0 0 -1
    outer loop
      vertex 26.4195 44.7522 1.90735e-07
      vertex 26.6483 44.7903 1.90735e-07
      vertex 26.6757 44.7135 1.90735e-07
    endloop
  endfacet
  facet normal 0 0 -1
    outer loop
      vertex 26.4005 44.6993 1.90735e-07
      vertex 26.6757 44.7135 1.90735e-07
      vertex 26.7055 44.6322 1.90735e-07
    endloop
  endfacet
  facet normal 0 0 -1
    outer loop
      vertex 26.3625 44.5988 1.90735e-07
      vertex 26.7055 44.6322 1.90735e-07
      vertex 26.7375 44.5463 1.90735e-07
    endloop
  endfacet
  facet normal 0 0 -1
    outer loop
      vertex 25.9139 43.4474 1.90735e-07
      vertex 26.7375 44.5463 1.90735e-07
      vertex 27.1647 43.4474 1.90735e-07
    endloop
  endfacet
  facet normal 0 0 -1
    outer loop
      vertex 26.6232 44.8625 1.90735e-07
      vertex 26.4574 44.8632 1.90735e-07
      vertex 26.4764 44.9213 1.90735e-07
    endloop
  endfacet
  facet normal -0 0 -1
    outer loop
      vertex 26.6232 44.8625 1.90735e-07
      vertex 26.4385 44.8068 1.90735e-07
      vertex 26.4574 44.8632 1.90735e-07
    endloop
  endfacet
  facet normal -0 0 -1
    outer loop
      vertex 26.6483 44.7903 1.90735e-07
      vertex 26.4195 44.7522 1.90735e-07
      vertex 26.4385 44.8068 1.90735e-07
    endloop
  endfacet
  facet normal -0 0 -1
    outer loop
      vertex 26.6757 44.7135 1.90735e-07
      vertex 26.4005 44.6993 1.90735e-07
      vertex 26.4195 44.7522 1.90735e-07
    endloop
  endfacet
  facet normal 0 0 -1
    outer loop
      vertex 26.7055 44.6322 1.90735e-07
      vertex 26.3815 44.6482 1.90735e-07
      vertex 26.4005 44.6993 1.90735e-07
    endloop
  endfacet
  facet normal -0 0 -1
    outer loop
      vertex 26.7055 44.6322 1.90735e-07
      vertex 26.3625 44.5988 1.90735e-07
      vertex 26.3815 44.6482 1.90735e-07
    endloop
  endfacet
  facet normal 0 0 -1
    outer loop
      vertex 26.7375 44.5463 1.90735e-07
      vertex 26.3435 44.5511 1.90735e-07
      vertex 26.3625 44.5988 1.90735e-07
    endloop
  endfacet
  facet normal -0 0 -1
    outer loop
      vertex 26.7375 44.5463 1.90735e-07
      vertex 25.9139 43.4474 1.90735e-07
      vertex 26.3435 44.5511 1.90735e-07
    endloop
  endfacet
  facet normal 0 0 -1
    outer loop
      vertex 30.7425 42.4791 1.90735e-07
      vertex 30.0993 45.097 1.90735e-07
      vertex 30.7425 45.097 1.90735e-07
    endloop
  endfacet
  facet normal 0 0 -1
    outer loop
      vertex 29.9973 42.4791 1.90735e-07
      vertex 30.0993 45.097 1.90735e-07
      vertex 30.7425 42.4791 1.90735e-07
    endloop
  endfacet
  facet normal 0 0 -1
    outer loop
      vertex 28.7756 43.7067 1.90735e-07
      vertex 30.0993 45.097 1.90735e-07
      vertex 29.9973 42.4791 1.90735e-07
    endloop
  endfacet
  facet normal 0 0 -1
    outer loop
      vertex 28.8 43.4885 1.90735e-07
      vertex 29.9973 42.4791 1.90735e-07
      vertex 29.894 42.4824 1.90735e-07
    endloop
  endfacet
  facet normal 0 0 -1
    outer loop
      vertex 28.8214 43.3861 1.90735e-07
      vertex 29.894 42.4824 1.90735e-07
      vertex 29.7943 42.4922 1.90735e-07
    endloop
  endfacet
  facet normal 0 0 -1
    outer loop
      vertex 28.7726 43.8224 1.90735e-07
      vertex 30.0993 45.097 1.90735e-07
      vertex 28.7756 43.7067 1.90735e-07
    endloop
  endfacet
  facet normal 0 0 -1
    outer loop
      vertex 28.8489 43.2882 1.90735e-07
      vertex 29.7943 42.4922 1.90735e-07
      vertex 29.6983 42.5087 1.90735e-07
    endloop
  endfacet
  facet normal 0 0 -1
    outer loop
      vertex 28.8824 43.1947 1.90735e-07
      vertex 29.6983 42.5087 1.90735e-07
      vertex 29.6059 42.5318 1.90735e-07
    endloop
  endfacet
  facet normal 0 0 -1
    outer loop
      vertex 30.0993 45.097 1.90735e-07
      vertex 28.7726 43.8224 1.90735e-07
      vertex 29.9211 45.0903 1.90735e-07
    endloop
  endfacet
  facet normal 0 0 -1
    outer loop
      vertex 28.8824 43.1947 1.90735e-07
      vertex 29.6059 42.5318 1.90735e-07
      vertex 29.5171 42.5614 1.90735e-07
    endloop
  endfacet
  facet normal 0 -0 -1
    outer loop
      vertex 28.7795 43.9941 1.90735e-07
      vertex 29.9211 45.0903 1.90735e-07
      vertex 28.7726 43.8224 1.90735e-07
    endloop
  endfacet
  facet normal 0 0 -1
    outer loop
      vertex 28.9221 43.1057 1.90735e-07
      vertex 29.5171 42.5614 1.90735e-07
      vertex 29.432 42.5976 1.90735e-07
    endloop
  endfacet
  facet normal 0 0 -1
    outer loop
      vertex 28.9221 43.1057 1.90735e-07
      vertex 29.432 42.5976 1.90735e-07
      vertex 29.3505 42.6405 1.90735e-07
    endloop
  endfacet
  facet normal 0 0 -1
    outer loop
      vertex 29.9211 45.0903 1.90735e-07
      vertex 28.7795 43.9941 1.90735e-07
      vertex 29.7553 45.0703 1.90735e-07
    endloop
  endfacet
  facet normal 0 0 -1
    outer loop
      vertex 28.9221 43.1057 1.90735e-07
      vertex 29.3505 42.6405 1.90735e-07
      vertex 29.2735 42.6895 1.90735e-07
    endloop
  endfacet
  facet normal 0 -0 -1
    outer loop
      vertex 28.8004 44.1536 1.90735e-07
      vertex 29.7553 45.0703 1.90735e-07
      vertex 28.7795 43.9941 1.90735e-07
    endloop
  endfacet
  facet normal 0 0 -1
    outer loop
      vertex 28.9221 43.1057 1.90735e-07
      vertex 29.2735 42.6895 1.90735e-07
      vertex 29.2017 42.7443 1.90735e-07
    endloop
  endfacet
  facet normal 0 0 -1
    outer loop
      vertex 28.9221 43.1057 1.90735e-07
      vertex 29.2017 42.7443 1.90735e-07
      vertex 29.1352 42.805 1.90735e-07
    endloop
  endfacet
  facet normal 0 0 -1
    outer loop
      vertex 29.7553 45.0703 1.90735e-07
      vertex 28.8004 44.1536 1.90735e-07
      vertex 29.602 45.037 1.90735e-07
    endloop
  endfacet
  facet normal 0 0 -1
    outer loop
      vertex 28.9221 43.1057 1.90735e-07
      vertex 29.1352 42.805 1.90735e-07
      vertex 29.074 42.8714 1.90735e-07
    endloop
  endfacet
  facet normal 0 0 -1
    outer loop
      vertex 29.602 45.037 1.90735e-07
      vertex 28.8004 44.1536 1.90735e-07
      vertex 29.4611 44.9904 1.90735e-07
    endloop
  endfacet
  facet normal 0 0 -1
    outer loop
      vertex 28.9675 43.0218 1.90735e-07
      vertex 29.074 42.8714 1.90735e-07
      vertex 29.0181 42.9437 1.90735e-07
    endloop
  endfacet
  facet normal 0 0 -1
    outer loop
      vertex 28.9221 43.1057 1.90735e-07
      vertex 29.074 42.8714 1.90735e-07
      vertex 28.9675 43.0218 1.90735e-07
    endloop
  endfacet
  facet normal 0 -0 -1
    outer loop
      vertex 28.8351 44.3012 1.90735e-07
      vertex 29.4611 44.9904 1.90735e-07
      vertex 28.8004 44.1536 1.90735e-07
    endloop
  endfacet
  facet normal 0 0 -1
    outer loop
      vertex 29.5171 42.5614 1.90735e-07
      vertex 28.9221 43.1057 1.90735e-07
      vertex 28.8824 43.1947 1.90735e-07
    endloop
  endfacet
  facet normal 0 0 -1
    outer loop
      vertex 29.4611 44.9904 1.90735e-07
      vertex 28.8351 44.3012 1.90735e-07
      vertex 29.3327 44.9305 1.90735e-07
    endloop
  endfacet
  facet normal 0 0 -1
    outer loop
      vertex 29.6983 42.5087 1.90735e-07
      vertex 28.8824 43.1947 1.90735e-07
      vertex 28.8489 43.2882 1.90735e-07
    endloop
  endfacet
  facet normal 0 0 -1
    outer loop
      vertex 29.7943 42.4922 1.90735e-07
      vertex 28.8489 43.2882 1.90735e-07
      vertex 28.8214 43.3861 1.90735e-07
    endloop
  endfacet
  facet normal 0 0 -1
    outer loop
      vertex 29.3327 44.9305 1.90735e-07
      vertex 28.8351 44.3012 1.90735e-07
      vertex 29.2167 44.8572 1.90735e-07
    endloop
  endfacet
  facet normal 0 0 -1
    outer loop
      vertex 29.894 42.4824 1.90735e-07
      vertex 28.8214 43.3861 1.90735e-07
      vertex 28.8 43.4885 1.90735e-07
    endloop
  endfacet
  facet normal 0 0 -1
    outer loop
      vertex 29.9973 42.4791 1.90735e-07
      vertex 28.8 43.4885 1.90735e-07
      vertex 28.7848 43.5954 1.90735e-07
    endloop
  endfacet
  facet normal 0 0 -1
    outer loop
      vertex 29.9973 42.4791 1.90735e-07
      vertex 28.7848 43.5954 1.90735e-07
      vertex 28.7756 43.7067 1.90735e-07
    endloop
  endfacet
  facet normal 0 0 -1
    outer loop
      vertex 29.2167 44.8572 1.90735e-07
      vertex 28.8351 44.3012 1.90735e-07
      vertex 29.1132 44.7706 1.90735e-07
    endloop
  endfacet
  facet normal 0 0 -1
    outer loop
      vertex 28.9463 44.56 1.90735e-07
      vertex 28.8351 44.3012 1.90735e-07
      vertex 28.8838 44.4366 1.90735e-07
    endloop
  endfacet
  facet normal 0 0 -1
    outer loop
      vertex 29.1132 44.7706 1.90735e-07
      vertex 28.8351 44.3012 1.90735e-07
      vertex 29.0228 44.6713 1.90735e-07
    endloop
  endfacet
  facet normal 0 0 -1
    outer loop
      vertex 29.0228 44.6713 1.90735e-07
      vertex 28.8351 44.3012 1.90735e-07
      vertex 28.9463 44.56 1.90735e-07
    endloop
  endfacet
  facet normal -0.0692929 0.703874 0.706937
    outer loop
      vertex 8.17265 65.3729 3.4
      vertex 7.34884 65.2918 3.4
      vertex 7.45327 64.4986 4.2
    endloop
  endfacet
  facet normal -0.11526 0.697822 0.706937
    outer loop
      vertex 7.34884 65.2918 3.4
      vertex 6.53211 65.1569 3.4
      vertex 7.45327 64.4986 4.2
    endloop
  endfacet
  facet normal -0.471378 0.881931 0
    outer loop
      vertex 3.40505 64.0954 1.90735e-07
      vertex 2.675 63.7052 3.4
      vertex 3.40505 64.0954 3.4
    endloop
  endfacet
  facet normal -0.471378 0.881931 0
    outer loop
      vertex 2.675 63.7052 3.4
      vertex 3.40505 64.0954 1.90735e-07
      vertex 2.675 63.7052 1.90735e-07
    endloop
  endfacet
  facet normal -0.412774 0.910833 0
    outer loop
      vertex 4.15905 64.4371 1.90735e-07
      vertex 3.40505 64.0954 3.4
      vertex 4.15905 64.4371 3.4
    endloop
  endfacet
  facet normal -0.412774 0.910833 0
    outer loop
      vertex 3.40505 64.0954 3.4
      vertex 4.15905 64.4371 1.90735e-07
      vertex 3.40505 64.0954 1.90735e-07
    endloop
  endfacet
  facet normal -0.333387 0.623794 0.706918
    outer loop
      vertex 3.40505 64.0954 3.4
      vertex 3.075 63.0124 4.2
      vertex 3.75888 63.3779 4.2
    endloop
  endfacet
  facet normal 0.706911 -0.0231684 0.706923
    outer loop
      vertex 52.85 52.75 4.2
      vertex 52.8246 51.975 4.2
      vertex 53.6229 51.9227 3.4
    endloop
  endfacet
  facet normal 0.697862 0.115201 0.706907
    outer loop
      vertex 53.4069 55.2179 3.4
      vertex 52.6223 55.0618 4.2
      vertex 52.7486 54.2967 4.2
    endloop
  endfacet
  facet normal 0.956934 0.290306 0
    outer loop
      vertex 53.219 56.0241 3.4
      vertex 52.9787 56.8162 1.90735e-07
      vertex 52.9787 56.8162 3.4
    endloop
  endfacet
  facet normal 0.956934 0.290306 0
    outer loop
      vertex 52.9787 56.8162 1.90735e-07
      vertex 53.219 56.0241 3.4
      vertex 53.219 56.0241 1.90735e-07
    endloop
  endfacet
  facet normal 0.973898 0.226985 0
    outer loop
      vertex 53.4069 55.2179 3.4
      vertex 53.219 56.0241 1.90735e-07
      vertex 53.219 56.0241 3.4
    endloop
  endfacet
  facet normal 0.973898 0.226985 0
    outer loop
      vertex 53.219 56.0241 1.90735e-07
      vertex 53.4069 55.2179 3.4
      vertex 53.4069 55.2179 1.90735e-07
    endloop
  endfacet
  facet normal 0.676819 0.205327 0.706935
    outer loop
      vertex 52.9787 56.8162 3.4
      vertex 52.2211 56.5591 4.2
      vertex 53.219 56.0241 3.4
    endloop
  endfacet
  facet normal 0.697817 0.115263 0.706941
    outer loop
      vertex 53.4069 55.2179 3.4
      vertex 52.7486 54.2967 4.2
      vertex 53.5418 54.4012 3.4
    endloop
  endfacet
  facet normal 0.910854 0.412729 0
    outer loop
      vertex 52.6871 57.5909 3.4
      vertex 52.3454 58.345 1.90735e-07
      vertex 52.3454 58.345 3.4
    endloop
  endfacet
  facet normal 0.910854 0.412729 0
    outer loop
      vertex 52.3454 58.345 1.90735e-07
      vertex 52.6871 57.5909 3.4
      vertex 52.6871 57.5909 1.90735e-07
    endloop
  endfacet
  facet normal 0.623784 0.333425 0.70691
    outer loop
      vertex 51.9552 59.075 3.4
      vertex 51.2624 58.675 4.2
      vertex 52.3454 58.345 3.4
    endloop
  endfacet
  facet normal 0.412729 -0.910854 0
    outer loop
      vertex 45.8409 41.0629 1.90735e-07
      vertex 46.595 41.4046 3.4
      vertex 45.8409 41.0629 3.4
    endloop
  endfacet
  facet normal 0.412729 -0.910854 0
    outer loop
      vertex 46.595 41.4046 3.4
      vertex 45.8409 41.0629 1.90735e-07
      vertex 46.595 41.4046 1.90735e-07
    endloop
  endfacet
  facet normal 0.516226 -0.483483 0.706934
    outer loop
      vertex 49.9093 44.9368 4.2
      vertex 49.3792 44.3708 4.2
      vertex 50.5108 44.4093 3.4
    endloop
  endfacet
  facet normal 0.546757 -0.448667 0.706933
    outer loop
      vertex 51.0359 45.0492 3.4
      vertex 49.9093 44.9368 4.2
      vertex 50.5108 44.4093 3.4
    endloop
  endfacet
  facet normal 0.812802 -0.58254 0
    outer loop
      vertex 51.0359 45.0492 3.4
      vertex 51.5181 45.722 1.90735e-07
      vertex 51.5181 45.722 3.4
    endloop
  endfacet
  facet normal 0.812802 -0.58254 0
    outer loop
      vertex 51.5181 45.722 1.90735e-07
      vertex 51.0359 45.0492 3.4
      vertex 51.0359 45.0492 1.90735e-07
    endloop
  endfacet
  facet normal 0.483498 -0.516221 0.706927
    outer loop
      vertex 49.3792 44.3708 4.2
      vertex 49.3407 43.2392 3.4
      vertex 49.9449 43.8051 3.4
    endloop
  endfacet
  facet normal 0.373517 -0.600637 0.70691
    outer loop
      vertex 47.5835 42.8971 4.2
      vertex 46.925 42.4876 4.2
      vertex 47.325 41.7948 3.4
    endloop
  endfacet
  facet normal 0.373457 -0.600642 0.706936
    outer loop
      vertex 47.5835 42.8971 4.2
      vertex 47.325 41.7948 3.4
      vertex 48.028 42.2319 3.4
    endloop
  endfacet
  facet normal 0.448694 -0.546751 0.706921
    outer loop
      vertex 48.8132 43.8407 4.2
      vertex 48.2138 43.3488 4.2
      vertex 48.7008 42.7141 3.4
    endloop
  endfacet
  facet normal 0.205327 -0.676819 0.706935
    outer loop
      vertex 44.8091 41.5289 4.2
      vertex 44.2741 40.531 3.4
      vertex 45.0662 40.7713 3.4
    endloop
  endfacet
  facet normal 0.160623 -0.688826 0.706908
    outer loop
      vertex 44.067 41.3038 4.2
      vertex 43.3118 41.1277 4.2
      vertex 43.4679 40.3431 3.4
    endloop
  endfacet
  facet normal 0.115263 -0.697817 0.706941
    outer loop
      vertex 43.4679 40.3431 3.4
      vertex 42.5467 41.0014 4.2
      vertex 42.6512 40.2082 3.4
    endloop
  endfacet
  facet normal 0.115201 -0.697862 0.706907
    outer loop
      vertex 43.3118 41.1277 4.2
      vertex 42.5467 41.0014 4.2
      vertex 43.4679 40.3431 3.4
    endloop
  endfacet
  facet normal 0.644253 -0.291926 0.706907
    outer loop
      vertex 52.6871 47.9091 3.4
      vertex 51.948 48.2152 4.2
      vertex 52.3454 47.155 3.4
    endloop
  endfacet
  facet normal -0.226993 0.973896 0
    outer loop
      vertex 6.53211 65.1569 1.90735e-07
      vertex 5.72594 64.969 3.4
      vertex 6.53211 65.1569 3.4
    endloop
  endfacet
  facet normal -0.226993 0.973896 0
    outer loop
      vertex 5.72594 64.969 3.4
      vertex 6.53211 65.1569 1.90735e-07
      vertex 5.72594 64.969 1.90735e-07
    endloop
  endfacet
  facet normal -0.62377 -0.333435 0.706918
    outer loop
      vertex -1.2624 46.825 4.2
      vertex -2.34544 47.155 3.4
      vertex -1.95522 46.425 3.4
    endloop
  endfacet
  facet normal -0.600638 -0.373481 0.706927
    outer loop
      vertex -0.852915 46.1665 4.2
      vertex -1.95522 46.425 3.4
      vertex -1.51809 45.722 3.4
    endloop
  endfacet
  facet normal -0.986641 -0.16291 0
    outer loop
      vertex -3.40693 50.2821 1.90735e-07
      vertex -3.54178 51.0988 3.4
      vertex -3.54178 51.0988 1.90735e-07
    endloop
  endfacet
  facet normal -0.986641 -0.16291 0
    outer loop
      vertex -3.54178 51.0988 3.4
      vertex -3.40693 50.2821 1.90735e-07
      vertex -3.40693 50.2821 3.4
    endloop
  endfacet
  facet normal -0.935901 -0.352264 0
    outer loop
      vertex -2.68708 47.9091 1.90735e-07
      vertex -2.97867 48.6838 3.4
      vertex -2.97867 48.6838 1.90735e-07
    endloop
  endfacet
  facet normal -0.935901 -0.352264 0
    outer loop
      vertex -2.97867 48.6838 3.4
      vertex -2.68708 47.9091 1.90735e-07
      vertex -2.68708 47.9091 3.4
    endloop
  endfacet
  facet normal -0.661964 -0.249157 0.706912
    outer loop
      vertex -2.22112 48.9409 4.2
      vertex -2.97867 48.6838 3.4
      vertex -2.68708 47.9091 3.4
    endloop
  endfacet
  facet normal -0.97388 -0.227065 0
    outer loop
      vertex -3.21896 49.4759 1.90735e-07
      vertex -3.40693 50.2821 3.4
      vertex -3.40693 50.2821 1.90735e-07
    endloop
  endfacet
  facet normal -0.97388 -0.227065 0
    outer loop
      vertex -3.40693 50.2821 3.4
      vertex -3.21896 49.4759 1.90735e-07
      vertex -3.21896 49.4759 3.4
    endloop
  endfacet
  facet normal -0.999465 -0.0327155 0
    outer loop
      vertex -3.62292 51.9227 1.90735e-07
      vertex -3.65 52.75 3.4
      vertex -3.65 52.75 1.90735e-07
    endloop
  endfacet
  facet normal -0.999465 -0.0327155 0
    outer loop
      vertex -3.65 52.75 3.4
      vertex -3.62292 51.9227 1.90735e-07
      vertex -3.62292 51.9227 3.4
    endloop
  endfacet
  facet normal -0.69784 -0.115224 0.706925
    outer loop
      vertex -2.74862 51.2033 4.2
      vertex -3.54178 51.0988 3.4
      vertex -3.40693 50.2821 3.4
    endloop
  endfacet
  facet normal -0.703886 -0.0693207 0.706923
    outer loop
      vertex -2.74862 51.2033 4.2
      vertex -3.62292 51.9227 3.4
      vertex -3.54178 51.0988 3.4
    endloop
  endfacet
  facet normal -0.11526 -0.697822 0.706937
    outer loop
      vertex 7.45327 41.0014 4.2
      vertex 6.53211 40.3431 3.4
      vertex 7.34884 40.2082 3.4
    endloop
  endfacet
  facet normal -0.0692929 -0.703874 0.706937
    outer loop
      vertex 7.45327 41.0014 4.2
      vertex 7.34884 40.2082 3.4
      vertex 8.17265 40.1271 3.4
    endloop
  endfacet
  facet normal -0.528043 -0.849218 0
    outer loop
      vertex 1.97204 42.2319 1.90735e-07
      vertex 2.675 41.7948 3.4
      vertex 1.97204 42.2319 3.4
    endloop
  endfacet
  facet normal -0.528043 -0.849218 -0
    outer loop
      vertex 2.675 41.7948 3.4
      vertex 1.97204 42.2319 1.90735e-07
      vertex 2.675 41.7948 1.90735e-07
    endloop
  endfacet
  facet normal -0.249106 -0.661979 0.706916
    outer loop
      vertex 4.4652 41.802 4.2
      vertex 4.15905 41.0629 3.4
      vertex 5.19094 41.5289 4.2
    endloop
  endfacet
  facet normal -0.412774 -0.910833 0
    outer loop
      vertex 3.40505 41.4046 1.90735e-07
      vertex 4.15905 41.0629 3.4
      vertex 3.40505 41.4046 3.4
    endloop
  endfacet
  facet normal -0.412774 -0.910833 -0
    outer loop
      vertex 4.15905 41.0629 3.4
      vertex 3.40505 41.4046 1.90735e-07
      vertex 4.15905 41.0629 1.90735e-07
    endloop
  endfacet
  facet normal 0.956934 -0.290306 0
    outer loop
      vertex 52.9787 48.6838 3.4
      vertex 53.219 49.4759 1.90735e-07
      vertex 53.219 49.4759 3.4
    endloop
  endfacet
  facet normal 0.956934 -0.290306 0
    outer loop
      vertex 53.219 49.4759 1.90735e-07
      vertex 52.9787 48.6838 3.4
      vertex 52.9787 48.6838 1.90735e-07
    endloop
  endfacet
  facet normal 0.99519 -0.0979608 0
    outer loop
      vertex 53.5418 51.0988 3.4
      vertex 53.6229 51.9227 1.90735e-07
      vertex 53.6229 51.9227 3.4
    endloop
  endfacet
  facet normal 0.99519 -0.0979608 0
    outer loop
      vertex 53.6229 51.9227 1.90735e-07
      vertex 53.5418 51.0988 3.4
      vertex 53.5418 51.0988 1.90735e-07
    endloop
  endfacet
  facet normal 0.986631 -0.162969 0
    outer loop
      vertex 53.4069 50.2821 3.4
      vertex 53.5418 51.0988 1.90735e-07
      vertex 53.5418 51.0988 3.4
    endloop
  endfacet
  facet normal 0.986631 -0.162969 0
    outer loop
      vertex 53.5418 51.0988 1.90735e-07
      vertex 53.4069 50.2821 3.4
      vertex 53.4069 50.2821 1.90735e-07
    endloop
  endfacet
  facet normal 0.973898 -0.226985 0
    outer loop
      vertex 53.219 49.4759 3.4
      vertex 53.4069 50.2821 1.90735e-07
      vertex 53.4069 50.2821 3.4
    endloop
  endfacet
  facet normal 0.973898 -0.226985 0
    outer loop
      vertex 53.4069 50.2821 1.90735e-07
      vertex 53.219 49.4759 3.4
      vertex 53.219 49.4759 1.90735e-07
    endloop
  endfacet
  facet normal 0.706917 0.0231566 0.706917
    outer loop
      vertex 53.6229 53.5773 3.4
      vertex 52.85 52.75 4.2
      vertex 53.65 52.75 3.4
    endloop
  endfacet
  facet normal 0.706917 -0.0231566 0.706917
    outer loop
      vertex 53.65 52.75 3.4
      vertex 52.85 52.75 4.2
      vertex 53.6229 51.9227 3.4
    endloop
  endfacet
  facet normal 0.333373 0.623785 0.706933
    outer loop
      vertex 46.595 64.0954 3.4
      vertex 46.2411 63.3779 4.2
      vertex 46.925 63.0124 4.2
    endloop
  endfacet
  facet normal 0.29196 0.64421 0.706932
    outer loop
      vertex 46.595 64.0954 3.4
      vertex 45.5348 63.698 4.2
      vertex 46.2411 63.3779 4.2
    endloop
  endfacet
  facet normal 0.412002 0.574905 0.706922
    outer loop
      vertex 48.7008 62.7859 3.4
      vertex 47.5835 62.6029 4.2
      vertex 48.2138 62.1512 4.2
    endloop
  endfacet
  facet normal 0.634355 0.773041 -0
    outer loop
      vertex 49.3407 62.2608 1.90735e-07
      vertex 48.7008 62.7859 3.4
      vertex 49.3407 62.2608 3.4
    endloop
  endfacet
  facet normal 0.634355 0.773041 0
    outer loop
      vertex 48.7008 62.7859 3.4
      vertex 49.3407 62.2608 1.90735e-07
      vertex 48.7008 62.7859 1.90735e-07
    endloop
  endfacet
  facet normal 0.773041 0.634355 0
    outer loop
      vertex 51.0359 60.4508 3.4
      vertex 50.5108 61.0907 1.90735e-07
      vertex 50.5108 61.0907 3.4
    endloop
  endfacet
  facet normal 0.773041 0.634355 0
    outer loop
      vertex 50.5108 61.0907 1.90735e-07
      vertex 51.0359 60.4508 3.4
      vertex 51.0359 60.4508 1.90735e-07
    endloop
  endfacet
  facet normal 0.483498 0.516221 0.706927
    outer loop
      vertex 49.9449 61.6949 3.4
      vertex 49.3407 62.2608 3.4
      vertex 49.3792 61.1292 4.2
    endloop
  endfacet
  facet normal 0.483483 0.516226 0.706934
    outer loop
      vertex 49.3407 62.2608 3.4
      vertex 48.8132 61.6593 4.2
      vertex 49.3792 61.1292 4.2
    endloop
  endfacet
  facet normal 0.0692851 0.703872 0.70694
    outer loop
      vertex 42.6512 65.2918 3.4
      vertex 41.8273 65.3729 3.4
      vertex 42.5467 64.4986 4.2
    endloop
  endfacet
  facet normal 0.115263 0.697817 0.706941
    outer loop
      vertex 42.6512 65.2918 3.4
      vertex 42.5467 64.4986 4.2
      vertex 43.4679 65.1569 3.4
    endloop
  endfacet
  facet normal 0.205297 0.676814 0.706948
    outer loop
      vertex 44.2741 64.969 3.4
      vertex 44.067 64.1962 4.2
      vertex 44.8091 63.9711 4.2
    endloop
  endfacet
  facet normal -0.986641 0.16291 0
    outer loop
      vertex -3.54178 54.4012 1.90735e-07
      vertex -3.40693 55.2179 3.4
      vertex -3.40693 55.2179 1.90735e-07
    endloop
  endfacet
  facet normal -0.986641 0.16291 0
    outer loop
      vertex -3.40693 55.2179 3.4
      vertex -3.54178 54.4012 1.90735e-07
      vertex -3.54178 54.4012 3.4
    endloop
  endfacet
  facet normal -0.97388 0.227065 0
    outer loop
      vertex -3.40693 55.2179 1.90735e-07
      vertex -3.21896 56.0241 3.4
      vertex -3.21896 56.0241 1.90735e-07
    endloop
  endfacet
  facet normal -0.97388 0.227065 0
    outer loop
      vertex -3.21896 56.0241 3.4
      vertex -3.40693 55.2179 1.90735e-07
      vertex -3.40693 55.2179 3.4
    endloop
  endfacet
  facet normal -0.70389 0.0693309 0.706918
    outer loop
      vertex -2.74862 54.2967 4.2
      vertex -3.62292 53.5773 3.4
      vertex -2.82463 53.525 4.2
    endloop
  endfacet
  facet normal -0.688817 0.160602 0.706921
    outer loop
      vertex -3.21896 56.0241 3.4
      vertex -3.40693 55.2179 3.4
      vertex -2.44622 55.817 4.2
    endloop
  endfacet
  facet normal -0.688817 0.160602 0.706921
    outer loop
      vertex -2.44622 55.817 4.2
      vertex -3.40693 55.2179 3.4
      vertex -2.6223 55.0618 4.2
    endloop
  endfacet
  facet normal 0.661942 0.249158 0.706932
    outer loop
      vertex 52.6871 57.5909 3.4
      vertex 52.2211 56.5591 4.2
      vertex 52.9787 56.8162 3.4
    endloop
  endfacet
  facet normal 0.661982 0.249121 0.706908
    outer loop
      vertex 52.6871 57.5909 3.4
      vertex 51.948 57.2848 4.2
      vertex 52.2211 56.5591 4.2
    endloop
  endfacet
  facet normal 0.600642 0.373457 0.706936
    outer loop
      vertex 51.5181 59.778 3.4
      vertex 50.8529 59.3335 4.2
      vertex 51.9552 59.075 3.4
    endloop
  endfacet
  facet normal 0.574876 0.412017 0.706937
    outer loop
      vertex 51.0359 60.4508 3.4
      vertex 50.8529 59.3335 4.2
      vertex 51.5181 59.778 3.4
    endloop
  endfacet
  facet normal 0.574905 0.412002 0.706922
    outer loop
      vertex 51.0359 60.4508 3.4
      vertex 50.4012 59.9638 4.2
      vertex 50.8529 59.3335 4.2
    endloop
  endfacet
  facet normal 0.249121 -0.661982 0.706908
    outer loop
      vertex 45.5348 41.802 4.2
      vertex 44.8091 41.5289 4.2
      vertex 45.8409 41.0629 3.4
    endloop
  endfacet
  facet normal 0.249158 -0.661942 0.706932
    outer loop
      vertex 45.8409 41.0629 3.4
      vertex 44.8091 41.5289 4.2
      vertex 45.0662 40.7713 3.4
    endloop
  endfacet
  facet normal 0.546751 -0.448694 0.706921
    outer loop
      vertex 50.4012 45.5362 4.2
      vertex 49.9093 44.9368 4.2
      vertex 51.0359 45.0492 3.4
    endloop
  endfacet
  facet normal 0.773041 -0.634355 0
    outer loop
      vertex 50.5108 44.4093 3.4
      vertex 51.0359 45.0492 1.90735e-07
      vertex 51.0359 45.0492 3.4
    endloop
  endfacet
  facet normal 0.773041 -0.634355 0
    outer loop
      vertex 51.0359 45.0492 1.90735e-07
      vertex 50.5108 44.4093 3.4
      vertex 50.5108 44.4093 1.90735e-07
    endloop
  endfacet
  facet normal 0.683595 -0.729861 0
    outer loop
      vertex 49.3407 43.2392 1.90735e-07
      vertex 49.9449 43.8051 3.4
      vertex 49.3407 43.2392 3.4
    endloop
  endfacet
  facet normal 0.683595 -0.729861 0
    outer loop
      vertex 49.9449 43.8051 3.4
      vertex 49.3407 43.2392 1.90735e-07
      vertex 49.9449 43.8051 1.90735e-07
    endloop
  endfacet
  facet normal 0.634355 -0.773041 0
    outer loop
      vertex 48.7008 42.7141 1.90735e-07
      vertex 49.3407 43.2392 3.4
      vertex 48.7008 42.7141 3.4
    endloop
  endfacet
  facet normal 0.634355 -0.773041 0
    outer loop
      vertex 49.3407 43.2392 3.4
      vertex 48.7008 42.7141 1.90735e-07
      vertex 49.3407 43.2392 1.90735e-07
    endloop
  endfacet
  facet normal 0.29196 -0.64421 0.706932
    outer loop
      vertex 46.2411 42.1221 4.2
      vertex 45.5348 41.802 4.2
      vertex 46.595 41.4046 3.4
    endloop
  endfacet
  facet normal 0.291926 -0.644253 0.706907
    outer loop
      vertex 46.595 41.4046 3.4
      vertex 45.5348 41.802 4.2
      vertex 45.8409 41.0629 3.4
    endloop
  endfacet
  facet normal 0.448667 -0.546757 0.706933
    outer loop
      vertex 48.8132 43.8407 4.2
      vertex 48.7008 42.7141 3.4
      vertex 49.3407 43.2392 3.4
    endloop
  endfacet
  facet normal 0.483483 -0.516226 0.706934
    outer loop
      vertex 49.3792 44.3708 4.2
      vertex 48.8132 43.8407 4.2
      vertex 49.3407 43.2392 3.4
    endloop
  endfacet
  facet normal 0.290306 -0.956934 0
    outer loop
      vertex 44.2741 40.531 1.90735e-07
      vertex 45.0662 40.7713 3.4
      vertex 44.2741 40.531 3.4
    endloop
  endfacet
  facet normal 0.290306 -0.956934 0
    outer loop
      vertex 45.0662 40.7713 3.4
      vertex 44.2741 40.531 1.90735e-07
      vertex 45.0662 40.7713 1.90735e-07
    endloop
  endfacet
  facet normal 0.623784 -0.333425 0.70691
    outer loop
      vertex 52.3454 47.155 3.4
      vertex 51.2624 46.825 4.2
      vertex 51.9552 46.425 3.4
    endloop
  endfacet
  facet normal 0.600637 -0.373517 0.70691
    outer loop
      vertex 51.2624 46.825 4.2
      vertex 50.8529 46.1665 4.2
      vertex 51.9552 46.425 3.4
    endloop
  endfacet
  facet normal 0.661942 -0.249158 0.706932
    outer loop
      vertex 52.9787 48.6838 3.4
      vertex 52.2211 48.9409 4.2
      vertex 52.6871 47.9091 3.4
    endloop
  endfacet
  facet normal 0.661982 -0.249121 0.706908
    outer loop
      vertex 52.2211 48.9409 4.2
      vertex 51.948 48.2152 4.2
      vertex 52.6871 47.9091 3.4
    endloop
  endfacet
  facet normal -0.600636 -0.373503 0.706917
    outer loop
      vertex -1.2624 46.825 4.2
      vertex -1.95522 46.425 3.4
      vertex -0.852915 46.1665 4.2
    endloop
  endfacet
  facet normal -0.706917 -0.0231413 0.706918
    outer loop
      vertex -2.85 52.75 4.2
      vertex -3.62292 51.9227 3.4
      vertex -2.82463 51.975 4.2
    endloop
  endfacet
  facet normal -0.812819 -0.582516 0
    outer loop
      vertex -1.03592 45.0492 1.90735e-07
      vertex -1.51809 45.722 3.4
      vertex -1.51809 45.722 1.90735e-07
    endloop
  endfacet
  facet normal -0.812819 -0.582516 0
    outer loop
      vertex -1.51809 45.722 3.4
      vertex -1.03592 45.0492 1.90735e-07
      vertex -1.03592 45.0492 3.4
    endloop
  endfacet
  facet normal -0.956937 -0.290295 0
    outer loop
      vertex -2.97867 48.6838 1.90735e-07
      vertex -3.21896 49.4759 3.4
      vertex -3.21896 49.4759 1.90735e-07
    endloop
  endfacet
  facet normal -0.956937 -0.290295 0
    outer loop
      vertex -3.21896 49.4759 3.4
      vertex -2.97867 48.6838 1.90735e-07
      vertex -2.97867 48.6838 3.4
    endloop
  endfacet
  facet normal -0.697846 -0.115216 0.70692
    outer loop
      vertex -2.74862 51.2033 4.2
      vertex -3.40693 50.2821 3.4
      vertex -2.6223 50.4382 4.2
    endloop
  endfacet
  facet normal -0.0693213 -0.703885 0.706923
    outer loop
      vertex 8.22497 40.9254 4.2
      vertex 7.45327 41.0014 4.2
      vertex 8.17265 40.1271 3.4
    endloop
  endfacet
  facet normal -0.205313 -0.676817 0.706941
    outer loop
      vertex 5.19094 41.5289 4.2
      vertex 4.93379 40.7713 3.4
      vertex 5.72594 40.531 3.4
    endloop
  endfacet
  facet normal -0.249143 -0.661939 0.70694
    outer loop
      vertex 5.19094 41.5289 4.2
      vertex 4.15905 41.0629 3.4
      vertex 4.93379 40.7713 3.4
    endloop
  endfacet
  facet normal -0.205311 -0.676816 0.706942
    outer loop
      vertex 5.93299 41.3038 4.2
      vertex 5.19094 41.5289 4.2
      vertex 5.72594 40.531 3.4
    endloop
  endfacet
  facet normal -0.160546 -0.68881 0.706941
    outer loop
      vertex 5.93299 41.3038 4.2
      vertex 5.72594 40.531 3.4
      vertex 6.53211 40.3431 3.4
    endloop
  endfacet
  facet normal -0.291959 -0.644225 0.706919
    outer loop
      vertex 3.75888 42.1221 4.2
      vertex 3.40505 41.4046 3.4
      vertex 4.4652 41.802 4.2
    endloop
  endfacet
  facet normal -0.291954 -0.64423 0.706916
    outer loop
      vertex 4.4652 41.802 4.2
      vertex 3.40505 41.4046 3.4
      vertex 4.15905 41.0629 3.4
    endloop
  endfacet
  facet normal 0.697817 -0.115263 0.706941
    outer loop
      vertex 53.5418 51.0988 3.4
      vertex 52.7486 51.2033 4.2
      vertex 53.4069 50.2821 3.4
    endloop
  endfacet
  facet normal 0.703872 -0.0692851 0.70694
    outer loop
      vertex 53.6229 51.9227 3.4
      vertex 52.7486 51.2033 4.2
      vertex 53.5418 51.0988 3.4
    endloop
  endfacet
  facet normal 0.676814 -0.205297 0.706948
    outer loop
      vertex 52.4462 49.683 4.2
      vertex 52.2211 48.9409 4.2
      vertex 53.219 49.4759 3.4
    endloop
  endfacet
  facet normal 0.688806 -0.160539 0.706946
    outer loop
      vertex 53.4069 50.2821 3.4
      vertex 52.4462 49.683 4.2
      vertex 53.219 49.4759 3.4
    endloop
  endfacet
  facet normal 0.58254 0.812802 -0
    outer loop
      vertex 48.7008 62.7859 1.90735e-07
      vertex 48.028 63.2681 3.4
      vertex 48.7008 62.7859 3.4
    endloop
  endfacet
  facet normal 0.58254 0.812802 0
    outer loop
      vertex 48.028 63.2681 3.4
      vertex 48.7008 62.7859 1.90735e-07
      vertex 48.028 63.2681 1.90735e-07
    endloop
  endfacet
  facet normal 0.729861 0.683595 0
    outer loop
      vertex 50.5108 61.0907 3.4
      vertex 49.9449 61.6949 1.90735e-07
      vertex 49.9449 61.6949 3.4
    endloop
  endfacet
  facet normal 0.729861 0.683595 0
    outer loop
      vertex 49.9449 61.6949 1.90735e-07
      vertex 50.5108 61.0907 3.4
      vertex 50.5108 61.0907 1.90735e-07
    endloop
  endfacet
  facet normal 0.546751 0.448694 0.706921
    outer loop
      vertex 51.0359 60.4508 3.4
      vertex 49.9093 60.5632 4.2
      vertex 50.4012 59.9638 4.2
    endloop
  endfacet
  facet normal 0.546757 0.448667 0.706933
    outer loop
      vertex 50.5108 61.0907 3.4
      vertex 49.9093 60.5632 4.2
      vertex 51.0359 60.4508 3.4
    endloop
  endfacet
  facet normal 0.688826 0.160623 0.706908
    outer loop
      vertex 53.4069 55.2179 3.4
      vertex 52.4462 55.817 4.2
      vertex 52.6223 55.0618 4.2
    endloop
  endfacet
  facet normal 0.623785 0.333373 0.706933
    outer loop
      vertex 52.3454 58.345 3.4
      vertex 51.2624 58.675 4.2
      vertex 51.6279 57.9911 4.2
    endloop
  endfacet
  facet normal 0.600637 0.373517 0.70691
    outer loop
      vertex 51.9552 59.075 3.4
      vertex 50.8529 59.3335 4.2
      vertex 51.2624 58.675 4.2
    endloop
  endfacet
  facet normal 0.471403 -0.881918 0
    outer loop
      vertex 46.595 41.4046 1.90735e-07
      vertex 47.325 41.7948 3.4
      vertex 46.595 41.4046 3.4
    endloop
  endfacet
  facet normal 0.471403 -0.881918 0
    outer loop
      vertex 47.325 41.7948 3.4
      vertex 46.595 41.4046 1.90735e-07
      vertex 47.325 41.7948 1.90735e-07
    endloop
  endfacet
  facet normal 0.333425 -0.623784 0.70691
    outer loop
      vertex 46.925 42.4876 4.2
      vertex 46.595 41.4046 3.4
      vertex 47.325 41.7948 3.4
    endloop
  endfacet
  facet normal 0.205297 -0.676814 0.706948
    outer loop
      vertex 44.8091 41.5289 4.2
      vertex 44.067 41.3038 4.2
      vertex 44.2741 40.531 3.4
    endloop
  endfacet
  facet normal -0.623771 -0.333401 0.706933
    outer loop
      vertex -1.62794 47.5089 4.2
      vertex -2.34544 47.155 3.4
      vertex -1.2624 46.825 4.2
    endloop
  endfacet
  facet normal -0.54674 -0.448717 0.706915
    outer loop
      vertex -0.401237 45.5362 4.2
      vertex -1.03592 45.0492 3.4
      vertex 0.0906992 44.9368 4.2
    endloop
  endfacet
  facet normal -0.729878 -0.683578 0
    outer loop
      vertex 0.0550995 43.8051 1.90735e-07
      vertex -0.510773 44.4093 3.4
      vertex -0.510773 44.4093 1.90735e-07
    endloop
  endfacet
  facet normal -0.729878 -0.683578 0
    outer loop
      vertex -0.510773 44.4093 3.4
      vertex 0.0550995 43.8051 1.90735e-07
      vertex 0.0550995 43.8051 3.4
    endloop
  endfacet
  facet normal -0.483511 -0.516215 0.706922
    outer loop
      vertex 0.620785 44.3708 4.2
      vertex 0.0550995 43.8051 3.4
      vertex 0.659276 43.2392 3.4
    endloop
  endfacet
  facet normal -0.448674 -0.546761 0.706926
    outer loop
      vertex 1.18675 43.8407 4.2
      vertex 0.659276 43.2392 3.4
      vertex 1.29917 42.7141 3.4
    endloop
  endfacet
  facet normal -0.68361 -0.729848 0
    outer loop
      vertex 0.0550995 43.8051 1.90735e-07
      vertex 0.659276 43.2392 3.4
      vertex 0.0550995 43.8051 3.4
    endloop
  endfacet
  facet normal -0.68361 -0.729848 -0
    outer loop
      vertex 0.659276 43.2392 3.4
      vertex 0.0550995 43.8051 1.90735e-07
      vertex 0.659276 43.2392 1.90735e-07
    endloop
  endfacet
  facet normal -0.160625 -0.688829 0.706905
    outer loop
      vertex 6.68818 41.1277 4.2
      vertex 5.93299 41.3038 4.2
      vertex 6.53211 40.3431 3.4
    endloop
  endfacet
  facet normal -0.676842 -0.205325 0.706913
    outer loop
      vertex -2.22112 48.9409 4.2
      vertex -3.21896 49.4759 3.4
      vertex -2.97867 48.6838 3.4
    endloop
  endfacet
  facet normal -0.57492 -0.411992 0.706915
    outer loop
      vertex -0.852915 46.1665 4.2
      vertex -1.03592 45.0492 3.4
      vertex -0.401237 45.5362 4.2
    endloop
  endfacet
  facet normal -0.546744 -0.448697 0.706924
    outer loop
      vertex 0.0906992 44.9368 4.2
      vertex -1.03592 45.0492 3.4
      vertex -0.510773 44.4093 3.4
    endloop
  endfacet
  facet normal -0.483504 -0.516217 0.706926
    outer loop
      vertex 1.18675 43.8407 4.2
      vertex 0.620785 44.3708 4.2
      vertex 0.659276 43.2392 3.4
    endloop
  endfacet
  facet normal -0.644268 -0.291881 0.706912
    outer loop
      vertex -1.94797 48.2152 4.2
      vertex -2.68708 47.9091 3.4
      vertex -2.34544 47.155 3.4
    endloop
  endfacet
  facet normal -0.661962 -0.249159 0.706913
    outer loop
      vertex -2.22112 48.9409 4.2
      vertex -2.68708 47.9091 3.4
      vertex -1.94797 48.2152 4.2
    endloop
  endfacet
  facet normal -0.676838 -0.205304 0.706923
    outer loop
      vertex -2.44622 49.683 4.2
      vertex -3.21896 49.4759 3.4
      vertex -2.22112 48.9409 4.2
    endloop
  endfacet
  facet normal -0.516239 -0.483482 0.706925
    outer loop
      vertex 0.0906992 44.9368 4.2
      vertex -0.510773 44.4093 3.4
      vertex 0.620785 44.3708 4.2
    endloop
  endfacet
  facet normal -0.516237 -0.483489 0.706922
    outer loop
      vertex 0.620785 44.3708 4.2
      vertex -0.510773 44.4093 3.4
      vertex 0.0550995 43.8051 3.4
    endloop
  endfacet
  facet normal -0.411996 -0.574906 0.706924
    outer loop
      vertex 2.41649 42.8971 4.2
      vertex 1.29917 42.7141 3.4
      vertex 1.97204 42.2319 3.4
    endloop
  endfacet
  facet normal -0.373479 -0.600642 0.706925
    outer loop
      vertex 2.41649 42.8971 4.2
      vertex 1.97204 42.2319 3.4
      vertex 2.675 41.7948 3.4
    endloop
  endfacet
  facet normal -0.644235 -0.291908 0.706931
    outer loop
      vertex -1.94797 48.2152 4.2
      vertex -2.34544 47.155 3.4
      vertex -1.62794 47.5089 4.2
    endloop
  endfacet
  facet normal -0.688817 -0.160602 0.706921
    outer loop
      vertex -2.6223 50.4382 4.2
      vertex -3.40693 50.2821 3.4
      vertex -2.44622 49.683 4.2
    endloop
  endfacet
  facet normal -0.448678 -0.54676 0.706924
    outer loop
      vertex 1.78618 43.3488 4.2
      vertex 1.18675 43.8407 4.2
      vertex 1.29917 42.7141 3.4
    endloop
  endfacet
  facet normal -0.999466 -0.0326731 0
    outer loop
      vertex 19.15 52.75 1.1
      vertex 19.1283 53.4138 4.2
      vertex 19.1283 53.4138 1.1
    endloop
  endfacet
  facet normal -0.999466 -0.0326731 0
    outer loop
      vertex 19.1283 53.4138 4.2
      vertex 19.15 52.75 1.1
      vertex 19.15 52.75 4.2
    endloop
  endfacet
  facet normal 0.0326711 -0.999466 0
    outer loop
      vertex 8.33616 62.8783 1.1
      vertex 9 62.9 4.2
      vertex 8.33616 62.8783 4.2
    endloop
  endfacet
  facet normal 0.0326711 -0.999466 0
    outer loop
      vertex 9 62.9 4.2
      vertex 8.33616 62.8783 1.1
      vertex 9 62.9 1.1
    endloop
  endfacet
  facet normal -0.683696 -0.729767 0
    outer loop
      vertex 15.6924 60.3812 1.1
      vertex 16.1771 59.9271 4.2
      vertex 15.6924 60.3812 4.2
    endloop
  endfacet
  facet normal -0.683696 -0.729767 -0
    outer loop
      vertex 16.1771 59.9271 4.2
      vertex 15.6924 60.3812 1.1
      vertex 16.1771 59.9271 1.1
    endloop
  endfacet
  facet normal 0.729812 -0.683648 0
    outer loop
      vertex 1.36883 59.4424 4.2
      vertex 1.82287 59.9271 1.1
      vertex 1.82287 59.9271 4.2
    endloop
  endfacet
  facet normal 0.729812 -0.683648 0
    outer loop
      vertex 1.82287 59.9271 1.1
      vertex 1.36883 59.4424 4.2
      vertex 1.36883 59.4424 1.1
    endloop
  endfacet
  facet normal 0.412685 -0.910874 0
    outer loop
      vertex 4.51077 61.8533 1.1
      vertex 5.11576 62.1274 4.2
      vertex 4.51077 61.8533 4.2
    endloop
  endfacet
  facet normal 0.412685 -0.910874 0
    outer loop
      vertex 5.11576 62.1274 4.2
      vertex 4.51077 61.8533 1.1
      vertex 5.11576 62.1274 1.1
    endloop
  endfacet
  facet normal -0.910876 -0.41268 0
    outer loop
      vertex 18.3774 56.6342 1.1
      vertex 18.1033 57.2392 4.2
      vertex 18.1033 57.2392 1.1
    endloop
  endfacet
  facet normal -0.910876 -0.41268 0
    outer loop
      vertex 18.1033 57.2392 4.2
      vertex 18.3774 56.6342 1.1
      vertex 18.3774 56.6342 4.2
    endloop
  endfacet
  facet normal -0.352179 -0.935933 0
    outer loop
      vertex 12.2626 62.3613 1.1
      vertex 12.8842 62.1274 4.2
      vertex 12.2626 62.3613 4.2
    endloop
  endfacet
  facet normal -0.352179 -0.935933 -0
    outer loop
      vertex 12.8842 62.1274 4.2
      vertex 12.2626 62.3613 1.1
      vertex 12.8842 62.1274 1.1
    endloop
  endfacet
  facet normal -0.528157 -0.849147 0
    outer loop
      vertex 14.075 61.5402 1.1
      vertex 14.639 61.1894 4.2
      vertex 14.075 61.5402 4.2
    endloop
  endfacet
  facet normal -0.528157 -0.849147 -0
    outer loop
      vertex 14.639 61.1894 4.2
      vertex 14.075 61.5402 1.1
      vertex 14.639 61.1894 1.1
    endloop
  endfacet
  facet normal 0.935901 -0.352264 0
    outer loop
      vertex -0.611341 56.0126 4.2
      vertex -0.377377 56.6342 1.1
      vertex -0.377377 56.6342 4.2
    endloop
  endfacet
  facet normal 0.935901 -0.352264 0
    outer loop
      vertex -0.377377 56.6342 1.1
      vertex -0.611341 56.0126 4.2
      vertex -0.611341 56.0126 1.1
    endloop
  endfacet
  facet normal 0.227188 -0.973851 0
    outer loop
      vertex 6.37299 62.5541 1.1
      vertex 7.01983 62.705 4.2
      vertex 6.37299 62.5541 4.2
    endloop
  endfacet
  facet normal 0.227188 -0.973851 0
    outer loop
      vertex 7.01983 62.705 4.2
      vertex 6.37299 62.5541 1.1
      vertex 7.01983 62.705 1.1
    endloop
  endfacet
  facet normal -0.956943 0.290275 0
    outer loop
      vertex 18.6113 49.4874 1.1
      vertex 18.8041 50.123 4.2
      vertex 18.8041 50.123 1.1
    endloop
  endfacet
  facet normal -0.956943 0.290275 0
    outer loop
      vertex 18.8041 50.123 4.2
      vertex 18.6113 49.4874 1.1
      vertex 18.6113 49.4874 4.2
    endloop
  endfacet
  facet normal 0.0326711 0.999466 -0
    outer loop
      vertex 9 42.6 1.1
      vertex 8.33616 42.6217 4.2
      vertex 9 42.6 4.2
    endloop
  endfacet
  facet normal 0.0326711 0.999466 0
    outer loop
      vertex 8.33616 42.6217 4.2
      vertex 9 42.6 1.1
      vertex 8.33616 42.6217 1.1
    endloop
  endfacet
  facet normal -0.227201 0.973848 0
    outer loop
      vertex 11.627 42.9459 1.1
      vertex 10.9802 42.795 4.2
      vertex 11.627 42.9459 4.2
    endloop
  endfacet
  facet normal -0.227201 0.973848 0
    outer loop
      vertex 10.9802 42.795 4.2
      vertex 11.627 42.9459 1.1
      vertex 10.9802 42.795 1.1
    endloop
  endfacet
  facet normal -0.973848 -0.227201 0
    outer loop
      vertex 18.955 54.7302 1.1
      vertex 18.8041 55.377 4.2
      vertex 18.8041 55.377 1.1
    endloop
  endfacet
  facet normal -0.973848 -0.227201 0
    outer loop
      vertex 18.8041 55.377 4.2
      vertex 18.955 54.7302 1.1
      vertex 18.955 54.7302 4.2
    endloop
  endfacet
  facet normal -0.956943 -0.290275 0
    outer loop
      vertex 18.8041 55.377 1.1
      vertex 18.6113 56.0126 4.2
      vertex 18.6113 56.0126 1.1
    endloop
  endfacet
  facet normal -0.956943 -0.290275 0
    outer loop
      vertex 18.6113 56.0126 4.2
      vertex 18.8041 55.377 1.1
      vertex 18.8041 55.377 4.2
    endloop
  endfacet
  facet normal -0.812837 -0.582491 0
    outer loop
      vertex 17.4394 58.389 1.1
      vertex 17.0525 58.9289 4.2
      vertex 17.0525 58.9289 1.1
    endloop
  endfacet
  facet normal -0.812837 -0.582491 0
    outer loop
      vertex 17.0525 58.9289 4.2
      vertex 17.4394 58.389 1.1
      vertex 17.4394 58.389 4.2
    endloop
  endfacet
  facet normal -0.881932 -0.471377 0
    outer loop
      vertex 18.1033 57.2392 1.1
      vertex 17.7902 57.825 4.2
      vertex 17.7902 57.825 1.1
    endloop
  endfacet
  facet normal -0.881932 -0.471377 0
    outer loop
      vertex 17.7902 57.825 4.2
      vertex 18.1033 57.2392 1.1
      vertex 18.1033 57.2392 4.2
    endloop
  endfacet
  facet normal -0.162885 -0.986645 0
    outer loop
      vertex 10.3248 62.8132 1.1
      vertex 10.9802 62.705 4.2
      vertex 10.3248 62.8132 4.2
    endloop
  endfacet
  facet normal -0.162885 -0.986645 -0
    outer loop
      vertex 10.9802 62.705 4.2
      vertex 10.3248 62.8132 1.1
      vertex 10.9802 62.705 1.1
    endloop
  endfacet
  facet normal -0.471377 -0.881932 0
    outer loop
      vertex 13.4892 61.8533 1.1
      vertex 14.075 61.5402 4.2
      vertex 13.4892 61.8533 4.2
    endloop
  endfacet
  facet normal -0.471377 -0.881932 -0
    outer loop
      vertex 14.075 61.5402 4.2
      vertex 13.4892 61.8533 1.1
      vertex 14.075 61.5402 1.1
    endloop
  endfacet
  facet normal -0.634287 -0.773098 0
    outer loop
      vertex 15.1789 60.8025 1.1
      vertex 15.6924 60.3812 4.2
      vertex 15.1789 60.8025 4.2
    endloop
  endfacet
  facet normal -0.634287 -0.773098 -0
    outer loop
      vertex 15.6924 60.3812 4.2
      vertex 15.1789 60.8025 1.1
      vertex 15.6924 60.3812 1.1
    endloop
  endfacet
  facet normal 0.986647 -0.162871 0
    outer loop
      vertex -1.06316 54.0748 4.2
      vertex -0.95497 54.7302 1.1
      vertex -0.95497 54.7302 4.2
    endloop
  endfacet
  facet normal 0.986647 -0.162871 0
    outer loop
      vertex -0.95497 54.7302 1.1
      vertex -1.06316 54.0748 4.2
      vertex -1.06316 54.0748 1.1
    endloop
  endfacet
  facet normal 0 0 1
    outer loop
      vertex 19.1283 53.4138 1.1
      vertex 19.1283 52.0862 1.1
      vertex 19.15 52.75 1.1
    endloop
  endfacet
  facet normal 0 0 1
    outer loop
      vertex 19.0632 54.0748 1.1
      vertex 19.1283 52.0862 1.1
      vertex 19.1283 53.4138 1.1
    endloop
  endfacet
  facet normal 0 0 1
    outer loop
      vertex 19.0632 54.0748 1.1
      vertex 19.0632 51.4252 1.1
      vertex 19.1283 52.0862 1.1
    endloop
  endfacet
  facet normal 0 0 1
    outer loop
      vertex 18.955 54.7302 1.1
      vertex 19.0632 51.4252 1.1
      vertex 19.0632 54.0748 1.1
    endloop
  endfacet
  facet normal 0 0 1
    outer loop
      vertex 18.955 54.7302 1.1
      vertex 18.955 50.7698 1.1
      vertex 19.0632 51.4252 1.1
    endloop
  endfacet
  facet normal 0 0 1
    outer loop
      vertex 18.8041 55.377 1.1
      vertex 18.955 50.7698 1.1
      vertex 18.955 54.7302 1.1
    endloop
  endfacet
  facet normal 0 0 1
    outer loop
      vertex 18.8041 55.377 1.1
      vertex 18.8041 50.123 1.1
      vertex 18.955 50.7698 1.1
    endloop
  endfacet
  facet normal 0 0 1
    outer loop
      vertex 18.6113 56.0126 1.1
      vertex 18.8041 50.123 1.1
      vertex 18.8041 55.377 1.1
    endloop
  endfacet
  facet normal 0 0 1
    outer loop
      vertex 18.6113 56.0126 1.1
      vertex 18.6113 49.4874 1.1
      vertex 18.8041 50.123 1.1
    endloop
  endfacet
  facet normal 0 0 1
    outer loop
      vertex 18.3774 56.6342 1.1
      vertex 18.6113 49.4874 1.1
      vertex 18.6113 56.0126 1.1
    endloop
  endfacet
  facet normal 0 0 1
    outer loop
      vertex 18.3774 56.6342 1.1
      vertex 18.3774 48.8658 1.1
      vertex 18.6113 49.4874 1.1
    endloop
  endfacet
  facet normal 0 0 1
    outer loop
      vertex 18.1033 57.2392 1.1
      vertex 18.3774 48.8658 1.1
      vertex 18.3774 56.6342 1.1
    endloop
  endfacet
  facet normal 0 0 1
    outer loop
      vertex 18.1033 57.2392 1.1
      vertex 18.1033 48.2608 1.1
      vertex 18.3774 48.8658 1.1
    endloop
  endfacet
  facet normal 0 0 1
    outer loop
      vertex 17.7902 57.825 1.1
      vertex 18.1033 48.2608 1.1
      vertex 18.1033 57.2392 1.1
    endloop
  endfacet
  facet normal 0 0 1
    outer loop
      vertex 17.7902 57.825 1.1
      vertex 17.7902 47.675 1.1
      vertex 18.1033 48.2608 1.1
    endloop
  endfacet
  facet normal 0 0 1
    outer loop
      vertex 17.4394 58.389 1.1
      vertex 17.7902 47.675 1.1
      vertex 17.7902 57.825 1.1
    endloop
  endfacet
  facet normal 0 0 1
    outer loop
      vertex 17.4394 58.389 1.1
      vertex 17.4394 47.111 1.1
      vertex 17.7902 47.675 1.1
    endloop
  endfacet
  facet normal 0 0 1
    outer loop
      vertex 17.0525 58.9289 1.1
      vertex 17.4394 47.111 1.1
      vertex 17.4394 58.389 1.1
    endloop
  endfacet
  facet normal 0 0 1
    outer loop
      vertex 17.0525 58.9289 1.1
      vertex 17.0525 46.5711 1.1
      vertex 17.4394 47.111 1.1
    endloop
  endfacet
  facet normal 0 0 1
    outer loop
      vertex 16.6312 59.4424 1.1
      vertex 17.0525 46.5711 1.1
      vertex 17.0525 58.9289 1.1
    endloop
  endfacet
  facet normal 0 0 1
    outer loop
      vertex 16.6312 59.4424 1.1
      vertex 16.6312 46.0576 1.1
      vertex 17.0525 46.5711 1.1
    endloop
  endfacet
  facet normal 0 0 1
    outer loop
      vertex 16.1771 59.9271 1.1
      vertex 16.6312 46.0576 1.1
      vertex 16.6312 59.4424 1.1
    endloop
  endfacet
  facet normal 0 0 1
    outer loop
      vertex 16.1771 59.9271 1.1
      vertex 16.1771 45.5729 1.1
      vertex 16.6312 46.0576 1.1
    endloop
  endfacet
  facet normal 0 0 1
    outer loop
      vertex 15.6924 60.3812 1.1
      vertex 16.1771 45.5729 1.1
      vertex 16.1771 59.9271 1.1
    endloop
  endfacet
  facet normal 0 0 1
    outer loop
      vertex 15.6924 60.3812 1.1
      vertex 15.6924 45.1188 1.1
      vertex 16.1771 45.5729 1.1
    endloop
  endfacet
  facet normal 0 0 1
    outer loop
      vertex 15.1789 60.8025 1.1
      vertex 15.6924 45.1188 1.1
      vertex 15.6924 60.3812 1.1
    endloop
  endfacet
  facet normal 0 0 1
    outer loop
      vertex 15.1789 60.8025 1.1
      vertex 15.1789 44.6975 1.1
      vertex 15.6924 45.1188 1.1
    endloop
  endfacet
  facet normal 0 0 1
    outer loop
      vertex 14.639 61.1894 1.1
      vertex 15.1789 44.6975 1.1
      vertex 15.1789 60.8025 1.1
    endloop
  endfacet
  facet normal 0 0 1
    outer loop
      vertex 14.639 61.1894 1.1
      vertex 14.639 44.3106 1.1
      vertex 15.1789 44.6975 1.1
    endloop
  endfacet
  facet normal 0 0 1
    outer loop
      vertex 14.075 61.5402 1.1
      vertex 14.639 44.3106 1.1
      vertex 14.639 61.1894 1.1
    endloop
  endfacet
  facet normal 0 0 1
    outer loop
      vertex 14.075 61.5402 1.1
      vertex 14.075 43.9598 1.1
      vertex 14.639 44.3106 1.1
    endloop
  endfacet
  facet normal 0 0 1
    outer loop
      vertex 13.4892 61.8533 1.1
      vertex 14.075 43.9598 1.1
      vertex 14.075 61.5402 1.1
    endloop
  endfacet
  facet normal 0 0 1
    outer loop
      vertex 13.4892 61.8533 1.1
      vertex 13.4892 43.6467 1.1
      vertex 14.075 43.9598 1.1
    endloop
  endfacet
  facet normal 0 0 1
    outer loop
      vertex 12.8842 62.1274 1.1
      vertex 13.4892 43.6467 1.1
      vertex 13.4892 61.8533 1.1
    endloop
  endfacet
  facet normal 0 0 1
    outer loop
      vertex 12.8842 62.1274 1.1
      vertex 12.8842 43.3726 1.1
      vertex 13.4892 43.6467 1.1
    endloop
  endfacet
  facet normal 0 0 1
    outer loop
      vertex 12.2626 62.3613 1.1
      vertex 12.8842 43.3726 1.1
      vertex 12.8842 62.1274 1.1
    endloop
  endfacet
  facet normal 0 0 1
    outer loop
      vertex 12.2626 62.3613 1.1
      vertex 12.2626 43.1387 1.1
      vertex 12.8842 43.3726 1.1
    endloop
  endfacet
  facet normal 0 0 1
    outer loop
      vertex 11.627 62.5541 1.1
      vertex 12.2626 43.1387 1.1
      vertex 12.2626 62.3613 1.1
    endloop
  endfacet
  facet normal 0 0 1
    outer loop
      vertex 11.627 62.5541 1.1
      vertex 11.627 42.9459 1.1
      vertex 12.2626 43.1387 1.1
    endloop
  endfacet
  facet normal 0 0 1
    outer loop
      vertex 10.9802 62.705 1.1
      vertex 11.627 42.9459 1.1
      vertex 11.627 62.5541 1.1
    endloop
  endfacet
  facet normal 0 0 1
    outer loop
      vertex 10.9802 62.705 1.1
      vertex 10.9802 42.795 1.1
      vertex 11.627 42.9459 1.1
    endloop
  endfacet
  facet normal 0 0 1
    outer loop
      vertex 10.3248 62.8132 1.1
      vertex 10.9802 42.795 1.1
      vertex 10.9802 62.705 1.1
    endloop
  endfacet
  facet normal 0 0 1
    outer loop
      vertex 10.3248 62.8132 1.1
      vertex 10.3248 42.6868 1.1
      vertex 10.9802 42.795 1.1
    endloop
  endfacet
  facet normal 0 0 1
    outer loop
      vertex 9.66384 62.8783 1.1
      vertex 10.3248 42.6868 1.1
      vertex 10.3248 62.8132 1.1
    endloop
  endfacet
  facet normal 0 0 1
    outer loop
      vertex 9.66384 62.8783 1.1
      vertex 9.66384 42.6217 1.1
      vertex 10.3248 42.6868 1.1
    endloop
  endfacet
  facet normal 0 0 1
    outer loop
      vertex 9 62.9 1.1
      vertex 9.66384 42.6217 1.1
      vertex 9.66384 62.8783 1.1
    endloop
  endfacet
  facet normal 0 0 1
    outer loop
      vertex 9 62.9 1.1
      vertex 9 42.6 1.1
      vertex 9.66384 42.6217 1.1
    endloop
  endfacet
  facet normal -0 0 1
    outer loop
      vertex 8.33616 62.8783 1.1
      vertex 9 42.6 1.1
      vertex 9 62.9 1.1
    endloop
  endfacet
  facet normal 0 0 1
    outer loop
      vertex 8.33616 62.8783 1.1
      vertex 8.33616 42.6217 1.1
      vertex 9 42.6 1.1
    endloop
  endfacet
  facet normal -0 0 1
    outer loop
      vertex 7.67516 62.8132 1.1
      vertex 8.33616 42.6217 1.1
      vertex 8.33616 62.8783 1.1
    endloop
  endfacet
  facet normal 0 0 1
    outer loop
      vertex 7.67516 62.8132 1.1
      vertex 7.67516 42.6868 1.1
      vertex 8.33616 42.6217 1.1
    endloop
  endfacet
  facet normal -0 0 1
    outer loop
      vertex 7.01983 62.705 1.1
      vertex 7.67516 42.6868 1.1
      vertex 7.67516 62.8132 1.1
    endloop
  endfacet
  facet normal 0 0 1
    outer loop
      vertex 7.01983 62.705 1.1
      vertex 7.01983 42.795 1.1
      vertex 7.67516 42.6868 1.1
    endloop
  endfacet
  facet normal -0 0 1
    outer loop
      vertex 6.37299 62.5541 1.1
      vertex 7.01983 42.795 1.1
      vertex 7.01983 62.705 1.1
    endloop
  endfacet
  facet normal 0 0 1
    outer loop
      vertex 6.37299 62.5541 1.1
      vertex 6.37299 42.9459 1.1
      vertex 7.01983 42.795 1.1
    endloop
  endfacet
  facet normal -0 0 1
    outer loop
      vertex 5.73739 62.3613 1.1
      vertex 6.37299 42.9459 1.1
      vertex 6.37299 62.5541 1.1
    endloop
  endfacet
  facet normal 0 0 1
    outer loop
      vertex 5.73739 62.3613 1.1
      vertex 5.73739 43.1387 1.1
      vertex 6.37299 42.9459 1.1
    endloop
  endfacet
  facet normal -0 0 1
    outer loop
      vertex 5.11576 62.1274 1.1
      vertex 5.73739 43.1387 1.1
      vertex 5.73739 62.3613 1.1
    endloop
  endfacet
  facet normal 0 0 1
    outer loop
      vertex 5.11576 62.1274 1.1
      vertex 5.11576 43.3726 1.1
      vertex 5.73739 43.1387 1.1
    endloop
  endfacet
  facet normal -0 0 1
    outer loop
      vertex 4.51077 61.8533 1.1
      vertex 5.11576 43.3726 1.1
      vertex 5.11576 62.1274 1.1
    endloop
  endfacet
  facet normal 0 0 1
    outer loop
      vertex 4.51077 61.8533 1.1
      vertex 4.51077 43.6467 1.1
      vertex 5.11576 43.3726 1.1
    endloop
  endfacet
  facet normal -0 0 1
    outer loop
      vertex 3.925 61.5402 1.1
      vertex 4.51077 43.6467 1.1
      vertex 4.51077 61.8533 1.1
    endloop
  endfacet
  facet normal 0 0 1
    outer loop
      vertex 3.925 61.5402 1.1
      vertex 3.925 43.9598 1.1
      vertex 4.51077 43.6467 1.1
    endloop
  endfacet
  facet normal -0 0 1
    outer loop
      vertex 3.36096 61.1894 1.1
      vertex 3.925 43.9598 1.1
      vertex 3.925 61.5402 1.1
    endloop
  endfacet
  facet normal 0 0 1
    outer loop
      vertex 3.36096 61.1894 1.1
      vertex 3.36096 44.3106 1.1
      vertex 3.925 43.9598 1.1
    endloop
  endfacet
  facet normal -0 0 1
    outer loop
      vertex 2.82107 60.8025 1.1
      vertex 3.36096 44.3106 1.1
      vertex 3.36096 61.1894 1.1
    endloop
  endfacet
  facet normal 0 0 1
    outer loop
      vertex 2.82107 60.8025 1.1
      vertex 2.82107 44.6975 1.1
      vertex 3.36096 44.3106 1.1
    endloop
  endfacet
  facet normal -0 0 1
    outer loop
      vertex 2.30764 60.3812 1.1
      vertex 2.82107 44.6975 1.1
      vertex 2.82107 60.8025 1.1
    endloop
  endfacet
  facet normal 0 0 1
    outer loop
      vertex 2.30764 60.3812 1.1
      vertex 2.30764 45.1188 1.1
      vertex 2.82107 44.6975 1.1
    endloop
  endfacet
  facet normal -0 0 1
    outer loop
      vertex 1.82287 59.9271 1.1
      vertex 2.30764 45.1188 1.1
      vertex 2.30764 60.3812 1.1
    endloop
  endfacet
  facet normal 0 0 1
    outer loop
      vertex 1.82287 59.9271 1.1
      vertex 1.82287 45.5729 1.1
      vertex 2.30764 45.1188 1.1
    endloop
  endfacet
  facet normal -0 0 1
    outer loop
      vertex 1.36883 59.4424 1.1
      vertex 1.82287 45.5729 1.1
      vertex 1.82287 59.9271 1.1
    endloop
  endfacet
  facet normal 0 0 1
    outer loop
      vertex 1.36883 59.4424 1.1
      vertex 1.36883 46.0576 1.1
      vertex 1.82287 45.5729 1.1
    endloop
  endfacet
  facet normal -0 0 1
    outer loop
      vertex 0.947463 58.9289 1.1
      vertex 1.36883 46.0576 1.1
      vertex 1.36883 59.4424 1.1
    endloop
  endfacet
  facet normal 0 0 1
    outer loop
      vertex 0.947463 58.9289 1.1
      vertex 0.947463 46.5711 1.1
      vertex 1.36883 46.0576 1.1
    endloop
  endfacet
  facet normal -0 0 1
    outer loop
      vertex 0.560583 58.389 1.1
      vertex 0.947463 46.5711 1.1
      vertex 0.947463 58.9289 1.1
    endloop
  endfacet
  facet normal 0 0 1
    outer loop
      vertex 0.560583 58.389 1.1
      vertex 0.560583 47.111 1.1
      vertex 0.947463 46.5711 1.1
    endloop
  endfacet
  facet normal -0 0 1
    outer loop
      vertex 0.209842 57.825 1.1
      vertex 0.560583 47.111 1.1
      vertex 0.560583 58.389 1.1
    endloop
  endfacet
  facet normal 0 0 1
    outer loop
      vertex 0.209842 57.825 1.1
      vertex 0.209842 47.675 1.1
      vertex 0.560583 47.111 1.1
    endloop
  endfacet
  facet normal -0 0 1
    outer loop
      vertex -0.103258 57.2392 1.1
      vertex 0.209842 47.675 1.1
      vertex 0.209842 57.825 1.1
    endloop
  endfacet
  facet normal 0 0 1
    outer loop
      vertex -0.103258 57.2392 1.1
      vertex -0.103258 48.2608 1.1
      vertex 0.209842 47.675 1.1
    endloop
  endfacet
  facet normal -0 0 1
    outer loop
      vertex -0.377377 56.6342 1.1
      vertex -0.103258 48.2608 1.1
      vertex -0.103258 57.2392 1.1
    endloop
  endfacet
  facet normal 0 0 1
    outer loop
      vertex -0.377377 56.6342 1.1
      vertex -0.377377 48.8658 1.1
      vertex -0.103258 48.2608 1.1
    endloop
  endfacet
  facet normal -0 0 1
    outer loop
      vertex -0.611341 56.0126 1.1
      vertex -0.377377 48.8658 1.1
      vertex -0.377377 56.6342 1.1
    endloop
  endfacet
  facet normal 0 0 1
    outer loop
      vertex -0.611341 56.0126 1.1
      vertex -0.611341 49.4874 1.1
      vertex -0.377377 48.8658 1.1
    endloop
  endfacet
  facet normal -0 0 1
    outer loop
      vertex -0.804147 55.377 1.1
      vertex -0.611341 49.4874 1.1
      vertex -0.611341 56.0126 1.1
    endloop
  endfacet
  facet normal 0 0 1
    outer loop
      vertex -0.804147 55.377 1.1
      vertex -0.804147 50.123 1.1
      vertex -0.611341 49.4874 1.1
    endloop
  endfacet
  facet normal -0 0 1
    outer loop
      vertex -0.95497 54.7302 1.1
      vertex -0.804147 50.123 1.1
      vertex -0.804147 55.377 1.1
    endloop
  endfacet
  facet normal 0 0 1
    outer loop
      vertex -0.95497 54.7302 1.1
      vertex -0.95497 50.7698 1.1
      vertex -0.804147 50.123 1.1
    endloop
  endfacet
  facet normal -0 0 1
    outer loop
      vertex -1.06316 54.0748 1.1
      vertex -0.95497 50.7698 1.1
      vertex -0.95497 54.7302 1.1
    endloop
  endfacet
  facet normal 0 0 1
    outer loop
      vertex -1.06316 54.0748 1.1
      vertex -1.06316 51.4252 1.1
      vertex -0.95497 50.7698 1.1
    endloop
  endfacet
  facet normal -0 0 1
    outer loop
      vertex -1.12827 53.4138 1.1
      vertex -1.06316 51.4252 1.1
      vertex -1.06316 54.0748 1.1
    endloop
  endfacet
  facet normal 0 0 1
    outer loop
      vertex -1.12827 53.4138 1.1
      vertex -1.12827 52.0862 1.1
      vertex -1.06316 51.4252 1.1
    endloop
  endfacet
  facet normal 0 -0 1
    outer loop
      vertex -1.12827 52.0862 1.1
      vertex -1.12827 53.4138 1.1
      vertex -1.15 52.75 1.1
    endloop
  endfacet
  facet normal 0.849186 -0.528093 0
    outer loop
      vertex 0.209842 57.825 4.2
      vertex 0.560583 58.389 1.1
      vertex 0.560583 58.389 4.2
    endloop
  endfacet
  facet normal 0.849186 -0.528093 0
    outer loop
      vertex 0.560583 58.389 1.1
      vertex 0.209842 57.825 4.2
      vertex 0.209842 57.825 1.1
    endloop
  endfacet
  facet normal 0.773049 -0.634347 0
    outer loop
      vertex 0.947463 58.9289 4.2
      vertex 1.36883 59.4424 1.1
      vertex 1.36883 59.4424 4.2
    endloop
  endfacet
  facet normal 0.773049 -0.634347 0
    outer loop
      vertex 1.36883 59.4424 1.1
      vertex 0.947463 58.9289 4.2
      vertex 0.947463 58.9289 1.1
    endloop
  endfacet
  facet normal 0.881932 -0.471377 0
    outer loop
      vertex -0.103258 57.2392 4.2
      vertex 0.209842 57.825 1.1
      vertex 0.209842 57.825 4.2
    endloop
  endfacet
  facet normal 0.881932 -0.471377 0
    outer loop
      vertex 0.209842 57.825 1.1
      vertex -0.103258 57.2392 4.2
      vertex -0.103258 57.2392 1.1
    endloop
  endfacet
  facet normal 0.973874 -0.227091 0
    outer loop
      vertex -0.95497 54.7302 4.2
      vertex -0.804147 55.377 1.1
      vertex -0.804147 55.377 4.2
    endloop
  endfacet
  facet normal 0.973874 -0.227091 0
    outer loop
      vertex -0.804147 55.377 1.1
      vertex -0.95497 54.7302 4.2
      vertex -0.95497 54.7302 1.1
    endloop
  endfacet
  facet normal 0.999465 -0.0327182 0
    outer loop
      vertex -1.15 52.75 4.2
      vertex -1.12827 53.4138 1.1
      vertex -1.12827 53.4138 4.2
    endloop
  endfacet
  facet normal 0.999465 -0.0327182 0
    outer loop
      vertex -1.12827 53.4138 1.1
      vertex -1.15 52.75 4.2
      vertex -1.15 52.75 1.1
    endloop
  endfacet
  facet normal 0.52813 -0.849163 0
    outer loop
      vertex 3.36096 61.1894 1.1
      vertex 3.925 61.5402 4.2
      vertex 3.36096 61.1894 4.2
    endloop
  endfacet
  facet normal 0.52813 -0.849163 0
    outer loop
      vertex 3.925 61.5402 4.2
      vertex 3.36096 61.1894 1.1
      vertex 3.925 61.5402 1.1
    endloop
  endfacet
  facet normal 0.471396 -0.881922 0
    outer loop
      vertex 3.925 61.5402 1.1
      vertex 4.51077 61.8533 4.2
      vertex 3.925 61.5402 4.2
    endloop
  endfacet
  facet normal 0.471396 -0.881922 0
    outer loop
      vertex 4.51077 61.8533 4.2
      vertex 3.925 61.5402 1.1
      vertex 4.51077 61.8533 1.1
    endloop
  endfacet
  facet normal 0.683643 -0.729816 0
    outer loop
      vertex 1.82287 59.9271 1.1
      vertex 2.30764 60.3812 4.2
      vertex 1.82287 59.9271 4.2
    endloop
  endfacet
  facet normal 0.683643 -0.729816 0
    outer loop
      vertex 2.30764 60.3812 4.2
      vertex 1.82287 59.9271 1.1
      vertex 2.30764 60.3812 1.1
    endloop
  endfacet
  facet normal 0.290275 -0.956943 0
    outer loop
      vertex 5.73739 62.3613 1.1
      vertex 6.37299 62.5541 4.2
      vertex 5.73739 62.3613 4.2
    endloop
  endfacet
  facet normal 0.290275 -0.956943 0
    outer loop
      vertex 6.37299 62.5541 4.2
      vertex 5.73739 62.3613 1.1
      vertex 6.37299 62.5541 1.1
    endloop
  endfacet
  facet normal 0.0980129 -0.995185 0
    outer loop
      vertex 7.67516 62.8132 1.1
      vertex 8.33616 62.8783 4.2
      vertex 7.67516 62.8132 4.2
    endloop
  endfacet
  facet normal 0.0980129 -0.995185 0
    outer loop
      vertex 8.33616 62.8783 4.2
      vertex 7.67516 62.8132 1.1
      vertex 8.33616 62.8783 1.1
    endloop
  endfacet
  facet normal -0.999466 0.0326731 0
    outer loop
      vertex 19.1283 52.0862 1.1
      vertex 19.15 52.75 4.2
      vertex 19.15 52.75 1.1
    endloop
  endfacet
  facet normal -0.999466 0.0326731 0
    outer loop
      vertex 19.15 52.75 4.2
      vertex 19.1283 52.0862 1.1
      vertex 19.1283 52.0862 4.2
    endloop
  endfacet
  facet normal -0.0980188 0.995185 0
    outer loop
      vertex 10.3248 42.6868 1.1
      vertex 9.66384 42.6217 4.2
      vertex 10.3248 42.6868 4.2
    endloop
  endfacet
  facet normal -0.0980188 0.995185 0
    outer loop
      vertex 9.66384 42.6217 4.2
      vertex 10.3248 42.6868 1.1
      vertex 9.66384 42.6217 1.1
    endloop
  endfacet
  facet normal -0.41268 0.910876 0
    outer loop
      vertex 13.4892 43.6467 1.1
      vertex 12.8842 43.3726 4.2
      vertex 13.4892 43.6467 4.2
    endloop
  endfacet
  facet normal -0.41268 0.910876 0
    outer loop
      vertex 12.8842 43.3726 4.2
      vertex 13.4892 43.6467 1.1
      vertex 12.8842 43.3726 1.1
    endloop
  endfacet
  facet normal -0.986645 -0.162885 0
    outer loop
      vertex 19.0632 54.0748 1.1
      vertex 18.955 54.7302 4.2
      vertex 18.955 54.7302 1.1
    endloop
  endfacet
  facet normal -0.986645 -0.162885 0
    outer loop
      vertex 18.955 54.7302 4.2
      vertex 19.0632 54.0748 1.1
      vertex 19.0632 54.0748 4.2
    endloop
  endfacet
  facet normal -0.995185 -0.0980129 0
    outer loop
      vertex 19.1283 53.4138 1.1
      vertex 19.0632 54.0748 4.2
      vertex 19.0632 54.0748 1.1
    endloop
  endfacet
  facet normal -0.995185 -0.0980129 0
    outer loop
      vertex 19.0632 54.0748 4.2
      vertex 19.1283 53.4138 1.1
      vertex 19.1283 53.4138 4.2
    endloop
  endfacet
  facet normal -0.935933 -0.352179 0
    outer loop
      vertex 18.6113 56.0126 1.1
      vertex 18.3774 56.6342 4.2
      vertex 18.3774 56.6342 1.1
    endloop
  endfacet
  facet normal -0.935933 -0.352179 0
    outer loop
      vertex 18.3774 56.6342 4.2
      vertex 18.6113 56.0126 1.1
      vertex 18.6113 56.0126 4.2
    endloop
  endfacet
  facet normal -0.773098 -0.634287 0
    outer loop
      vertex 17.0525 58.9289 1.1
      vertex 16.6312 59.4424 4.2
      vertex 16.6312 59.4424 1.1
    endloop
  endfacet
  facet normal -0.773098 -0.634287 0
    outer loop
      vertex 16.6312 59.4424 4.2
      vertex 17.0525 58.9289 1.1
      vertex 17.0525 58.9289 4.2
    endloop
  endfacet
  facet normal -0.729767 -0.683696 0
    outer loop
      vertex 16.6312 59.4424 1.1
      vertex 16.1771 59.9271 4.2
      vertex 16.1771 59.9271 1.1
    endloop
  endfacet
  facet normal -0.729767 -0.683696 0
    outer loop
      vertex 16.1771 59.9271 4.2
      vertex 16.6312 59.4424 1.1
      vertex 16.6312 59.4424 4.2
    endloop
  endfacet
  facet normal -0.849147 -0.528157 0
    outer loop
      vertex 17.7902 57.825 1.1
      vertex 17.4394 58.389 4.2
      vertex 17.4394 58.389 1.1
    endloop
  endfacet
  facet normal -0.849147 -0.528157 0
    outer loop
      vertex 17.4394 58.389 4.2
      vertex 17.7902 57.825 1.1
      vertex 17.7902 57.825 4.2
    endloop
  endfacet
  facet normal -0.227201 -0.973848 0
    outer loop
      vertex 10.9802 62.705 1.1
      vertex 11.627 62.5541 4.2
      vertex 10.9802 62.705 4.2
    endloop
  endfacet
  facet normal -0.227201 -0.973848 -0
    outer loop
      vertex 11.627 62.5541 4.2
      vertex 10.9802 62.705 1.1
      vertex 11.627 62.5541 1.1
    endloop
  endfacet
  facet normal -0.290275 -0.956943 0
    outer loop
      vertex 11.627 62.5541 1.1
      vertex 12.2626 62.3613 4.2
      vertex 11.627 62.5541 4.2
    endloop
  endfacet
  facet normal -0.290275 -0.956943 -0
    outer loop
      vertex 12.2626 62.3613 4.2
      vertex 11.627 62.5541 1.1
      vertex 12.2626 62.3613 1.1
    endloop
  endfacet
  facet normal -0.0980188 -0.995185 0
    outer loop
      vertex 9.66384 62.8783 1.1
      vertex 10.3248 62.8132 4.2
      vertex 9.66384 62.8783 4.2
    endloop
  endfacet
  facet normal -0.0980188 -0.995185 -0
    outer loop
      vertex 10.3248 62.8132 4.2
      vertex 9.66384 62.8783 1.1
      vertex 10.3248 62.8132 1.1
    endloop
  endfacet
  facet normal -0.0326711 -0.999466 0
    outer loop
      vertex 9 62.9 1.1
      vertex 9.66384 62.8783 4.2
      vertex 9 62.9 4.2
    endloop
  endfacet
  facet normal -0.0326711 -0.999466 -0
    outer loop
      vertex 9.66384 62.8783 4.2
      vertex 9 62.9 1.1
      vertex 9.66384 62.8783 1.1
    endloop
  endfacet
  facet normal -0.41268 -0.910876 0
    outer loop
      vertex 12.8842 62.1274 1.1
      vertex 13.4892 61.8533 4.2
      vertex 12.8842 62.1274 4.2
    endloop
  endfacet
  facet normal -0.41268 -0.910876 -0
    outer loop
      vertex 13.4892 61.8533 4.2
      vertex 12.8842 62.1274 1.1
      vertex 13.4892 61.8533 1.1
    endloop
  endfacet
  facet normal -0.582491 -0.812837 0
    outer loop
      vertex 14.639 61.1894 1.1
      vertex 15.1789 60.8025 4.2
      vertex 14.639 61.1894 4.2
    endloop
  endfacet
  facet normal -0.582491 -0.812837 -0
    outer loop
      vertex 15.1789 60.8025 4.2
      vertex 14.639 61.1894 1.1
      vertex 15.1789 60.8025 1.1
    endloop
  endfacet
  facet normal 0.812852 -0.582471 0
    outer loop
      vertex 0.560583 58.389 4.2
      vertex 0.947463 58.9289 1.1
      vertex 0.947463 58.9289 4.2
    endloop
  endfacet
  facet normal 0.812852 -0.582471 0
    outer loop
      vertex 0.947463 58.9289 1.1
      vertex 0.560583 58.389 4.2
      vertex 0.560583 58.389 1.1
    endloop
  endfacet
  facet normal 0.999465 0.0327182 0
    outer loop
      vertex -1.12827 52.0862 4.2
      vertex -1.15 52.75 1.1
      vertex -1.15 52.75 4.2
    endloop
  endfacet
  facet normal 0.999465 0.0327182 0
    outer loop
      vertex -1.15 52.75 1.1
      vertex -1.12827 52.0862 4.2
      vertex -1.12827 52.0862 1.1
    endloop
  endfacet
  facet normal 0.582498 -0.812832 0
    outer loop
      vertex 2.82107 60.8025 1.1
      vertex 3.36096 61.1894 4.2
      vertex 2.82107 60.8025 4.2
    endloop
  endfacet
  facet normal 0.582498 -0.812832 0
    outer loop
      vertex 3.36096 61.1894 4.2
      vertex 2.82107 60.8025 1.1
      vertex 3.36096 61.1894 1.1
    endloop
  endfacet
  facet normal 0.634338 -0.773056 0
    outer loop
      vertex 2.30764 60.3812 1.1
      vertex 2.82107 60.8025 4.2
      vertex 2.30764 60.3812 4.2
    endloop
  endfacet
  facet normal 0.634338 -0.773056 0
    outer loop
      vertex 2.82107 60.8025 4.2
      vertex 2.30764 60.3812 1.1
      vertex 2.82107 60.8025 1.1
    endloop
  endfacet
  facet normal 0.162902 -0.986642 0
    outer loop
      vertex 7.01983 62.705 1.1
      vertex 7.67516 62.8132 4.2
      vertex 7.01983 62.705 4.2
    endloop
  endfacet
  facet normal 0.162902 -0.986642 0
    outer loop
      vertex 7.67516 62.8132 4.2
      vertex 7.01983 62.705 1.1
      vertex 7.67516 62.8132 1.1
    endloop
  endfacet
  facet normal -0.881932 0.471377 0
    outer loop
      vertex 17.7902 47.675 1.1
      vertex 18.1033 48.2608 4.2
      vertex 18.1033 48.2608 1.1
    endloop
  endfacet
  facet normal -0.881932 0.471377 0
    outer loop
      vertex 18.1033 48.2608 4.2
      vertex 17.7902 47.675 1.1
      vertex 17.7902 47.675 4.2
    endloop
  endfacet
  facet normal -0.986645 0.162885 0
    outer loop
      vertex 18.955 50.7698 1.1
      vertex 19.0632 51.4252 4.2
      vertex 19.0632 51.4252 1.1
    endloop
  endfacet
  facet normal -0.986645 0.162885 0
    outer loop
      vertex 19.0632 51.4252 4.2
      vertex 18.955 50.7698 1.1
      vertex 18.955 50.7698 4.2
    endloop
  endfacet
  facet normal -0.973848 0.227201 0
    outer loop
      vertex 18.8041 50.123 1.1
      vertex 18.955 50.7698 4.2
      vertex 18.955 50.7698 1.1
    endloop
  endfacet
  facet normal -0.973848 0.227201 0
    outer loop
      vertex 18.955 50.7698 4.2
      vertex 18.8041 50.123 1.1
      vertex 18.8041 50.123 4.2
    endloop
  endfacet
  facet normal -0.995185 0.0980129 0
    outer loop
      vertex 19.0632 51.4252 1.1
      vertex 19.1283 52.0862 4.2
      vertex 19.1283 52.0862 1.1
    endloop
  endfacet
  facet normal -0.995185 0.0980129 0
    outer loop
      vertex 19.1283 52.0862 4.2
      vertex 19.0632 51.4252 1.1
      vertex 19.0632 51.4252 4.2
    endloop
  endfacet
  facet normal 0.956941 0.290283 0
    outer loop
      vertex -0.611341 49.4874 4.2
      vertex -0.804147 50.123 1.1
      vertex -0.804147 50.123 4.2
    endloop
  endfacet
  facet normal 0.956941 0.290283 0
    outer loop
      vertex -0.804147 50.123 1.1
      vertex -0.611341 49.4874 4.2
      vertex -0.611341 49.4874 1.1
    endloop
  endfacet
  facet normal -0.352179 0.935933 0
    outer loop
      vertex 12.8842 43.3726 1.1
      vertex 12.2626 43.1387 4.2
      vertex 12.8842 43.3726 4.2
    endloop
  endfacet
  facet normal -0.352179 0.935933 0
    outer loop
      vertex 12.2626 43.1387 4.2
      vertex 12.8842 43.3726 1.1
      vertex 12.2626 43.1387 1.1
    endloop
  endfacet
  facet normal -0.162885 0.986645 0
    outer loop
      vertex 10.9802 42.795 1.1
      vertex 10.3248 42.6868 4.2
      vertex 10.9802 42.795 4.2
    endloop
  endfacet
  facet normal -0.162885 0.986645 0
    outer loop
      vertex 10.3248 42.6868 4.2
      vertex 10.9802 42.795 1.1
      vertex 10.3248 42.6868 1.1
    endloop
  endfacet
  facet normal 0.910865 -0.412703 0
    outer loop
      vertex -0.377377 56.6342 4.2
      vertex -0.103258 57.2392 1.1
      vertex -0.103258 57.2392 4.2
    endloop
  endfacet
  facet normal 0.910865 -0.412703 0
    outer loop
      vertex -0.103258 57.2392 1.1
      vertex -0.377377 56.6342 4.2
      vertex -0.377377 56.6342 1.1
    endloop
  endfacet
  facet normal 0.956941 -0.290283 0
    outer loop
      vertex -0.804147 55.377 4.2
      vertex -0.611341 56.0126 1.1
      vertex -0.611341 56.0126 4.2
    endloop
  endfacet
  facet normal 0.956941 -0.290283 0
    outer loop
      vertex -0.611341 56.0126 1.1
      vertex -0.804147 55.377 4.2
      vertex -0.804147 55.377 1.1
    endloop
  endfacet
  facet normal 0.995184 -0.0980279 0
    outer loop
      vertex -1.12827 53.4138 4.2
      vertex -1.06316 54.0748 1.1
      vertex -1.06316 54.0748 4.2
    endloop
  endfacet
  facet normal 0.995184 -0.0980279 0
    outer loop
      vertex -1.06316 54.0748 1.1
      vertex -1.12827 53.4138 4.2
      vertex -1.12827 53.4138 1.1
    endloop
  endfacet
  facet normal 0.352164 -0.935938 0
    outer loop
      vertex 5.11576 62.1274 1.1
      vertex 5.73739 62.3613 4.2
      vertex 5.11576 62.1274 4.2
    endloop
  endfacet
  facet normal 0.352164 -0.935938 0
    outer loop
      vertex 5.73739 62.3613 4.2
      vertex 5.11576 62.1274 1.1
      vertex 5.73739 62.3613 1.1
    endloop
  endfacet
  facet normal -0.773098 0.634287 0
    outer loop
      vertex 16.6312 46.0576 1.1
      vertex 17.0525 46.5711 4.2
      vertex 17.0525 46.5711 1.1
    endloop
  endfacet
  facet normal -0.773098 0.634287 0
    outer loop
      vertex 17.0525 46.5711 4.2
      vertex 16.6312 46.0576 1.1
      vertex 16.6312 46.0576 4.2
    endloop
  endfacet
  facet normal -0.471377 0.881932 0
    outer loop
      vertex 14.075 43.9598 1.1
      vertex 13.4892 43.6467 4.2
      vertex 14.075 43.9598 4.2
    endloop
  endfacet
  facet normal -0.471377 0.881932 0
    outer loop
      vertex 13.4892 43.6467 4.2
      vertex 14.075 43.9598 1.1
      vertex 13.4892 43.6467 1.1
    endloop
  endfacet
  facet normal -0.582491 0.812837 0
    outer loop
      vertex 15.1789 44.6975 1.1
      vertex 14.639 44.3106 4.2
      vertex 15.1789 44.6975 4.2
    endloop
  endfacet
  facet normal -0.582491 0.812837 0
    outer loop
      vertex 14.639 44.3106 4.2
      vertex 15.1789 44.6975 1.1
      vertex 14.639 44.3106 1.1
    endloop
  endfacet
  facet normal -0.910876 0.41268 0
    outer loop
      vertex 18.1033 48.2608 1.1
      vertex 18.3774 48.8658 4.2
      vertex 18.3774 48.8658 1.1
    endloop
  endfacet
  facet normal -0.910876 0.41268 0
    outer loop
      vertex 18.3774 48.8658 4.2
      vertex 18.1033 48.2608 1.1
      vertex 18.1033 48.2608 4.2
    endloop
  endfacet
  facet normal -0.935933 0.352179 0
    outer loop
      vertex 18.3774 48.8658 1.1
      vertex 18.6113 49.4874 4.2
      vertex 18.6113 49.4874 1.1
    endloop
  endfacet
  facet normal -0.935933 0.352179 0
    outer loop
      vertex 18.6113 49.4874 4.2
      vertex 18.3774 48.8658 1.1
      vertex 18.3774 48.8658 4.2
    endloop
  endfacet
  facet normal -0.0326711 0.999466 0
    outer loop
      vertex 9.66384 42.6217 1.1
      vertex 9 42.6 4.2
      vertex 9.66384 42.6217 4.2
    endloop
  endfacet
  facet normal -0.0326711 0.999466 0
    outer loop
      vertex 9 42.6 4.2
      vertex 9.66384 42.6217 1.1
      vertex 9 42.6 1.1
    endloop
  endfacet
  facet normal 0.162902 0.986642 -0
    outer loop
      vertex 7.67516 42.6868 1.1
      vertex 7.01983 42.795 4.2
      vertex 7.67516 42.6868 4.2
    endloop
  endfacet
  facet normal 0.162902 0.986642 0
    outer loop
      vertex 7.01983 42.795 4.2
      vertex 7.67516 42.6868 1.1
      vertex 7.01983 42.795 1.1
    endloop
  endfacet
  facet normal 0.812852 0.582471 0
    outer loop
      vertex 0.947463 46.5711 4.2
      vertex 0.560583 47.111 1.1
      vertex 0.560583 47.111 4.2
    endloop
  endfacet
  facet normal 0.812852 0.582471 0
    outer loop
      vertex 0.560583 47.111 1.1
      vertex 0.947463 46.5711 4.2
      vertex 0.947463 46.5711 1.1
    endloop
  endfacet
  facet normal 0.881932 0.471377 0
    outer loop
      vertex 0.209842 47.675 4.2
      vertex -0.103258 48.2608 1.1
      vertex -0.103258 48.2608 4.2
    endloop
  endfacet
  facet normal 0.881932 0.471377 0
    outer loop
      vertex -0.103258 48.2608 1.1
      vertex 0.209842 47.675 4.2
      vertex 0.209842 47.675 1.1
    endloop
  endfacet
  facet normal 0.683643 0.729816 -0
    outer loop
      vertex 2.30764 45.1188 1.1
      vertex 1.82287 45.5729 4.2
      vertex 2.30764 45.1188 4.2
    endloop
  endfacet
  facet normal 0.683643 0.729816 0
    outer loop
      vertex 1.82287 45.5729 4.2
      vertex 2.30764 45.1188 1.1
      vertex 1.82287 45.5729 1.1
    endloop
  endfacet
  facet normal 0.995184 0.0980279 0
    outer loop
      vertex -1.06316 51.4252 4.2
      vertex -1.12827 52.0862 1.1
      vertex -1.12827 52.0862 4.2
    endloop
  endfacet
  facet normal 0.995184 0.0980279 0
    outer loop
      vertex -1.12827 52.0862 1.1
      vertex -1.06316 51.4252 4.2
      vertex -1.06316 51.4252 1.1
    endloop
  endfacet
  facet normal 0.973874 0.227091 0
    outer loop
      vertex -0.804147 50.123 4.2
      vertex -0.95497 50.7698 1.1
      vertex -0.95497 50.7698 4.2
    endloop
  endfacet
  facet normal 0.973874 0.227091 0
    outer loop
      vertex -0.95497 50.7698 1.1
      vertex -0.804147 50.123 4.2
      vertex -0.804147 50.123 1.1
    endloop
  endfacet
  facet normal -0.849147 0.528157 0
    outer loop
      vertex 17.4394 47.111 1.1
      vertex 17.7902 47.675 4.2
      vertex 17.7902 47.675 1.1
    endloop
  endfacet
  facet normal -0.849147 0.528157 0
    outer loop
      vertex 17.7902 47.675 4.2
      vertex 17.4394 47.111 1.1
      vertex 17.4394 47.111 4.2
    endloop
  endfacet
  facet normal -0.812837 0.582491 0
    outer loop
      vertex 17.0525 46.5711 1.1
      vertex 17.4394 47.111 4.2
      vertex 17.4394 47.111 1.1
    endloop
  endfacet
  facet normal -0.812837 0.582491 0
    outer loop
      vertex 17.4394 47.111 4.2
      vertex 17.0525 46.5711 1.1
      vertex 17.0525 46.5711 4.2
    endloop
  endfacet
  facet normal -0.634287 0.773098 0
    outer loop
      vertex 15.6924 45.1188 1.1
      vertex 15.1789 44.6975 4.2
      vertex 15.6924 45.1188 4.2
    endloop
  endfacet
  facet normal -0.634287 0.773098 0
    outer loop
      vertex 15.1789 44.6975 4.2
      vertex 15.6924 45.1188 1.1
      vertex 15.1789 44.6975 1.1
    endloop
  endfacet
  facet normal -0.729767 0.683696 0
    outer loop
      vertex 16.1771 45.5729 1.1
      vertex 16.6312 46.0576 4.2
      vertex 16.6312 46.0576 1.1
    endloop
  endfacet
  facet normal -0.729767 0.683696 0
    outer loop
      vertex 16.6312 46.0576 4.2
      vertex 16.1771 45.5729 1.1
      vertex 16.1771 45.5729 4.2
    endloop
  endfacet
  facet normal -0.683696 0.729767 0
    outer loop
      vertex 16.1771 45.5729 1.1
      vertex 15.6924 45.1188 4.2
      vertex 16.1771 45.5729 4.2
    endloop
  endfacet
  facet normal -0.683696 0.729767 0
    outer loop
      vertex 15.6924 45.1188 4.2
      vertex 16.1771 45.5729 1.1
      vertex 15.6924 45.1188 1.1
    endloop
  endfacet
  facet normal 0.0980129 0.995185 -0
    outer loop
      vertex 8.33616 42.6217 1.1
      vertex 7.67516 42.6868 4.2
      vertex 8.33616 42.6217 4.2
    endloop
  endfacet
  facet normal 0.0980129 0.995185 0
    outer loop
      vertex 7.67516 42.6868 4.2
      vertex 8.33616 42.6217 1.1
      vertex 7.67516 42.6868 1.1
    endloop
  endfacet
  facet normal 0.290275 0.956943 -0
    outer loop
      vertex 6.37299 42.9459 1.1
      vertex 5.73739 43.1387 4.2
      vertex 6.37299 42.9459 4.2
    endloop
  endfacet
  facet normal 0.290275 0.956943 0
    outer loop
      vertex 5.73739 43.1387 4.2
      vertex 6.37299 42.9459 1.1
      vertex 5.73739 43.1387 1.1
    endloop
  endfacet
  facet normal 0.227188 0.973851 -0
    outer loop
      vertex 7.01983 42.795 1.1
      vertex 6.37299 42.9459 4.2
      vertex 7.01983 42.795 4.2
    endloop
  endfacet
  facet normal 0.227188 0.973851 0
    outer loop
      vertex 6.37299 42.9459 4.2
      vertex 7.01983 42.795 1.1
      vertex 6.37299 42.9459 1.1
    endloop
  endfacet
  facet normal 0.773049 0.634347 0
    outer loop
      vertex 1.36883 46.0576 4.2
      vertex 0.947463 46.5711 1.1
      vertex 0.947463 46.5711 4.2
    endloop
  endfacet
  facet normal 0.773049 0.634347 0
    outer loop
      vertex 0.947463 46.5711 1.1
      vertex 1.36883 46.0576 4.2
      vertex 1.36883 46.0576 1.1
    endloop
  endfacet
  facet normal 0.849186 0.528093 0
    outer loop
      vertex 0.560583 47.111 4.2
      vertex 0.209842 47.675 1.1
      vertex 0.209842 47.675 4.2
    endloop
  endfacet
  facet normal 0.849186 0.528093 0
    outer loop
      vertex 0.209842 47.675 1.1
      vertex 0.560583 47.111 4.2
      vertex 0.560583 47.111 1.1
    endloop
  endfacet
  facet normal 0.910865 0.412703 0
    outer loop
      vertex -0.103258 48.2608 4.2
      vertex -0.377377 48.8658 1.1
      vertex -0.377377 48.8658 4.2
    endloop
  endfacet
  facet normal 0.910865 0.412703 0
    outer loop
      vertex -0.377377 48.8658 1.1
      vertex -0.103258 48.2608 4.2
      vertex -0.103258 48.2608 1.1
    endloop
  endfacet
  facet normal 0.935901 0.352264 0
    outer loop
      vertex -0.377377 48.8658 4.2
      vertex -0.611341 49.4874 1.1
      vertex -0.611341 49.4874 4.2
    endloop
  endfacet
  facet normal 0.935901 0.352264 0
    outer loop
      vertex -0.611341 49.4874 1.1
      vertex -0.377377 48.8658 4.2
      vertex -0.377377 48.8658 1.1
    endloop
  endfacet
  facet normal 0.986647 0.162871 0
    outer loop
      vertex -0.95497 50.7698 4.2
      vertex -1.06316 51.4252 1.1
      vertex -1.06316 51.4252 4.2
    endloop
  endfacet
  facet normal 0.986647 0.162871 0
    outer loop
      vertex -1.06316 51.4252 1.1
      vertex -0.95497 50.7698 4.2
      vertex -0.95497 50.7698 1.1
    endloop
  endfacet
  facet normal -0.290275 0.956943 0
    outer loop
      vertex 12.2626 43.1387 1.1
      vertex 11.627 42.9459 4.2
      vertex 12.2626 43.1387 4.2
    endloop
  endfacet
  facet normal -0.290275 0.956943 0
    outer loop
      vertex 11.627 42.9459 4.2
      vertex 12.2626 43.1387 1.1
      vertex 11.627 42.9459 1.1
    endloop
  endfacet
  facet normal -0.528157 0.849147 0
    outer loop
      vertex 14.639 44.3106 1.1
      vertex 14.075 43.9598 4.2
      vertex 14.639 44.3106 4.2
    endloop
  endfacet
  facet normal -0.528157 0.849147 0
    outer loop
      vertex 14.075 43.9598 4.2
      vertex 14.639 44.3106 1.1
      vertex 14.075 43.9598 1.1
    endloop
  endfacet
  facet normal 0.634338 0.773056 -0
    outer loop
      vertex 2.82107 44.6975 1.1
      vertex 2.30764 45.1188 4.2
      vertex 2.82107 44.6975 4.2
    endloop
  endfacet
  facet normal 0.634338 0.773056 0
    outer loop
      vertex 2.30764 45.1188 4.2
      vertex 2.82107 44.6975 1.1
      vertex 2.30764 45.1188 1.1
    endloop
  endfacet
  facet normal 0.52813 0.849163 -0
    outer loop
      vertex 3.925 43.9598 1.1
      vertex 3.36096 44.3106 4.2
      vertex 3.925 43.9598 4.2
    endloop
  endfacet
  facet normal 0.52813 0.849163 0
    outer loop
      vertex 3.36096 44.3106 4.2
      vertex 3.925 43.9598 1.1
      vertex 3.36096 44.3106 1.1
    endloop
  endfacet
  facet normal 0.582498 0.812832 -0
    outer loop
      vertex 3.36096 44.3106 1.1
      vertex 2.82107 44.6975 4.2
      vertex 3.36096 44.3106 4.2
    endloop
  endfacet
  facet normal 0.582498 0.812832 0
    outer loop
      vertex 2.82107 44.6975 4.2
      vertex 3.36096 44.3106 1.1
      vertex 2.82107 44.6975 1.1
    endloop
  endfacet
  facet normal 0.412685 0.910874 -0
    outer loop
      vertex 5.11576 43.3726 1.1
      vertex 4.51077 43.6467 4.2
      vertex 5.11576 43.3726 4.2
    endloop
  endfacet
  facet normal 0.412685 0.910874 0
    outer loop
      vertex 4.51077 43.6467 4.2
      vertex 5.11576 43.3726 1.1
      vertex 4.51077 43.6467 1.1
    endloop
  endfacet
  facet normal 0.729812 0.683648 0
    outer loop
      vertex 1.82287 45.5729 4.2
      vertex 1.36883 46.0576 1.1
      vertex 1.36883 46.0576 4.2
    endloop
  endfacet
  facet normal 0.729812 0.683648 0
    outer loop
      vertex 1.36883 46.0576 1.1
      vertex 1.82287 45.5729 4.2
      vertex 1.82287 45.5729 1.1
    endloop
  endfacet
  facet normal 0.352164 0.935938 -0
    outer loop
      vertex 5.73739 43.1387 1.1
      vertex 5.11576 43.3726 4.2
      vertex 5.73739 43.1387 4.2
    endloop
  endfacet
  facet normal 0.352164 0.935938 0
    outer loop
      vertex 5.11576 43.3726 4.2
      vertex 5.73739 43.1387 1.1
      vertex 5.11576 43.3726 1.1
    endloop
  endfacet
  facet normal 0.471396 0.881922 -0
    outer loop
      vertex 4.51077 43.6467 1.1
      vertex 3.925 43.9598 4.2
      vertex 4.51077 43.6467 4.2
    endloop
  endfacet
  facet normal 0.471396 0.881922 0
    outer loop
      vertex 3.925 43.9598 4.2
      vertex 4.51077 43.6467 1.1
      vertex 3.925 43.9598 1.1
    endloop
  endfacet
  facet normal -0.881932 -0.471377 0
    outer loop
      vertex 50.1033 57.2392 1.1
      vertex 49.7902 57.825 4.2
      vertex 49.7902 57.825 1.1
    endloop
  endfacet
  facet normal -0.881932 -0.471377 0
    outer loop
      vertex 49.7902 57.825 4.2
      vertex 50.1033 57.2392 1.1
      vertex 50.1033 57.2392 4.2
    endloop
  endfacet
  facet normal -0.352179 -0.935933 0
    outer loop
      vertex 44.2626 62.3613 1.1
      vertex 44.8842 62.1274 4.2
      vertex 44.2626 62.3613 4.2
    endloop
  endfacet
  facet normal -0.352179 -0.935933 -0
    outer loop
      vertex 44.8842 62.1274 4.2
      vertex 44.2626 62.3613 1.1
      vertex 44.8842 62.1274 1.1
    endloop
  endfacet
  facet normal 0.41268 -0.910876 0
    outer loop
      vertex 36.5108 61.8533 1.1
      vertex 37.1158 62.1274 4.2
      vertex 36.5108 61.8533 4.2
    endloop
  endfacet
  facet normal 0.41268 -0.910876 0
    outer loop
      vertex 37.1158 62.1274 4.2
      vertex 36.5108 61.8533 1.1
      vertex 37.1158 62.1274 1.1
    endloop
  endfacet
  facet normal 0.935933 -0.352179 0
    outer loop
      vertex 31.3887 56.0126 4.2
      vertex 31.6226 56.6342 1.1
      vertex 31.6226 56.6342 4.2
    endloop
  endfacet
  facet normal 0.935933 -0.352179 0
    outer loop
      vertex 31.6226 56.6342 1.1
      vertex 31.3887 56.0126 4.2
      vertex 31.3887 56.0126 1.1
    endloop
  endfacet
  facet normal -0.995185 0.0980129 0
    outer loop
      vertex 51.0632 51.4252 1.1
      vertex 51.1283 52.0862 4.2
      vertex 51.1283 52.0862 1.1
    endloop
  endfacet
  facet normal -0.995185 0.0980129 0
    outer loop
      vertex 51.1283 52.0862 4.2
      vertex 51.0632 51.4252 1.1
      vertex 51.0632 51.4252 4.2
    endloop
  endfacet
  facet normal -0.528157 -0.849147 0
    outer loop
      vertex 46.075 61.5402 1.1
      vertex 46.639 61.1894 4.2
      vertex 46.075 61.5402 4.2
    endloop
  endfacet
  facet normal -0.528157 -0.849147 -0
    outer loop
      vertex 46.639 61.1894 4.2
      vertex 46.075 61.5402 1.1
      vertex 46.639 61.1894 1.1
    endloop
  endfacet
  facet normal 0 0 1
    outer loop
      vertex 51.1283 53.4138 1.1
      vertex 51.1283 52.0862 1.1
      vertex 51.15 52.75 1.1
    endloop
  endfacet
  facet normal 0 0 1
    outer loop
      vertex 51.0632 54.0748 1.1
      vertex 51.1283 52.0862 1.1
      vertex 51.1283 53.4138 1.1
    endloop
  endfacet
  facet normal 0 0 1
    outer loop
      vertex 51.0632 54.0748 1.1
      vertex 51.0632 51.4252 1.1
      vertex 51.1283 52.0862 1.1
    endloop
  endfacet
  facet normal 0 0 1
    outer loop
      vertex 50.955 54.7302 1.1
      vertex 51.0632 51.4252 1.1
      vertex 51.0632 54.0748 1.1
    endloop
  endfacet
  facet normal 0 0 1
    outer loop
      vertex 50.955 54.7302 1.1
      vertex 50.955 50.7698 1.1
      vertex 51.0632 51.4252 1.1
    endloop
  endfacet
  facet normal 0 0 1
    outer loop
      vertex 50.8041 55.377 1.1
      vertex 50.955 50.7698 1.1
      vertex 50.955 54.7302 1.1
    endloop
  endfacet
  facet normal 0 0 1
    outer loop
      vertex 50.8041 55.377 1.1
      vertex 50.8041 50.123 1.1
      vertex 50.955 50.7698 1.1
    endloop
  endfacet
  facet normal 0 0 1
    outer loop
      vertex 50.6113 56.0126 1.1
      vertex 50.8041 50.123 1.1
      vertex 50.8041 55.377 1.1
    endloop
  endfacet
  facet normal 0 0 1
    outer loop
      vertex 50.6113 56.0126 1.1
      vertex 50.6113 49.4874 1.1
      vertex 50.8041 50.123 1.1
    endloop
  endfacet
  facet normal 0 0 1
    outer loop
      vertex 50.3774 56.6342 1.1
      vertex 50.6113 49.4874 1.1
      vertex 50.6113 56.0126 1.1
    endloop
  endfacet
  facet normal 0 0 1
    outer loop
      vertex 50.3774 56.6342 1.1
      vertex 50.3774 48.8658 1.1
      vertex 50.6113 49.4874 1.1
    endloop
  endfacet
  facet normal 0 0 1
    outer loop
      vertex 50.1033 57.2392 1.1
      vertex 50.3774 48.8658 1.1
      vertex 50.3774 56.6342 1.1
    endloop
  endfacet
  facet normal 0 0 1
    outer loop
      vertex 50.1033 57.2392 1.1
      vertex 50.1033 48.2608 1.1
      vertex 50.3774 48.8658 1.1
    endloop
  endfacet
  facet normal 0 0 1
    outer loop
      vertex 49.7902 57.825 1.1
      vertex 50.1033 48.2608 1.1
      vertex 50.1033 57.2392 1.1
    endloop
  endfacet
  facet normal 0 0 1
    outer loop
      vertex 49.7902 57.825 1.1
      vertex 49.7902 47.675 1.1
      vertex 50.1033 48.2608 1.1
    endloop
  endfacet
  facet normal 0 0 1
    outer loop
      vertex 49.4394 58.389 1.1
      vertex 49.7902 47.675 1.1
      vertex 49.7902 57.825 1.1
    endloop
  endfacet
  facet normal 0 0 1
    outer loop
      vertex 49.4394 58.389 1.1
      vertex 49.4394 47.111 1.1
      vertex 49.7902 47.675 1.1
    endloop
  endfacet
  facet normal 0 0 1
    outer loop
      vertex 49.0525 58.9289 1.1
      vertex 49.4394 47.111 1.1
      vertex 49.4394 58.389 1.1
    endloop
  endfacet
  facet normal 0 0 1
    outer loop
      vertex 49.0525 58.9289 1.1
      vertex 49.0525 46.5711 1.1
      vertex 49.4394 47.111 1.1
    endloop
  endfacet
  facet normal 0 0 1
    outer loop
      vertex 48.6312 59.4424 1.1
      vertex 49.0525 46.5711 1.1
      vertex 49.0525 58.9289 1.1
    endloop
  endfacet
  facet normal 0 0 1
    outer loop
      vertex 48.6312 59.4424 1.1
      vertex 48.6312 46.0576 1.1
      vertex 49.0525 46.5711 1.1
    endloop
  endfacet
  facet normal 0 0 1
    outer loop
      vertex 48.1771 59.9271 1.1
      vertex 48.6312 46.0576 1.1
      vertex 48.6312 59.4424 1.1
    endloop
  endfacet
  facet normal 0 0 1
    outer loop
      vertex 48.1771 59.9271 1.1
      vertex 48.1771 45.5729 1.1
      vertex 48.6312 46.0576 1.1
    endloop
  endfacet
  facet normal 0 0 1
    outer loop
      vertex 47.6924 60.3812 1.1
      vertex 48.1771 45.5729 1.1
      vertex 48.1771 59.9271 1.1
    endloop
  endfacet
  facet normal 0 0 1
    outer loop
      vertex 47.6924 60.3812 1.1
      vertex 47.6924 45.1188 1.1
      vertex 48.1771 45.5729 1.1
    endloop
  endfacet
  facet normal 0 0 1
    outer loop
      vertex 47.1789 60.8025 1.1
      vertex 47.6924 45.1188 1.1
      vertex 47.6924 60.3812 1.1
    endloop
  endfacet
  facet normal 0 0 1
    outer loop
      vertex 47.1789 60.8025 1.1
      vertex 47.1789 44.6975 1.1
      vertex 47.6924 45.1188 1.1
    endloop
  endfacet
  facet normal 0 0 1
    outer loop
      vertex 46.639 61.1894 1.1
      vertex 47.1789 44.6975 1.1
      vertex 47.1789 60.8025 1.1
    endloop
  endfacet
  facet normal 0 0 1
    outer loop
      vertex 46.639 61.1894 1.1
      vertex 46.639 44.3106 1.1
      vertex 47.1789 44.6975 1.1
    endloop
  endfacet
  facet normal 0 0 1
    outer loop
      vertex 46.075 61.5402 1.1
      vertex 46.639 44.3106 1.1
      vertex 46.639 61.1894 1.1
    endloop
  endfacet
  facet normal 0 0 1
    outer loop
      vertex 46.075 61.5402 1.1
      vertex 46.075 43.9598 1.1
      vertex 46.639 44.3106 1.1
    endloop
  endfacet
  facet normal 0 0 1
    outer loop
      vertex 45.4892 61.8533 1.1
      vertex 46.075 43.9598 1.1
      vertex 46.075 61.5402 1.1
    endloop
  endfacet
  facet normal 0 0 1
    outer loop
      vertex 45.4892 61.8533 1.1
      vertex 45.4892 43.6467 1.1
      vertex 46.075 43.9598 1.1
    endloop
  endfacet
  facet normal 0 0 1
    outer loop
      vertex 44.8842 62.1274 1.1
      vertex 45.4892 43.6467 1.1
      vertex 45.4892 61.8533 1.1
    endloop
  endfacet
  facet normal 0 0 1
    outer loop
      vertex 44.8842 62.1274 1.1
      vertex 44.8842 43.3726 1.1
      vertex 45.4892 43.6467 1.1
    endloop
  endfacet
  facet normal 0 0 1
    outer loop
      vertex 44.2626 62.3613 1.1
      vertex 44.8842 43.3726 1.1
      vertex 44.8842 62.1274 1.1
    endloop
  endfacet
  facet normal 0 0 1
    outer loop
      vertex 44.2626 62.3613 1.1
      vertex 44.2626 43.1387 1.1
      vertex 44.8842 43.3726 1.1
    endloop
  endfacet
  facet normal 0 0 1
    outer loop
      vertex 43.627 62.5541 1.1
      vertex 44.2626 43.1387 1.1
      vertex 44.2626 62.3613 1.1
    endloop
  endfacet
  facet normal 0 0 1
    outer loop
      vertex 43.627 62.5541 1.1
      vertex 43.627 42.9459 1.1
      vertex 44.2626 43.1387 1.1
    endloop
  endfacet
  facet normal 0 0 1
    outer loop
      vertex 42.9802 62.705 1.1
      vertex 43.627 42.9459 1.1
      vertex 43.627 62.5541 1.1
    endloop
  endfacet
  facet normal 0 0 1
    outer loop
      vertex 42.9802 62.705 1.1
      vertex 42.9802 42.795 1.1
      vertex 43.627 42.9459 1.1
    endloop
  endfacet
  facet normal 0 0 1
    outer loop
      vertex 42.3248 62.8132 1.1
      vertex 42.9802 42.795 1.1
      vertex 42.9802 62.705 1.1
    endloop
  endfacet
  facet normal 0 0 1
    outer loop
      vertex 42.3248 62.8132 1.1
      vertex 42.3248 42.6868 1.1
      vertex 42.9802 42.795 1.1
    endloop
  endfacet
  facet normal 0 0 1
    outer loop
      vertex 41.6638 62.8783 1.1
      vertex 42.3248 42.6868 1.1
      vertex 42.3248 62.8132 1.1
    endloop
  endfacet
  facet normal 0 0 1
    outer loop
      vertex 41.6638 62.8783 1.1
      vertex 41.6638 42.6217 1.1
      vertex 42.3248 42.6868 1.1
    endloop
  endfacet
  facet normal 0 0 1
    outer loop
      vertex 41 62.9 1.1
      vertex 41.6638 42.6217 1.1
      vertex 41.6638 62.8783 1.1
    endloop
  endfacet
  facet normal 0 0 1
    outer loop
      vertex 41 62.9 1.1
      vertex 41 42.6 1.1
      vertex 41.6638 42.6217 1.1
    endloop
  endfacet
  facet normal -0 0 1
    outer loop
      vertex 40.3362 62.8783 1.1
      vertex 41 42.6 1.1
      vertex 41 62.9 1.1
    endloop
  endfacet
  facet normal 0 0 1
    outer loop
      vertex 40.3362 62.8783 1.1
      vertex 40.3362 42.6217 1.1
      vertex 41 42.6 1.1
    endloop
  endfacet
  facet normal -0 0 1
    outer loop
      vertex 39.6752 62.8132 1.1
      vertex 40.3362 42.6217 1.1
      vertex 40.3362 62.8783 1.1
    endloop
  endfacet
  facet normal 0 0 1
    outer loop
      vertex 39.6752 62.8132 1.1
      vertex 39.6752 42.6868 1.1
      vertex 40.3362 42.6217 1.1
    endloop
  endfacet
  facet normal -0 0 1
    outer loop
      vertex 39.0198 62.705 1.1
      vertex 39.6752 42.6868 1.1
      vertex 39.6752 62.8132 1.1
    endloop
  endfacet
  facet normal 0 0 1
    outer loop
      vertex 39.0198 62.705 1.1
      vertex 39.0198 42.795 1.1
      vertex 39.6752 42.6868 1.1
    endloop
  endfacet
  facet normal -0 0 1
    outer loop
      vertex 38.373 62.5541 1.1
      vertex 39.0198 42.795 1.1
      vertex 39.0198 62.705 1.1
    endloop
  endfacet
  facet normal 0 0 1
    outer loop
      vertex 38.373 62.5541 1.1
      vertex 38.373 42.9459 1.1
      vertex 39.0198 42.795 1.1
    endloop
  endfacet
  facet normal -0 0 1
    outer loop
      vertex 37.7374 62.3613 1.1
      vertex 38.373 42.9459 1.1
      vertex 38.373 62.5541 1.1
    endloop
  endfacet
  facet normal 0 0 1
    outer loop
      vertex 37.7374 62.3613 1.1
      vertex 37.7374 43.1387 1.1
      vertex 38.373 42.9459 1.1
    endloop
  endfacet
  facet normal -0 0 1
    outer loop
      vertex 37.1158 62.1274 1.1
      vertex 37.7374 43.1387 1.1
      vertex 37.7374 62.3613 1.1
    endloop
  endfacet
  facet normal 0 0 1
    outer loop
      vertex 37.1158 62.1274 1.1
      vertex 37.1158 43.3726 1.1
      vertex 37.7374 43.1387 1.1
    endloop
  endfacet
  facet normal -0 0 1
    outer loop
      vertex 36.5108 61.8533 1.1
      vertex 37.1158 43.3726 1.1
      vertex 37.1158 62.1274 1.1
    endloop
  endfacet
  facet normal 0 0 1
    outer loop
      vertex 36.5108 61.8533 1.1
      vertex 36.5108 43.6467 1.1
      vertex 37.1158 43.3726 1.1
    endloop
  endfacet
  facet normal -0 0 1
    outer loop
      vertex 35.925 61.5402 1.1
      vertex 36.5108 43.6467 1.1
      vertex 36.5108 61.8533 1.1
    endloop
  endfacet
  facet normal 0 0 1
    outer loop
      vertex 35.925 61.5402 1.1
      vertex 35.925 43.9598 1.1
      vertex 36.5108 43.6467 1.1
    endloop
  endfacet
  facet normal -0 0 1
    outer loop
      vertex 35.361 61.1894 1.1
      vertex 35.925 43.9598 1.1
      vertex 35.925 61.5402 1.1
    endloop
  endfacet
  facet normal 0 0 1
    outer loop
      vertex 35.361 61.1894 1.1
      vertex 35.361 44.3106 1.1
      vertex 35.925 43.9598 1.1
    endloop
  endfacet
  facet normal -0 0 1
    outer loop
      vertex 34.8211 60.8025 1.1
      vertex 35.361 44.3106 1.1
      vertex 35.361 61.1894 1.1
    endloop
  endfacet
  facet normal 0 0 1
    outer loop
      vertex 34.8211 60.8025 1.1
      vertex 34.8211 44.6975 1.1
      vertex 35.361 44.3106 1.1
    endloop
  endfacet
  facet normal -0 0 1
    outer loop
      vertex 34.3076 60.3812 1.1
      vertex 34.8211 44.6975 1.1
      vertex 34.8211 60.8025 1.1
    endloop
  endfacet
  facet normal 0 0 1
    outer loop
      vertex 34.3076 60.3812 1.1
      vertex 34.3076 45.1188 1.1
      vertex 34.8211 44.6975 1.1
    endloop
  endfacet
  facet normal -0 0 1
    outer loop
      vertex 33.8229 59.9271 1.1
      vertex 34.3076 45.1188 1.1
      vertex 34.3076 60.3812 1.1
    endloop
  endfacet
  facet normal 0 0 1
    outer loop
      vertex 33.8229 59.9271 1.1
      vertex 33.8229 45.5729 1.1
      vertex 34.3076 45.1188 1.1
    endloop
  endfacet
  facet normal -0 0 1
    outer loop
      vertex 33.3688 59.4424 1.1
      vertex 33.8229 45.5729 1.1
      vertex 33.8229 59.9271 1.1
    endloop
  endfacet
  facet normal 0 0 1
    outer loop
      vertex 33.3688 59.4424 1.1
      vertex 33.3688 46.0576 1.1
      vertex 33.8229 45.5729 1.1
    endloop
  endfacet
  facet normal -0 0 1
    outer loop
      vertex 32.9475 58.9289 1.1
      vertex 33.3688 46.0576 1.1
      vertex 33.3688 59.4424 1.1
    endloop
  endfacet
  facet normal 0 0 1
    outer loop
      vertex 32.9475 58.9289 1.1
      vertex 32.9475 46.5711 1.1
      vertex 33.3688 46.0576 1.1
    endloop
  endfacet
  facet normal -0 0 1
    outer loop
      vertex 32.5606 58.389 1.1
      vertex 32.9475 46.5711 1.1
      vertex 32.9475 58.9289 1.1
    endloop
  endfacet
  facet normal 0 0 1
    outer loop
      vertex 32.5606 58.389 1.1
      vertex 32.5606 47.111 1.1
      vertex 32.9475 46.5711 1.1
    endloop
  endfacet
  facet normal -0 0 1
    outer loop
      vertex 32.2098 57.825 1.1
      vertex 32.5606 47.111 1.1
      vertex 32.5606 58.389 1.1
    endloop
  endfacet
  facet normal 0 0 1
    outer loop
      vertex 32.2098 57.825 1.1
      vertex 32.2098 47.675 1.1
      vertex 32.5606 47.111 1.1
    endloop
  endfacet
  facet normal -0 0 1
    outer loop
      vertex 31.8967 57.2392 1.1
      vertex 32.2098 47.675 1.1
      vertex 32.2098 57.825 1.1
    endloop
  endfacet
  facet normal 0 0 1
    outer loop
      vertex 31.8967 57.2392 1.1
      vertex 31.8967 48.2608 1.1
      vertex 32.2098 47.675 1.1
    endloop
  endfacet
  facet normal -0 0 1
    outer loop
      vertex 31.6226 56.6342 1.1
      vertex 31.8967 48.2608 1.1
      vertex 31.8967 57.2392 1.1
    endloop
  endfacet
  facet normal 0 0 1
    outer loop
      vertex 31.6226 56.6342 1.1
      vertex 31.6226 48.8658 1.1
      vertex 31.8967 48.2608 1.1
    endloop
  endfacet
  facet normal -0 0 1
    outer loop
      vertex 31.3887 56.0126 1.1
      vertex 31.6226 48.8658 1.1
      vertex 31.6226 56.6342 1.1
    endloop
  endfacet
  facet normal 0 0 1
    outer loop
      vertex 31.3887 56.0126 1.1
      vertex 31.3887 49.4874 1.1
      vertex 31.6226 48.8658 1.1
    endloop
  endfacet
  facet normal -0 0 1
    outer loop
      vertex 31.1959 55.377 1.1
      vertex 31.3887 49.4874 1.1
      vertex 31.3887 56.0126 1.1
    endloop
  endfacet
  facet normal 0 0 1
    outer loop
      vertex 31.1959 55.377 1.1
      vertex 31.1959 50.123 1.1
      vertex 31.3887 49.4874 1.1
    endloop
  endfacet
  facet normal -0 0 1
    outer loop
      vertex 31.045 54.7302 1.1
      vertex 31.1959 50.123 1.1
      vertex 31.1959 55.377 1.1
    endloop
  endfacet
  facet normal 0 0 1
    outer loop
      vertex 31.045 54.7302 1.1
      vertex 31.045 50.7698 1.1
      vertex 31.1959 50.123 1.1
    endloop
  endfacet
  facet normal -0 0 1
    outer loop
      vertex 30.9368 54.0748 1.1
      vertex 31.045 50.7698 1.1
      vertex 31.045 54.7302 1.1
    endloop
  endfacet
  facet normal 0 0 1
    outer loop
      vertex 30.9368 54.0748 1.1
      vertex 30.9368 51.4252 1.1
      vertex 31.045 50.7698 1.1
    endloop
  endfacet
  facet normal -0 0 1
    outer loop
      vertex 30.8717 53.4138 1.1
      vertex 30.9368 51.4252 1.1
      vertex 30.9368 54.0748 1.1
    endloop
  endfacet
  facet normal 0 0 1
    outer loop
      vertex 30.8717 53.4138 1.1
      vertex 30.8717 52.0862 1.1
      vertex 30.9368 51.4252 1.1
    endloop
  endfacet
  facet normal 0 -0 1
    outer loop
      vertex 30.8717 52.0862 1.1
      vertex 30.8717 53.4138 1.1
      vertex 30.85 52.75 1.1
    endloop
  endfacet
  facet normal 0.773098 -0.634287 0
    outer loop
      vertex 32.9475 58.9289 4.2
      vertex 33.3688 59.4424 1.1
      vertex 33.3688 59.4424 4.2
    endloop
  endfacet
  facet normal 0.773098 -0.634287 0
    outer loop
      vertex 33.3688 59.4424 1.1
      vertex 32.9475 58.9289 4.2
      vertex 32.9475 58.9289 1.1
    endloop
  endfacet
  facet normal 0.227201 -0.973848 0
    outer loop
      vertex 38.373 62.5541 1.1
      vertex 39.0198 62.705 4.2
      vertex 38.373 62.5541 4.2
    endloop
  endfacet
  facet normal 0.227201 -0.973848 0
    outer loop
      vertex 39.0198 62.705 4.2
      vertex 38.373 62.5541 1.1
      vertex 39.0198 62.705 1.1
    endloop
  endfacet
  facet normal -0.471377 0.881932 0
    outer loop
      vertex 46.075 43.9598 1.1
      vertex 45.4892 43.6467 4.2
      vertex 46.075 43.9598 4.2
    endloop
  endfacet
  facet normal -0.471377 0.881932 0
    outer loop
      vertex 45.4892 43.6467 4.2
      vertex 46.075 43.9598 1.1
      vertex 45.4892 43.6467 1.1
    endloop
  endfacet
  facet normal -0.935933 0.352179 0
    outer loop
      vertex 50.3774 48.8658 1.1
      vertex 50.6113 49.4874 4.2
      vertex 50.6113 49.4874 1.1
    endloop
  endfacet
  facet normal -0.935933 0.352179 0
    outer loop
      vertex 50.6113 49.4874 4.2
      vertex 50.3774 48.8658 1.1
      vertex 50.3774 48.8658 4.2
    endloop
  endfacet
  facet normal -0.812837 -0.582491 0
    outer loop
      vertex 49.4394 58.389 1.1
      vertex 49.0525 58.9289 4.2
      vertex 49.0525 58.9289 1.1
    endloop
  endfacet
  facet normal -0.812837 -0.582491 0
    outer loop
      vertex 49.0525 58.9289 4.2
      vertex 49.4394 58.389 1.1
      vertex 49.4394 58.389 4.2
    endloop
  endfacet
  facet normal -0.683696 -0.729767 0
    outer loop
      vertex 47.6924 60.3812 1.1
      vertex 48.1771 59.9271 4.2
      vertex 47.6924 60.3812 4.2
    endloop
  endfacet
  facet normal -0.683696 -0.729767 -0
    outer loop
      vertex 48.1771 59.9271 4.2
      vertex 47.6924 60.3812 1.1
      vertex 48.1771 59.9271 1.1
    endloop
  endfacet
  facet normal 0.0326731 -0.999466 0
    outer loop
      vertex 40.3362 62.8783 1.1
      vertex 41 62.9 4.2
      vertex 40.3362 62.8783 4.2
    endloop
  endfacet
  facet normal 0.0326731 -0.999466 0
    outer loop
      vertex 41 62.9 4.2
      vertex 40.3362 62.8783 1.1
      vertex 41 62.9 1.1
    endloop
  endfacet
  facet normal -0.162885 -0.986645 0
    outer loop
      vertex 42.3248 62.8132 1.1
      vertex 42.9802 62.705 4.2
      vertex 42.3248 62.8132 4.2
    endloop
  endfacet
  facet normal -0.162885 -0.986645 -0
    outer loop
      vertex 42.9802 62.705 4.2
      vertex 42.3248 62.8132 1.1
      vertex 42.9802 62.705 1.1
    endloop
  endfacet
  facet normal -0.471377 -0.881932 0
    outer loop
      vertex 45.4892 61.8533 1.1
      vertex 46.075 61.5402 4.2
      vertex 45.4892 61.8533 4.2
    endloop
  endfacet
  facet normal -0.471377 -0.881932 -0
    outer loop
      vertex 46.075 61.5402 4.2
      vertex 45.4892 61.8533 1.1
      vertex 46.075 61.5402 1.1
    endloop
  endfacet
  facet normal -0.634287 -0.773098 0
    outer loop
      vertex 47.1789 60.8025 1.1
      vertex 47.6924 60.3812 4.2
      vertex 47.1789 60.8025 4.2
    endloop
  endfacet
  facet normal -0.634287 -0.773098 -0
    outer loop
      vertex 47.6924 60.3812 4.2
      vertex 47.1789 60.8025 1.1
      vertex 47.6924 60.3812 1.1
    endloop
  endfacet
  facet normal 0.986645 -0.162885 0
    outer loop
      vertex 30.9368 54.0748 4.2
      vertex 31.045 54.7302 1.1
      vertex 31.045 54.7302 4.2
    endloop
  endfacet
  facet normal 0.986645 -0.162885 0
    outer loop
      vertex 31.045 54.7302 1.1
      vertex 30.9368 54.0748 4.2
      vertex 30.9368 54.0748 1.1
    endloop
  endfacet
  facet normal 0.881932 -0.471377 0
    outer loop
      vertex 31.8967 57.2392 4.2
      vertex 32.2098 57.825 1.1
      vertex 32.2098 57.825 4.2
    endloop
  endfacet
  facet normal 0.881932 -0.471377 0
    outer loop
      vertex 32.2098 57.825 1.1
      vertex 31.8967 57.2392 4.2
      vertex 31.8967 57.2392 1.1
    endloop
  endfacet
  facet normal 0.849147 -0.528157 0
    outer loop
      vertex 32.2098 57.825 4.2
      vertex 32.5606 58.389 1.1
      vertex 32.5606 58.389 4.2
    endloop
  endfacet
  facet normal 0.849147 -0.528157 0
    outer loop
      vertex 32.5606 58.389 1.1
      vertex 32.2098 57.825 4.2
      vertex 32.2098 57.825 1.1
    endloop
  endfacet
  facet normal 0.0980129 -0.995185 0
    outer loop
      vertex 39.6752 62.8132 1.1
      vertex 40.3362 62.8783 4.2
      vertex 39.6752 62.8132 4.2
    endloop
  endfacet
  facet normal 0.0980129 -0.995185 0
    outer loop
      vertex 40.3362 62.8783 4.2
      vertex 39.6752 62.8132 1.1
      vertex 40.3362 62.8783 1.1
    endloop
  endfacet
  facet normal 0.290275 -0.956943 0
    outer loop
      vertex 37.7374 62.3613 1.1
      vertex 38.373 62.5541 4.2
      vertex 37.7374 62.3613 4.2
    endloop
  endfacet
  facet normal 0.290275 -0.956943 0
    outer loop
      vertex 38.373 62.5541 4.2
      vertex 37.7374 62.3613 1.1
      vertex 38.373 62.5541 1.1
    endloop
  endfacet
  facet normal 0.582491 -0.812837 0
    outer loop
      vertex 34.8211 60.8025 1.1
      vertex 35.361 61.1894 4.2
      vertex 34.8211 60.8025 4.2
    endloop
  endfacet
  facet normal 0.582491 -0.812837 0
    outer loop
      vertex 35.361 61.1894 4.2
      vertex 34.8211 60.8025 1.1
      vertex 35.361 61.1894 1.1
    endloop
  endfacet
  facet normal 0.471377 -0.881932 0
    outer loop
      vertex 35.925 61.5402 1.1
      vertex 36.5108 61.8533 4.2
      vertex 35.925 61.5402 4.2
    endloop
  endfacet
  facet normal 0.471377 -0.881932 0
    outer loop
      vertex 36.5108 61.8533 4.2
      vertex 35.925 61.5402 1.1
      vertex 36.5108 61.8533 1.1
    endloop
  endfacet
  facet normal 0.729767 -0.683696 0
    outer loop
      vertex 33.3688 59.4424 4.2
      vertex 33.8229 59.9271 1.1
      vertex 33.8229 59.9271 4.2
    endloop
  endfacet
  facet normal 0.729767 -0.683696 0
    outer loop
      vertex 33.8229 59.9271 1.1
      vertex 33.3688 59.4424 4.2
      vertex 33.3688 59.4424 1.1
    endloop
  endfacet
  facet normal -0.999466 -0.0326731 0
    outer loop
      vertex 51.15 52.75 1.1
      vertex 51.1283 53.4138 4.2
      vertex 51.1283 53.4138 1.1
    endloop
  endfacet
  facet normal -0.999466 -0.0326731 0
    outer loop
      vertex 51.1283 53.4138 4.2
      vertex 51.15 52.75 1.1
      vertex 51.15 52.75 4.2
    endloop
  endfacet
  facet normal 0.935933 0.352179 0
    outer loop
      vertex 31.6226 48.8658 4.2
      vertex 31.3887 49.4874 1.1
      vertex 31.3887 49.4874 4.2
    endloop
  endfacet
  facet normal 0.935933 0.352179 0
    outer loop
      vertex 31.3887 49.4874 1.1
      vertex 31.6226 48.8658 4.2
      vertex 31.6226 48.8658 1.1
    endloop
  endfacet
  facet normal 0.881932 0.471377 0
    outer loop
      vertex 32.2098 47.675 4.2
      vertex 31.8967 48.2608 1.1
      vertex 31.8967 48.2608 4.2
    endloop
  endfacet
  facet normal 0.881932 0.471377 0
    outer loop
      vertex 31.8967 48.2608 1.1
      vertex 32.2098 47.675 4.2
      vertex 32.2098 47.675 1.1
    endloop
  endfacet
  facet normal -0.0980129 0.995185 0
    outer loop
      vertex 42.3248 42.6868 1.1
      vertex 41.6638 42.6217 4.2
      vertex 42.3248 42.6868 4.2
    endloop
  endfacet
  facet normal -0.0980129 0.995185 0
    outer loop
      vertex 41.6638 42.6217 4.2
      vertex 42.3248 42.6868 1.1
      vertex 41.6638 42.6217 1.1
    endloop
  endfacet
  facet normal -0.162885 0.986645 0
    outer loop
      vertex 42.9802 42.795 1.1
      vertex 42.3248 42.6868 4.2
      vertex 42.9802 42.795 4.2
    endloop
  endfacet
  facet normal -0.162885 0.986645 0
    outer loop
      vertex 42.3248 42.6868 4.2
      vertex 42.9802 42.795 1.1
      vertex 42.3248 42.6868 1.1
    endloop
  endfacet
  facet normal -0.995185 -0.0980129 0
    outer loop
      vertex 51.1283 53.4138 1.1
      vertex 51.0632 54.0748 4.2
      vertex 51.0632 54.0748 1.1
    endloop
  endfacet
  facet normal -0.995185 -0.0980129 0
    outer loop
      vertex 51.0632 54.0748 4.2
      vertex 51.1283 53.4138 1.1
      vertex 51.1283 53.4138 4.2
    endloop
  endfacet
  facet normal -0.956943 -0.290275 0
    outer loop
      vertex 50.8041 55.377 1.1
      vertex 50.6113 56.0126 4.2
      vertex 50.6113 56.0126 1.1
    endloop
  endfacet
  facet normal -0.956943 -0.290275 0
    outer loop
      vertex 50.6113 56.0126 4.2
      vertex 50.8041 55.377 1.1
      vertex 50.8041 55.377 4.2
    endloop
  endfacet
  facet normal -0.910876 -0.41268 0
    outer loop
      vertex 50.3774 56.6342 1.1
      vertex 50.1033 57.2392 4.2
      vertex 50.1033 57.2392 1.1
    endloop
  endfacet
  facet normal -0.910876 -0.41268 0
    outer loop
      vertex 50.1033 57.2392 4.2
      vertex 50.3774 56.6342 1.1
      vertex 50.3774 56.6342 4.2
    endloop
  endfacet
  facet normal -0.986645 -0.162885 0
    outer loop
      vertex 51.0632 54.0748 1.1
      vertex 50.955 54.7302 4.2
      vertex 50.955 54.7302 1.1
    endloop
  endfacet
  facet normal -0.986645 -0.162885 0
    outer loop
      vertex 50.955 54.7302 4.2
      vertex 51.0632 54.0748 1.1
      vertex 51.0632 54.0748 4.2
    endloop
  endfacet
  facet normal -0.849147 -0.528157 0
    outer loop
      vertex 49.7902 57.825 1.1
      vertex 49.4394 58.389 4.2
      vertex 49.4394 58.389 1.1
    endloop
  endfacet
  facet normal -0.849147 -0.528157 0
    outer loop
      vertex 49.4394 58.389 4.2
      vertex 49.7902 57.825 1.1
      vertex 49.7902 57.825 4.2
    endloop
  endfacet
  facet normal -0.773098 -0.634287 0
    outer loop
      vertex 49.0525 58.9289 1.1
      vertex 48.6312 59.4424 4.2
      vertex 48.6312 59.4424 1.1
    endloop
  endfacet
  facet normal -0.773098 -0.634287 0
    outer loop
      vertex 48.6312 59.4424 4.2
      vertex 49.0525 58.9289 1.1
      vertex 49.0525 58.9289 4.2
    endloop
  endfacet
  facet normal -0.729767 -0.683696 0
    outer loop
      vertex 48.6312 59.4424 1.1
      vertex 48.1771 59.9271 4.2
      vertex 48.1771 59.9271 1.1
    endloop
  endfacet
  facet normal -0.729767 -0.683696 0
    outer loop
      vertex 48.1771 59.9271 4.2
      vertex 48.6312 59.4424 1.1
      vertex 48.6312 59.4424 4.2
    endloop
  endfacet
  facet normal -0.227201 -0.973848 0
    outer loop
      vertex 42.9802 62.705 1.1
      vertex 43.627 62.5541 4.2
      vertex 42.9802 62.705 4.2
    endloop
  endfacet
  facet normal -0.227201 -0.973848 -0
    outer loop
      vertex 43.627 62.5541 4.2
      vertex 42.9802 62.705 1.1
      vertex 43.627 62.5541 1.1
    endloop
  endfacet
  facet normal -0.290275 -0.956943 0
    outer loop
      vertex 43.627 62.5541 1.1
      vertex 44.2626 62.3613 4.2
      vertex 43.627 62.5541 4.2
    endloop
  endfacet
  facet normal -0.290275 -0.956943 -0
    outer loop
      vertex 44.2626 62.3613 4.2
      vertex 43.627 62.5541 1.1
      vertex 44.2626 62.3613 1.1
    endloop
  endfacet
  facet normal -0.0980129 -0.995185 0
    outer loop
      vertex 41.6638 62.8783 1.1
      vertex 42.3248 62.8132 4.2
      vertex 41.6638 62.8783 4.2
    endloop
  endfacet
  facet normal -0.0980129 -0.995185 -0
    outer loop
      vertex 42.3248 62.8132 4.2
      vertex 41.6638 62.8783 1.1
      vertex 42.3248 62.8132 1.1
    endloop
  endfacet
  facet normal -0.0326731 -0.999466 0
    outer loop
      vertex 41 62.9 1.1
      vertex 41.6638 62.8783 4.2
      vertex 41 62.9 4.2
    endloop
  endfacet
  facet normal -0.0326731 -0.999466 -0
    outer loop
      vertex 41.6638 62.8783 4.2
      vertex 41 62.9 1.1
      vertex 41.6638 62.8783 1.1
    endloop
  endfacet
  facet normal -0.41268 -0.910876 0
    outer loop
      vertex 44.8842 62.1274 1.1
      vertex 45.4892 61.8533 4.2
      vertex 44.8842 62.1274 4.2
    endloop
  endfacet
  facet normal -0.41268 -0.910876 -0
    outer loop
      vertex 45.4892 61.8533 4.2
      vertex 44.8842 62.1274 1.1
      vertex 45.4892 61.8533 1.1
    endloop
  endfacet
  facet normal -0.582491 -0.812837 0
    outer loop
      vertex 46.639 61.1894 1.1
      vertex 47.1789 60.8025 4.2
      vertex 46.639 61.1894 4.2
    endloop
  endfacet
  facet normal -0.582491 -0.812837 -0
    outer loop
      vertex 47.1789 60.8025 4.2
      vertex 46.639 61.1894 1.1
      vertex 47.1789 60.8025 1.1
    endloop
  endfacet
  facet normal 0.973848 -0.227201 0
    outer loop
      vertex 31.045 54.7302 4.2
      vertex 31.1959 55.377 1.1
      vertex 31.1959 55.377 4.2
    endloop
  endfacet
  facet normal 0.973848 -0.227201 0
    outer loop
      vertex 31.1959 55.377 1.1
      vertex 31.045 54.7302 4.2
      vertex 31.045 54.7302 1.1
    endloop
  endfacet
  facet normal 0.956943 -0.290275 0
    outer loop
      vertex 31.1959 55.377 4.2
      vertex 31.3887 56.0126 1.1
      vertex 31.3887 56.0126 4.2
    endloop
  endfacet
  facet normal 0.956943 -0.290275 0
    outer loop
      vertex 31.3887 56.0126 1.1
      vertex 31.1959 55.377 4.2
      vertex 31.1959 55.377 1.1
    endloop
  endfacet
  facet normal 0.995185 -0.0980129 0
    outer loop
      vertex 30.8717 53.4138 4.2
      vertex 30.9368 54.0748 1.1
      vertex 30.9368 54.0748 4.2
    endloop
  endfacet
  facet normal 0.995185 -0.0980129 0
    outer loop
      vertex 30.9368 54.0748 1.1
      vertex 30.8717 53.4138 4.2
      vertex 30.8717 53.4138 1.1
    endloop
  endfacet
  facet normal 0.999466 -0.0326731 0
    outer loop
      vertex 30.85 52.75 4.2
      vertex 30.8717 53.4138 1.1
      vertex 30.8717 53.4138 4.2
    endloop
  endfacet
  facet normal 0.999466 -0.0326731 0
    outer loop
      vertex 30.8717 53.4138 1.1
      vertex 30.85 52.75 4.2
      vertex 30.85 52.75 1.1
    endloop
  endfacet
  facet normal 0.999466 0.0326731 0
    outer loop
      vertex 30.8717 52.0862 4.2
      vertex 30.85 52.75 1.1
      vertex 30.85 52.75 4.2
    endloop
  endfacet
  facet normal 0.999466 0.0326731 0
    outer loop
      vertex 30.85 52.75 1.1
      vertex 30.8717 52.0862 4.2
      vertex 30.8717 52.0862 1.1
    endloop
  endfacet
  facet normal 0.910876 -0.41268 0
    outer loop
      vertex 31.6226 56.6342 4.2
      vertex 31.8967 57.2392 1.1
      vertex 31.8967 57.2392 4.2
    endloop
  endfacet
  facet normal 0.910876 -0.41268 0
    outer loop
      vertex 31.8967 57.2392 1.1
      vertex 31.6226 56.6342 4.2
      vertex 31.6226 56.6342 1.1
    endloop
  endfacet
  facet normal 0.812837 -0.582491 0
    outer loop
      vertex 32.5606 58.389 4.2
      vertex 32.9475 58.9289 1.1
      vertex 32.9475 58.9289 4.2
    endloop
  endfacet
  facet normal 0.812837 -0.582491 0
    outer loop
      vertex 32.9475 58.9289 1.1
      vertex 32.5606 58.389 4.2
      vertex 32.5606 58.389 1.1
    endloop
  endfacet
  facet normal 0.352179 -0.935933 0
    outer loop
      vertex 37.1158 62.1274 1.1
      vertex 37.7374 62.3613 4.2
      vertex 37.1158 62.1274 4.2
    endloop
  endfacet
  facet normal 0.352179 -0.935933 0
    outer loop
      vertex 37.7374 62.3613 4.2
      vertex 37.1158 62.1274 1.1
      vertex 37.7374 62.3613 1.1
    endloop
  endfacet
  facet normal 0.162885 -0.986645 0
    outer loop
      vertex 39.0198 62.705 1.1
      vertex 39.6752 62.8132 4.2
      vertex 39.0198 62.705 4.2
    endloop
  endfacet
  facet normal 0.162885 -0.986645 0
    outer loop
      vertex 39.6752 62.8132 4.2
      vertex 39.0198 62.705 1.1
      vertex 39.6752 62.8132 1.1
    endloop
  endfacet
  facet normal 0.528157 -0.849147 0
    outer loop
      vertex 35.361 61.1894 1.1
      vertex 35.925 61.5402 4.2
      vertex 35.361 61.1894 4.2
    endloop
  endfacet
  facet normal 0.528157 -0.849147 0
    outer loop
      vertex 35.925 61.5402 4.2
      vertex 35.361 61.1894 1.1
      vertex 35.925 61.5402 1.1
    endloop
  endfacet
  facet normal 0.683696 -0.729767 0
    outer loop
      vertex 33.8229 59.9271 1.1
      vertex 34.3076 60.3812 4.2
      vertex 33.8229 59.9271 4.2
    endloop
  endfacet
  facet normal 0.683696 -0.729767 0
    outer loop
      vertex 34.3076 60.3812 4.2
      vertex 33.8229 59.9271 1.1
      vertex 34.3076 60.3812 1.1
    endloop
  endfacet
  facet normal 0.634287 -0.773098 0
    outer loop
      vertex 34.3076 60.3812 1.1
      vertex 34.8211 60.8025 4.2
      vertex 34.3076 60.3812 4.2
    endloop
  endfacet
  facet normal 0.634287 -0.773098 0
    outer loop
      vertex 34.8211 60.8025 4.2
      vertex 34.3076 60.3812 1.1
      vertex 34.8211 60.8025 1.1
    endloop
  endfacet
  facet normal -0.999466 0.0326731 0
    outer loop
      vertex 51.1283 52.0862 1.1
      vertex 51.15 52.75 4.2
      vertex 51.15 52.75 1.1
    endloop
  endfacet
  facet normal -0.999466 0.0326731 0
    outer loop
      vertex 51.15 52.75 4.2
      vertex 51.1283 52.0862 1.1
      vertex 51.1283 52.0862 4.2
    endloop
  endfacet
  facet normal -0.986645 0.162885 0
    outer loop
      vertex 50.955 50.7698 1.1
      vertex 51.0632 51.4252 4.2
      vertex 51.0632 51.4252 1.1
    endloop
  endfacet
  facet normal -0.986645 0.162885 0
    outer loop
      vertex 51.0632 51.4252 4.2
      vertex 50.955 50.7698 1.1
      vertex 50.955 50.7698 4.2
    endloop
  endfacet
  facet normal -0.881932 0.471377 0
    outer loop
      vertex 49.7902 47.675 1.1
      vertex 50.1033 48.2608 4.2
      vertex 50.1033 48.2608 1.1
    endloop
  endfacet
  facet normal -0.881932 0.471377 0
    outer loop
      vertex 50.1033 48.2608 4.2
      vertex 49.7902 47.675 1.1
      vertex 49.7902 47.675 4.2
    endloop
  endfacet
  facet normal 0.956943 0.290275 0
    outer loop
      vertex 31.3887 49.4874 4.2
      vertex 31.1959 50.123 1.1
      vertex 31.1959 50.123 4.2
    endloop
  endfacet
  facet normal 0.956943 0.290275 0
    outer loop
      vertex 31.1959 50.123 1.1
      vertex 31.3887 49.4874 4.2
      vertex 31.3887 49.4874 1.1
    endloop
  endfacet
  facet normal -0.352179 0.935933 0
    outer loop
      vertex 44.8842 43.3726 1.1
      vertex 44.2626 43.1387 4.2
      vertex 44.8842 43.3726 4.2
    endloop
  endfacet
  facet normal -0.352179 0.935933 0
    outer loop
      vertex 44.2626 43.1387 4.2
      vertex 44.8842 43.3726 1.1
      vertex 44.2626 43.1387 1.1
    endloop
  endfacet
  facet normal -0.41268 0.910876 0
    outer loop
      vertex 45.4892 43.6467 1.1
      vertex 44.8842 43.3726 4.2
      vertex 45.4892 43.6467 4.2
    endloop
  endfacet
  facet normal -0.41268 0.910876 0
    outer loop
      vertex 44.8842 43.3726 4.2
      vertex 45.4892 43.6467 1.1
      vertex 44.8842 43.3726 1.1
    endloop
  endfacet
  facet normal -0.935933 -0.352179 0
    outer loop
      vertex 50.6113 56.0126 1.1
      vertex 50.3774 56.6342 4.2
      vertex 50.3774 56.6342 1.1
    endloop
  endfacet
  facet normal -0.935933 -0.352179 0
    outer loop
      vertex 50.3774 56.6342 4.2
      vertex 50.6113 56.0126 1.1
      vertex 50.6113 56.0126 4.2
    endloop
  endfacet
  facet normal -0.973848 -0.227201 0
    outer loop
      vertex 50.955 54.7302 1.1
      vertex 50.8041 55.377 4.2
      vertex 50.8041 55.377 1.1
    endloop
  endfacet
  facet normal -0.973848 -0.227201 0
    outer loop
      vertex 50.8041 55.377 4.2
      vertex 50.955 54.7302 1.1
      vertex 50.955 54.7302 4.2
    endloop
  endfacet
  facet normal -0.956943 0.290275 0
    outer loop
      vertex 50.6113 49.4874 1.1
      vertex 50.8041 50.123 4.2
      vertex 50.8041 50.123 1.1
    endloop
  endfacet
  facet normal -0.956943 0.290275 0
    outer loop
      vertex 50.8041 50.123 4.2
      vertex 50.6113 49.4874 1.1
      vertex 50.6113 49.4874 4.2
    endloop
  endfacet
  facet normal -0.528157 0.849147 0
    outer loop
      vertex 46.639 44.3106 1.1
      vertex 46.075 43.9598 4.2
      vertex 46.639 44.3106 4.2
    endloop
  endfacet
  facet normal -0.528157 0.849147 0
    outer loop
      vertex 46.075 43.9598 4.2
      vertex 46.639 44.3106 1.1
      vertex 46.075 43.9598 1.1
    endloop
  endfacet
  facet normal -0.773098 0.634287 0
    outer loop
      vertex 48.6312 46.0576 1.1
      vertex 49.0525 46.5711 4.2
      vertex 49.0525 46.5711 1.1
    endloop
  endfacet
  facet normal -0.773098 0.634287 0
    outer loop
      vertex 49.0525 46.5711 4.2
      vertex 48.6312 46.0576 1.1
      vertex 48.6312 46.0576 4.2
    endloop
  endfacet
  facet normal -0.812837 0.582491 0
    outer loop
      vertex 49.0525 46.5711 1.1
      vertex 49.4394 47.111 4.2
      vertex 49.4394 47.111 1.1
    endloop
  endfacet
  facet normal -0.812837 0.582491 0
    outer loop
      vertex 49.4394 47.111 4.2
      vertex 49.0525 46.5711 1.1
      vertex 49.0525 46.5711 4.2
    endloop
  endfacet
  facet normal -0.910876 0.41268 0
    outer loop
      vertex 50.1033 48.2608 1.1
      vertex 50.3774 48.8658 4.2
      vertex 50.3774 48.8658 1.1
    endloop
  endfacet
  facet normal -0.910876 0.41268 0
    outer loop
      vertex 50.3774 48.8658 4.2
      vertex 50.1033 48.2608 1.1
      vertex 50.1033 48.2608 4.2
    endloop
  endfacet
  facet normal 0.471377 0.881932 -0
    outer loop
      vertex 36.5108 43.6467 1.1
      vertex 35.925 43.9598 4.2
      vertex 36.5108 43.6467 4.2
    endloop
  endfacet
  facet normal 0.471377 0.881932 0
    outer loop
      vertex 35.925 43.9598 4.2
      vertex 36.5108 43.6467 1.1
      vertex 35.925 43.9598 1.1
    endloop
  endfacet
  facet normal -0.0326731 0.999466 0
    outer loop
      vertex 41.6638 42.6217 1.1
      vertex 41 42.6 4.2
      vertex 41.6638 42.6217 4.2
    endloop
  endfacet
  facet normal -0.0326731 0.999466 0
    outer loop
      vertex 41 42.6 4.2
      vertex 41.6638 42.6217 1.1
      vertex 41 42.6 1.1
    endloop
  endfacet
  facet normal 0.0980129 0.995185 -0
    outer loop
      vertex 40.3362 42.6217 1.1
      vertex 39.6752 42.6868 4.2
      vertex 40.3362 42.6217 4.2
    endloop
  endfacet
  facet normal 0.0980129 0.995185 0
    outer loop
      vertex 39.6752 42.6868 4.2
      vertex 40.3362 42.6217 1.1
      vertex 39.6752 42.6868 1.1
    endloop
  endfacet
  facet normal 0.995185 0.0980129 0
    outer loop
      vertex 30.9368 51.4252 4.2
      vertex 30.8717 52.0862 1.1
      vertex 30.8717 52.0862 4.2
    endloop
  endfacet
  facet normal 0.995185 0.0980129 0
    outer loop
      vertex 30.8717 52.0862 1.1
      vertex 30.9368 51.4252 4.2
      vertex 30.9368 51.4252 1.1
    endloop
  endfacet
  facet normal 0.986645 0.162885 0
    outer loop
      vertex 31.045 50.7698 4.2
      vertex 30.9368 51.4252 1.1
      vertex 30.9368 51.4252 4.2
    endloop
  endfacet
  facet normal 0.986645 0.162885 0
    outer loop
      vertex 30.9368 51.4252 1.1
      vertex 31.045 50.7698 4.2
      vertex 31.045 50.7698 1.1
    endloop
  endfacet
  facet normal 0.849147 0.528157 0
    outer loop
      vertex 32.5606 47.111 4.2
      vertex 32.2098 47.675 1.1
      vertex 32.2098 47.675 4.2
    endloop
  endfacet
  facet normal 0.849147 0.528157 0
    outer loop
      vertex 32.2098 47.675 1.1
      vertex 32.5606 47.111 4.2
      vertex 32.5606 47.111 1.1
    endloop
  endfacet
  facet normal 0.683696 0.729767 -0
    outer loop
      vertex 34.3076 45.1188 1.1
      vertex 33.8229 45.5729 4.2
      vertex 34.3076 45.1188 4.2
    endloop
  endfacet
  facet normal 0.683696 0.729767 0
    outer loop
      vertex 33.8229 45.5729 4.2
      vertex 34.3076 45.1188 1.1
      vertex 33.8229 45.5729 1.1
    endloop
  endfacet
  facet normal 0.973848 0.227201 0
    outer loop
      vertex 31.1959 50.123 4.2
      vertex 31.045 50.7698 1.1
      vertex 31.045 50.7698 4.2
    endloop
  endfacet
  facet normal 0.973848 0.227201 0
    outer loop
      vertex 31.045 50.7698 1.1
      vertex 31.1959 50.123 4.2
      vertex 31.1959 50.123 1.1
    endloop
  endfacet
  facet normal -0.973848 0.227201 0
    outer loop
      vertex 50.8041 50.123 1.1
      vertex 50.955 50.7698 4.2
      vertex 50.955 50.7698 1.1
    endloop
  endfacet
  facet normal -0.973848 0.227201 0
    outer loop
      vertex 50.955 50.7698 4.2
      vertex 50.8041 50.123 1.1
      vertex 50.8041 50.123 4.2
    endloop
  endfacet
  facet normal -0.729767 0.683696 0
    outer loop
      vertex 48.1771 45.5729 1.1
      vertex 48.6312 46.0576 4.2
      vertex 48.6312 46.0576 1.1
    endloop
  endfacet
  facet normal -0.729767 0.683696 0
    outer loop
      vertex 48.6312 46.0576 4.2
      vertex 48.1771 45.5729 1.1
      vertex 48.1771 45.5729 4.2
    endloop
  endfacet
  facet normal -0.634287 0.773098 0
    outer loop
      vertex 47.6924 45.1188 1.1
      vertex 47.1789 44.6975 4.2
      vertex 47.6924 45.1188 4.2
    endloop
  endfacet
  facet normal -0.634287 0.773098 0
    outer loop
      vertex 47.1789 44.6975 4.2
      vertex 47.6924 45.1188 1.1
      vertex 47.1789 44.6975 1.1
    endloop
  endfacet
  facet normal -0.683696 0.729767 0
    outer loop
      vertex 48.1771 45.5729 1.1
      vertex 47.6924 45.1188 4.2
      vertex 48.1771 45.5729 4.2
    endloop
  endfacet
  facet normal -0.683696 0.729767 0
    outer loop
      vertex 47.6924 45.1188 4.2
      vertex 48.1771 45.5729 1.1
      vertex 47.6924 45.1188 1.1
    endloop
  endfacet
  facet normal -0.849147 0.528157 0
    outer loop
      vertex 49.4394 47.111 1.1
      vertex 49.7902 47.675 4.2
      vertex 49.7902 47.675 1.1
    endloop
  endfacet
  facet normal -0.849147 0.528157 0
    outer loop
      vertex 49.7902 47.675 4.2
      vertex 49.4394 47.111 1.1
      vertex 49.4394 47.111 4.2
    endloop
  endfacet
  facet normal 0.634287 0.773098 -0
    outer loop
      vertex 34.8211 44.6975 1.1
      vertex 34.3076 45.1188 4.2
      vertex 34.8211 44.6975 4.2
    endloop
  endfacet
  facet normal 0.634287 0.773098 0
    outer loop
      vertex 34.3076 45.1188 4.2
      vertex 34.8211 44.6975 1.1
      vertex 34.3076 45.1188 1.1
    endloop
  endfacet
  facet normal 0.528157 0.849147 -0
    outer loop
      vertex 35.925 43.9598 1.1
      vertex 35.361 44.3106 4.2
      vertex 35.925 43.9598 4.2
    endloop
  endfacet
  facet normal 0.528157 0.849147 0
    outer loop
      vertex 35.361 44.3106 4.2
      vertex 35.925 43.9598 1.1
      vertex 35.361 44.3106 1.1
    endloop
  endfacet
  facet normal 0.582491 0.812837 -0
    outer loop
      vertex 35.361 44.3106 1.1
      vertex 34.8211 44.6975 4.2
      vertex 35.361 44.3106 4.2
    endloop
  endfacet
  facet normal 0.582491 0.812837 0
    outer loop
      vertex 34.8211 44.6975 4.2
      vertex 35.361 44.3106 1.1
      vertex 34.8211 44.6975 1.1
    endloop
  endfacet
  facet normal 0.227201 0.973848 -0
    outer loop
      vertex 39.0198 42.795 1.1
      vertex 38.373 42.9459 4.2
      vertex 39.0198 42.795 4.2
    endloop
  endfacet
  facet normal 0.227201 0.973848 0
    outer loop
      vertex 38.373 42.9459 4.2
      vertex 39.0198 42.795 1.1
      vertex 38.373 42.9459 1.1
    endloop
  endfacet
  facet normal 0.162885 0.986645 -0
    outer loop
      vertex 39.6752 42.6868 1.1
      vertex 39.0198 42.795 4.2
      vertex 39.6752 42.6868 4.2
    endloop
  endfacet
  facet normal 0.162885 0.986645 0
    outer loop
      vertex 39.0198 42.795 4.2
      vertex 39.6752 42.6868 1.1
      vertex 39.0198 42.795 1.1
    endloop
  endfacet
  facet normal 0.773098 0.634287 0
    outer loop
      vertex 33.3688 46.0576 4.2
      vertex 32.9475 46.5711 1.1
      vertex 32.9475 46.5711 4.2
    endloop
  endfacet
  facet normal 0.773098 0.634287 0
    outer loop
      vertex 32.9475 46.5711 1.1
      vertex 33.3688 46.0576 4.2
      vertex 33.3688 46.0576 1.1
    endloop
  endfacet
  facet normal 0.729767 0.683696 0
    outer loop
      vertex 33.8229 45.5729 4.2
      vertex 33.3688 46.0576 1.1
      vertex 33.3688 46.0576 4.2
    endloop
  endfacet
  facet normal 0.729767 0.683696 0
    outer loop
      vertex 33.3688 46.0576 1.1
      vertex 33.8229 45.5729 4.2
      vertex 33.8229 45.5729 1.1
    endloop
  endfacet
  facet normal 0.812837 0.582491 0
    outer loop
      vertex 32.9475 46.5711 4.2
      vertex 32.5606 47.111 1.1
      vertex 32.5606 47.111 4.2
    endloop
  endfacet
  facet normal 0.812837 0.582491 0
    outer loop
      vertex 32.5606 47.111 1.1
      vertex 32.9475 46.5711 4.2
      vertex 32.9475 46.5711 1.1
    endloop
  endfacet
  facet normal 0.910876 0.41268 0
    outer loop
      vertex 31.8967 48.2608 4.2
      vertex 31.6226 48.8658 1.1
      vertex 31.6226 48.8658 4.2
    endloop
  endfacet
  facet normal 0.910876 0.41268 0
    outer loop
      vertex 31.6226 48.8658 1.1
      vertex 31.8967 48.2608 4.2
      vertex 31.8967 48.2608 1.1
    endloop
  endfacet
  facet normal -0.290275 0.956943 0
    outer loop
      vertex 44.2626 43.1387 1.1
      vertex 43.627 42.9459 4.2
      vertex 44.2626 43.1387 4.2
    endloop
  endfacet
  facet normal -0.290275 0.956943 0
    outer loop
      vertex 43.627 42.9459 4.2
      vertex 44.2626 43.1387 1.1
      vertex 43.627 42.9459 1.1
    endloop
  endfacet
  facet normal -0.227201 0.973848 0
    outer loop
      vertex 43.627 42.9459 1.1
      vertex 42.9802 42.795 4.2
      vertex 43.627 42.9459 4.2
    endloop
  endfacet
  facet normal -0.227201 0.973848 0
    outer loop
      vertex 42.9802 42.795 4.2
      vertex 43.627 42.9459 1.1
      vertex 42.9802 42.795 1.1
    endloop
  endfacet
  facet normal -0.582491 0.812837 0
    outer loop
      vertex 47.1789 44.6975 1.1
      vertex 46.639 44.3106 4.2
      vertex 47.1789 44.6975 4.2
    endloop
  endfacet
  facet normal -0.582491 0.812837 0
    outer loop
      vertex 46.639 44.3106 4.2
      vertex 47.1789 44.6975 1.1
      vertex 46.639 44.3106 1.1
    endloop
  endfacet
  facet normal 0.41268 0.910876 -0
    outer loop
      vertex 37.1158 43.3726 1.1
      vertex 36.5108 43.6467 4.2
      vertex 37.1158 43.3726 4.2
    endloop
  endfacet
  facet normal 0.41268 0.910876 0
    outer loop
      vertex 36.5108 43.6467 4.2
      vertex 37.1158 43.3726 1.1
      vertex 36.5108 43.6467 1.1
    endloop
  endfacet
  facet normal 0.0326731 0.999466 -0
    outer loop
      vertex 41 42.6 1.1
      vertex 40.3362 42.6217 4.2
      vertex 41 42.6 4.2
    endloop
  endfacet
  facet normal 0.0326731 0.999466 0
    outer loop
      vertex 40.3362 42.6217 4.2
      vertex 41 42.6 1.1
      vertex 40.3362 42.6217 1.1
    endloop
  endfacet
  facet normal 0.352179 0.935933 -0
    outer loop
      vertex 37.7374 43.1387 1.1
      vertex 37.1158 43.3726 4.2
      vertex 37.7374 43.1387 4.2
    endloop
  endfacet
  facet normal 0.352179 0.935933 0
    outer loop
      vertex 37.1158 43.3726 4.2
      vertex 37.7374 43.1387 1.1
      vertex 37.1158 43.3726 1.1
    endloop
  endfacet
  facet normal 0.290275 0.956943 -0
    outer loop
      vertex 38.373 42.9459 1.1
      vertex 37.7374 43.1387 4.2
      vertex 38.373 42.9459 4.2
    endloop
  endfacet
  facet normal 0.290275 0.956943 0
    outer loop
      vertex 37.7374 43.1387 4.2
      vertex 38.373 42.9459 1.1
      vertex 37.7374 43.1387 1.1
    endloop
  endfacet
  facet normal 0 0 -1
    outer loop
      vertex 18.7197 42.116 0.390001
      vertex 19.173 43.6658 0.390001
      vertex 19.173 42.116 0.390001
    endloop
  endfacet
  facet normal 0 0 -1
    outer loop
      vertex 18.7197 45.4601 0.390001
      vertex 19.173 43.6658 0.390001
      vertex 18.7197 42.116 0.390001
    endloop
  endfacet
  facet normal 0 0 -1
    outer loop
      vertex 19.173 43.6658 0.390001
      vertex 18.7197 45.4601 0.390001
      vertex 19.173 44.0455 0.390001
    endloop
  endfacet
  facet normal 0 0 -1
    outer loop
      vertex 19.173 44.0455 0.390001
      vertex 18.7197 45.4601 0.390001
      vertex 19.173 45.4601 0.390001
    endloop
  endfacet
  facet normal 0 0 -1
    outer loop
      vertex 19.173 43.6658 0.390001
      vertex 20.9816 44.0455 0.390001
      vertex 20.9816 43.6658 0.390001
    endloop
  endfacet
  facet normal -0 0 -1
    outer loop
      vertex 20.9816 44.0455 0.390001
      vertex 19.173 43.6658 0.390001
      vertex 19.173 44.0455 0.390001
    endloop
  endfacet
  facet normal 0 0 -1
    outer loop
      vertex 20.9816 43.6658 0.390001
      vertex 21.4349 42.116 0.390001
      vertex 20.9816 42.116 0.390001
    endloop
  endfacet
  facet normal 0 0 -1
    outer loop
      vertex 21.4349 42.116 0.390001
      vertex 20.9816 43.6658 0.390001
      vertex 21.4349 45.4601 0.390001
    endloop
  endfacet
  facet normal 0 0 -1
    outer loop
      vertex 20.9816 44.0455 0.390001
      vertex 21.4349 45.4601 0.390001
      vertex 20.9816 43.6658 0.390001
    endloop
  endfacet
  facet normal -0 0 -1
    outer loop
      vertex 21.4349 45.4601 0.390001
      vertex 20.9816 44.0455 0.390001
      vertex 20.9816 45.4601 0.390001
    endloop
  endfacet
  facet normal 0 0 -1
    outer loop
      vertex 24.2828 42.8468 0.390001
      vertex 24.7027 42.6927 0.390001
      vertex 24.5842 42.502 0.390001
    endloop
  endfacet
  facet normal 0 0 -1
    outer loop
      vertex 24.1976 42.7138 0.390001
      vertex 24.5842 42.502 0.390001
      vertex 24.4237 42.3459 0.390001
    endloop
  endfacet
  facet normal 0 -0 -1
    outer loop
      vertex 24.315 42.9231 0.390001
      vertex 24.7027 42.6927 0.390001
      vertex 24.2828 42.8468 0.390001
    endloop
  endfacet
  facet normal 0 0 -1
    outer loop
      vertex 24.7793 42.9182 0.390001
      vertex 24.315 42.9231 0.390001
      vertex 24.3402 43.006 0.390001
    endloop
  endfacet
  facet normal 0 0 -1
    outer loop
      vertex 24.7027 42.6927 0.390001
      vertex 24.315 42.9231 0.390001
      vertex 24.7793 42.9182 0.390001
    endloop
  endfacet
  facet normal 0 0 -1
    outer loop
      vertex 24.5842 42.502 0.390001
      vertex 24.2437 42.7771 0.390001
      vertex 24.2828 42.8468 0.390001
    endloop
  endfacet
  facet normal 0 0 -1
    outer loop
      vertex 24.0845 42.607 0.390001
      vertex 24.4237 42.3459 0.390001
      vertex 24.2213 42.2245 0.390001
    endloop
  endfacet
  facet normal 0 0 -1
    outer loop
      vertex 24.5842 42.502 0.390001
      vertex 24.1976 42.7138 0.390001
      vertex 24.2437 42.7771 0.390001
    endloop
  endfacet
  facet normal 0 0 -1
    outer loop
      vertex 24.4237 42.3459 0.390001
      vertex 24.1445 42.6571 0.390001
      vertex 24.1976 42.7138 0.390001
    endloop
  endfacet
  facet normal 0 0 -1
    outer loop
      vertex 24.4237 42.3459 0.390001
      vertex 24.0845 42.607 0.390001
      vertex 24.1445 42.6571 0.390001
    endloop
  endfacet
  facet normal 0 0 -1
    outer loop
      vertex 24.2213 42.2245 0.390001
      vertex 24.0174 42.5634 0.390001
      vertex 24.0845 42.607 0.390001
    endloop
  endfacet
  facet normal 0 0 -1
    outer loop
      vertex 23.9433 42.5259 0.390001
      vertex 24.2213 42.2245 0.390001
      vertex 23.9769 42.1378 0.390001
    endloop
  endfacet
  facet normal 0 0 -1
    outer loop
      vertex 24.2213 42.2245 0.390001
      vertex 23.9433 42.5259 0.390001
      vertex 24.0174 42.5634 0.390001
    endloop
  endfacet
  facet normal 0 0 -1
    outer loop
      vertex 23.9769 42.1378 0.390001
      vertex 23.8618 42.4942 0.390001
      vertex 23.9433 42.5259 0.390001
    endloop
  endfacet
  facet normal 0 0 -1
    outer loop
      vertex 23.9769 42.1378 0.390001
      vertex 23.7731 42.4682 0.390001
      vertex 23.8618 42.4942 0.390001
    endloop
  endfacet
  facet normal 0 0 -1
    outer loop
      vertex 23.6906 42.0858 0.390001
      vertex 23.7731 42.4682 0.390001
      vertex 23.9769 42.1378 0.390001
    endloop
  endfacet
  facet normal 0 0 -1
    outer loop
      vertex 23.6906 42.0858 0.390001
      vertex 23.6772 42.4481 0.390001
      vertex 23.7731 42.4682 0.390001
    endloop
  endfacet
  facet normal 0 0 -1
    outer loop
      vertex 23.6906 42.0858 0.390001
      vertex 23.574 42.4337 0.390001
      vertex 23.6772 42.4481 0.390001
    endloop
  endfacet
  facet normal 0 0 -1
    outer loop
      vertex 23.6906 42.0858 0.390001
      vertex 23.4635 42.425 0.390001
      vertex 23.574 42.4337 0.390001
    endloop
  endfacet
  facet normal 0 0 -1
    outer loop
      vertex 23.3623 42.0685 0.390001
      vertex 23.4635 42.425 0.390001
      vertex 23.6906 42.0858 0.390001
    endloop
  endfacet
  facet normal 0 0 -1
    outer loop
      vertex 23.3623 42.0685 0.390001
      vertex 23.3457 42.4221 0.390001
      vertex 23.4635 42.425 0.390001
    endloop
  endfacet
  facet normal 0 0 -1
    outer loop
      vertex 23.3623 42.0685 0.390001
      vertex 23.2244 42.4252 0.390001
      vertex 23.3457 42.4221 0.390001
    endloop
  endfacet
  facet normal 0 0 -1
    outer loop
      vertex 23.1805 42.0737 0.390001
      vertex 23.2244 42.4252 0.390001
      vertex 23.3623 42.0685 0.390001
    endloop
  endfacet
  facet normal 0 0 -1
    outer loop
      vertex 23.1805 42.0737 0.390001
      vertex 23.1112 42.4344 0.390001
      vertex 23.2244 42.4252 0.390001
    endloop
  endfacet
  facet normal 0 0 -1
    outer loop
      vertex 23.0108 42.0892 0.390001
      vertex 23.1112 42.4344 0.390001
      vertex 23.1805 42.0737 0.390001
    endloop
  endfacet
  facet normal 0 0 -1
    outer loop
      vertex 23.0108 42.0892 0.390001
      vertex 23.0062 42.4498 0.390001
      vertex 23.1112 42.4344 0.390001
    endloop
  endfacet
  facet normal 0 0 -1
    outer loop
      vertex 22.8531 42.1151 0.390001
      vertex 23.0062 42.4498 0.390001
      vertex 23.0108 42.0892 0.390001
    endloop
  endfacet
  facet normal -0 0 -1
    outer loop
      vertex 23.0062 42.4498 0.390001
      vertex 22.8531 42.1151 0.390001
      vertex 22.9094 42.4713 0.390001
    endloop
  endfacet
  facet normal 0 0 -1
    outer loop
      vertex 22.7075 42.1514 0.390001
      vertex 22.9094 42.4713 0.390001
      vertex 22.8531 42.1151 0.390001
    endloop
  endfacet
  facet normal -0 0 -1
    outer loop
      vertex 22.9094 42.4713 0.390001
      vertex 22.7075 42.1514 0.390001
      vertex 22.8208 42.499 0.390001
    endloop
  endfacet
  facet normal -0 0 -1
    outer loop
      vertex 22.8208 42.499 0.390001
      vertex 22.7075 42.1514 0.390001
      vertex 22.7403 42.5329 0.390001
    endloop
  endfacet
  facet normal 0 0 -1
    outer loop
      vertex 22.5739 42.1981 0.390001
      vertex 22.7403 42.5329 0.390001
      vertex 22.7075 42.1514 0.390001
    endloop
  endfacet
  facet normal -0 0 -1
    outer loop
      vertex 22.7403 42.5329 0.390001
      vertex 22.5739 42.1981 0.390001
      vertex 22.6681 42.5728 0.390001
    endloop
  endfacet
  facet normal 0 0 -1
    outer loop
      vertex 22.4524 42.2551 0.390001
      vertex 22.6681 42.5728 0.390001
      vertex 22.5739 42.1981 0.390001
    endloop
  endfacet
  facet normal -0 0 -1
    outer loop
      vertex 22.6681 42.5728 0.390001
      vertex 22.4524 42.2551 0.390001
      vertex 22.6048 42.6188 0.390001
    endloop
  endfacet
  facet normal 0 0 -1
    outer loop
      vertex 22.3429 42.3224 0.390001
      vertex 22.6048 42.6188 0.390001
      vertex 22.4524 42.2551 0.390001
    endloop
  endfacet
  facet normal -0 0 -1
    outer loop
      vertex 22.6048 42.6188 0.390001
      vertex 22.3429 42.3224 0.390001
      vertex 22.5513 42.6705 0.390001
    endloop
  endfacet
  facet normal 0 0 -1
    outer loop
      vertex 22.2469 42.3993 0.390001
      vertex 22.5513 42.6705 0.390001
      vertex 22.3429 42.3224 0.390001
    endloop
  endfacet
  facet normal -0 0 -1
    outer loop
      vertex 22.5513 42.6705 0.390001
      vertex 22.2469 42.3993 0.390001
      vertex 22.5075 42.728 0.390001
    endloop
  endfacet
  facet normal 0 0 -1
    outer loop
      vertex 22.1656 42.4846 0.390001
      vertex 22.5075 42.728 0.390001
      vertex 22.2469 42.3993 0.390001
    endloop
  endfacet
  facet normal 0 0 -1
    outer loop
      vertex 22.0992 42.5785 0.390001
      vertex 22.5075 42.728 0.390001
      vertex 22.1656 42.4846 0.390001
    endloop
  endfacet
  facet normal 0 0 -1
    outer loop
      vertex 22.642 43.4089 0.390001
      vertex 22.3857 43.7607 0.390001
      vertex 22.421 43.78 0.390001
    endloop
  endfacet
  facet normal -0 0 -1
    outer loop
      vertex 22.5075 42.728 0.390001
      vertex 22.0992 42.5785 0.390001
      vertex 22.4734 42.7912 0.390001
    endloop
  endfacet
  facet normal 0 0 -1
    outer loop
      vertex 22.0475 42.6809 0.390001
      vertex 22.4734 42.7912 0.390001
      vertex 22.0992 42.5785 0.390001
    endloop
  endfacet
  facet normal -0 0 -1
    outer loop
      vertex 22.4311 43.061 0.390001
      vertex 21.981 43.0392 0.390001
      vertex 21.982 43.0905 0.390001
    endloop
  endfacet
  facet normal 0 0 -1
    outer loop
      vertex 22.4311 43.061 0.390001
      vertex 21.982 43.0905 0.390001
      vertex 21.9851 43.1398 0.390001
    endloop
  endfacet
  facet normal 0 0 -1
    outer loop
      vertex 22.4311 43.061 0.390001
      vertex 22.3514 43.7404 0.390001
      vertex 22.3857 43.7607 0.390001
    endloop
  endfacet
  facet normal 0 0 -1
    outer loop
      vertex 22.4311 43.061 0.390001
      vertex 21.9851 43.1398 0.390001
      vertex 21.9904 43.1871 0.390001
    endloop
  endfacet
  facet normal -0 0 -1
    outer loop
      vertex 22.4734 42.7912 0.390001
      vertex 22.0475 42.6809 0.390001
      vertex 22.4491 42.8602 0.390001
    endloop
  endfacet
  facet normal 0 0 -1
    outer loop
      vertex 22.4311 43.061 0.390001
      vertex 22.3184 43.7189 0.390001
      vertex 22.3514 43.7404 0.390001
    endloop
  endfacet
  facet normal 0 0 -1
    outer loop
      vertex 22.4311 43.061 0.390001
      vertex 22.2868 43.6961 0.390001
      vertex 22.3184 43.7189 0.390001
    endloop
  endfacet
  facet normal 0 0 -1
    outer loop
      vertex 22.4311 43.061 0.390001
      vertex 21.9904 43.1871 0.390001
      vertex 21.9976 43.2326 0.390001
    endloop
  endfacet
  facet normal 0 0 -1
    outer loop
      vertex 22.0105 42.7918 0.390001
      vertex 22.4491 42.8602 0.390001
      vertex 22.0475 42.6809 0.390001
    endloop
  endfacet
  facet normal 0 0 -1
    outer loop
      vertex 22.4311 43.061 0.390001
      vertex 22.2564 43.672 0.390001
      vertex 22.2868 43.6961 0.390001
    endloop
  endfacet
  facet normal 0 0 -1
    outer loop
      vertex 22.4311 43.061 0.390001
      vertex 22.2274 43.6467 0.390001
      vertex 22.2564 43.672 0.390001
    endloop
  endfacet
  facet normal 0 0 -1
    outer loop
      vertex 22.4311 43.061 0.390001
      vertex 22.1997 43.6201 0.390001
      vertex 22.2274 43.6467 0.390001
    endloop
  endfacet
  facet normal -0 0 -1
    outer loop
      vertex 22.4491 42.8602 0.390001
      vertex 22.0105 42.7918 0.390001
      vertex 22.4344 42.935 0.390001
    endloop
  endfacet
  facet normal 0 0 -1
    outer loop
      vertex 22.4311 43.061 0.390001
      vertex 22.1732 43.5922 0.390001
      vertex 22.1997 43.6201 0.390001
    endloop
  endfacet
  facet normal 0 0 -1
    outer loop
      vertex 22.4311 43.061 0.390001
      vertex 22.1483 43.563 0.390001
      vertex 22.1732 43.5922 0.390001
    endloop
  endfacet
  facet normal 0 0 -1
    outer loop
      vertex 21.9884 42.9112 0.390001
      vertex 22.4344 42.935 0.390001
      vertex 22.0105 42.7918 0.390001
    endloop
  endfacet
  facet normal 0 0 -1
    outer loop
      vertex 22.4311 43.061 0.390001
      vertex 22.1249 43.5323 0.390001
      vertex 22.1483 43.563 0.390001
    endloop
  endfacet
  facet normal 0 0 -1
    outer loop
      vertex 22.4311 43.061 0.390001
      vertex 22.0829 43.4667 0.390001
      vertex 22.1031 43.5002 0.390001
    endloop
  endfacet
  facet normal 0 0 -1
    outer loop
      vertex 22.4311 43.061 0.390001
      vertex 22.0644 43.4317 0.390001
      vertex 22.0829 43.4667 0.390001
    endloop
  endfacet
  facet normal -0 0 -1
    outer loop
      vertex 22.4344 42.935 0.390001
      vertex 21.9884 42.9112 0.390001
      vertex 22.4296 43.0155 0.390001
    endloop
  endfacet
  facet normal 0 0 -1
    outer loop
      vertex 22.4311 43.061 0.390001
      vertex 22.0185 43.3176 0.390001
      vertex 22.032 43.3573 0.390001
    endloop
  endfacet
  facet normal 0 0 -1
    outer loop
      vertex 22.4311 43.061 0.390001
      vertex 22.007 43.2761 0.390001
      vertex 22.0185 43.3176 0.390001
    endloop
  endfacet
  facet normal 0 0 -1
    outer loop
      vertex 22.4311 43.061 0.390001
      vertex 21.9976 43.2326 0.390001
      vertex 22.007 43.2761 0.390001
    endloop
  endfacet
  facet normal -0 0 -1
    outer loop
      vertex 22.4296 43.0155 0.390001
      vertex 21.9884 42.9112 0.390001
      vertex 21.981 43.0392 0.390001
    endloop
  endfacet
  facet normal 0 0 -1
    outer loop
      vertex 22.4311 43.061 0.390001
      vertex 22.032 43.3573 0.390001
      vertex 22.0474 43.3952 0.390001
    endloop
  endfacet
  facet normal 0 0 -1
    outer loop
      vertex 22.4311 43.061 0.390001
      vertex 22.0474 43.3952 0.390001
      vertex 22.0644 43.4317 0.390001
    endloop
  endfacet
  facet normal 0 0 -1
    outer loop
      vertex 22.4311 43.061 0.390001
      vertex 22.1031 43.5002 0.390001
      vertex 22.1249 43.5323 0.390001
    endloop
  endfacet
  facet normal 0 0 -1
    outer loop
      vertex 24.1795 44.5959 0.390001
      vertex 24.6214 44.5625 0.390001
      vertex 24.6175 44.5115 0.390001
    endloop
  endfacet
  facet normal 0 0 -1
    outer loop
      vertex 24.6214 44.5625 0.390001
      vertex 24.1795 44.5959 0.390001
      vertex 24.6226 44.6152 0.390001
    endloop
  endfacet
  facet normal 0 0 -1
    outer loop
      vertex 24.1745 44.5551 0.390001
      vertex 24.6175 44.5115 0.390001
      vertex 24.6111 44.4623 0.390001
    endloop
  endfacet
  facet normal 0 0 -1
    outer loop
      vertex 24.1662 44.5165 0.390001
      vertex 24.6111 44.4623 0.390001
      vertex 24.6021 44.4148 0.390001
    endloop
  endfacet
  facet normal -0 0 -1
    outer loop
      vertex 24.6226 44.6152 0.390001
      vertex 24.1795 44.5959 0.390001
      vertex 24.1812 44.6389 0.390001
    endloop
  endfacet
  facet normal 0 0 -1
    outer loop
      vertex 24.1662 44.5165 0.390001
      vertex 24.6021 44.4148 0.390001
      vertex 24.5905 44.3691 0.390001
    endloop
  endfacet
  facet normal 0 0 -1
    outer loop
      vertex 24.1544 44.48 0.390001
      vertex 24.5905 44.3691 0.390001
      vertex 24.5764 44.3251 0.390001
    endloop
  endfacet
  facet normal 0 0 -1
    outer loop
      vertex 24.6226 44.6152 0.390001
      vertex 24.1812 44.6389 0.390001
      vertex 24.6159 44.7339 0.390001
    endloop
  endfacet
  facet normal 0 0 -1
    outer loop
      vertex 24.1544 44.48 0.390001
      vertex 24.5764 44.3251 0.390001
      vertex 24.5597 44.2829 0.390001
    endloop
  endfacet
  facet normal 0 0 -1
    outer loop
      vertex 24.1394 44.4458 0.390001
      vertex 24.5597 44.2829 0.390001
      vertex 24.5406 44.2422 0.390001
    endloop
  endfacet
  facet normal 0 0 -1
    outer loop
      vertex 24.1394 44.4458 0.390001
      vertex 24.5406 44.2422 0.390001
      vertex 24.5192 44.2031 0.390001
    endloop
  endfacet
  facet normal 0 0 -1
    outer loop
      vertex 24.1769 44.7115 0.390001
      vertex 24.6159 44.7339 0.390001
      vertex 24.1812 44.6389 0.390001
    endloop
  endfacet
  facet normal 0 0 -1
    outer loop
      vertex 24.121 44.4137 0.390001
      vertex 24.5192 44.2031 0.390001
      vertex 24.4956 44.1655 0.390001
    endloop
  endfacet
  facet normal 0 0 -1
    outer loop
      vertex 24.121 44.4137 0.390001
      vertex 24.4956 44.1655 0.390001
      vertex 24.4697 44.1294 0.390001
    endloop
  endfacet
  facet normal -0 0 -1
    outer loop
      vertex 24.6159 44.7339 0.390001
      vertex 24.1769 44.7115 0.390001
      vertex 24.5958 44.8446 0.390001
    endloop
  endfacet
  facet normal 0 0 -1
    outer loop
      vertex 24.0993 44.3838 0.390001
      vertex 24.4697 44.1294 0.390001
      vertex 24.4414 44.0948 0.390001
    endloop
  endfacet
  facet normal 0 0 -1
    outer loop
      vertex 24.0993 44.3838 0.390001
      vertex 24.4414 44.0948 0.390001
      vertex 24.4109 44.0617 0.390001
    endloop
  endfacet
  facet normal 0 0 -1
    outer loop
      vertex 24.1639 44.7788 0.390001
      vertex 24.5958 44.8446 0.390001
      vertex 24.1769 44.7115 0.390001
    endloop
  endfacet
  facet normal 0 0 -1
    outer loop
      vertex 24.0744 44.3556 0.390001
      vertex 24.4109 44.0617 0.390001
      vertex 24.3782 44.0301 0.390001
    endloop
  endfacet
  facet normal 0 0 -1
    outer loop
      vertex 24.0744 44.3556 0.390001
      vertex 24.3782 44.0301 0.390001
      vertex 24.3425 43.9996 0.390001
    endloop
  endfacet
  facet normal 0 0 -1
    outer loop
      vertex 24.0466 44.3286 0.390001
      vertex 24.3425 43.9996 0.390001
      vertex 24.3033 43.97 0.390001
    endloop
  endfacet
  facet normal -0 0 -1
    outer loop
      vertex 24.5958 44.8446 0.390001
      vertex 24.1639 44.7788 0.390001
      vertex 24.5623 44.9472 0.390001
    endloop
  endfacet
  facet normal 0 0 -1
    outer loop
      vertex 24.0158 44.303 0.390001
      vertex 24.3033 43.97 0.390001
      vertex 24.2605 43.9412 0.390001
    endloop
  endfacet
  facet normal 0 0 -1
    outer loop
      vertex 24.0158 44.303 0.390001
      vertex 24.2605 43.9412 0.390001
      vertex 24.2142 43.9133 0.390001
    endloop
  endfacet
  facet normal 0 0 -1
    outer loop
      vertex 24.1424 44.8407 0.390001
      vertex 24.5623 44.9472 0.390001
      vertex 24.1639 44.7788 0.390001
    endloop
  endfacet
  facet normal -0 0 -1
    outer loop
      vertex 24.5153 45.0418 0.390001
      vertex 24.1424 44.8407 0.390001
      vertex 24.4549 45.1284 0.390001
    endloop
  endfacet
  facet normal -0 0 -1
    outer loop
      vertex 24.5623 44.9472 0.390001
      vertex 24.1424 44.8407 0.390001
      vertex 24.5153 45.0418 0.390001
    endloop
  endfacet
  facet normal 0 0 -1
    outer loop
      vertex 24.6175 44.5115 0.390001
      vertex 24.1745 44.5551 0.390001
      vertex 24.1795 44.5959 0.390001
    endloop
  endfacet
  facet normal 0 0 -1
    outer loop
      vertex 24.6111 44.4623 0.390001
      vertex 24.1662 44.5165 0.390001
      vertex 24.1745 44.5551 0.390001
    endloop
  endfacet
  facet normal 0 0 -1
    outer loop
      vertex 23.9821 44.2785 0.390001
      vertex 24.2142 43.9133 0.390001
      vertex 24.1644 43.8861 0.390001
    endloop
  endfacet
  facet normal 0 0 -1
    outer loop
      vertex 24.5905 44.3691 0.390001
      vertex 24.1544 44.48 0.390001
      vertex 24.1662 44.5165 0.390001
    endloop
  endfacet
  facet normal 0 0 -1
    outer loop
      vertex 24.5597 44.2829 0.390001
      vertex 24.1394 44.4458 0.390001
      vertex 24.1544 44.48 0.390001
    endloop
  endfacet
  facet normal 0 0 -1
    outer loop
      vertex 24.5192 44.2031 0.390001
      vertex 24.121 44.4137 0.390001
      vertex 24.1394 44.4458 0.390001
    endloop
  endfacet
  facet normal 0 0 -1
    outer loop
      vertex 23.9454 44.2554 0.390001
      vertex 24.1644 43.8861 0.390001
      vertex 24.1111 43.8598 0.390001
    endloop
  endfacet
  facet normal 0 0 -1
    outer loop
      vertex 24.4697 44.1294 0.390001
      vertex 24.0993 44.3838 0.390001
      vertex 24.121 44.4137 0.390001
    endloop
  endfacet
  facet normal 0 0 -1
    outer loop
      vertex 24.4109 44.0617 0.390001
      vertex 24.0744 44.3556 0.390001
      vertex 24.0993 44.3838 0.390001
    endloop
  endfacet
  facet normal 0 0 -1
    outer loop
      vertex 23.9057 44.2335 0.390001
      vertex 24.1111 43.8598 0.390001
      vertex 24.0542 43.8343 0.390001
    endloop
  endfacet
  facet normal 0 0 -1
    outer loop
      vertex 24.3425 43.9996 0.390001
      vertex 24.0466 44.3286 0.390001
      vertex 24.0744 44.3556 0.390001
    endloop
  endfacet
  facet normal 0 0 -1
    outer loop
      vertex 24.3033 43.97 0.390001
      vertex 24.0158 44.303 0.390001
      vertex 24.0466 44.3286 0.390001
    endloop
  endfacet
  facet normal 0 0 -1
    outer loop
      vertex 23.8631 44.2128 0.390001
      vertex 24.0542 43.8343 0.390001
      vertex 23.9916 43.8092 0.390001
    endloop
  endfacet
  facet normal 0 0 -1
    outer loop
      vertex 24.2142 43.9133 0.390001
      vertex 23.9821 44.2785 0.390001
      vertex 24.0158 44.303 0.390001
    endloop
  endfacet
  facet normal 0 0 -1
    outer loop
      vertex 24.1644 43.8861 0.390001
      vertex 23.9454 44.2554 0.390001
      vertex 23.9821 44.2785 0.390001
    endloop
  endfacet
  facet normal 0 0 -1
    outer loop
      vertex 23.8128 44.1922 0.390001
      vertex 23.9916 43.8092 0.390001
      vertex 23.9213 43.7841 0.390001
    endloop
  endfacet
  facet normal 0 0 -1
    outer loop
      vertex 24.1111 43.8598 0.390001
      vertex 23.9057 44.2335 0.390001
      vertex 23.9454 44.2554 0.390001
    endloop
  endfacet
  facet normal 0 0 -1
    outer loop
      vertex 24.0542 43.8343 0.390001
      vertex 23.8631 44.2128 0.390001
      vertex 23.9057 44.2335 0.390001
    endloop
  endfacet
  facet normal 0 0 -1
    outer loop
      vertex 23.75 44.1702 0.390001
      vertex 23.9213 43.7841 0.390001
      vertex 23.8431 43.759 0.390001
    endloop
  endfacet
  facet normal 0 0 -1
    outer loop
      vertex 23.9916 43.8092 0.390001
      vertex 23.8128 44.1922 0.390001
      vertex 23.8631 44.2128 0.390001
    endloop
  endfacet
  facet normal 0 0 -1
    outer loop
      vertex 23.6747 44.147 0.390001
      vertex 23.8431 43.759 0.390001
      vertex 23.7572 43.7339 0.390001
    endloop
  endfacet
  facet normal 0 0 -1
    outer loop
      vertex 23.9213 43.7841 0.390001
      vertex 23.75 44.1702 0.390001
      vertex 23.8128 44.1922 0.390001
    endloop
  endfacet
  facet normal 0 0 -1
    outer loop
      vertex 23.8431 43.759 0.390001
      vertex 23.6747 44.147 0.390001
      vertex 23.75 44.1702 0.390001
    endloop
  endfacet
  facet normal 0 0 -1
    outer loop
      vertex 23.5868 44.1224 0.390001
      vertex 23.7572 43.7339 0.390001
      vertex 23.6634 43.7089 0.390001
    endloop
  endfacet
  facet normal 0 0 -1
    outer loop
      vertex 23.7572 43.7339 0.390001
      vertex 23.5868 44.1224 0.390001
      vertex 23.6747 44.147 0.390001
    endloop
  endfacet
  facet normal 0 0 -1
    outer loop
      vertex 23.4865 44.0965 0.390001
      vertex 23.6634 43.7089 0.390001
      vertex 23.5619 43.6838 0.390001
    endloop
  endfacet
  facet normal 0 0 -1
    outer loop
      vertex 23.6634 43.7089 0.390001
      vertex 23.4865 44.0965 0.390001
      vertex 23.5868 44.1224 0.390001
    endloop
  endfacet
  facet normal 0 0 -1
    outer loop
      vertex 23.3737 44.0693 0.390001
      vertex 23.5619 43.6838 0.390001
      vertex 23.3882 43.6439 0.390001
    endloop
  endfacet
  facet normal 0 0 -1
    outer loop
      vertex 23.5619 43.6838 0.390001
      vertex 23.3737 44.0693 0.390001
      vertex 23.4865 44.0965 0.390001
    endloop
  endfacet
  facet normal 0 0 -1
    outer loop
      vertex 23.2484 44.0408 0.390001
      vertex 23.3882 43.6439 0.390001
      vertex 23.3256 43.6294 0.390001
    endloop
  endfacet
  facet normal 0 0 -1
    outer loop
      vertex 23.2043 44.0306 0.390001
      vertex 23.3256 43.6294 0.390001
      vertex 23.2646 43.6152 0.390001
    endloop
  endfacet
  facet normal 0 0 -1
    outer loop
      vertex 23.3882 43.6439 0.390001
      vertex 23.2484 44.0408 0.390001
      vertex 23.3737 44.0693 0.390001
    endloop
  endfacet
  facet normal 0 0 -1
    outer loop
      vertex 23.1604 44.0204 0.390001
      vertex 23.2646 43.6152 0.390001
      vertex 23.2053 43.6013 0.390001
    endloop
  endfacet
  facet normal 0 0 -1
    outer loop
      vertex 23.3256 43.6294 0.390001
      vertex 23.2043 44.0306 0.390001
      vertex 23.2484 44.0408 0.390001
    endloop
  endfacet
  facet normal 0 0 -1
    outer loop
      vertex 23.2646 43.6152 0.390001
      vertex 23.1604 44.0204 0.390001
      vertex 23.2043 44.0306 0.390001
    endloop
  endfacet
  facet normal 0 0 -1
    outer loop
      vertex 23.0725 43.9997 0.390001
      vertex 23.2053 43.6013 0.390001
      vertex 23.1476 43.5877 0.390001
    endloop
  endfacet
  facet normal 0 0 -1
    outer loop
      vertex 23.2053 43.6013 0.390001
      vertex 23.1164 44.0101 0.390001
      vertex 23.1604 44.0204 0.390001
    endloop
  endfacet
  facet normal 0 0 -1
    outer loop
      vertex 23.0286 43.9893 0.390001
      vertex 23.1476 43.5877 0.390001
      vertex 23.0916 43.5744 0.390001
    endloop
  endfacet
  facet normal 0 0 -1
    outer loop
      vertex 23.2053 43.6013 0.390001
      vertex 23.0725 43.9997 0.390001
      vertex 23.1164 44.0101 0.390001
    endloop
  endfacet
  facet normal 0 0 -1
    outer loop
      vertex 22.9848 43.9789 0.390001
      vertex 23.0916 43.5744 0.390001
      vertex 23.0372 43.5613 0.390001
    endloop
  endfacet
  facet normal 0 0 -1
    outer loop
      vertex 23.1476 43.5877 0.390001
      vertex 23.0286 43.9893 0.390001
      vertex 23.0725 43.9997 0.390001
    endloop
  endfacet
  facet normal 0 0 -1
    outer loop
      vertex 23.0916 43.5744 0.390001
      vertex 22.9848 43.9789 0.390001
      vertex 23.0286 43.9893 0.390001
    endloop
  endfacet
  facet normal 0 0 -1
    outer loop
      vertex 22.8976 43.9576 0.390001
      vertex 23.0372 43.5613 0.390001
      vertex 22.9847 43.548 0.390001
    endloop
  endfacet
  facet normal 0 0 -1
    outer loop
      vertex 23.0372 43.5613 0.390001
      vertex 22.9411 43.9684 0.390001
      vertex 22.9848 43.9789 0.390001
    endloop
  endfacet
  facet normal 0 0 -1
    outer loop
      vertex 22.8546 43.9462 0.390001
      vertex 22.9847 43.548 0.390001
      vertex 22.9343 43.5338 0.390001
    endloop
  endfacet
  facet normal 0 0 -1
    outer loop
      vertex 23.0372 43.5613 0.390001
      vertex 22.8976 43.9576 0.390001
      vertex 22.9411 43.9684 0.390001
    endloop
  endfacet
  facet normal 0 0 -1
    outer loop
      vertex 22.7704 43.9217 0.390001
      vertex 22.9343 43.5338 0.390001
      vertex 22.886 43.5188 0.390001
    endloop
  endfacet
  facet normal 0 0 -1
    outer loop
      vertex 22.9847 43.548 0.390001
      vertex 22.8546 43.9462 0.390001
      vertex 22.8976 43.9576 0.390001
    endloop
  endfacet
  facet normal 0 0 -1
    outer loop
      vertex 22.729 43.9086 0.390001
      vertex 22.886 43.5188 0.390001
      vertex 22.84 43.5028 0.390001
    endloop
  endfacet
  facet normal 0 0 -1
    outer loop
      vertex 22.9343 43.5338 0.390001
      vertex 22.8122 43.9343 0.390001
      vertex 22.8546 43.9462 0.390001
    endloop
  endfacet
  facet normal 0 0 -1
    outer loop
      vertex 22.6882 43.8949 0.390001
      vertex 22.84 43.5028 0.390001
      vertex 22.796 43.486 0.390001
    endloop
  endfacet
  facet normal 0 0 -1
    outer loop
      vertex 22.9343 43.5338 0.390001
      vertex 22.7704 43.9217 0.390001
      vertex 22.8122 43.9343 0.390001
    endloop
  endfacet
  facet normal 0 0 -1
    outer loop
      vertex 22.6083 43.8656 0.390001
      vertex 22.796 43.486 0.390001
      vertex 22.7541 43.4684 0.390001
    endloop
  endfacet
  facet normal 0 0 -1
    outer loop
      vertex 22.886 43.5188 0.390001
      vertex 22.729 43.9086 0.390001
      vertex 22.7704 43.9217 0.390001
    endloop
  endfacet
  facet normal 0 0 -1
    outer loop
      vertex 22.5694 43.85 0.390001
      vertex 22.7541 43.4684 0.390001
      vertex 22.7144 43.4498 0.390001
    endloop
  endfacet
  facet normal 0 0 -1
    outer loop
      vertex 22.84 43.5028 0.390001
      vertex 22.6882 43.8949 0.390001
      vertex 22.729 43.9086 0.390001
    endloop
  endfacet
  facet normal 0 0 -1
    outer loop
      vertex 22.4937 43.8165 0.390001
      vertex 22.7144 43.4498 0.390001
      vertex 22.677 43.4301 0.390001
    endloop
  endfacet
  facet normal 0 0 -1
    outer loop
      vertex 22.796 43.486 0.390001
      vertex 22.6479 43.8806 0.390001
      vertex 22.6882 43.8949 0.390001
    endloop
  endfacet
  facet normal 0 0 -1
    outer loop
      vertex 22.457 43.7986 0.390001
      vertex 22.677 43.4301 0.390001
      vertex 22.642 43.4089 0.390001
    endloop
  endfacet
  facet normal 0 0 -1
    outer loop
      vertex 22.3857 43.7607 0.390001
      vertex 22.642 43.4089 0.390001
      vertex 22.6095 43.3863 0.390001
    endloop
  endfacet
  facet normal 0 0 -1
    outer loop
      vertex 22.796 43.486 0.390001
      vertex 22.6083 43.8656 0.390001
      vertex 22.6479 43.8806 0.390001
    endloop
  endfacet
  facet normal 0 0 -1
    outer loop
      vertex 22.3857 43.7607 0.390001
      vertex 22.6095 43.3863 0.390001
      vertex 22.5795 43.3622 0.390001
    endloop
  endfacet
  facet normal 0 0 -1
    outer loop
      vertex 22.7541 43.4684 0.390001
      vertex 22.5694 43.85 0.390001
      vertex 22.6083 43.8656 0.390001
    endloop
  endfacet
  facet normal 0 0 -1
    outer loop
      vertex 22.3857 43.7607 0.390001
      vertex 22.5795 43.3622 0.390001
      vertex 22.552 43.3367 0.390001
    endloop
  endfacet
  facet normal 0 0 -1
    outer loop
      vertex 22.7144 43.4498 0.390001
      vertex 22.5312 43.8336 0.390001
      vertex 22.5694 43.85 0.390001
    endloop
  endfacet
  facet normal 0 0 -1
    outer loop
      vertex 22.3857 43.7607 0.390001
      vertex 22.552 43.3367 0.390001
      vertex 22.5269 43.3097 0.390001
    endloop
  endfacet
  facet normal 0 0 -1
    outer loop
      vertex 22.3857 43.7607 0.390001
      vertex 22.5269 43.3097 0.390001
      vertex 22.5043 43.2813 0.390001
    endloop
  endfacet
  facet normal 0 0 -1
    outer loop
      vertex 22.7144 43.4498 0.390001
      vertex 22.4937 43.8165 0.390001
      vertex 22.5312 43.8336 0.390001
    endloop
  endfacet
  facet normal 0 0 -1
    outer loop
      vertex 22.3857 43.7607 0.390001
      vertex 22.5043 43.2813 0.390001
      vertex 22.4845 43.2509 0.390001
    endloop
  endfacet
  facet normal 0 0 -1
    outer loop
      vertex 22.3857 43.7607 0.390001
      vertex 22.4845 43.2509 0.390001
      vertex 22.4677 43.2179 0.390001
    endloop
  endfacet
  facet normal 0 0 -1
    outer loop
      vertex 22.677 43.4301 0.390001
      vertex 22.457 43.7986 0.390001
      vertex 22.4937 43.8165 0.390001
    endloop
  endfacet
  facet normal 0 0 -1
    outer loop
      vertex 22.3857 43.7607 0.390001
      vertex 22.4677 43.2179 0.390001
      vertex 22.454 43.1825 0.390001
    endloop
  endfacet
  facet normal 0 0 -1
    outer loop
      vertex 22.3857 43.7607 0.390001
      vertex 22.454 43.1825 0.390001
      vertex 22.4433 43.1445 0.390001
    endloop
  endfacet
  facet normal 0 0 -1
    outer loop
      vertex 22.3857 43.7607 0.390001
      vertex 22.4433 43.1445 0.390001
      vertex 22.4357 43.104 0.390001
    endloop
  endfacet
  facet normal 0 0 -1
    outer loop
      vertex 22.3857 43.7607 0.390001
      vertex 22.4357 43.104 0.390001
      vertex 22.4311 43.061 0.390001
    endloop
  endfacet
  facet normal 0 0 -1
    outer loop
      vertex 22.642 43.4089 0.390001
      vertex 22.421 43.78 0.390001
      vertex 22.457 43.7986 0.390001
    endloop
  endfacet
  facet normal 0 0 -1
    outer loop
      vertex 21.981 43.0392 0.390001
      vertex 22.4311 43.061 0.390001
      vertex 22.4296 43.0155 0.390001
    endloop
  endfacet
  facet normal 0 0 -1
    outer loop
      vertex 24.1122 44.8974 0.390001
      vertex 24.4549 45.1284 0.390001
      vertex 24.1424 44.8407 0.390001
    endloop
  endfacet
  facet normal -0 0 -1
    outer loop
      vertex 24.4549 45.1284 0.390001
      vertex 24.1122 44.8974 0.390001
      vertex 24.3811 45.2069 0.390001
    endloop
  endfacet
  facet normal 0 0 -1
    outer loop
      vertex 24.0734 44.9487 0.390001
      vertex 24.3811 45.2069 0.390001
      vertex 24.1122 44.8974 0.390001
    endloop
  endfacet
  facet normal -0 0 -1
    outer loop
      vertex 24.3811 45.2069 0.390001
      vertex 24.0734 44.9487 0.390001
      vertex 24.2939 45.2773 0.390001
    endloop
  endfacet
  facet normal 0 0 -1
    outer loop
      vertex 24.026 44.9946 0.390001
      vertex 24.2939 45.2773 0.390001
      vertex 24.0734 44.9487 0.390001
    endloop
  endfacet
  facet normal -0 0 -1
    outer loop
      vertex 24.2939 45.2773 0.390001
      vertex 24.026 44.9946 0.390001
      vertex 24.1942 45.3391 0.390001
    endloop
  endfacet
  facet normal 0 0 -1
    outer loop
      vertex 23.97 45.0352 0.390001
      vertex 24.1942 45.3391 0.390001
      vertex 24.026 44.9946 0.390001
    endloop
  endfacet
  facet normal -0 0 -1
    outer loop
      vertex 24.1942 45.3391 0.390001
      vertex 23.97 45.0352 0.390001
      vertex 24.0829 45.3913 0.390001
    endloop
  endfacet
  facet normal 0 0 -1
    outer loop
      vertex 23.9057 45.0705 0.390001
      vertex 24.0829 45.3913 0.390001
      vertex 23.97 45.0352 0.390001
    endloop
  endfacet
  facet normal -0 0 -1
    outer loop
      vertex 24.0829 45.3913 0.390001
      vertex 23.9057 45.0705 0.390001
      vertex 23.9601 45.434 0.390001
    endloop
  endfacet
  facet normal 0 0 -1
    outer loop
      vertex 23.8337 45.1004 0.390001
      vertex 23.9601 45.434 0.390001
      vertex 23.9057 45.0705 0.390001
    endloop
  endfacet
  facet normal 0 0 -1
    outer loop
      vertex 23.8337 45.1004 0.390001
      vertex 23.8256 45.4672 0.390001
      vertex 23.9601 45.434 0.390001
    endloop
  endfacet
  facet normal 0 0 -1
    outer loop
      vertex 23.754 45.1248 0.390001
      vertex 23.8256 45.4672 0.390001
      vertex 23.8337 45.1004 0.390001
    endloop
  endfacet
  facet normal 0 0 -1
    outer loop
      vertex 23.6665 45.1438 0.390001
      vertex 23.8256 45.4672 0.390001
      vertex 23.754 45.1248 0.390001
    endloop
  endfacet
  facet normal -0 0 -1
    outer loop
      vertex 23.8256 45.4672 0.390001
      vertex 23.6665 45.1438 0.390001
      vertex 23.6796 45.491 0.390001
    endloop
  endfacet
  facet normal 0 0 -1
    outer loop
      vertex 23.5713 45.1573 0.390001
      vertex 23.6796 45.491 0.390001
      vertex 23.6665 45.1438 0.390001
    endloop
  endfacet
  facet normal 0 0 -1
    outer loop
      vertex 23.5713 45.1573 0.390001
      vertex 23.522 45.5052 0.390001
      vertex 23.6796 45.491 0.390001
    endloop
  endfacet
  facet normal 0 0 -1
    outer loop
      vertex 23.4683 45.1655 0.390001
      vertex 23.522 45.5052 0.390001
      vertex 23.5713 45.1573 0.390001
    endloop
  endfacet
  facet normal 0 0 -1
    outer loop
      vertex 23.3528 45.5099 0.390001
      vertex 23.4683 45.1655 0.390001
      vertex 23.3576 45.1682 0.390001
    endloop
  endfacet
  facet normal 0 0 -1
    outer loop
      vertex 23.4683 45.1655 0.390001
      vertex 23.3528 45.5099 0.390001
      vertex 23.522 45.5052 0.390001
    endloop
  endfacet
  facet normal 0 0 -1
    outer loop
      vertex 23.2564 45.1657 0.390001
      vertex 23.3528 45.5099 0.390001
      vertex 23.3576 45.1682 0.390001
    endloop
  endfacet
  facet normal 0 0 -1
    outer loop
      vertex 23.2564 45.1657 0.390001
      vertex 23.1956 45.5064 0.390001
      vertex 23.3528 45.5099 0.390001
    endloop
  endfacet
  facet normal 0 0 -1
    outer loop
      vertex 23.1617 45.1584 0.390001
      vertex 23.1956 45.5064 0.390001
      vertex 23.2564 45.1657 0.390001
    endloop
  endfacet
  facet normal 0 0 -1
    outer loop
      vertex 23.0492 45.4957 0.390001
      vertex 23.1617 45.1584 0.390001
      vertex 23.0735 45.1462 0.390001
    endloop
  endfacet
  facet normal 0 0 -1
    outer loop
      vertex 23.1617 45.1584 0.390001
      vertex 23.0492 45.4957 0.390001
      vertex 23.1956 45.5064 0.390001
    endloop
  endfacet
  facet normal 0 0 -1
    outer loop
      vertex 22.9138 45.4779 0.390001
      vertex 23.0735 45.1462 0.390001
      vertex 22.9918 45.129 0.390001
    endloop
  endfacet
  facet normal 0 0 -1
    outer loop
      vertex 22.9138 45.4779 0.390001
      vertex 22.9918 45.129 0.390001
      vertex 22.9166 45.107 0.390001
    endloop
  endfacet
  facet normal 0 0 -1
    outer loop
      vertex 23.0735 45.1462 0.390001
      vertex 22.9138 45.4779 0.390001
      vertex 23.0492 45.4957 0.390001
    endloop
  endfacet
  facet normal 0 0 -1
    outer loop
      vertex 22.7894 45.453 0.390001
      vertex 22.9166 45.107 0.390001
      vertex 22.8478 45.0801 0.390001
    endloop
  endfacet
  facet normal 0 0 -1
    outer loop
      vertex 22.9166 45.107 0.390001
      vertex 22.7894 45.453 0.390001
      vertex 22.9138 45.4779 0.390001
    endloop
  endfacet
  facet normal 0 0 -1
    outer loop
      vertex 22.6759 45.4209 0.390001
      vertex 22.8478 45.0801 0.390001
      vertex 22.7856 45.0483 0.390001
    endloop
  endfacet
  facet normal 0 0 -1
    outer loop
      vertex 22.5734 45.3818 0.390001
      vertex 22.7856 45.0483 0.390001
      vertex 22.7293 45.0111 0.390001
    endloop
  endfacet
  facet normal 0 0 -1
    outer loop
      vertex 22.4818 45.3355 0.390001
      vertex 22.7293 45.0111 0.390001
      vertex 22.6785 44.9679 0.390001
    endloop
  endfacet
  facet normal 0 0 -1
    outer loop
      vertex 22.8478 45.0801 0.390001
      vertex 22.6759 45.4209 0.390001
      vertex 22.7894 45.453 0.390001
    endloop
  endfacet
  facet normal 0 0 -1
    outer loop
      vertex 22.3994 45.2806 0.390001
      vertex 22.6785 44.9679 0.390001
      vertex 22.633 44.9188 0.390001
    endloop
  endfacet
  facet normal 0 0 -1
    outer loop
      vertex 22.2566 45.1408 0.390001
      vertex 22.633 44.9188 0.390001
      vertex 22.593 44.8637 0.390001
    endloop
  endfacet
  facet normal 0 0 -1
    outer loop
      vertex 22.7856 45.0483 0.390001
      vertex 22.5734 45.3818 0.390001
      vertex 22.6759 45.4209 0.390001
    endloop
  endfacet
  facet normal 0 0 -1
    outer loop
      vertex 22.1962 45.0559 0.390001
      vertex 22.593 44.8637 0.390001
      vertex 22.5584 44.8026 0.390001
    endloop
  endfacet
  facet normal 0 0 -1
    outer loop
      vertex 22.1432 44.961 0.390001
      vertex 22.5584 44.8026 0.390001
      vertex 22.5293 44.7356 0.390001
    endloop
  endfacet
  facet normal 0 0 -1
    outer loop
      vertex 22.0976 44.856 0.390001
      vertex 22.5293 44.7356 0.390001
      vertex 22.5055 44.6626 0.390001
    endloop
  endfacet
  facet normal 0 0 -1
    outer loop
      vertex 22.7293 45.0111 0.390001
      vertex 22.4818 45.3355 0.390001
      vertex 22.5734 45.3818 0.390001
    endloop
  endfacet
  facet normal 0 0 -1
    outer loop
      vertex 22.6785 44.9679 0.390001
      vertex 22.3994 45.2806 0.390001
      vertex 22.4818 45.3355 0.390001
    endloop
  endfacet
  facet normal 0 0 -1
    outer loop
      vertex 22.633 44.9188 0.390001
      vertex 22.3243 45.2157 0.390001
      vertex 22.3994 45.2806 0.390001
    endloop
  endfacet
  facet normal 0 0 -1
    outer loop
      vertex 22.633 44.9188 0.390001
      vertex 22.2566 45.1408 0.390001
      vertex 22.3243 45.2157 0.390001
    endloop
  endfacet
  facet normal 0 0 -1
    outer loop
      vertex 22.593 44.8637 0.390001
      vertex 22.1962 45.0559 0.390001
      vertex 22.2566 45.1408 0.390001
    endloop
  endfacet
  facet normal 0 0 -1
    outer loop
      vertex 22.5584 44.8026 0.390001
      vertex 22.1432 44.961 0.390001
      vertex 22.1962 45.0559 0.390001
    endloop
  endfacet
  facet normal 0 0 -1
    outer loop
      vertex 22.5293 44.7356 0.390001
      vertex 22.0976 44.856 0.390001
      vertex 22.1432 44.961 0.390001
    endloop
  endfacet
  facet normal 0 -0 -1
    outer loop
      vertex 22.0976 44.856 0.390001
      vertex 22.5055 44.6626 0.390001
      vertex 22.0593 44.741 0.390001
    endloop
  endfacet
  facet normal 0 0 -1
    outer loop
      vertex 27.3024 43.0938 0.390001
      vertex 25.9139 43.4474 0.390001
      vertex 27.1647 43.4474 0.390001
    endloop
  endfacet
  facet normal 0 -0 -1
    outer loop
      vertex 25.9139 43.4474 0.390001
      vertex 27.3024 43.0938 0.390001
      vertex 25.7787 43.0938 0.390001
    endloop
  endfacet
  facet normal 0 0 -1
    outer loop
      vertex 27.3024 43.0938 0.390001
      vertex 28.1568 42.116 0.390001
      vertex 27.6869 42.116 0.390001
    endloop
  endfacet
  facet normal 0 0 -1
    outer loop
      vertex 27.1647 43.4474 0.390001
      vertex 28.1568 42.116 0.390001
      vertex 27.3024 43.0938 0.390001
    endloop
  endfacet
  facet normal 0 0 -1
    outer loop
      vertex 27.1647 43.4474 0.390001
      vertex 26.7921 45.4601 0.390001
      vertex 28.1568 42.116 0.390001
    endloop
  endfacet
  facet normal 0 0 -1
    outer loop
      vertex 26.7375 44.5463 0.390001
      vertex 26.7921 45.4601 0.390001
      vertex 27.1647 43.4474 0.390001
    endloop
  endfacet
  facet normal 0 0 -1
    outer loop
      vertex 26.7055 44.6322 0.390001
      vertex 26.7921 45.4601 0.390001
      vertex 26.7375 44.5463 0.390001
    endloop
  endfacet
  facet normal 0 0 -1
    outer loop
      vertex 26.6757 44.7135 0.390001
      vertex 26.7921 45.4601 0.390001
      vertex 26.7055 44.6322 0.390001
    endloop
  endfacet
  facet normal 0 0 -1
    outer loop
      vertex 26.6483 44.7903 0.390001
      vertex 26.7921 45.4601 0.390001
      vertex 26.6757 44.7135 0.390001
    endloop
  endfacet
  facet normal 0 0 -1
    outer loop
      vertex 26.6232 44.8625 0.390001
      vertex 26.7921 45.4601 0.390001
      vertex 26.6483 44.7903 0.390001
    endloop
  endfacet
  facet normal 0 0 -1
    outer loop
      vertex 26.6004 44.9302 0.390001
      vertex 26.7921 45.4601 0.390001
      vertex 26.6232 44.8625 0.390001
    endloop
  endfacet
  facet normal 0 0 -1
    outer loop
      vertex 26.58 44.9933 0.390001
      vertex 26.7921 45.4601 0.390001
      vertex 26.6004 44.9302 0.390001
    endloop
  endfacet
  facet normal 0 0 -1
    outer loop
      vertex 26.5619 45.0519 0.390001
      vertex 26.7921 45.4601 0.390001
      vertex 26.58 44.9933 0.390001
    endloop
  endfacet
  facet normal 0 0 -1
    outer loop
      vertex 26.5405 45.1183 0.390001
      vertex 26.7921 45.4601 0.390001
      vertex 26.5619 45.0519 0.390001
    endloop
  endfacet
  facet normal 0 0 -1
    outer loop
      vertex 26.2771 45.4601 0.390001
      vertex 26.4764 44.9213 0.390001
      vertex 26.4574 44.8632 0.390001
    endloop
  endfacet
  facet normal 0 0 -1
    outer loop
      vertex 26.2771 45.4601 0.390001
      vertex 26.4574 44.8632 0.390001
      vertex 26.4385 44.8068 0.390001
    endloop
  endfacet
  facet normal 0 0 -1
    outer loop
      vertex 26.2771 45.4601 0.390001
      vertex 26.4385 44.8068 0.390001
      vertex 26.4195 44.7522 0.390001
    endloop
  endfacet
  facet normal 0 0 -1
    outer loop
      vertex 26.2771 45.4601 0.390001
      vertex 26.4195 44.7522 0.390001
      vertex 26.4005 44.6993 0.390001
    endloop
  endfacet
  facet normal 0 0 -1
    outer loop
      vertex 26.2771 45.4601 0.390001
      vertex 26.4005 44.6993 0.390001
      vertex 26.3815 44.6482 0.390001
    endloop
  endfacet
  facet normal 0 0 -1
    outer loop
      vertex 26.2771 45.4601 0.390001
      vertex 26.3815 44.6482 0.390001
      vertex 26.3625 44.5988 0.390001
    endloop
  endfacet
  facet normal 0 0 -1
    outer loop
      vertex 26.2771 45.4601 0.390001
      vertex 26.3625 44.5988 0.390001
      vertex 26.3435 44.5511 0.390001
    endloop
  endfacet
  facet normal 0 0 -1
    outer loop
      vertex 26.5405 45.1183 0.390001
      vertex 26.2771 45.4601 0.390001
      vertex 26.7921 45.4601 0.390001
    endloop
  endfacet
  facet normal 0 0 -1
    outer loop
      vertex 26.4764 44.9213 0.390001
      vertex 26.2771 45.4601 0.390001
      vertex 26.5405 45.1183 0.390001
    endloop
  endfacet
  facet normal 0 0 -1
    outer loop
      vertex 25.9139 43.4474 0.390001
      vertex 26.2771 45.4601 0.390001
      vertex 26.3435 44.5511 0.390001
    endloop
  endfacet
  facet normal 0 0 -1
    outer loop
      vertex 24.9337 42.116 0.390001
      vertex 25.9139 43.4474 0.390001
      vertex 25.7787 43.0938 0.390001
    endloop
  endfacet
  facet normal 0 0 -1
    outer loop
      vertex 24.9337 42.116 0.390001
      vertex 25.7787 43.0938 0.390001
      vertex 25.3965 42.116 0.390001
    endloop
  endfacet
  facet normal -0 0 -1
    outer loop
      vertex 25.9139 43.4474 0.390001
      vertex 24.9337 42.116 0.390001
      vertex 26.2771 45.4601 0.390001
    endloop
  endfacet
  facet normal 0 0 -1
    outer loop
      vertex 31.1958 42.116 0.390001
      vertex 30.7425 42.4791 0.390001
      vertex 31.1958 45.4601 0.390001
    endloop
  endfacet
  facet normal 0 0 -1
    outer loop
      vertex 29.945 42.116 0.390001
      vertex 30.7425 42.4791 0.390001
      vertex 31.1958 42.116 0.390001
    endloop
  endfacet
  facet normal -0 0 -1
    outer loop
      vertex 30.7425 42.4791 0.390001
      vertex 29.945 42.116 0.390001
      vertex 29.9973 42.4791 0.390001
    endloop
  endfacet
  facet normal 0 0 -1
    outer loop
      vertex 29.945 42.116 0.390001
      vertex 29.894 42.4824 0.390001
      vertex 29.9973 42.4791 0.390001
    endloop
  endfacet
  facet normal 0 0 -1
    outer loop
      vertex 29.809 42.1202 0.390001
      vertex 29.894 42.4824 0.390001
      vertex 29.945 42.116 0.390001
    endloop
  endfacet
  facet normal 0 0 -1
    outer loop
      vertex 29.809 42.1202 0.390001
      vertex 29.7943 42.4922 0.390001
      vertex 29.894 42.4824 0.390001
    endloop
  endfacet
  facet normal 0 0 -1
    outer loop
      vertex 29.6777 42.1328 0.390001
      vertex 29.7943 42.4922 0.390001
      vertex 29.809 42.1202 0.390001
    endloop
  endfacet
  facet normal -0 0 -1
    outer loop
      vertex 29.7943 42.4922 0.390001
      vertex 29.6777 42.1328 0.390001
      vertex 29.6983 42.5087 0.390001
    endloop
  endfacet
  facet normal 0 0 -1
    outer loop
      vertex 29.551 42.1539 0.390001
      vertex 29.6983 42.5087 0.390001
      vertex 29.6777 42.1328 0.390001
    endloop
  endfacet
  facet normal -0 0 -1
    outer loop
      vertex 29.6983 42.5087 0.390001
      vertex 29.551 42.1539 0.390001
      vertex 29.6059 42.5318 0.390001
    endloop
  endfacet
  facet normal 0 0 -1
    outer loop
      vertex 29.4289 42.1834 0.390001
      vertex 29.6059 42.5318 0.390001
      vertex 29.551 42.1539 0.390001
    endloop
  endfacet
  facet normal -0 0 -1
    outer loop
      vertex 29.6059 42.5318 0.390001
      vertex 29.4289 42.1834 0.390001
      vertex 29.5171 42.5614 0.390001
    endloop
  endfacet
  facet normal 0 0 -1
    outer loop
      vertex 29.3115 42.2213 0.390001
      vertex 29.5171 42.5614 0.390001
      vertex 29.4289 42.1834 0.390001
    endloop
  endfacet
  facet normal -0 0 -1
    outer loop
      vertex 29.5171 42.5614 0.390001
      vertex 29.3115 42.2213 0.390001
      vertex 29.432 42.5976 0.390001
    endloop
  endfacet
  facet normal 0 0 -1
    outer loop
      vertex 29.1987 42.2676 0.390001
      vertex 29.432 42.5976 0.390001
      vertex 29.3115 42.2213 0.390001
    endloop
  endfacet
  facet normal -0 0 -1
    outer loop
      vertex 29.432 42.5976 0.390001
      vertex 29.1987 42.2676 0.390001
      vertex 29.3505 42.6405 0.390001
    endloop
  endfacet
  facet normal 0 0 -1
    outer loop
      vertex 29.0906 42.3224 0.390001
      vertex 29.3505 42.6405 0.390001
      vertex 29.1987 42.2676 0.390001
    endloop
  endfacet
  facet normal -0 0 -1
    outer loop
      vertex 29.3505 42.6405 0.390001
      vertex 29.0906 42.3224 0.390001
      vertex 29.2735 42.6895 0.390001
    endloop
  endfacet
  facet normal 0 0 -1
    outer loop
      vertex 28.9883 42.3851 0.390001
      vertex 29.2735 42.6895 0.390001
      vertex 29.0906 42.3224 0.390001
    endloop
  endfacet
  facet normal -0 0 -1
    outer loop
      vertex 29.2735 42.6895 0.390001
      vertex 28.9883 42.3851 0.390001
      vertex 29.2017 42.7443 0.390001
    endloop
  endfacet
  facet normal 0 0 -1
    outer loop
      vertex 28.8928 42.4552 0.390001
      vertex 29.2017 42.7443 0.390001
      vertex 28.9883 42.3851 0.390001
    endloop
  endfacet
  facet normal -0 0 -1
    outer loop
      vertex 29.2017 42.7443 0.390001
      vertex 28.8928 42.4552 0.390001
      vertex 29.1352 42.805 0.390001
    endloop
  endfacet
  facet normal 0 0 -1
    outer loop
      vertex 28.8042 42.5328 0.390001
      vertex 29.1352 42.805 0.390001
      vertex 28.8928 42.4552 0.390001
    endloop
  endfacet
  facet normal -0 0 -1
    outer loop
      vertex 29.1352 42.805 0.390001
      vertex 28.8042 42.5328 0.390001
      vertex 29.074 42.8714 0.390001
    endloop
  endfacet
  facet normal 0 0 -1
    outer loop
      vertex 28.7225 42.6177 0.390001
      vertex 29.074 42.8714 0.390001
      vertex 28.8042 42.5328 0.390001
    endloop
  endfacet
  facet normal -0 0 -1
    outer loop
      vertex 29.074 42.8714 0.390001
      vertex 28.7225 42.6177 0.390001
      vertex 29.0181 42.9437 0.390001
    endloop
  endfacet
  facet normal 0 0 -1
    outer loop
      vertex 28.6476 42.71 0.390001
      vertex 29.0181 42.9437 0.390001
      vertex 28.7225 42.6177 0.390001
    endloop
  endfacet
  facet normal -0 0 -1
    outer loop
      vertex 29.0181 42.9437 0.390001
      vertex 28.6476 42.71 0.390001
      vertex 28.9675 43.0218 0.390001
    endloop
  endfacet
  facet normal 0 0 -1
    outer loop
      vertex 28.5797 42.8098 0.390001
      vertex 28.9675 43.0218 0.390001
      vertex 28.6476 42.71 0.390001
    endloop
  endfacet
  facet normal -0 0 -1
    outer loop
      vertex 28.9675 43.0218 0.390001
      vertex 28.5797 42.8098 0.390001
      vertex 28.9221 43.1057 0.390001
    endloop
  endfacet
  facet normal 0 0 -1
    outer loop
      vertex 28.5186 42.917 0.390001
      vertex 28.9221 43.1057 0.390001
      vertex 28.5797 42.8098 0.390001
    endloop
  endfacet
  facet normal -0 0 -1
    outer loop
      vertex 28.9221 43.1057 0.390001
      vertex 28.5186 42.917 0.390001
      vertex 28.8824 43.1947 0.390001
    endloop
  endfacet
  facet normal 0 0 -1
    outer loop
      vertex 28.4651 43.0305 0.390001
      vertex 28.8824 43.1947 0.390001
      vertex 28.5186 42.917 0.390001
    endloop
  endfacet
  facet normal -0 0 -1
    outer loop
      vertex 28.8824 43.1947 0.390001
      vertex 28.4651 43.0305 0.390001
      vertex 28.8489 43.2882 0.390001
    endloop
  endfacet
  facet normal 0 0 -1
    outer loop
      vertex 28.4198 43.1493 0.390001
      vertex 28.8489 43.2882 0.390001
      vertex 28.4651 43.0305 0.390001
    endloop
  endfacet
  facet normal 0 0 -1
    outer loop
      vertex 30.7425 45.097 0.390001
      vertex 31.1958 45.4601 0.390001
      vertex 30.7425 42.4791 0.390001
    endloop
  endfacet
  facet normal 0 0 -1
    outer loop
      vertex 30.0898 45.4601 0.390001
      vertex 30.7425 45.097 0.390001
      vertex 30.0993 45.097 0.390001
    endloop
  endfacet
  facet normal 0 0 -1
    outer loop
      vertex 30.7425 45.097 0.390001
      vertex 30.0898 45.4601 0.390001
      vertex 31.1958 45.4601 0.390001
    endloop
  endfacet
  facet normal 0 0 -1
    outer loop
      vertex 29.9211 45.0903 0.390001
      vertex 30.0898 45.4601 0.390001
      vertex 30.0993 45.097 0.390001
    endloop
  endfacet
  facet normal 0 0 -1
    outer loop
      vertex 29.9211 45.0903 0.390001
      vertex 29.855 45.4514 0.390001
      vertex 30.0898 45.4601 0.390001
    endloop
  endfacet
  facet normal 0 0 -1
    outer loop
      vertex 29.7553 45.0703 0.390001
      vertex 29.855 45.4514 0.390001
      vertex 29.9211 45.0903 0.390001
    endloop
  endfacet
  facet normal 0 0 -1
    outer loop
      vertex 29.7553 45.0703 0.390001
      vertex 29.636 45.4253 0.390001
      vertex 29.855 45.4514 0.390001
    endloop
  endfacet
  facet normal 0 0 -1
    outer loop
      vertex 29.602 45.037 0.390001
      vertex 29.636 45.4253 0.390001
      vertex 29.7553 45.0703 0.390001
    endloop
  endfacet
  facet normal 0 0 -1
    outer loop
      vertex 29.4328 45.3819 0.390001
      vertex 29.602 45.037 0.390001
      vertex 29.4611 44.9904 0.390001
    endloop
  endfacet
  facet normal 0 0 -1
    outer loop
      vertex 29.602 45.037 0.390001
      vertex 29.4328 45.3819 0.390001
      vertex 29.636 45.4253 0.390001
    endloop
  endfacet
  facet normal 0 0 -1
    outer loop
      vertex 29.2455 45.321 0.390001
      vertex 29.4611 44.9904 0.390001
      vertex 29.3327 44.9305 0.390001
    endloop
  endfacet
  facet normal 0 0 -1
    outer loop
      vertex 29.4611 44.9904 0.390001
      vertex 29.2455 45.321 0.390001
      vertex 29.4328 45.3819 0.390001
    endloop
  endfacet
  facet normal 0 0 -1
    outer loop
      vertex 29.074 45.2427 0.390001
      vertex 29.3327 44.9305 0.390001
      vertex 29.2167 44.8572 0.390001
    endloop
  endfacet
  facet normal 0 0 -1
    outer loop
      vertex 28.9183 45.1471 0.390001
      vertex 29.2167 44.8572 0.390001
      vertex 29.1132 44.7706 0.390001
    endloop
  endfacet
  facet normal 0 0 -1
    outer loop
      vertex 29.3327 44.9305 0.390001
      vertex 29.074 45.2427 0.390001
      vertex 29.2455 45.321 0.390001
    endloop
  endfacet
  facet normal 0 0 -1
    outer loop
      vertex 28.7785 45.0341 0.390001
      vertex 29.1132 44.7706 0.390001
      vertex 29.0228 44.6713 0.390001
    endloop
  endfacet
  facet normal 0 0 -1
    outer loop
      vertex 28.656 44.905 0.390001
      vertex 29.0228 44.6713 0.390001
      vertex 28.9463 44.56 0.390001
    endloop
  endfacet
  facet normal 0 0 -1
    outer loop
      vertex 29.2167 44.8572 0.390001
      vertex 28.9183 45.1471 0.390001
      vertex 29.074 45.2427 0.390001
    endloop
  endfacet
  facet normal 0 0 -1
    outer loop
      vertex 28.5524 44.7613 0.390001
      vertex 28.9463 44.56 0.390001
      vertex 28.8838 44.4366 0.390001
    endloop
  endfacet
  facet normal 0 0 -1
    outer loop
      vertex 28.4676 44.6028 0.390001
      vertex 28.8838 44.4366 0.390001
      vertex 28.8351 44.3012 0.390001
    endloop
  endfacet
  facet normal 0 0 -1
    outer loop
      vertex 28.4017 44.4298 0.390001
      vertex 28.8351 44.3012 0.390001
      vertex 28.8004 44.1536 0.390001
    endloop
  endfacet
  facet normal 0 0 -1
    outer loop
      vertex 28.3263 44.0396 0.390001
      vertex 28.8004 44.1536 0.390001
      vertex 28.7795 43.9941 0.390001
    endloop
  endfacet
  facet normal 0 0 -1
    outer loop
      vertex 29.1132 44.7706 0.390001
      vertex 28.7785 45.0341 0.390001
      vertex 28.9183 45.1471 0.390001
    endloop
  endfacet
  facet normal 0 0 -1
    outer loop
      vertex 28.3169 43.8224 0.390001
      vertex 28.7795 43.9941 0.390001
      vertex 28.7726 43.8224 0.390001
    endloop
  endfacet
  facet normal -0 0 -1
    outer loop
      vertex 28.8489 43.2882 0.390001
      vertex 28.4198 43.1493 0.390001
      vertex 28.8214 43.3861 0.390001
    endloop
  endfacet
  facet normal 0 0 -1
    outer loop
      vertex 28.7756 43.7067 0.390001
      vertex 28.3169 43.8224 0.390001
      vertex 28.7726 43.8224 0.390001
    endloop
  endfacet
  facet normal 0 0 -1
    outer loop
      vertex 28.3828 43.2733 0.390001
      vertex 28.8214 43.3861 0.390001
      vertex 28.4198 43.1493 0.390001
    endloop
  endfacet
  facet normal 0 0 -1
    outer loop
      vertex 28.3539 43.4027 0.390001
      vertex 28.8214 43.3861 0.390001
      vertex 28.3828 43.2733 0.390001
    endloop
  endfacet
  facet normal -0 0 -1
    outer loop
      vertex 28.7795 43.9941 0.390001
      vertex 28.3169 43.8224 0.390001
      vertex 28.3263 44.0396 0.390001
    endloop
  endfacet
  facet normal 0 0 -1
    outer loop
      vertex 28.8214 43.3861 0.390001
      vertex 28.3539 43.4027 0.390001
      vertex 28.8 43.4885 0.390001
    endloop
  endfacet
  facet normal -0 0 -1
    outer loop
      vertex 28.8004 44.1536 0.390001
      vertex 28.3263 44.0396 0.390001
      vertex 28.3546 44.242 0.390001
    endloop
  endfacet
  facet normal 0 0 -1
    outer loop
      vertex 28.3333 43.5373 0.390001
      vertex 28.8 43.4885 0.390001
      vertex 28.3539 43.4027 0.390001
    endloop
  endfacet
  facet normal 0 0 -1
    outer loop
      vertex 28.8 43.4885 0.390001
      vertex 28.3333 43.5373 0.390001
      vertex 28.7848 43.5954 0.390001
    endloop
  endfacet
  facet normal 0 0 -1
    outer loop
      vertex 28.321 43.6772 0.390001
      vertex 28.7848 43.5954 0.390001
      vertex 28.3333 43.5373 0.390001
    endloop
  endfacet
  facet normal 0 0 -1
    outer loop
      vertex 28.7848 43.5954 0.390001
      vertex 28.321 43.6772 0.390001
      vertex 28.7756 43.7067 0.390001
    endloop
  endfacet
  facet normal 0 0 -1
    outer loop
      vertex 28.8838 44.4366 0.390001
      vertex 28.4676 44.6028 0.390001
      vertex 28.5524 44.7613 0.390001
    endloop
  endfacet
  facet normal 0 0 -1
    outer loop
      vertex 28.3169 43.8224 0.390001
      vertex 28.7756 43.7067 0.390001
      vertex 28.321 43.6772 0.390001
    endloop
  endfacet
  facet normal 0 0 -1
    outer loop
      vertex 28.8004 44.1536 0.390001
      vertex 28.3546 44.242 0.390001
      vertex 28.4017 44.4298 0.390001
    endloop
  endfacet
  facet normal 0 0 -1
    outer loop
      vertex 28.9463 44.56 0.390001
      vertex 28.5524 44.7613 0.390001
      vertex 28.656 44.905 0.390001
    endloop
  endfacet
  facet normal 0 0 -1
    outer loop
      vertex 28.8351 44.3012 0.390001
      vertex 28.4017 44.4298 0.390001
      vertex 28.4676 44.6028 0.390001
    endloop
  endfacet
  facet normal 0 0 -1
    outer loop
      vertex 29.0228 44.6713 0.390001
      vertex 28.656 44.905 0.390001
      vertex 28.7785 45.0341 0.390001
    endloop
  endfacet
  facet normal -0.178704 0.983903 0
    outer loop
      vertex 23.9769 42.1378 1.90735e-07
      vertex 23.6906 42.0858 0.390001
      vertex 23.9769 42.1378 0.390001
    endloop
  endfacet
  facet normal -0.178704 0.983903 0
    outer loop
      vertex 23.6906 42.0858 0.390001
      vertex 23.9769 42.1378 1.90735e-07
      vertex 23.6906 42.0858 1.90735e-07
    endloop
  endfacet
  facet normal -0.334333 0.942455 0
    outer loop
      vertex 24.2213 42.2245 1.90735e-07
      vertex 23.9769 42.1378 0.390001
      vertex 24.2213 42.2245 0.390001
    endloop
  endfacet
  facet normal -0.334333 0.942455 0
    outer loop
      vertex 23.9769 42.1378 0.390001
      vertex 24.2213 42.2245 1.90735e-07
      vertex 23.9769 42.1378 1.90735e-07
    endloop
  endfacet
  facet normal -0.514371 0.857568 0
    outer loop
      vertex 24.4237 42.3459 1.90735e-07
      vertex 24.2213 42.2245 0.390001
      vertex 24.4237 42.3459 0.390001
    endloop
  endfacet
  facet normal -0.514371 0.857568 0
    outer loop
      vertex 24.2213 42.2245 0.390001
      vertex 24.4237 42.3459 1.90735e-07
      vertex 24.2213 42.2245 1.90735e-07
    endloop
  endfacet
  facet normal -0.697212 0.716865 0
    outer loop
      vertex 24.5842 42.502 1.90735e-07
      vertex 24.4237 42.3459 0.390001
      vertex 24.5842 42.502 0.390001
    endloop
  endfacet
  facet normal -0.697212 0.716865 0
    outer loop
      vertex 24.4237 42.3459 0.390001
      vertex 24.5842 42.502 1.90735e-07
      vertex 24.4237 42.3459 1.90735e-07
    endloop
  endfacet
  facet normal -0.849372 0.527795 0
    outer loop
      vertex 24.5842 42.502 1.90735e-07
      vertex 24.7027 42.6927 0.390001
      vertex 24.7027 42.6927 1.90735e-07
    endloop
  endfacet
  facet normal -0.849372 0.527795 0
    outer loop
      vertex 24.7027 42.6927 0.390001
      vertex 24.5842 42.502 1.90735e-07
      vertex 24.5842 42.502 0.390001
    endloop
  endfacet
  facet normal -0.946862 0.321639 0
    outer loop
      vertex 24.7027 42.6927 1.90735e-07
      vertex 24.7793 42.9182 0.390001
      vertex 24.7793 42.9182 1.90735e-07
    endloop
  endfacet
  facet normal -0.946862 0.321639 0
    outer loop
      vertex 24.7793 42.9182 0.390001
      vertex 24.7027 42.6927 1.90735e-07
      vertex 24.7027 42.6927 0.390001
    endloop
  endfacet
  facet normal -0.196073 -0.980589 0
    outer loop
      vertex 24.3402 43.006 1.90735e-07
      vertex 24.7793 42.9182 0.390001
      vertex 24.3402 43.006 0.390001
    endloop
  endfacet
  facet normal -0.196073 -0.980589 -0
    outer loop
      vertex 24.7793 42.9182 0.390001
      vertex 24.3402 43.006 1.90735e-07
      vertex 24.7793 42.9182 1.90735e-07
    endloop
  endfacet
  facet normal 0.956772 -0.29084 0
    outer loop
      vertex 24.315 42.9231 0.390001
      vertex 24.3402 43.006 1.90735e-07
      vertex 24.3402 43.006 0.390001
    endloop
  endfacet
  facet normal 0.956772 -0.29084 0
    outer loop
      vertex 24.3402 43.006 1.90735e-07
      vertex 24.315 42.9231 0.390001
      vertex 24.315 42.9231 1.90735e-07
    endloop
  endfacet
  facet normal 0.921317 -0.388813 0
    outer loop
      vertex 24.2828 42.8468 0.390001
      vertex 24.315 42.9231 1.90735e-07
      vertex 24.315 42.9231 0.390001
    endloop
  endfacet
  facet normal 0.921317 -0.388813 0
    outer loop
      vertex 24.315 42.9231 1.90735e-07
      vertex 24.2828 42.8468 0.390001
      vertex 24.2828 42.8468 1.90735e-07
    endloop
  endfacet
  facet normal 0.872143 -0.489251 0
    outer loop
      vertex 24.2437 42.7771 0.390001
      vertex 24.2828 42.8468 1.90735e-07
      vertex 24.2828 42.8468 0.390001
    endloop
  endfacet
  facet normal 0.872143 -0.489251 0
    outer loop
      vertex 24.2828 42.8468 1.90735e-07
      vertex 24.2437 42.7771 0.390001
      vertex 24.2437 42.7771 1.90735e-07
    endloop
  endfacet
  facet normal 0.808349 -0.588703 0
    outer loop
      vertex 24.1976 42.7138 0.390001
      vertex 24.2437 42.7771 1.90735e-07
      vertex 24.2437 42.7771 0.390001
    endloop
  endfacet
  facet normal 0.808349 -0.588703 0
    outer loop
      vertex 24.2437 42.7771 1.90735e-07
      vertex 24.1976 42.7138 0.390001
      vertex 24.1976 42.7138 1.90735e-07
    endloop
  endfacet
  facet normal 0.729898 -0.683556 0
    outer loop
      vertex 24.1445 42.6571 0.390001
      vertex 24.1976 42.7138 1.90735e-07
      vertex 24.1976 42.7138 0.390001
    endloop
  endfacet
  facet normal 0.729898 -0.683556 0
    outer loop
      vertex 24.1976 42.7138 1.90735e-07
      vertex 24.1445 42.6571 0.390001
      vertex 24.1445 42.6571 1.90735e-07
    endloop
  endfacet
  facet normal 0.640939 -0.767592 0
    outer loop
      vertex 24.0845 42.607 1.90735e-07
      vertex 24.1445 42.6571 0.390001
      vertex 24.0845 42.607 0.390001
    endloop
  endfacet
  facet normal 0.640939 -0.767592 0
    outer loop
      vertex 24.1445 42.6571 0.390001
      vertex 24.0845 42.607 1.90735e-07
      vertex 24.1445 42.6571 1.90735e-07
    endloop
  endfacet
  facet normal 0.544857 -0.838529 0
    outer loop
      vertex 24.0174 42.5634 1.90735e-07
      vertex 24.0845 42.607 0.390001
      vertex 24.0174 42.5634 0.390001
    endloop
  endfacet
  facet normal 0.544857 -0.838529 0
    outer loop
      vertex 24.0845 42.607 0.390001
      vertex 24.0174 42.5634 1.90735e-07
      vertex 24.0845 42.607 1.90735e-07
    endloop
  endfacet
  facet normal 0.451543 -0.892249 0
    outer loop
      vertex 23.9433 42.5259 1.90735e-07
      vertex 24.0174 42.5634 0.390001
      vertex 23.9433 42.5259 0.390001
    endloop
  endfacet
  facet normal 0.451543 -0.892249 0
    outer loop
      vertex 24.0174 42.5634 0.390001
      vertex 23.9433 42.5259 1.90735e-07
      vertex 24.0174 42.5634 1.90735e-07
    endloop
  endfacet
  facet normal 0.362501 -0.931983 0
    outer loop
      vertex 23.8618 42.4942 1.90735e-07
      vertex 23.9433 42.5259 0.390001
      vertex 23.8618 42.4942 0.390001
    endloop
  endfacet
  facet normal 0.362501 -0.931983 0
    outer loop
      vertex 23.9433 42.5259 0.390001
      vertex 23.8618 42.4942 1.90735e-07
      vertex 23.9433 42.5259 1.90735e-07
    endloop
  endfacet
  facet normal 0.281288 -0.959624 0
    outer loop
      vertex 23.7731 42.4682 1.90735e-07
      vertex 23.8618 42.4942 0.390001
      vertex 23.7731 42.4682 0.390001
    endloop
  endfacet
  facet normal 0.281288 -0.959624 0
    outer loop
      vertex 23.8618 42.4942 0.390001
      vertex 23.7731 42.4682 1.90735e-07
      vertex 23.8618 42.4942 1.90735e-07
    endloop
  endfacet
  facet normal 0.205136 -0.978733 0
    outer loop
      vertex 23.6772 42.4481 1.90735e-07
      vertex 23.7731 42.4682 0.390001
      vertex 23.6772 42.4481 0.390001
    endloop
  endfacet
  facet normal 0.205136 -0.978733 0
    outer loop
      vertex 23.7731 42.4682 0.390001
      vertex 23.6772 42.4481 1.90735e-07
      vertex 23.7731 42.4682 1.90735e-07
    endloop
  endfacet
  facet normal 0.138196 -0.990405 0
    outer loop
      vertex 23.574 42.4337 1.90735e-07
      vertex 23.6772 42.4481 0.390001
      vertex 23.574 42.4337 0.390001
    endloop
  endfacet
  facet normal 0.138196 -0.990405 0
    outer loop
      vertex 23.6772 42.4481 0.390001
      vertex 23.574 42.4337 1.90735e-07
      vertex 23.6772 42.4481 1.90735e-07
    endloop
  endfacet
  facet normal 0.0784901 -0.996915 0
    outer loop
      vertex 23.4635 42.425 1.90735e-07
      vertex 23.574 42.4337 0.390001
      vertex 23.4635 42.425 0.390001
    endloop
  endfacet
  facet normal 0.0784901 -0.996915 0
    outer loop
      vertex 23.574 42.4337 0.390001
      vertex 23.4635 42.425 1.90735e-07
      vertex 23.574 42.4337 1.90735e-07
    endloop
  endfacet
  facet normal 0.0246105 -0.999697 0
    outer loop
      vertex 23.3457 42.4221 1.90735e-07
      vertex 23.4635 42.425 0.390001
      vertex 23.3457 42.4221 0.390001
    endloop
  endfacet
  facet normal 0.0246105 -0.999697 0
    outer loop
      vertex 23.4635 42.425 0.390001
      vertex 23.3457 42.4221 1.90735e-07
      vertex 23.4635 42.425 1.90735e-07
    endloop
  endfacet
  facet normal -0.0255481 -0.999674 0
    outer loop
      vertex 23.2244 42.4252 1.90735e-07
      vertex 23.3457 42.4221 0.390001
      vertex 23.2244 42.4252 0.390001
    endloop
  endfacet
  facet normal -0.0255481 -0.999674 -0
    outer loop
      vertex 23.3457 42.4221 0.390001
      vertex 23.2244 42.4252 1.90735e-07
      vertex 23.3457 42.4221 1.90735e-07
    endloop
  endfacet
  facet normal -0.081005 -0.996714 0
    outer loop
      vertex 23.1112 42.4344 1.90735e-07
      vertex 23.2244 42.4252 0.390001
      vertex 23.1112 42.4344 0.390001
    endloop
  endfacet
  facet normal -0.081005 -0.996714 -0
    outer loop
      vertex 23.2244 42.4252 0.390001
      vertex 23.1112 42.4344 1.90735e-07
      vertex 23.2244 42.4252 1.90735e-07
    endloop
  endfacet
  facet normal -0.145114 -0.989415 0
    outer loop
      vertex 23.0062 42.4498 1.90735e-07
      vertex 23.1112 42.4344 0.390001
      vertex 23.0062 42.4498 0.390001
    endloop
  endfacet
  facet normal -0.145114 -0.989415 -0
    outer loop
      vertex 23.1112 42.4344 0.390001
      vertex 23.0062 42.4498 1.90735e-07
      vertex 23.1112 42.4344 1.90735e-07
    endloop
  endfacet
  facet normal -0.216824 -0.976211 0
    outer loop
      vertex 22.9094 42.4713 1.90735e-07
      vertex 23.0062 42.4498 0.390001
      vertex 22.9094 42.4713 0.390001
    endloop
  endfacet
  facet normal -0.216824 -0.976211 -0
    outer loop
      vertex 23.0062 42.4498 0.390001
      vertex 22.9094 42.4713 1.90735e-07
      vertex 23.0062 42.4498 1.90735e-07
    endloop
  endfacet
  facet normal -0.298398 -0.954442 0
    outer loop
      vertex 22.8208 42.499 1.90735e-07
      vertex 22.9094 42.4713 0.390001
      vertex 22.8208 42.499 0.390001
    endloop
  endfacet
  facet normal -0.298398 -0.954442 -0
    outer loop
      vertex 22.9094 42.4713 0.390001
      vertex 22.8208 42.499 1.90735e-07
      vertex 22.9094 42.4713 1.90735e-07
    endloop
  endfacet
  facet normal -0.388108 -0.921614 0
    outer loop
      vertex 22.7403 42.5329 1.90735e-07
      vertex 22.8208 42.499 0.390001
      vertex 22.7403 42.5329 0.390001
    endloop
  endfacet
  facet normal -0.388108 -0.921614 -0
    outer loop
      vertex 22.8208 42.499 0.390001
      vertex 22.7403 42.5329 1.90735e-07
      vertex 22.8208 42.499 1.90735e-07
    endloop
  endfacet
  facet normal -0.483686 -0.875242 0
    outer loop
      vertex 22.6681 42.5728 1.90735e-07
      vertex 22.7403 42.5329 0.390001
      vertex 22.6681 42.5728 0.390001
    endloop
  endfacet
  facet normal -0.483686 -0.875242 -0
    outer loop
      vertex 22.7403 42.5329 0.390001
      vertex 22.6681 42.5728 1.90735e-07
      vertex 22.7403 42.5329 1.90735e-07
    endloop
  endfacet
  facet normal -0.587868 -0.808957 0
    outer loop
      vertex 22.6048 42.6188 1.90735e-07
      vertex 22.6681 42.5728 0.390001
      vertex 22.6048 42.6188 0.390001
    endloop
  endfacet
  facet normal -0.587868 -0.808957 -0
    outer loop
      vertex 22.6681 42.5728 0.390001
      vertex 22.6048 42.6188 1.90735e-07
      vertex 22.6681 42.5728 1.90735e-07
    endloop
  endfacet
  facet normal -0.694906 -0.7191 0
    outer loop
      vertex 22.5513 42.6705 1.90735e-07
      vertex 22.6048 42.6188 0.390001
      vertex 22.5513 42.6705 0.390001
    endloop
  endfacet
  facet normal -0.694906 -0.7191 -0
    outer loop
      vertex 22.6048 42.6188 0.390001
      vertex 22.5513 42.6705 1.90735e-07
      vertex 22.6048 42.6188 1.90735e-07
    endloop
  endfacet
  facet normal -0.795495 -0.60596 0
    outer loop
      vertex 22.5513 42.6705 1.90735e-07
      vertex 22.5075 42.728 0.390001
      vertex 22.5075 42.728 1.90735e-07
    endloop
  endfacet
  facet normal -0.795495 -0.60596 0
    outer loop
      vertex 22.5075 42.728 0.390001
      vertex 22.5513 42.6705 1.90735e-07
      vertex 22.5513 42.6705 0.390001
    endloop
  endfacet
  facet normal -0.880068 -0.474847 0
    outer loop
      vertex 22.5075 42.728 1.90735e-07
      vertex 22.4734 42.7912 0.390001
      vertex 22.4734 42.7912 1.90735e-07
    endloop
  endfacet
  facet normal -0.880068 -0.474847 0
    outer loop
      vertex 22.4734 42.7912 0.390001
      vertex 22.5075 42.728 1.90735e-07
      vertex 22.5075 42.728 0.390001
    endloop
  endfacet
  facet normal -0.943217 -0.332177 0
    outer loop
      vertex 22.4734 42.7912 1.90735e-07
      vertex 22.4491 42.8602 0.390001
      vertex 22.4491 42.8602 1.90735e-07
    endloop
  endfacet
  facet normal -0.943217 -0.332177 0
    outer loop
      vertex 22.4491 42.8602 0.390001
      vertex 22.4734 42.7912 1.90735e-07
      vertex 22.4734 42.7912 0.390001
    endloop
  endfacet
  facet normal -0.981231 -0.192836 0
    outer loop
      vertex 22.4491 42.8602 1.90735e-07
      vertex 22.4344 42.935 0.390001
      vertex 22.4344 42.935 1.90735e-07
    endloop
  endfacet
  facet normal -0.981231 -0.192836 0
    outer loop
      vertex 22.4344 42.935 0.390001
      vertex 22.4491 42.8602 1.90735e-07
      vertex 22.4491 42.8602 0.390001
    endloop
  endfacet
  facet normal -0.998227 -0.0595216 0
    outer loop
      vertex 22.4344 42.935 1.90735e-07
      vertex 22.4296 43.0155 0.390001
      vertex 22.4296 43.0155 1.90735e-07
    endloop
  endfacet
  facet normal -0.998227 -0.0595216 0
    outer loop
      vertex 22.4296 43.0155 0.390001
      vertex 22.4344 42.935 1.90735e-07
      vertex 22.4344 42.935 0.390001
    endloop
  endfacet
  facet normal -0.999457 0.0329491 0
    outer loop
      vertex 22.4296 43.0155 1.90735e-07
      vertex 22.4311 43.061 0.390001
      vertex 22.4311 43.061 1.90735e-07
    endloop
  endfacet
  facet normal -0.999457 0.0329491 0
    outer loop
      vertex 22.4311 43.061 0.390001
      vertex 22.4296 43.0155 1.90735e-07
      vertex 22.4296 43.0155 0.390001
    endloop
  endfacet
  facet normal -0.994327 0.10637 0
    outer loop
      vertex 22.4311 43.061 1.90735e-07
      vertex 22.4357 43.104 0.390001
      vertex 22.4357 43.104 1.90735e-07
    endloop
  endfacet
  facet normal -0.994327 0.10637 0
    outer loop
      vertex 22.4357 43.104 0.390001
      vertex 22.4311 43.061 1.90735e-07
      vertex 22.4311 43.061 0.390001
    endloop
  endfacet
  facet normal -0.982845 0.184435 0
    outer loop
      vertex 22.4357 43.104 1.90735e-07
      vertex 22.4433 43.1445 0.390001
      vertex 22.4433 43.1445 1.90735e-07
    endloop
  endfacet
  facet normal -0.982845 0.184435 0
    outer loop
      vertex 22.4433 43.1445 0.390001
      vertex 22.4357 43.104 1.90735e-07
      vertex 22.4357 43.104 0.390001
    endloop
  endfacet
  facet normal -0.962568 0.271039 0
    outer loop
      vertex 22.4433 43.1445 1.90735e-07
      vertex 22.454 43.1825 0.390001
      vertex 22.454 43.1825 1.90735e-07
    endloop
  endfacet
  facet normal -0.962568 0.271039 0
    outer loop
      vertex 22.454 43.1825 0.390001
      vertex 22.4433 43.1445 1.90735e-07
      vertex 22.4433 43.1445 0.390001
    endloop
  endfacet
  facet normal -0.932597 0.36092 0
    outer loop
      vertex 22.454 43.1825 1.90735e-07
      vertex 22.4677 43.2179 0.390001
      vertex 22.4677 43.2179 1.90735e-07
    endloop
  endfacet
  facet normal -0.932597 0.36092 0
    outer loop
      vertex 22.4677 43.2179 0.390001
      vertex 22.454 43.1825 1.90735e-07
      vertex 22.454 43.1825 0.390001
    endloop
  endfacet
  facet normal -0.891163 0.453683 0
    outer loop
      vertex 22.4677 43.2179 1.90735e-07
      vertex 22.4845 43.2509 0.390001
      vertex 22.4845 43.2509 1.90735e-07
    endloop
  endfacet
  facet normal -0.891163 0.453683 0
    outer loop
      vertex 22.4845 43.2509 0.390001
      vertex 22.4677 43.2179 1.90735e-07
      vertex 22.4677 43.2179 0.390001
    endloop
  endfacet
  facet normal -0.837939 0.545763 0
    outer loop
      vertex 22.4845 43.2509 1.90735e-07
      vertex 22.5043 43.2813 0.390001
      vertex 22.5043 43.2813 1.90735e-07
    endloop
  endfacet
  facet normal -0.837939 0.545763 0
    outer loop
      vertex 22.5043 43.2813 0.390001
      vertex 22.4845 43.2509 1.90735e-07
      vertex 22.4845 43.2509 0.390001
    endloop
  endfacet
  facet normal -0.782479 0.622677 0
    outer loop
      vertex 22.5043 43.2813 1.90735e-07
      vertex 22.5269 43.3097 0.390001
      vertex 22.5269 43.3097 1.90735e-07
    endloop
  endfacet
  facet normal -0.782479 0.622677 0
    outer loop
      vertex 22.5269 43.3097 0.390001
      vertex 22.5043 43.2813 1.90735e-07
      vertex 22.5043 43.2813 0.390001
    endloop
  endfacet
  facet normal -0.732407 0.680867 0
    outer loop
      vertex 22.5269 43.3097 1.90735e-07
      vertex 22.552 43.3367 0.390001
      vertex 22.552 43.3367 1.90735e-07
    endloop
  endfacet
  facet normal -0.732407 0.680867 0
    outer loop
      vertex 22.552 43.3367 0.390001
      vertex 22.5269 43.3097 1.90735e-07
      vertex 22.5269 43.3097 0.390001
    endloop
  endfacet
  facet normal -0.67994 0.733268 0
    outer loop
      vertex 22.5795 43.3622 1.90735e-07
      vertex 22.552 43.3367 0.390001
      vertex 22.5795 43.3622 0.390001
    endloop
  endfacet
  facet normal -0.67994 0.733268 0
    outer loop
      vertex 22.552 43.3367 0.390001
      vertex 22.5795 43.3622 1.90735e-07
      vertex 22.552 43.3367 1.90735e-07
    endloop
  endfacet
  facet normal -0.626278 0.7796 0
    outer loop
      vertex 22.6095 43.3863 1.90735e-07
      vertex 22.5795 43.3622 0.390001
      vertex 22.6095 43.3863 0.390001
    endloop
  endfacet
  facet normal -0.626278 0.7796 0
    outer loop
      vertex 22.5795 43.3622 0.390001
      vertex 22.6095 43.3863 1.90735e-07
      vertex 22.5795 43.3622 1.90735e-07
    endloop
  endfacet
  facet normal -0.570916 0.821008 0
    outer loop
      vertex 22.642 43.4089 1.90735e-07
      vertex 22.6095 43.3863 0.390001
      vertex 22.642 43.4089 0.390001
    endloop
  endfacet
  facet normal -0.570916 0.821008 0
    outer loop
      vertex 22.6095 43.3863 0.390001
      vertex 22.642 43.4089 1.90735e-07
      vertex 22.6095 43.3863 1.90735e-07
    endloop
  endfacet
  facet normal -0.518085 0.855329 0
    outer loop
      vertex 22.677 43.4301 1.90735e-07
      vertex 22.642 43.4089 0.390001
      vertex 22.677 43.4301 0.390001
    endloop
  endfacet
  facet normal -0.518085 0.855329 0
    outer loop
      vertex 22.642 43.4089 0.390001
      vertex 22.677 43.4301 1.90735e-07
      vertex 22.642 43.4089 1.90735e-07
    endloop
  endfacet
  facet normal -0.466039 0.884764 0
    outer loop
      vertex 22.7144 43.4498 1.90735e-07
      vertex 22.677 43.4301 0.390001
      vertex 22.7144 43.4498 0.390001
    endloop
  endfacet
  facet normal -0.466039 0.884764 0
    outer loop
      vertex 22.677 43.4301 0.390001
      vertex 22.7144 43.4498 1.90735e-07
      vertex 22.677 43.4301 1.90735e-07
    endloop
  endfacet
  facet normal -0.424259 0.905541 0
    outer loop
      vertex 22.7541 43.4684 1.90735e-07
      vertex 22.7144 43.4498 0.390001
      vertex 22.7541 43.4684 0.390001
    endloop
  endfacet
  facet normal -0.424259 0.905541 0
    outer loop
      vertex 22.7144 43.4498 0.390001
      vertex 22.7541 43.4684 1.90735e-07
      vertex 22.7144 43.4498 1.90735e-07
    endloop
  endfacet
  facet normal -0.38727 0.921966 0
    outer loop
      vertex 22.796 43.486 1.90735e-07
      vertex 22.7541 43.4684 0.390001
      vertex 22.796 43.486 0.390001
    endloop
  endfacet
  facet normal -0.38727 0.921966 0
    outer loop
      vertex 22.7541 43.4684 0.390001
      vertex 22.796 43.486 1.90735e-07
      vertex 22.7541 43.4684 1.90735e-07
    endloop
  endfacet
  facet normal -0.356702 0.934218 0
    outer loop
      vertex 22.84 43.5028 1.90735e-07
      vertex 22.796 43.486 0.390001
      vertex 22.84 43.5028 0.390001
    endloop
  endfacet
  facet normal -0.356702 0.934218 0
    outer loop
      vertex 22.796 43.486 0.390001
      vertex 22.84 43.5028 1.90735e-07
      vertex 22.796 43.486 1.90735e-07
    endloop
  endfacet
  facet normal -0.328521 0.944497 0
    outer loop
      vertex 22.886 43.5188 1.90735e-07
      vertex 22.84 43.5028 0.390001
      vertex 22.886 43.5188 0.390001
    endloop
  endfacet
  facet normal -0.328521 0.944497 0
    outer loop
      vertex 22.84 43.5028 0.390001
      vertex 22.886 43.5188 1.90735e-07
      vertex 22.84 43.5028 1.90735e-07
    endloop
  endfacet
  facet normal -0.296586 0.955006 0
    outer loop
      vertex 22.9343 43.5338 1.90735e-07
      vertex 22.886 43.5188 0.390001
      vertex 22.9343 43.5338 0.390001
    endloop
  endfacet
  facet normal -0.296586 0.955006 0
    outer loop
      vertex 22.886 43.5188 0.390001
      vertex 22.9343 43.5338 1.90735e-07
      vertex 22.886 43.5188 1.90735e-07
    endloop
  endfacet
  facet normal -0.271188 0.962526 0
    outer loop
      vertex 22.9847 43.548 1.90735e-07
      vertex 22.9343 43.5338 0.390001
      vertex 22.9847 43.548 0.390001
    endloop
  endfacet
  facet normal -0.271188 0.962526 0
    outer loop
      vertex 22.9343 43.5338 0.390001
      vertex 22.9847 43.548 1.90735e-07
      vertex 22.9343 43.5338 1.90735e-07
    endloop
  endfacet
  facet normal -0.245576 0.969377 0
    outer loop
      vertex 23.0372 43.5613 1.90735e-07
      vertex 22.9847 43.548 0.390001
      vertex 23.0372 43.5613 0.390001
    endloop
  endfacet
  facet normal -0.245576 0.969377 0
    outer loop
      vertex 22.9847 43.548 0.390001
      vertex 23.0372 43.5613 1.90735e-07
      vertex 22.9847 43.548 1.90735e-07
    endloop
  endfacet
  facet normal -0.234116 0.972209 0
    outer loop
      vertex 23.0916 43.5744 1.90735e-07
      vertex 23.0372 43.5613 0.390001
      vertex 23.0916 43.5744 0.390001
    endloop
  endfacet
  facet normal -0.234116 0.972209 0
    outer loop
      vertex 23.0372 43.5613 0.390001
      vertex 23.0916 43.5744 1.90735e-07
      vertex 23.0372 43.5613 1.90735e-07
    endloop
  endfacet
  facet normal -0.231072 0.972937 0
    outer loop
      vertex 23.1476 43.5877 1.90735e-07
      vertex 23.0916 43.5744 0.390001
      vertex 23.1476 43.5877 0.390001
    endloop
  endfacet
  facet normal -0.231072 0.972937 0
    outer loop
      vertex 23.0916 43.5744 0.390001
      vertex 23.1476 43.5877 1.90735e-07
      vertex 23.0916 43.5744 1.90735e-07
    endloop
  endfacet
  facet normal -0.229415 0.973329 0
    outer loop
      vertex 23.2053 43.6013 1.90735e-07
      vertex 23.1476 43.5877 0.390001
      vertex 23.2053 43.6013 0.390001
    endloop
  endfacet
  facet normal -0.229415 0.973329 0
    outer loop
      vertex 23.1476 43.5877 0.390001
      vertex 23.2053 43.6013 1.90735e-07
      vertex 23.1476 43.5877 1.90735e-07
    endloop
  endfacet
  facet normal -0.228216 0.973611 0
    outer loop
      vertex 23.2646 43.6152 1.90735e-07
      vertex 23.2053 43.6013 0.390001
      vertex 23.2646 43.6152 0.390001
    endloop
  endfacet
  facet normal -0.228216 0.973611 0
    outer loop
      vertex 23.2053 43.6013 0.390001
      vertex 23.2646 43.6152 1.90735e-07
      vertex 23.2053 43.6013 1.90735e-07
    endloop
  endfacet
  facet normal -0.226725 0.973959 0
    outer loop
      vertex 23.3256 43.6294 1.90735e-07
      vertex 23.2646 43.6152 0.390001
      vertex 23.3256 43.6294 0.390001
    endloop
  endfacet
  facet normal -0.226725 0.973959 0
    outer loop
      vertex 23.2646 43.6152 0.390001
      vertex 23.3256 43.6294 1.90735e-07
      vertex 23.2646 43.6152 1.90735e-07
    endloop
  endfacet
  facet normal -0.225655 0.974207 0
    outer loop
      vertex 23.3882 43.6439 1.90735e-07
      vertex 23.3256 43.6294 0.390001
      vertex 23.3882 43.6439 0.390001
    endloop
  endfacet
  facet normal -0.225655 0.974207 0
    outer loop
      vertex 23.3256 43.6294 0.390001
      vertex 23.3882 43.6439 1.90735e-07
      vertex 23.3256 43.6294 1.90735e-07
    endloop
  endfacet
  facet normal -0.223876 0.974618 0
    outer loop
      vertex 23.5619 43.6838 1.90735e-07
      vertex 23.3882 43.6439 0.390001
      vertex 23.5619 43.6838 0.390001
    endloop
  endfacet
  facet normal -0.223876 0.974618 0
    outer loop
      vertex 23.3882 43.6439 0.390001
      vertex 23.5619 43.6838 1.90735e-07
      vertex 23.3882 43.6439 1.90735e-07
    endloop
  endfacet
  facet normal -0.240059 0.970758 0
    outer loop
      vertex 23.6634 43.7089 1.90735e-07
      vertex 23.5619 43.6838 0.390001
      vertex 23.6634 43.7089 0.390001
    endloop
  endfacet
  facet normal -0.240059 0.970758 0
    outer loop
      vertex 23.5619 43.6838 0.390001
      vertex 23.6634 43.7089 1.90735e-07
      vertex 23.5619 43.6838 1.90735e-07
    endloop
  endfacet
  facet normal -0.257534 0.966269 0
    outer loop
      vertex 23.7572 43.7339 1.90735e-07
      vertex 23.6634 43.7089 0.390001
      vertex 23.7572 43.7339 0.390001
    endloop
  endfacet
  facet normal -0.257534 0.966269 0
    outer loop
      vertex 23.6634 43.7089 0.390001
      vertex 23.7572 43.7339 1.90735e-07
      vertex 23.6634 43.7089 1.90735e-07
    endloop
  endfacet
  facet normal -0.280472 0.959862 0
    outer loop
      vertex 23.8431 43.759 1.90735e-07
      vertex 23.7572 43.7339 0.390001
      vertex 23.8431 43.759 0.390001
    endloop
  endfacet
  facet normal -0.280472 0.959862 0
    outer loop
      vertex 23.7572 43.7339 0.390001
      vertex 23.8431 43.759 1.90735e-07
      vertex 23.7572 43.7339 1.90735e-07
    endloop
  endfacet
  facet normal -0.305615 0.952155 0
    outer loop
      vertex 23.9213 43.7841 1.90735e-07
      vertex 23.8431 43.759 0.390001
      vertex 23.9213 43.7841 0.390001
    endloop
  endfacet
  facet normal -0.305615 0.952155 0
    outer loop
      vertex 23.8431 43.759 0.390001
      vertex 23.9213 43.7841 1.90735e-07
      vertex 23.8431 43.759 1.90735e-07
    endloop
  endfacet
  facet normal -0.336252 0.941772 0
    outer loop
      vertex 23.9916 43.8092 1.90735e-07
      vertex 23.9213 43.7841 0.390001
      vertex 23.9916 43.8092 0.390001
    endloop
  endfacet
  facet normal -0.336252 0.941772 0
    outer loop
      vertex 23.9213 43.7841 0.390001
      vertex 23.9916 43.8092 1.90735e-07
      vertex 23.9213 43.7841 1.90735e-07
    endloop
  endfacet
  facet normal -0.372157 0.92817 0
    outer loop
      vertex 24.0542 43.8343 1.90735e-07
      vertex 23.9916 43.8092 0.390001
      vertex 24.0542 43.8343 0.390001
    endloop
  endfacet
  facet normal -0.372157 0.92817 0
    outer loop
      vertex 23.9916 43.8092 0.390001
      vertex 24.0542 43.8343 1.90735e-07
      vertex 23.9916 43.8092 1.90735e-07
    endloop
  endfacet
  facet normal -0.408964 0.912551 0
    outer loop
      vertex 24.1111 43.8598 1.90735e-07
      vertex 24.0542 43.8343 0.390001
      vertex 24.1111 43.8598 0.390001
    endloop
  endfacet
  facet normal -0.408964 0.912551 0
    outer loop
      vertex 24.0542 43.8343 0.390001
      vertex 24.1111 43.8598 1.90735e-07
      vertex 24.0542 43.8343 1.90735e-07
    endloop
  endfacet
  facet normal -0.442496 0.89677 0
    outer loop
      vertex 24.1644 43.8861 1.90735e-07
      vertex 24.1111 43.8598 0.390001
      vertex 24.1644 43.8861 0.390001
    endloop
  endfacet
  facet normal -0.442496 0.89677 0
    outer loop
      vertex 24.1111 43.8598 0.390001
      vertex 24.1644 43.8861 1.90735e-07
      vertex 24.1111 43.8598 1.90735e-07
    endloop
  endfacet
  facet normal -0.479346 0.877626 0
    outer loop
      vertex 24.2142 43.9133 1.90735e-07
      vertex 24.1644 43.8861 0.390001
      vertex 24.2142 43.9133 0.390001
    endloop
  endfacet
  facet normal -0.479346 0.877626 0
    outer loop
      vertex 24.1644 43.8861 0.390001
      vertex 24.2142 43.9133 1.90735e-07
      vertex 24.1644 43.8861 1.90735e-07
    endloop
  endfacet
  facet normal -0.516127 0.856512 0
    outer loop
      vertex 24.2605 43.9412 1.90735e-07
      vertex 24.2142 43.9133 0.390001
      vertex 24.2605 43.9412 0.390001
    endloop
  endfacet
  facet normal -0.516127 0.856512 0
    outer loop
      vertex 24.2142 43.9133 0.390001
      vertex 24.2605 43.9412 1.90735e-07
      vertex 24.2142 43.9133 1.90735e-07
    endloop
  endfacet
  facet normal -0.558274 0.829657 0
    outer loop
      vertex 24.3033 43.97 1.90735e-07
      vertex 24.2605 43.9412 0.390001
      vertex 24.3033 43.97 0.390001
    endloop
  endfacet
  facet normal -0.558274 0.829657 0
    outer loop
      vertex 24.2605 43.9412 0.390001
      vertex 24.3033 43.97 1.90735e-07
      vertex 24.2605 43.9412 1.90735e-07
    endloop
  endfacet
  facet normal -0.602603 0.798041 0
    outer loop
      vertex 24.3425 43.9996 1.90735e-07
      vertex 24.3033 43.97 0.390001
      vertex 24.3425 43.9996 0.390001
    endloop
  endfacet
  facet normal -0.602603 0.798041 0
    outer loop
      vertex 24.3033 43.97 0.390001
      vertex 24.3425 43.9996 1.90735e-07
      vertex 24.3033 43.97 1.90735e-07
    endloop
  endfacet
  facet normal -0.649563 0.760308 0
    outer loop
      vertex 24.3782 44.0301 1.90735e-07
      vertex 24.3425 43.9996 0.390001
      vertex 24.3782 44.0301 0.390001
    endloop
  endfacet
  facet normal -0.649563 0.760308 0
    outer loop
      vertex 24.3425 43.9996 0.390001
      vertex 24.3782 44.0301 1.90735e-07
      vertex 24.3425 43.9996 1.90735e-07
    endloop
  endfacet
  facet normal -0.694908 0.719098 0
    outer loop
      vertex 24.4109 44.0617 1.90735e-07
      vertex 24.3782 44.0301 0.390001
      vertex 24.4109 44.0617 0.390001
    endloop
  endfacet
  facet normal -0.694908 0.719098 0
    outer loop
      vertex 24.3782 44.0301 0.390001
      vertex 24.4109 44.0617 1.90735e-07
      vertex 24.3782 44.0301 1.90735e-07
    endloop
  endfacet
  facet normal -0.735399 0.677634 0
    outer loop
      vertex 24.4109 44.0617 1.90735e-07
      vertex 24.4414 44.0948 0.390001
      vertex 24.4414 44.0948 1.90735e-07
    endloop
  endfacet
  facet normal -0.735399 0.677634 0
    outer loop
      vertex 24.4414 44.0948 0.390001
      vertex 24.4109 44.0617 1.90735e-07
      vertex 24.4109 44.0617 0.390001
    endloop
  endfacet
  facet normal -0.774057 0.633116 0
    outer loop
      vertex 24.4414 44.0948 1.90735e-07
      vertex 24.4697 44.1294 0.390001
      vertex 24.4697 44.1294 1.90735e-07
    endloop
  endfacet
  facet normal -0.774057 0.633116 0
    outer loop
      vertex 24.4697 44.1294 0.390001
      vertex 24.4414 44.0948 1.90735e-07
      vertex 24.4414 44.0948 0.390001
    endloop
  endfacet
  facet normal -0.812515 0.58294 0
    outer loop
      vertex 24.4697 44.1294 1.90735e-07
      vertex 24.4956 44.1655 0.390001
      vertex 24.4956 44.1655 1.90735e-07
    endloop
  endfacet
  facet normal -0.812515 0.58294 0
    outer loop
      vertex 24.4956 44.1655 0.390001
      vertex 24.4697 44.1294 1.90735e-07
      vertex 24.4697 44.1294 0.390001
    endloop
  endfacet
  facet normal -0.846984 0.531618 0
    outer loop
      vertex 24.4956 44.1655 1.90735e-07
      vertex 24.5192 44.2031 0.390001
      vertex 24.5192 44.2031 1.90735e-07
    endloop
  endfacet
  facet normal -0.846984 0.531618 0
    outer loop
      vertex 24.5192 44.2031 0.390001
      vertex 24.4956 44.1655 1.90735e-07
      vertex 24.4956 44.1655 0.390001
    endloop
  endfacet
  facet normal -0.877209 0.480109 0
    outer loop
      vertex 24.5192 44.2031 1.90735e-07
      vertex 24.5406 44.2422 0.390001
      vertex 24.5406 44.2422 1.90735e-07
    endloop
  endfacet
  facet normal -0.877209 0.480109 0
    outer loop
      vertex 24.5406 44.2422 0.390001
      vertex 24.5192 44.2031 1.90735e-07
      vertex 24.5192 44.2031 0.390001
    endloop
  endfacet
  facet normal -0.905272 0.424833 0
    outer loop
      vertex 24.5406 44.2422 1.90735e-07
      vertex 24.5597 44.2829 0.390001
      vertex 24.5597 44.2829 1.90735e-07
    endloop
  endfacet
  facet normal -0.905272 0.424833 0
    outer loop
      vertex 24.5597 44.2829 0.390001
      vertex 24.5406 44.2422 1.90735e-07
      vertex 24.5406 44.2422 0.390001
    endloop
  endfacet
  facet normal -0.929838 0.367969 0
    outer loop
      vertex 24.5597 44.2829 1.90735e-07
      vertex 24.5764 44.3251 0.390001
      vertex 24.5764 44.3251 1.90735e-07
    endloop
  endfacet
  facet normal -0.929838 0.367969 0
    outer loop
      vertex 24.5764 44.3251 0.390001
      vertex 24.5597 44.2829 1.90735e-07
      vertex 24.5597 44.2829 0.390001
    endloop
  endfacet
  facet normal -0.952298 0.305168 0
    outer loop
      vertex 24.5764 44.3251 1.90735e-07
      vertex 24.5905 44.3691 0.390001
      vertex 24.5905 44.3691 1.90735e-07
    endloop
  endfacet
  facet normal -0.952298 0.305168 0
    outer loop
      vertex 24.5905 44.3691 0.390001
      vertex 24.5764 44.3251 1.90735e-07
      vertex 24.5764 44.3251 0.390001
    endloop
  endfacet
  facet normal -0.969263 0.246027 0
    outer loop
      vertex 24.5905 44.3691 1.90735e-07
      vertex 24.6021 44.4148 0.390001
      vertex 24.6021 44.4148 1.90735e-07
    endloop
  endfacet
  facet normal -0.969263 0.246027 0
    outer loop
      vertex 24.6021 44.4148 0.390001
      vertex 24.5905 44.3691 1.90735e-07
      vertex 24.5905 44.3691 0.390001
    endloop
  endfacet
  facet normal -0.982519 0.186162 0
    outer loop
      vertex 24.6021 44.4148 1.90735e-07
      vertex 24.6111 44.4623 0.390001
      vertex 24.6111 44.4623 1.90735e-07
    endloop
  endfacet
  facet normal -0.982519 0.186162 0
    outer loop
      vertex 24.6111 44.4623 0.390001
      vertex 24.6021 44.4148 1.90735e-07
      vertex 24.6021 44.4148 0.390001
    endloop
  endfacet
  facet normal -0.991645 0.128995 0
    outer loop
      vertex 24.6111 44.4623 1.90735e-07
      vertex 24.6175 44.5115 0.390001
      vertex 24.6175 44.5115 1.90735e-07
    endloop
  endfacet
  facet normal -0.991645 0.128995 0
    outer loop
      vertex 24.6175 44.5115 0.390001
      vertex 24.6111 44.4623 1.90735e-07
      vertex 24.6111 44.4623 0.390001
    endloop
  endfacet
  facet normal -0.997089 0.076248 0
    outer loop
      vertex 24.6175 44.5115 1.90735e-07
      vertex 24.6214 44.5625 0.390001
      vertex 24.6214 44.5625 1.90735e-07
    endloop
  endfacet
  facet normal -0.997089 0.076248 0
    outer loop
      vertex 24.6214 44.5625 0.390001
      vertex 24.6175 44.5115 1.90735e-07
      vertex 24.6175 44.5115 0.390001
    endloop
  endfacet
  facet normal -0.999741 0.0227645 0
    outer loop
      vertex 24.6214 44.5625 1.90735e-07
      vertex 24.6226 44.6152 0.390001
      vertex 24.6226 44.6152 1.90735e-07
    endloop
  endfacet
  facet normal -0.999741 0.0227645 0
    outer loop
      vertex 24.6226 44.6152 0.390001
      vertex 24.6214 44.5625 1.90735e-07
      vertex 24.6214 44.5625 0.390001
    endloop
  endfacet
  facet normal -0.998411 -0.0563551 0
    outer loop
      vertex 24.6226 44.6152 1.90735e-07
      vertex 24.6159 44.7339 0.390001
      vertex 24.6159 44.7339 1.90735e-07
    endloop
  endfacet
  facet normal -0.998411 -0.0563551 0
    outer loop
      vertex 24.6159 44.7339 0.390001
      vertex 24.6226 44.6152 1.90735e-07
      vertex 24.6226 44.6152 0.390001
    endloop
  endfacet
  facet normal -0.983913 -0.178651 0
    outer loop
      vertex 24.6159 44.7339 1.90735e-07
      vertex 24.5958 44.8446 0.390001
      vertex 24.5958 44.8446 1.90735e-07
    endloop
  endfacet
  facet normal -0.983913 -0.178651 0
    outer loop
      vertex 24.5958 44.8446 0.390001
      vertex 24.6159 44.7339 1.90735e-07
      vertex 24.6159 44.7339 0.390001
    endloop
  endfacet
  facet normal -0.950611 -0.310385 0
    outer loop
      vertex 24.5958 44.8446 1.90735e-07
      vertex 24.5623 44.9472 0.390001
      vertex 24.5623 44.9472 1.90735e-07
    endloop
  endfacet
  facet normal -0.950611 -0.310385 0
    outer loop
      vertex 24.5623 44.9472 0.390001
      vertex 24.5958 44.8446 1.90735e-07
      vertex 24.5958 44.8446 0.390001
    endloop
  endfacet
  facet normal -0.89556 -0.44494 0
    outer loop
      vertex 24.5623 44.9472 1.90735e-07
      vertex 24.5153 45.0418 0.390001
      vertex 24.5153 45.0418 1.90735e-07
    endloop
  endfacet
  facet normal -0.89556 -0.44494 0
    outer loop
      vertex 24.5153 45.0418 0.390001
      vertex 24.5623 44.9472 1.90735e-07
      vertex 24.5623 44.9472 0.390001
    endloop
  endfacet
  facet normal -0.82021 -0.572063 0
    outer loop
      vertex 24.5153 45.0418 1.90735e-07
      vertex 24.4549 45.1284 0.390001
      vertex 24.4549 45.1284 1.90735e-07
    endloop
  endfacet
  facet normal -0.82021 -0.572063 0
    outer loop
      vertex 24.4549 45.1284 0.390001
      vertex 24.5153 45.0418 1.90735e-07
      vertex 24.5153 45.0418 0.390001
    endloop
  endfacet
  facet normal -0.728581 -0.684959 0
    outer loop
      vertex 24.4549 45.1284 1.90735e-07
      vertex 24.3811 45.2069 0.390001
      vertex 24.3811 45.2069 1.90735e-07
    endloop
  endfacet
  facet normal -0.728581 -0.684959 0
    outer loop
      vertex 24.3811 45.2069 0.390001
      vertex 24.4549 45.1284 1.90735e-07
      vertex 24.4549 45.1284 0.390001
    endloop
  endfacet
  facet normal -0.628171 -0.778075 0
    outer loop
      vertex 24.2939 45.2773 1.90735e-07
      vertex 24.3811 45.2069 0.390001
      vertex 24.2939 45.2773 0.390001
    endloop
  endfacet
  facet normal -0.628171 -0.778075 -0
    outer loop
      vertex 24.3811 45.2069 0.390001
      vertex 24.2939 45.2773 1.90735e-07
      vertex 24.3811 45.2069 1.90735e-07
    endloop
  endfacet
  facet normal -0.526853 -0.849956 0
    outer loop
      vertex 24.1942 45.3391 1.90735e-07
      vertex 24.2939 45.2773 0.390001
      vertex 24.1942 45.3391 0.390001
    endloop
  endfacet
  facet normal -0.526853 -0.849956 -0
    outer loop
      vertex 24.2939 45.2773 0.390001
      vertex 24.1942 45.3391 1.90735e-07
      vertex 24.2939 45.2773 1.90735e-07
    endloop
  endfacet
  facet normal -0.424621 -0.905371 0
    outer loop
      vertex 24.0829 45.3913 1.90735e-07
      vertex 24.1942 45.3391 0.390001
      vertex 24.0829 45.3913 0.390001
    endloop
  endfacet
  facet normal -0.424621 -0.905371 -0
    outer loop
      vertex 24.1942 45.3391 0.390001
      vertex 24.0829 45.3913 1.90735e-07
      vertex 24.1942 45.3391 1.90735e-07
    endloop
  endfacet
  facet normal -0.328431 -0.944528 0
    outer loop
      vertex 23.9601 45.434 1.90735e-07
      vertex 24.0829 45.3913 0.390001
      vertex 23.9601 45.434 0.390001
    endloop
  endfacet
  facet normal -0.328431 -0.944528 -0
    outer loop
      vertex 24.0829 45.3913 0.390001
      vertex 23.9601 45.434 1.90735e-07
      vertex 24.0829 45.3913 1.90735e-07
    endloop
  endfacet
  facet normal -0.239647 -0.97086 0
    outer loop
      vertex 23.8256 45.4672 1.90735e-07
      vertex 23.9601 45.434 0.390001
      vertex 23.8256 45.4672 0.390001
    endloop
  endfacet
  facet normal -0.239647 -0.97086 -0
    outer loop
      vertex 23.9601 45.434 0.390001
      vertex 23.8256 45.4672 1.90735e-07
      vertex 23.9601 45.434 1.90735e-07
    endloop
  endfacet
  facet normal -0.16089 -0.986972 0
    outer loop
      vertex 23.6796 45.491 1.90735e-07
      vertex 23.8256 45.4672 0.390001
      vertex 23.6796 45.491 0.390001
    endloop
  endfacet
  facet normal -0.16089 -0.986972 -0
    outer loop
      vertex 23.8256 45.4672 0.390001
      vertex 23.6796 45.491 1.90735e-07
      vertex 23.8256 45.4672 1.90735e-07
    endloop
  endfacet
  facet normal -0.089738 -0.995965 0
    outer loop
      vertex 23.522 45.5052 1.90735e-07
      vertex 23.6796 45.491 0.390001
      vertex 23.522 45.5052 0.390001
    endloop
  endfacet
  facet normal -0.089738 -0.995965 -0
    outer loop
      vertex 23.6796 45.491 0.390001
      vertex 23.522 45.5052 1.90735e-07
      vertex 23.6796 45.491 1.90735e-07
    endloop
  endfacet
  facet normal -0.0277671 -0.999614 0
    outer loop
      vertex 23.3528 45.5099 1.90735e-07
      vertex 23.522 45.5052 0.390001
      vertex 23.3528 45.5099 0.390001
    endloop
  endfacet
  facet normal -0.0277671 -0.999614 -0
    outer loop
      vertex 23.522 45.5052 0.390001
      vertex 23.3528 45.5099 1.90735e-07
      vertex 23.522 45.5052 1.90735e-07
    endloop
  endfacet
  facet normal 0.0222591 -0.999752 0
    outer loop
      vertex 23.1956 45.5064 1.90735e-07
      vertex 23.3528 45.5099 0.390001
      vertex 23.1956 45.5064 0.390001
    endloop
  endfacet
  facet normal 0.0222591 -0.999752 0
    outer loop
      vertex 23.3528 45.5099 0.390001
      vertex 23.1956 45.5064 1.90735e-07
      vertex 23.3528 45.5099 1.90735e-07
    endloop
  endfacet
  facet normal 0.072893 -0.99734 0
    outer loop
      vertex 23.0492 45.4957 1.90735e-07
      vertex 23.1956 45.5064 0.390001
      vertex 23.0492 45.4957 0.390001
    endloop
  endfacet
  facet normal 0.072893 -0.99734 0
    outer loop
      vertex 23.1956 45.5064 0.390001
      vertex 23.0492 45.4957 1.90735e-07
      vertex 23.1956 45.5064 1.90735e-07
    endloop
  endfacet
  facet normal 0.130341 -0.991469 0
    outer loop
      vertex 22.9138 45.4779 1.90735e-07
      vertex 23.0492 45.4957 0.390001
      vertex 22.9138 45.4779 0.390001
    endloop
  endfacet
  facet normal 0.130341 -0.991469 0
    outer loop
      vertex 23.0492 45.4957 0.390001
      vertex 22.9138 45.4779 1.90735e-07
      vertex 23.0492 45.4957 1.90735e-07
    endloop
  endfacet
  facet normal 0.196268 -0.98055 0
    outer loop
      vertex 22.7894 45.453 1.90735e-07
      vertex 22.9138 45.4779 0.390001
      vertex 22.7894 45.453 0.390001
    endloop
  endfacet
  facet normal 0.196268 -0.98055 0
    outer loop
      vertex 22.9138 45.4779 0.390001
      vertex 22.7894 45.453 1.90735e-07
      vertex 22.9138 45.4779 1.90735e-07
    endloop
  endfacet
  facet normal 0.272145 -0.962256 0
    outer loop
      vertex 22.6759 45.4209 1.90735e-07
      vertex 22.7894 45.453 0.390001
      vertex 22.6759 45.4209 0.390001
    endloop
  endfacet
  facet normal 0.272145 -0.962256 0
    outer loop
      vertex 22.7894 45.453 0.390001
      vertex 22.6759 45.4209 1.90735e-07
      vertex 22.7894 45.453 1.90735e-07
    endloop
  endfacet
  facet normal 0.356412 -0.934329 0
    outer loop
      vertex 22.5734 45.3818 1.90735e-07
      vertex 22.6759 45.4209 0.390001
      vertex 22.5734 45.3818 0.390001
    endloop
  endfacet
  facet normal 0.356412 -0.934329 0
    outer loop
      vertex 22.6759 45.4209 0.390001
      vertex 22.5734 45.3818 1.90735e-07
      vertex 22.6759 45.4209 1.90735e-07
    endloop
  endfacet
  facet normal 0.451107 -0.89247 0
    outer loop
      vertex 22.4818 45.3355 1.90735e-07
      vertex 22.5734 45.3818 0.390001
      vertex 22.4818 45.3355 0.390001
    endloop
  endfacet
  facet normal 0.451107 -0.89247 0
    outer loop
      vertex 22.5734 45.3818 0.390001
      vertex 22.4818 45.3355 1.90735e-07
      vertex 22.5734 45.3818 1.90735e-07
    endloop
  endfacet
  facet normal 0.554467 -0.832206 0
    outer loop
      vertex 22.3994 45.2806 1.90735e-07
      vertex 22.4818 45.3355 0.390001
      vertex 22.3994 45.2806 0.390001
    endloop
  endfacet
  facet normal 0.554467 -0.832206 0
    outer loop
      vertex 22.4818 45.3355 0.390001
      vertex 22.3994 45.2806 1.90735e-07
      vertex 22.4818 45.3355 1.90735e-07
    endloop
  endfacet
  facet normal 0.653856 -0.756619 0
    outer loop
      vertex 22.3243 45.2157 1.90735e-07
      vertex 22.3994 45.2806 0.390001
      vertex 22.3243 45.2157 0.390001
    endloop
  endfacet
  facet normal 0.653856 -0.756619 0
    outer loop
      vertex 22.3994 45.2806 0.390001
      vertex 22.3243 45.2157 1.90735e-07
      vertex 22.3994 45.2806 1.90735e-07
    endloop
  endfacet
  facet normal 0.741864 -0.67055 0
    outer loop
      vertex 22.2566 45.1408 0.390001
      vertex 22.3243 45.2157 1.90735e-07
      vertex 22.3243 45.2157 0.390001
    endloop
  endfacet
  facet normal 0.741864 -0.67055 0
    outer loop
      vertex 22.3243 45.2157 1.90735e-07
      vertex 22.2566 45.1408 0.390001
      vertex 22.2566 45.1408 1.90735e-07
    endloop
  endfacet
  facet normal 0.814834 -0.579694 0
    outer loop
      vertex 22.1962 45.0559 0.390001
      vertex 22.2566 45.1408 1.90735e-07
      vertex 22.2566 45.1408 0.390001
    endloop
  endfacet
  facet normal 0.814834 -0.579694 0
    outer loop
      vertex 22.2566 45.1408 1.90735e-07
      vertex 22.1962 45.0559 0.390001
      vertex 22.1962 45.0559 1.90735e-07
    endloop
  endfacet
  facet normal 0.87307 -0.487595 0
    outer loop
      vertex 22.1432 44.961 0.390001
      vertex 22.1962 45.0559 1.90735e-07
      vertex 22.1962 45.0559 0.390001
    endloop
  endfacet
  facet normal 0.87307 -0.487595 0
    outer loop
      vertex 22.1962 45.0559 1.90735e-07
      vertex 22.1432 44.961 0.390001
      vertex 22.1432 44.961 1.90735e-07
    endloop
  endfacet
  facet normal 0.917237 -0.398343 0
    outer loop
      vertex 22.0976 44.856 0.390001
      vertex 22.1432 44.961 1.90735e-07
      vertex 22.1432 44.961 0.390001
    endloop
  endfacet
  facet normal 0.917237 -0.398343 0
    outer loop
      vertex 22.1432 44.961 1.90735e-07
      vertex 22.0976 44.856 0.390001
      vertex 22.0976 44.856 1.90735e-07
    endloop
  endfacet
  facet normal 0.948766 -0.31598 0
    outer loop
      vertex 22.0593 44.741 0.390001
      vertex 22.0976 44.856 1.90735e-07
      vertex 22.0976 44.856 0.390001
    endloop
  endfacet
  facet normal 0.948766 -0.31598 0
    outer loop
      vertex 22.0976 44.856 1.90735e-07
      vertex 22.0593 44.741 0.390001
      vertex 22.0593 44.741 1.90735e-07
    endloop
  endfacet
  facet normal 0.173055 0.984912 -0
    outer loop
      vertex 22.5055 44.6626 1.90735e-07
      vertex 22.0593 44.741 0.390001
      vertex 22.5055 44.6626 0.390001
    endloop
  endfacet
  facet normal 0.173055 0.984912 0
    outer loop
      vertex 22.0593 44.741 0.390001
      vertex 22.5055 44.6626 1.90735e-07
      vertex 22.0593 44.741 1.90735e-07
    endloop
  endfacet
  facet normal -0.950747 0.309969 0
    outer loop
      vertex 22.5055 44.6626 1.90735e-07
      vertex 22.5293 44.7356 0.390001
      vertex 22.5293 44.7356 1.90735e-07
    endloop
  endfacet
  facet normal -0.950747 0.309969 0
    outer loop
      vertex 22.5293 44.7356 0.390001
      vertex 22.5055 44.6626 1.90735e-07
      vertex 22.5055 44.6626 0.390001
    endloop
  endfacet
  facet normal -0.917222 0.398376 0
    outer loop
      vertex 22.5293 44.7356 1.90735e-07
      vertex 22.5584 44.8026 0.390001
      vertex 22.5584 44.8026 1.90735e-07
    endloop
  endfacet
  facet normal -0.917222 0.398376 0
    outer loop
      vertex 22.5584 44.8026 0.390001
      vertex 22.5293 44.7356 1.90735e-07
      vertex 22.5293 44.7356 0.390001
    endloop
  endfacet
  facet normal -0.870165 0.492761 0
    outer loop
      vertex 22.5584 44.8026 1.90735e-07
      vertex 22.593 44.8637 0.390001
      vertex 22.593 44.8637 1.90735e-07
    endloop
  endfacet
  facet normal -0.870165 0.492761 0
    outer loop
      vertex 22.593 44.8637 0.390001
      vertex 22.5584 44.8026 1.90735e-07
      vertex 22.5584 44.8026 0.390001
    endloop
  endfacet
  facet normal -0.809244 0.587473 0
    outer loop
      vertex 22.593 44.8637 1.90735e-07
      vertex 22.633 44.9188 0.390001
      vertex 22.633 44.9188 1.90735e-07
    endloop
  endfacet
  facet normal -0.809244 0.587473 0
    outer loop
      vertex 22.633 44.9188 0.390001
      vertex 22.593 44.8637 1.90735e-07
      vertex 22.593 44.8637 0.390001
    endloop
  endfacet
  facet normal -0.733485 0.679706 0
    outer loop
      vertex 22.633 44.9188 1.90735e-07
      vertex 22.6785 44.9679 0.390001
      vertex 22.6785 44.9679 1.90735e-07
    endloop
  endfacet
  facet normal -0.733485 0.679706 0
    outer loop
      vertex 22.6785 44.9679 0.390001
      vertex 22.633 44.9188 1.90735e-07
      vertex 22.633 44.9188 0.390001
    endloop
  endfacet
  facet normal -0.647823 0.761791 0
    outer loop
      vertex 22.7293 45.0111 1.90735e-07
      vertex 22.6785 44.9679 0.390001
      vertex 22.7293 45.0111 0.390001
    endloop
  endfacet
  facet normal -0.647823 0.761791 0
    outer loop
      vertex 22.6785 44.9679 0.390001
      vertex 22.7293 45.0111 1.90735e-07
      vertex 22.6785 44.9679 1.90735e-07
    endloop
  endfacet
  facet normal -0.551276 0.834323 0
    outer loop
      vertex 22.7856 45.0483 1.90735e-07
      vertex 22.7293 45.0111 0.390001
      vertex 22.7856 45.0483 0.390001
    endloop
  endfacet
  facet normal -0.551276 0.834323 0
    outer loop
      vertex 22.7293 45.0111 0.390001
      vertex 22.7856 45.0483 1.90735e-07
      vertex 22.7293 45.0111 1.90735e-07
    endloop
  endfacet
  facet normal -0.455212 0.890383 0
    outer loop
      vertex 22.8478 45.0801 1.90735e-07
      vertex 22.7856 45.0483 0.390001
      vertex 22.8478 45.0801 0.390001
    endloop
  endfacet
  facet normal -0.455212 0.890383 0
    outer loop
      vertex 22.7856 45.0483 0.390001
      vertex 22.8478 45.0801 1.90735e-07
      vertex 22.7856 45.0483 1.90735e-07
    endloop
  endfacet
  facet normal -0.364144 0.931343 0
    outer loop
      vertex 22.9166 45.107 1.90735e-07
      vertex 22.8478 45.0801 0.390001
      vertex 22.9166 45.107 0.390001
    endloop
  endfacet
  facet normal -0.364144 0.931343 0
    outer loop
      vertex 22.8478 45.0801 0.390001
      vertex 22.9166 45.107 1.90735e-07
      vertex 22.8478 45.0801 1.90735e-07
    endloop
  endfacet
  facet normal -0.280784 0.959771 0
    outer loop
      vertex 22.9918 45.129 1.90735e-07
      vertex 22.9166 45.107 0.390001
      vertex 22.9918 45.129 0.390001
    endloop
  endfacet
  facet normal -0.280784 0.959771 0
    outer loop
      vertex 22.9166 45.107 0.390001
      vertex 22.9918 45.129 1.90735e-07
      vertex 22.9166 45.107 1.90735e-07
    endloop
  endfacet
  facet normal -0.20601 0.97855 0
    outer loop
      vertex 23.0735 45.1462 1.90735e-07
      vertex 22.9918 45.129 0.390001
      vertex 23.0735 45.1462 0.390001
    endloop
  endfacet
  facet normal -0.20601 0.97855 0
    outer loop
      vertex 22.9918 45.129 0.390001
      vertex 23.0735 45.1462 1.90735e-07
      vertex 22.9918 45.129 1.90735e-07
    endloop
  endfacet
  facet normal -0.137017 0.990569 0
    outer loop
      vertex 23.1617 45.1584 1.90735e-07
      vertex 23.0735 45.1462 0.390001
      vertex 23.1617 45.1584 0.390001
    endloop
  endfacet
  facet normal -0.137017 0.990569 0
    outer loop
      vertex 23.0735 45.1462 0.390001
      vertex 23.1617 45.1584 1.90735e-07
      vertex 23.0735 45.1462 1.90735e-07
    endloop
  endfacet
  facet normal -0.0768575 0.997042 0
    outer loop
      vertex 23.2564 45.1657 1.90735e-07
      vertex 23.1617 45.1584 0.390001
      vertex 23.2564 45.1657 0.390001
    endloop
  endfacet
  facet normal -0.0768575 0.997042 0
    outer loop
      vertex 23.1617 45.1584 0.390001
      vertex 23.2564 45.1657 1.90735e-07
      vertex 23.1617 45.1584 1.90735e-07
    endloop
  endfacet
  facet normal -0.024696 0.999695 0
    outer loop
      vertex 23.3576 45.1682 1.90735e-07
      vertex 23.2564 45.1657 0.390001
      vertex 23.3576 45.1682 0.390001
    endloop
  endfacet
  facet normal -0.024696 0.999695 0
    outer loop
      vertex 23.2564 45.1657 0.390001
      vertex 23.3576 45.1682 1.90735e-07
      vertex 23.2564 45.1657 1.90735e-07
    endloop
  endfacet
  facet normal 0.024383 0.999703 -0
    outer loop
      vertex 23.4683 45.1655 1.90735e-07
      vertex 23.3576 45.1682 0.390001
      vertex 23.4683 45.1655 0.390001
    endloop
  endfacet
  facet normal 0.024383 0.999703 0
    outer loop
      vertex 23.3576 45.1682 0.390001
      vertex 23.4683 45.1655 1.90735e-07
      vertex 23.3576 45.1682 1.90735e-07
    endloop
  endfacet
  facet normal 0.0793606 0.996846 -0
    outer loop
      vertex 23.5713 45.1573 1.90735e-07
      vertex 23.4683 45.1655 0.390001
      vertex 23.5713 45.1573 0.390001
    endloop
  endfacet
  facet normal 0.0793606 0.996846 0
    outer loop
      vertex 23.4683 45.1655 0.390001
      vertex 23.5713 45.1573 1.90735e-07
      vertex 23.4683 45.1655 1.90735e-07
    endloop
  endfacet
  facet normal 0.140402 0.990095 -0
    outer loop
      vertex 23.6665 45.1438 1.90735e-07
      vertex 23.5713 45.1573 0.390001
      vertex 23.6665 45.1438 0.390001
    endloop
  endfacet
  facet normal 0.140402 0.990095 0
    outer loop
      vertex 23.5713 45.1573 0.390001
      vertex 23.6665 45.1438 1.90735e-07
      vertex 23.5713 45.1573 1.90735e-07
    endloop
  endfacet
  facet normal 0.212198 0.977227 -0
    outer loop
      vertex 23.754 45.1248 1.90735e-07
      vertex 23.6665 45.1438 0.390001
      vertex 23.754 45.1248 0.390001
    endloop
  endfacet
  facet normal 0.212198 0.977227 0
    outer loop
      vertex 23.6665 45.1438 0.390001
      vertex 23.754 45.1248 1.90735e-07
      vertex 23.6665 45.1438 1.90735e-07
    endloop
  endfacet
  facet normal 0.292737 0.956193 -0
    outer loop
      vertex 23.8337 45.1004 1.90735e-07
      vertex 23.754 45.1248 0.390001
      vertex 23.8337 45.1004 0.390001
    endloop
  endfacet
  facet normal 0.292737 0.956193 0
    outer loop
      vertex 23.754 45.1248 0.390001
      vertex 23.8337 45.1004 1.90735e-07
      vertex 23.754 45.1248 1.90735e-07
    endloop
  endfacet
  facet normal 0.383522 0.923532 -0
    outer loop
      vertex 23.9057 45.0705 1.90735e-07
      vertex 23.8337 45.1004 0.390001
      vertex 23.9057 45.0705 0.390001
    endloop
  endfacet
  facet normal 0.383522 0.923532 0
    outer loop
      vertex 23.8337 45.1004 0.390001
      vertex 23.9057 45.0705 1.90735e-07
      vertex 23.8337 45.1004 1.90735e-07
    endloop
  endfacet
  facet normal 0.481238 0.87659 -0
    outer loop
      vertex 23.97 45.0352 1.90735e-07
      vertex 23.9057 45.0705 0.390001
      vertex 23.97 45.0352 0.390001
    endloop
  endfacet
  facet normal 0.481238 0.87659 0
    outer loop
      vertex 23.9057 45.0705 0.390001
      vertex 23.97 45.0352 1.90735e-07
      vertex 23.9057 45.0705 1.90735e-07
    endloop
  endfacet
  facet normal 0.586968 0.80961 -0
    outer loop
      vertex 24.026 44.9946 1.90735e-07
      vertex 23.97 45.0352 0.390001
      vertex 24.026 44.9946 0.390001
    endloop
  endfacet
  facet normal 0.586968 0.80961 0
    outer loop
      vertex 23.97 45.0352 0.390001
      vertex 24.026 44.9946 1.90735e-07
      vertex 23.97 45.0352 1.90735e-07
    endloop
  endfacet
  facet normal 0.695649 0.718382 -0
    outer loop
      vertex 24.0734 44.9487 1.90735e-07
      vertex 24.026 44.9946 0.390001
      vertex 24.0734 44.9487 0.390001
    endloop
  endfacet
  facet normal 0.695649 0.718382 0
    outer loop
      vertex 24.026 44.9946 0.390001
      vertex 24.0734 44.9487 1.90735e-07
      vertex 24.026 44.9946 1.90735e-07
    endloop
  endfacet
  facet normal 0.797568 0.603229 0
    outer loop
      vertex 24.1122 44.8974 0.390001
      vertex 24.0734 44.9487 1.90735e-07
      vertex 24.0734 44.9487 0.390001
    endloop
  endfacet
  facet normal 0.797568 0.603229 0
    outer loop
      vertex 24.0734 44.9487 1.90735e-07
      vertex 24.1122 44.8974 0.390001
      vertex 24.1122 44.8974 1.90735e-07
    endloop
  endfacet
  facet normal 0.882611 0.470103 0
    outer loop
      vertex 24.1424 44.8407 0.390001
      vertex 24.1122 44.8974 1.90735e-07
      vertex 24.1122 44.8974 0.390001
    endloop
  endfacet
  facet normal 0.882611 0.470103 0
    outer loop
      vertex 24.1122 44.8974 1.90735e-07
      vertex 24.1424 44.8407 0.390001
      vertex 24.1424 44.8407 1.90735e-07
    endloop
  endfacet
  facet normal 0.944641 0.328106 0
    outer loop
      vertex 24.1639 44.7788 0.390001
      vertex 24.1424 44.8407 1.90735e-07
      vertex 24.1424 44.8407 0.390001
    endloop
  endfacet
  facet normal 0.944641 0.328106 0
    outer loop
      vertex 24.1424 44.8407 1.90735e-07
      vertex 24.1639 44.7788 0.390001
      vertex 24.1639 44.7788 1.90735e-07
    endloop
  endfacet
  facet normal 0.98185 0.189659 0
    outer loop
      vertex 24.1769 44.7115 0.390001
      vertex 24.1639 44.7788 1.90735e-07
      vertex 24.1639 44.7788 0.390001
    endloop
  endfacet
  facet normal 0.98185 0.189659 0
    outer loop
      vertex 24.1639 44.7788 1.90735e-07
      vertex 24.1769 44.7115 0.390001
      vertex 24.1769 44.7115 1.90735e-07
    endloop
  endfacet
  facet normal 0.998251 0.059125 0
    outer loop
      vertex 24.1812 44.6389 0.390001
      vertex 24.1769 44.7115 1.90735e-07
      vertex 24.1769 44.7115 0.390001
    endloop
  endfacet
  facet normal 0.998251 0.059125 0
    outer loop
      vertex 24.1769 44.7115 1.90735e-07
      vertex 24.1812 44.6389 0.390001
      vertex 24.1812 44.6389 1.90735e-07
    endloop
  endfacet
  facet normal 0.999219 -0.039504 0
    outer loop
      vertex 24.1795 44.5959 0.390001
      vertex 24.1812 44.6389 1.90735e-07
      vertex 24.1812 44.6389 0.390001
    endloop
  endfacet
  facet normal 0.999219 -0.039504 0
    outer loop
      vertex 24.1812 44.6389 1.90735e-07
      vertex 24.1795 44.5959 0.390001
      vertex 24.1795 44.5959 1.90735e-07
    endloop
  endfacet
  facet normal 0.992574 -0.121639 0
    outer loop
      vertex 24.1745 44.5551 0.390001
      vertex 24.1795 44.5959 1.90735e-07
      vertex 24.1795 44.5959 0.390001
    endloop
  endfacet
  facet normal 0.992574 -0.121639 0
    outer loop
      vertex 24.1795 44.5959 1.90735e-07
      vertex 24.1745 44.5551 0.390001
      vertex 24.1745 44.5551 1.90735e-07
    endloop
  endfacet
  facet normal 0.977654 -0.210221 0
    outer loop
      vertex 24.1662 44.5165 0.390001
      vertex 24.1745 44.5551 1.90735e-07
      vertex 24.1745 44.5551 0.390001
    endloop
  endfacet
  facet normal 0.977654 -0.210221 0
    outer loop
      vertex 24.1745 44.5551 1.90735e-07
      vertex 24.1662 44.5165 0.390001
      vertex 24.1662 44.5165 1.90735e-07
    endloop
  endfacet
  facet normal 0.951512 -0.307612 0
    outer loop
      vertex 24.1544 44.48 0.390001
      vertex 24.1662 44.5165 1.90735e-07
      vertex 24.1662 44.5165 0.390001
    endloop
  endfacet
  facet normal 0.951512 -0.307612 0
    outer loop
      vertex 24.1662 44.5165 1.90735e-07
      vertex 24.1544 44.48 0.390001
      vertex 24.1544 44.48 1.90735e-07
    endloop
  endfacet
  facet normal 0.915788 -0.401661 0
    outer loop
      vertex 24.1394 44.4458 0.390001
      vertex 24.1544 44.48 1.90735e-07
      vertex 24.1544 44.48 0.390001
    endloop
  endfacet
  facet normal 0.915788 -0.401661 0
    outer loop
      vertex 24.1544 44.48 1.90735e-07
      vertex 24.1394 44.4458 0.390001
      vertex 24.1394 44.4458 1.90735e-07
    endloop
  endfacet
  facet normal 0.867577 -0.497303 0
    outer loop
      vertex 24.121 44.4137 0.390001
      vertex 24.1394 44.4458 1.90735e-07
      vertex 24.1394 44.4458 0.390001
    endloop
  endfacet
  facet normal 0.867577 -0.497303 0
    outer loop
      vertex 24.1394 44.4458 1.90735e-07
      vertex 24.121 44.4137 0.390001
      vertex 24.121 44.4137 1.90735e-07
    endloop
  endfacet
  facet normal 0.809321 -0.587367 0
    outer loop
      vertex 24.0993 44.3838 0.390001
      vertex 24.121 44.4137 1.90735e-07
      vertex 24.121 44.4137 0.390001
    endloop
  endfacet
  facet normal 0.809321 -0.587367 0
    outer loop
      vertex 24.121 44.4137 1.90735e-07
      vertex 24.0993 44.3838 0.390001
      vertex 24.0993 44.3838 1.90735e-07
    endloop
  endfacet
  facet normal 0.749605 -0.661885 0
    outer loop
      vertex 24.0744 44.3556 0.390001
      vertex 24.0993 44.3838 1.90735e-07
      vertex 24.0993 44.3838 0.390001
    endloop
  endfacet
  facet normal 0.749605 -0.661885 0
    outer loop
      vertex 24.0993 44.3838 1.90735e-07
      vertex 24.0744 44.3556 0.390001
      vertex 24.0744 44.3556 1.90735e-07
    endloop
  endfacet
  facet normal 0.69671 -0.717353 0
    outer loop
      vertex 24.0466 44.3286 1.90735e-07
      vertex 24.0744 44.3556 0.390001
      vertex 24.0466 44.3286 0.390001
    endloop
  endfacet
  facet normal 0.69671 -0.717353 0
    outer loop
      vertex 24.0744 44.3556 0.390001
      vertex 24.0466 44.3286 1.90735e-07
      vertex 24.0744 44.3556 1.90735e-07
    endloop
  endfacet
  facet normal 0.639201 -0.769039 0
    outer loop
      vertex 24.0158 44.303 1.90735e-07
      vertex 24.0466 44.3286 0.390001
      vertex 24.0158 44.303 0.390001
    endloop
  endfacet
  facet normal 0.639201 -0.769039 0
    outer loop
      vertex 24.0466 44.3286 0.390001
      vertex 24.0158 44.303 1.90735e-07
      vertex 24.0466 44.3286 1.90735e-07
    endloop
  endfacet
  facet normal 0.588029 -0.80884 0
    outer loop
      vertex 23.9821 44.2785 1.90735e-07
      vertex 24.0158 44.303 0.390001
      vertex 23.9821 44.2785 0.390001
    endloop
  endfacet
  facet normal 0.588029 -0.80884 0
    outer loop
      vertex 24.0158 44.303 0.390001
      vertex 23.9821 44.2785 1.90735e-07
      vertex 24.0158 44.303 1.90735e-07
    endloop
  endfacet
  facet normal 0.532691 -0.84631 0
    outer loop
      vertex 23.9454 44.2554 1.90735e-07
      vertex 23.9821 44.2785 0.390001
      vertex 23.9454 44.2554 0.390001
    endloop
  endfacet
  facet normal 0.532691 -0.84631 0
    outer loop
      vertex 23.9821 44.2785 0.390001
      vertex 23.9454 44.2554 1.90735e-07
      vertex 23.9821 44.2785 1.90735e-07
    endloop
  endfacet
  facet normal 0.483019 -0.87561 0
    outer loop
      vertex 23.9057 44.2335 1.90735e-07
      vertex 23.9454 44.2554 0.390001
      vertex 23.9057 44.2335 0.390001
    endloop
  endfacet
  facet normal 0.483019 -0.87561 0
    outer loop
      vertex 23.9454 44.2554 0.390001
      vertex 23.9057 44.2335 1.90735e-07
      vertex 23.9454 44.2554 1.90735e-07
    endloop
  endfacet
  facet normal 0.43705 -0.899437 0
    outer loop
      vertex 23.8631 44.2128 1.90735e-07
      vertex 23.9057 44.2335 0.390001
      vertex 23.8631 44.2128 0.390001
    endloop
  endfacet
  facet normal 0.43705 -0.899437 0
    outer loop
      vertex 23.9057 44.2335 0.390001
      vertex 23.8631 44.2128 1.90735e-07
      vertex 23.9057 44.2335 1.90735e-07
    endloop
  endfacet
  facet normal 0.378991 -0.9254 0
    outer loop
      vertex 23.8128 44.1922 1.90735e-07
      vertex 23.8631 44.2128 0.390001
      vertex 23.8128 44.1922 0.390001
    endloop
  endfacet
  facet normal 0.378991 -0.9254 0
    outer loop
      vertex 23.8631 44.2128 0.390001
      vertex 23.8128 44.1922 1.90735e-07
      vertex 23.8631 44.2128 1.90735e-07
    endloop
  endfacet
  facet normal 0.330618 -0.943765 0
    outer loop
      vertex 23.75 44.1702 1.90735e-07
      vertex 23.8128 44.1922 0.390001
      vertex 23.75 44.1702 0.390001
    endloop
  endfacet
  facet normal 0.330618 -0.943765 0
    outer loop
      vertex 23.8128 44.1922 0.390001
      vertex 23.75 44.1702 1.90735e-07
      vertex 23.8128 44.1922 1.90735e-07
    endloop
  endfacet
  facet normal 0.294443 -0.955669 0
    outer loop
      vertex 23.6747 44.147 1.90735e-07
      vertex 23.75 44.1702 0.390001
      vertex 23.6747 44.147 0.390001
    endloop
  endfacet
  facet normal 0.294443 -0.955669 0
    outer loop
      vertex 23.75 44.1702 0.390001
      vertex 23.6747 44.147 1.90735e-07
      vertex 23.75 44.1702 1.90735e-07
    endloop
  endfacet
  facet normal 0.269508 -0.962998 0
    outer loop
      vertex 23.5868 44.1224 1.90735e-07
      vertex 23.6747 44.147 0.390001
      vertex 23.5868 44.1224 0.390001
    endloop
  endfacet
  facet normal 0.269508 -0.962998 0
    outer loop
      vertex 23.6747 44.147 0.390001
      vertex 23.5868 44.1224 1.90735e-07
      vertex 23.6747 44.147 1.90735e-07
    endloop
  endfacet
  facet normal 0.250024 -0.96824 0
    outer loop
      vertex 23.4865 44.0965 1.90735e-07
      vertex 23.5868 44.1224 0.390001
      vertex 23.4865 44.0965 0.390001
    endloop
  endfacet
  facet normal 0.250024 -0.96824 0
    outer loop
      vertex 23.5868 44.1224 0.390001
      vertex 23.4865 44.0965 1.90735e-07
      vertex 23.5868 44.1224 1.90735e-07
    endloop
  endfacet
  facet normal 0.234416 -0.972136 0
    outer loop
      vertex 23.3737 44.0693 1.90735e-07
      vertex 23.4865 44.0965 0.390001
      vertex 23.3737 44.0693 0.390001
    endloop
  endfacet
  facet normal 0.234416 -0.972136 0
    outer loop
      vertex 23.4865 44.0965 0.390001
      vertex 23.3737 44.0693 1.90735e-07
      vertex 23.4865 44.0965 1.90735e-07
    endloop
  endfacet
  facet normal 0.221789 -0.975095 0
    outer loop
      vertex 23.2484 44.0408 1.90735e-07
      vertex 23.3737 44.0693 0.390001
      vertex 23.2484 44.0408 0.390001
    endloop
  endfacet
  facet normal 0.221789 -0.975095 0
    outer loop
      vertex 23.3737 44.0693 0.390001
      vertex 23.2484 44.0408 1.90735e-07
      vertex 23.3737 44.0693 1.90735e-07
    endloop
  endfacet
  facet normal 0.225344 -0.974279 0
    outer loop
      vertex 23.2043 44.0306 1.90735e-07
      vertex 23.2484 44.0408 0.390001
      vertex 23.2043 44.0306 0.390001
    endloop
  endfacet
  facet normal 0.225344 -0.974279 0
    outer loop
      vertex 23.2484 44.0408 0.390001
      vertex 23.2043 44.0306 1.90735e-07
      vertex 23.2484 44.0408 1.90735e-07
    endloop
  endfacet
  facet normal 0.226318 -0.974054 0
    outer loop
      vertex 23.1604 44.0204 1.90735e-07
      vertex 23.2043 44.0306 0.390001
      vertex 23.1604 44.0204 0.390001
    endloop
  endfacet
  facet normal 0.226318 -0.974054 0
    outer loop
      vertex 23.2043 44.0306 0.390001
      vertex 23.1604 44.0204 1.90735e-07
      vertex 23.2043 44.0306 1.90735e-07
    endloop
  endfacet
  facet normal 0.227929 -0.973678 0
    outer loop
      vertex 23.1164 44.0101 1.90735e-07
      vertex 23.1604 44.0204 0.390001
      vertex 23.1164 44.0101 0.390001
    endloop
  endfacet
  facet normal 0.227929 -0.973678 0
    outer loop
      vertex 23.1604 44.0204 0.390001
      vertex 23.1164 44.0101 1.90735e-07
      vertex 23.1604 44.0204 1.90735e-07
    endloop
  endfacet
  facet normal 0.230522 -0.973067 0
    outer loop
      vertex 23.0725 43.9997 1.90735e-07
      vertex 23.1164 44.0101 0.390001
      vertex 23.0725 43.9997 0.390001
    endloop
  endfacet
  facet normal 0.230522 -0.973067 0
    outer loop
      vertex 23.1164 44.0101 0.390001
      vertex 23.0725 43.9997 1.90735e-07
      vertex 23.1164 44.0101 1.90735e-07
    endloop
  endfacet
  facet normal 0.230522 -0.973067 0
    outer loop
      vertex 23.0286 43.9893 1.90735e-07
      vertex 23.0725 43.9997 0.390001
      vertex 23.0286 43.9893 0.390001
    endloop
  endfacet
  facet normal 0.230522 -0.973067 0
    outer loop
      vertex 23.0725 43.9997 0.390001
      vertex 23.0286 43.9893 1.90735e-07
      vertex 23.0725 43.9997 1.90735e-07
    endloop
  endfacet
  facet normal 0.23102 -0.972949 0
    outer loop
      vertex 22.9848 43.9789 1.90735e-07
      vertex 23.0286 43.9893 0.390001
      vertex 22.9848 43.9789 0.390001
    endloop
  endfacet
  facet normal 0.23102 -0.972949 0
    outer loop
      vertex 23.0286 43.9893 0.390001
      vertex 22.9848 43.9789 1.90735e-07
      vertex 23.0286 43.9893 1.90735e-07
    endloop
  endfacet
  facet normal 0.233625 -0.972327 0
    outer loop
      vertex 22.9411 43.9684 1.90735e-07
      vertex 22.9848 43.9789 0.390001
      vertex 22.9411 43.9684 0.390001
    endloop
  endfacet
  facet normal 0.233625 -0.972327 0
    outer loop
      vertex 22.9848 43.9789 0.390001
      vertex 22.9411 43.9684 1.90735e-07
      vertex 22.9848 43.9789 1.90735e-07
    endloop
  endfacet
  facet normal 0.24096 -0.970535 0
    outer loop
      vertex 22.8976 43.9576 1.90735e-07
      vertex 22.9411 43.9684 0.390001
      vertex 22.8976 43.9576 0.390001
    endloop
  endfacet
  facet normal 0.24096 -0.970535 0
    outer loop
      vertex 22.9411 43.9684 0.390001
      vertex 22.8976 43.9576 1.90735e-07
      vertex 22.9411 43.9684 1.90735e-07
    endloop
  endfacet
  facet normal 0.256263 -0.966607 0
    outer loop
      vertex 22.8546 43.9462 1.90735e-07
      vertex 22.8976 43.9576 0.390001
      vertex 22.8546 43.9462 0.390001
    endloop
  endfacet
  facet normal 0.256263 -0.966607 0
    outer loop
      vertex 22.8976 43.9576 0.390001
      vertex 22.8546 43.9462 1.90735e-07
      vertex 22.8976 43.9576 1.90735e-07
    endloop
  endfacet
  facet normal 0.270219 -0.962799 0
    outer loop
      vertex 22.8122 43.9343 1.90735e-07
      vertex 22.8546 43.9462 0.390001
      vertex 22.8122 43.9343 0.390001
    endloop
  endfacet
  facet normal 0.270219 -0.962799 0
    outer loop
      vertex 22.8546 43.9462 0.390001
      vertex 22.8122 43.9343 1.90735e-07
      vertex 22.8546 43.9462 1.90735e-07
    endloop
  endfacet
  facet normal 0.288608 -0.957447 0
    outer loop
      vertex 22.7704 43.9217 1.90735e-07
      vertex 22.8122 43.9343 0.390001
      vertex 22.7704 43.9217 0.390001
    endloop
  endfacet
  facet normal 0.288608 -0.957447 0
    outer loop
      vertex 22.8122 43.9343 0.390001
      vertex 22.7704 43.9217 1.90735e-07
      vertex 22.8122 43.9343 1.90735e-07
    endloop
  endfacet
  facet normal 0.301682 -0.953408 0
    outer loop
      vertex 22.729 43.9086 1.90735e-07
      vertex 22.7704 43.9217 0.390001
      vertex 22.729 43.9086 0.390001
    endloop
  endfacet
  facet normal 0.301682 -0.953408 0
    outer loop
      vertex 22.7704 43.9217 0.390001
      vertex 22.729 43.9086 1.90735e-07
      vertex 22.7704 43.9217 1.90735e-07
    endloop
  endfacet
  facet normal 0.318318 -0.947984 0
    outer loop
      vertex 22.6882 43.8949 1.90735e-07
      vertex 22.729 43.9086 0.390001
      vertex 22.6882 43.8949 0.390001
    endloop
  endfacet
  facet normal 0.318318 -0.947984 0
    outer loop
      vertex 22.729 43.9086 0.390001
      vertex 22.6882 43.8949 1.90735e-07
      vertex 22.729 43.9086 1.90735e-07
    endloop
  endfacet
  facet normal 0.33441 -0.942428 0
    outer loop
      vertex 22.6479 43.8806 1.90735e-07
      vertex 22.6882 43.8949 0.390001
      vertex 22.6479 43.8806 0.390001
    endloop
  endfacet
  facet normal 0.33441 -0.942428 0
    outer loop
      vertex 22.6882 43.8949 0.390001
      vertex 22.6479 43.8806 1.90735e-07
      vertex 22.6882 43.8949 1.90735e-07
    endloop
  endfacet
  facet normal 0.354227 -0.935159 0
    outer loop
      vertex 22.6083 43.8656 1.90735e-07
      vertex 22.6479 43.8806 0.390001
      vertex 22.6083 43.8656 0.390001
    endloop
  endfacet
  facet normal 0.354227 -0.935159 0
    outer loop
      vertex 22.6479 43.8806 0.390001
      vertex 22.6083 43.8656 1.90735e-07
      vertex 22.6479 43.8806 1.90735e-07
    endloop
  endfacet
  facet normal 0.372213 -0.928147 0
    outer loop
      vertex 22.5694 43.85 1.90735e-07
      vertex 22.6083 43.8656 0.390001
      vertex 22.5694 43.85 0.390001
    endloop
  endfacet
  facet normal 0.372213 -0.928147 0
    outer loop
      vertex 22.6083 43.8656 0.390001
      vertex 22.5694 43.85 1.90735e-07
      vertex 22.6083 43.8656 1.90735e-07
    endloop
  endfacet
  facet normal 0.3945 -0.918896 0
    outer loop
      vertex 22.5312 43.8336 1.90735e-07
      vertex 22.5694 43.85 0.390001
      vertex 22.5312 43.8336 0.390001
    endloop
  endfacet
  facet normal 0.3945 -0.918896 0
    outer loop
      vertex 22.5694 43.85 0.390001
      vertex 22.5312 43.8336 1.90735e-07
      vertex 22.5694 43.85 1.90735e-07
    endloop
  endfacet
  facet normal 0.414899 -0.909867 0
    outer loop
      vertex 22.4937 43.8165 1.90735e-07
      vertex 22.5312 43.8336 0.390001
      vertex 22.4937 43.8165 0.390001
    endloop
  endfacet
  facet normal 0.414899 -0.909867 0
    outer loop
      vertex 22.5312 43.8336 0.390001
      vertex 22.4937 43.8165 1.90735e-07
      vertex 22.5312 43.8336 1.90735e-07
    endloop
  endfacet
  facet normal 0.438375 -0.898792 0
    outer loop
      vertex 22.457 43.7986 1.90735e-07
      vertex 22.4937 43.8165 0.390001
      vertex 22.457 43.7986 0.390001
    endloop
  endfacet
  facet normal 0.438375 -0.898792 0
    outer loop
      vertex 22.4937 43.8165 0.390001
      vertex 22.457 43.7986 1.90735e-07
      vertex 22.4937 43.8165 1.90735e-07
    endloop
  endfacet
  facet normal 0.45902 -0.888426 0
    outer loop
      vertex 22.421 43.78 1.90735e-07
      vertex 22.457 43.7986 0.390001
      vertex 22.421 43.78 0.390001
    endloop
  endfacet
  facet normal 0.45902 -0.888426 0
    outer loop
      vertex 22.457 43.7986 0.390001
      vertex 22.421 43.78 1.90735e-07
      vertex 22.457 43.7986 1.90735e-07
    endloop
  endfacet
  facet normal 0.479723 -0.87742 0
    outer loop
      vertex 22.3857 43.7607 1.90735e-07
      vertex 22.421 43.78 0.390001
      vertex 22.3857 43.7607 0.390001
    endloop
  endfacet
  facet normal 0.479723 -0.87742 0
    outer loop
      vertex 22.421 43.78 0.390001
      vertex 22.3857 43.7607 1.90735e-07
      vertex 22.421 43.78 1.90735e-07
    endloop
  endfacet
  facet normal 0.509321 -0.860577 0
    outer loop
      vertex 22.3514 43.7404 1.90735e-07
      vertex 22.3857 43.7607 0.390001
      vertex 22.3514 43.7404 0.390001
    endloop
  endfacet
  facet normal 0.509321 -0.860577 0
    outer loop
      vertex 22.3857 43.7607 0.390001
      vertex 22.3514 43.7404 1.90735e-07
      vertex 22.3857 43.7607 1.90735e-07
    endloop
  endfacet
  facet normal 0.54588 -0.837863 0
    outer loop
      vertex 22.3184 43.7189 1.90735e-07
      vertex 22.3514 43.7404 0.390001
      vertex 22.3184 43.7189 0.390001
    endloop
  endfacet
  facet normal 0.54588 -0.837863 0
    outer loop
      vertex 22.3514 43.7404 0.390001
      vertex 22.3184 43.7189 1.90735e-07
      vertex 22.3514 43.7404 1.90735e-07
    endloop
  endfacet
  facet normal 0.585116 -0.81095 0
    outer loop
      vertex 22.2868 43.6961 1.90735e-07
      vertex 22.3184 43.7189 0.390001
      vertex 22.2868 43.6961 0.390001
    endloop
  endfacet
  facet normal 0.585116 -0.81095 0
    outer loop
      vertex 22.3184 43.7189 0.390001
      vertex 22.2868 43.6961 1.90735e-07
      vertex 22.3184 43.7189 1.90735e-07
    endloop
  endfacet
  facet normal 0.621231 -0.783627 0
    outer loop
      vertex 22.2564 43.672 1.90735e-07
      vertex 22.2868 43.6961 0.390001
      vertex 22.2564 43.672 0.390001
    endloop
  endfacet
  facet normal 0.621231 -0.783627 0
    outer loop
      vertex 22.2868 43.6961 0.390001
      vertex 22.2564 43.672 1.90735e-07
      vertex 22.2868 43.6961 1.90735e-07
    endloop
  endfacet
  facet normal 0.6574 -0.753542 0
    outer loop
      vertex 22.2274 43.6467 1.90735e-07
      vertex 22.2564 43.672 0.390001
      vertex 22.2274 43.6467 0.390001
    endloop
  endfacet
  facet normal 0.6574 -0.753542 0
    outer loop
      vertex 22.2564 43.672 0.390001
      vertex 22.2274 43.6467 1.90735e-07
      vertex 22.2564 43.672 1.90735e-07
    endloop
  endfacet
  facet normal 0.69264 -0.721283 0
    outer loop
      vertex 22.1997 43.6201 1.90735e-07
      vertex 22.2274 43.6467 0.390001
      vertex 22.1997 43.6201 0.390001
    endloop
  endfacet
  facet normal 0.69264 -0.721283 0
    outer loop
      vertex 22.2274 43.6467 0.390001
      vertex 22.1997 43.6201 1.90735e-07
      vertex 22.2274 43.6467 1.90735e-07
    endloop
  endfacet
  facet normal 0.725064 -0.688681 0
    outer loop
      vertex 22.1732 43.5922 0.390001
      vertex 22.1997 43.6201 1.90735e-07
      vertex 22.1997 43.6201 0.390001
    endloop
  endfacet
  facet normal 0.725064 -0.688681 0
    outer loop
      vertex 22.1997 43.6201 1.90735e-07
      vertex 22.1732 43.5922 0.390001
      vertex 22.1732 43.5922 1.90735e-07
    endloop
  endfacet
  facet normal 0.76091 -0.648858 0
    outer loop
      vertex 22.1483 43.563 0.390001
      vertex 22.1732 43.5922 1.90735e-07
      vertex 22.1732 43.5922 0.390001
    endloop
  endfacet
  facet normal 0.76091 -0.648858 0
    outer loop
      vertex 22.1732 43.5922 1.90735e-07
      vertex 22.1483 43.563 0.390001
      vertex 22.1483 43.563 1.90735e-07
    endloop
  endfacet
  facet normal 0.795313 -0.606199 0
    outer loop
      vertex 22.1249 43.5323 0.390001
      vertex 22.1483 43.563 1.90735e-07
      vertex 22.1483 43.563 0.390001
    endloop
  endfacet
  facet normal 0.795313 -0.606199 0
    outer loop
      vertex 22.1483 43.563 1.90735e-07
      vertex 22.1249 43.5323 0.390001
      vertex 22.1249 43.5323 1.90735e-07
    endloop
  endfacet
  facet normal 0.827262 -0.561816 0
    outer loop
      vertex 22.1031 43.5002 0.390001
      vertex 22.1249 43.5323 1.90735e-07
      vertex 22.1249 43.5323 0.390001
    endloop
  endfacet
  facet normal 0.827262 -0.561816 0
    outer loop
      vertex 22.1249 43.5323 1.90735e-07
      vertex 22.1031 43.5002 0.390001
      vertex 22.1031 43.5002 1.90735e-07
    endloop
  endfacet
  facet normal 0.856363 -0.516374 0
    outer loop
      vertex 22.0829 43.4667 0.390001
      vertex 22.1031 43.5002 1.90735e-07
      vertex 22.1031 43.5002 0.390001
    endloop
  endfacet
  facet normal 0.856363 -0.516374 0
    outer loop
      vertex 22.1031 43.5002 1.90735e-07
      vertex 22.0829 43.4667 0.390001
      vertex 22.0829 43.4667 1.90735e-07
    endloop
  endfacet
  facet normal 0.884095 -0.467307 0
    outer loop
      vertex 22.0644 43.4317 0.390001
      vertex 22.0829 43.4667 1.90735e-07
      vertex 22.0829 43.4667 0.390001
    endloop
  endfacet
  facet normal 0.884095 -0.467307 0
    outer loop
      vertex 22.0829 43.4667 1.90735e-07
      vertex 22.0644 43.4317 0.390001
      vertex 22.0644 43.4317 1.90735e-07
    endloop
  endfacet
  facet normal 0.9065 -0.422206 0
    outer loop
      vertex 22.0474 43.3952 0.390001
      vertex 22.0644 43.4317 1.90735e-07
      vertex 22.0644 43.4317 0.390001
    endloop
  endfacet
  facet normal 0.9065 -0.422206 0
    outer loop
      vertex 22.0644 43.4317 1.90735e-07
      vertex 22.0474 43.3952 0.390001
      vertex 22.0474 43.3952 1.90735e-07
    endloop
  endfacet
  facet normal 0.92644 -0.376443 0
    outer loop
      vertex 22.032 43.3573 0.390001
      vertex 22.0474 43.3952 1.90735e-07
      vertex 22.0474 43.3952 0.390001
    endloop
  endfacet
  facet normal 0.92644 -0.376443 0
    outer loop
      vertex 22.0474 43.3952 1.90735e-07
      vertex 22.032 43.3573 0.390001
      vertex 22.032 43.3573 1.90735e-07
    endloop
  endfacet
  facet normal 0.946758 -0.321945 0
    outer loop
      vertex 22.0185 43.3176 0.390001
      vertex 22.032 43.3573 1.90735e-07
      vertex 22.032 43.3573 0.390001
    endloop
  endfacet
  facet normal 0.946758 -0.321945 0
    outer loop
      vertex 22.032 43.3573 1.90735e-07
      vertex 22.0185 43.3176 0.390001
      vertex 22.0185 43.3176 1.90735e-07
    endloop
  endfacet
  facet normal 0.963684 -0.267045 0
    outer loop
      vertex 22.007 43.2761 0.390001
      vertex 22.0185 43.3176 1.90735e-07
      vertex 22.0185 43.3176 0.390001
    endloop
  endfacet
  facet normal 0.963684 -0.267045 0
    outer loop
      vertex 22.0185 43.3176 1.90735e-07
      vertex 22.007 43.2761 0.390001
      vertex 22.007 43.2761 1.90735e-07
    endloop
  endfacet
  facet normal 0.977439 -0.211217 0
    outer loop
      vertex 21.9976 43.2326 0.390001
      vertex 22.007 43.2761 1.90735e-07
      vertex 22.007 43.2761 0.390001
    endloop
  endfacet
  facet normal 0.977439 -0.211217 0
    outer loop
      vertex 22.007 43.2761 1.90735e-07
      vertex 21.9976 43.2326 0.390001
      vertex 21.9976 43.2326 1.90735e-07
    endloop
  endfacet
  facet normal 0.98771 -0.156297 0
    outer loop
      vertex 21.9904 43.1871 0.390001
      vertex 21.9976 43.2326 1.90735e-07
      vertex 21.9976 43.2326 0.390001
    endloop
  endfacet
  facet normal 0.98771 -0.156297 0
    outer loop
      vertex 21.9976 43.2326 1.90735e-07
      vertex 21.9904 43.1871 0.390001
      vertex 21.9904 43.1871 1.90735e-07
    endloop
  endfacet
  facet normal 0.993781 -0.111354 0
    outer loop
      vertex 21.9851 43.1398 0.390001
      vertex 21.9904 43.1871 1.90735e-07
      vertex 21.9904 43.1871 0.390001
    endloop
  endfacet
  facet normal 0.993781 -0.111354 0
    outer loop
      vertex 21.9904 43.1871 1.90735e-07
      vertex 21.9851 43.1398 0.390001
      vertex 21.9851 43.1398 1.90735e-07
    endloop
  endfacet
  facet normal 0.998029 -0.0627564 0
    outer loop
      vertex 21.982 43.0905 0.390001
      vertex 21.9851 43.1398 1.90735e-07
      vertex 21.9851 43.1398 0.390001
    endloop
  endfacet
  facet normal 0.998029 -0.0627564 0
    outer loop
      vertex 21.9851 43.1398 1.90735e-07
      vertex 21.982 43.0905 0.390001
      vertex 21.982 43.0905 1.90735e-07
    endloop
  endfacet
  facet normal 0.99981 -0.0194895 0
    outer loop
      vertex 21.981 43.0392 0.390001
      vertex 21.982 43.0905 1.90735e-07
      vertex 21.982 43.0905 0.390001
    endloop
  endfacet
  facet normal 0.99981 -0.0194895 0
    outer loop
      vertex 21.982 43.0905 1.90735e-07
      vertex 21.981 43.0392 0.390001
      vertex 21.981 43.0392 1.90735e-07
    endloop
  endfacet
  facet normal 0.998333 0.0577161 0
    outer loop
      vertex 21.9884 42.9112 0.390001
      vertex 21.981 43.0392 1.90735e-07
      vertex 21.981 43.0392 0.390001
    endloop
  endfacet
  facet normal 0.998333 0.0577161 0
    outer loop
      vertex 21.981 43.0392 1.90735e-07
      vertex 21.9884 42.9112 0.390001
      vertex 21.9884 42.9112 1.90735e-07
    endloop
  endfacet
  facet normal 0.983298 0.182001 0
    outer loop
      vertex 22.0105 42.7918 0.390001
      vertex 21.9884 42.9112 1.90735e-07
      vertex 21.9884 42.9112 0.390001
    endloop
  endfacet
  facet normal 0.983298 0.182001 0
    outer loop
      vertex 21.9884 42.9112 1.90735e-07
      vertex 22.0105 42.7918 0.390001
      vertex 22.0105 42.7918 1.90735e-07
    endloop
  endfacet
  facet normal 0.948598 0.316484 0
    outer loop
      vertex 22.0475 42.6809 0.390001
      vertex 22.0105 42.7918 1.90735e-07
      vertex 22.0105 42.7918 0.390001
    endloop
  endfacet
  facet normal 0.948598 0.316484 0
    outer loop
      vertex 22.0105 42.7918 1.90735e-07
      vertex 22.0475 42.6809 0.390001
      vertex 22.0475 42.6809 1.90735e-07
    endloop
  endfacet
  facet normal 0.892677 0.450697 0
    outer loop
      vertex 22.0992 42.5785 0.390001
      vertex 22.0475 42.6809 1.90735e-07
      vertex 22.0475 42.6809 0.390001
    endloop
  endfacet
  facet normal 0.892677 0.450697 0
    outer loop
      vertex 22.0475 42.6809 1.90735e-07
      vertex 22.0992 42.5785 0.390001
      vertex 22.0992 42.5785 1.90735e-07
    endloop
  endfacet
  facet normal 0.816486 0.577366 0
    outer loop
      vertex 22.1656 42.4846 0.390001
      vertex 22.0992 42.5785 1.90735e-07
      vertex 22.0992 42.5785 0.390001
    endloop
  endfacet
  facet normal 0.816486 0.577366 0
    outer loop
      vertex 22.0992 42.5785 1.90735e-07
      vertex 22.1656 42.4846 0.390001
      vertex 22.1656 42.4846 1.90735e-07
    endloop
  endfacet
  facet normal 0.723876 0.689931 0
    outer loop
      vertex 22.2469 42.3993 0.390001
      vertex 22.1656 42.4846 1.90735e-07
      vertex 22.1656 42.4846 0.390001
    endloop
  endfacet
  facet normal 0.723876 0.689931 0
    outer loop
      vertex 22.1656 42.4846 1.90735e-07
      vertex 22.2469 42.3993 0.390001
      vertex 22.2469 42.3993 1.90735e-07
    endloop
  endfacet
  facet normal 0.625191 0.780472 -0
    outer loop
      vertex 22.3429 42.3224 1.90735e-07
      vertex 22.2469 42.3993 0.390001
      vertex 22.3429 42.3224 0.390001
    endloop
  endfacet
  facet normal 0.625191 0.780472 0
    outer loop
      vertex 22.2469 42.3993 0.390001
      vertex 22.3429 42.3224 1.90735e-07
      vertex 22.2469 42.3993 1.90735e-07
    endloop
  endfacet
  facet normal 0.52362 0.851952 -0
    outer loop
      vertex 22.4524 42.2551 1.90735e-07
      vertex 22.3429 42.3224 0.390001
      vertex 22.4524 42.2551 0.390001
    endloop
  endfacet
  facet normal 0.52362 0.851952 0
    outer loop
      vertex 22.3429 42.3224 0.390001
      vertex 22.4524 42.2551 1.90735e-07
      vertex 22.3429 42.3224 1.90735e-07
    endloop
  endfacet
  facet normal 0.42472 0.905325 -0
    outer loop
      vertex 22.5739 42.1981 1.90735e-07
      vertex 22.4524 42.2551 0.390001
      vertex 22.5739 42.1981 0.390001
    endloop
  endfacet
  facet normal 0.42472 0.905325 0
    outer loop
      vertex 22.4524 42.2551 0.390001
      vertex 22.5739 42.1981 1.90735e-07
      vertex 22.4524 42.2551 1.90735e-07
    endloop
  endfacet
  facet normal 0.329973 0.94399 -0
    outer loop
      vertex 22.7075 42.1514 1.90735e-07
      vertex 22.5739 42.1981 0.390001
      vertex 22.7075 42.1514 0.390001
    endloop
  endfacet
  facet normal 0.329973 0.94399 0
    outer loop
      vertex 22.5739 42.1981 0.390001
      vertex 22.7075 42.1514 1.90735e-07
      vertex 22.5739 42.1981 1.90735e-07
    endloop
  endfacet
  facet normal 0.241908 0.970299 -0
    outer loop
      vertex 22.8531 42.1151 1.90735e-07
      vertex 22.7075 42.1514 0.390001
      vertex 22.8531 42.1151 0.390001
    endloop
  endfacet
  facet normal 0.241908 0.970299 0
    outer loop
      vertex 22.7075 42.1514 0.390001
      vertex 22.8531 42.1151 1.90735e-07
      vertex 22.7075 42.1514 1.90735e-07
    endloop
  endfacet
  facet normal 0.162065 0.98678 -0
    outer loop
      vertex 23.0108 42.0892 1.90735e-07
      vertex 22.8531 42.1151 0.390001
      vertex 23.0108 42.0892 0.390001
    endloop
  endfacet
  facet normal 0.162065 0.98678 0
    outer loop
      vertex 22.8531 42.1151 0.390001
      vertex 23.0108 42.0892 1.90735e-07
      vertex 22.8531 42.1151 1.90735e-07
    endloop
  endfacet
  facet normal 0.090959 0.995855 -0
    outer loop
      vertex 23.1805 42.0737 1.90735e-07
      vertex 23.0108 42.0892 0.390001
      vertex 23.1805 42.0737 0.390001
    endloop
  endfacet
  facet normal 0.090959 0.995855 0
    outer loop
      vertex 23.0108 42.0892 0.390001
      vertex 23.1805 42.0737 1.90735e-07
      vertex 23.0108 42.0892 1.90735e-07
    endloop
  endfacet
  facet normal 0.0285912 0.999591 -0
    outer loop
      vertex 23.3623 42.0685 1.90735e-07
      vertex 23.1805 42.0737 0.390001
      vertex 23.3623 42.0685 0.390001
    endloop
  endfacet
  facet normal 0.0285912 0.999591 0
    outer loop
      vertex 23.1805 42.0737 0.390001
      vertex 23.3623 42.0685 1.90735e-07
      vertex 23.1805 42.0737 1.90735e-07
    endloop
  endfacet
  facet normal -0.0526227 0.998614 0
    outer loop
      vertex 23.6906 42.0858 1.90735e-07
      vertex 23.3623 42.0685 0.390001
      vertex 23.6906 42.0858 0.390001
    endloop
  endfacet
  facet normal -0.0526227 0.998614 0
    outer loop
      vertex 23.3623 42.0685 0.390001
      vertex 23.6906 42.0858 1.90735e-07
      vertex 23.3623 42.0685 1.90735e-07
    endloop
  endfacet
  facet normal 0 -1 0
    outer loop
      vertex 30.0898 45.4601 1.90735e-07
      vertex 31.1958 45.4601 0.390001
      vertex 30.0898 45.4601 0.390001
    endloop
  endfacet
  facet normal 0 -1 -0
    outer loop
      vertex 31.1958 45.4601 0.390001
      vertex 30.0898 45.4601 1.90735e-07
      vertex 31.1958 45.4601 1.90735e-07
    endloop
  endfacet
  facet normal 0.0370274 -0.999314 0
    outer loop
      vertex 29.855 45.4514 1.90735e-07
      vertex 30.0898 45.4601 0.390001
      vertex 29.855 45.4514 0.390001
    endloop
  endfacet
  facet normal 0.0370274 -0.999314 0
    outer loop
      vertex 30.0898 45.4601 0.390001
      vertex 29.855 45.4514 1.90735e-07
      vertex 30.0898 45.4601 1.90735e-07
    endloop
  endfacet
  facet normal 0.118341 -0.992973 0
    outer loop
      vertex 29.636 45.4253 1.90735e-07
      vertex 29.855 45.4514 0.390001
      vertex 29.636 45.4253 0.390001
    endloop
  endfacet
  facet normal 0.118341 -0.992973 0
    outer loop
      vertex 29.855 45.4514 0.390001
      vertex 29.636 45.4253 1.90735e-07
      vertex 29.855 45.4514 1.90735e-07
    endloop
  endfacet
  facet normal 0.208872 -0.977943 0
    outer loop
      vertex 29.4328 45.3819 1.90735e-07
      vertex 29.636 45.4253 0.390001
      vertex 29.4328 45.3819 0.390001
    endloop
  endfacet
  facet normal 0.208872 -0.977943 0
    outer loop
      vertex 29.636 45.4253 0.390001
      vertex 29.4328 45.3819 1.90735e-07
      vertex 29.636 45.4253 1.90735e-07
    endloop
  endfacet
  facet normal 0.309212 -0.950993 0
    outer loop
      vertex 29.2455 45.321 1.90735e-07
      vertex 29.4328 45.3819 0.390001
      vertex 29.2455 45.321 0.390001
    endloop
  endfacet
  facet normal 0.309212 -0.950993 0
    outer loop
      vertex 29.4328 45.3819 0.390001
      vertex 29.2455 45.321 1.90735e-07
      vertex 29.4328 45.3819 1.90735e-07
    endloop
  endfacet
  facet normal 0.415321 -0.909675 0
    outer loop
      vertex 29.074 45.2427 1.90735e-07
      vertex 29.2455 45.321 0.390001
      vertex 29.074 45.2427 0.390001
    endloop
  endfacet
  facet normal 0.415321 -0.909675 0
    outer loop
      vertex 29.2455 45.321 0.390001
      vertex 29.074 45.2427 1.90735e-07
      vertex 29.2455 45.321 1.90735e-07
    endloop
  endfacet
  facet normal 0.523242 -0.852184 0
    outer loop
      vertex 28.9183 45.1471 1.90735e-07
      vertex 29.074 45.2427 0.390001
      vertex 28.9183 45.1471 0.390001
    endloop
  endfacet
  facet normal 0.523242 -0.852184 0
    outer loop
      vertex 29.074 45.2427 0.390001
      vertex 28.9183 45.1471 1.90735e-07
      vertex 29.074 45.2427 1.90735e-07
    endloop
  endfacet
  facet normal 0.628622 -0.777711 0
    outer loop
      vertex 28.7785 45.0341 1.90735e-07
      vertex 28.9183 45.1471 0.390001
      vertex 28.7785 45.0341 0.390001
    endloop
  endfacet
  facet normal 0.628622 -0.777711 0
    outer loop
      vertex 28.9183 45.1471 0.390001
      vertex 28.7785 45.0341 1.90735e-07
      vertex 28.9183 45.1471 1.90735e-07
    endloop
  endfacet
  facet normal 0.725406 -0.688321 0
    outer loop
      vertex 28.656 44.905 0.390001
      vertex 28.7785 45.0341 1.90735e-07
      vertex 28.7785 45.0341 0.390001
    endloop
  endfacet
  facet normal 0.725406 -0.688321 0
    outer loop
      vertex 28.7785 45.0341 1.90735e-07
      vertex 28.656 44.905 0.390001
      vertex 28.656 44.905 1.90735e-07
    endloop
  endfacet
  facet normal 0.81117 -0.58481 0
    outer loop
      vertex 28.5524 44.7613 0.390001
      vertex 28.656 44.905 1.90735e-07
      vertex 28.656 44.905 0.390001
    endloop
  endfacet
  facet normal 0.81117 -0.58481 0
    outer loop
      vertex 28.656 44.905 1.90735e-07
      vertex 28.5524 44.7613 0.390001
      vertex 28.5524 44.7613 1.90735e-07
    endloop
  endfacet
  facet normal 0.881736 -0.471743 0
    outer loop
      vertex 28.4676 44.6028 0.390001
      vertex 28.5524 44.7613 1.90735e-07
      vertex 28.5524 44.7613 0.390001
    endloop
  endfacet
  facet normal 0.881736 -0.471743 0
    outer loop
      vertex 28.5524 44.7613 1.90735e-07
      vertex 28.4676 44.6028 0.390001
      vertex 28.4676 44.6028 1.90735e-07
    endloop
  endfacet
  facet normal 0.934496 -0.355973 0
    outer loop
      vertex 28.4017 44.4298 0.390001
      vertex 28.4676 44.6028 1.90735e-07
      vertex 28.4676 44.6028 0.390001
    endloop
  endfacet
  facet normal 0.934496 -0.355973 0
    outer loop
      vertex 28.4676 44.6028 1.90735e-07
      vertex 28.4017 44.4298 0.390001
      vertex 28.4017 44.4298 1.90735e-07
    endloop
  endfacet
  facet normal 0.96996 -0.243265 0
    outer loop
      vertex 28.3546 44.242 0.390001
      vertex 28.4017 44.4298 1.90735e-07
      vertex 28.4017 44.4298 0.390001
    endloop
  endfacet
  facet normal 0.96996 -0.243265 0
    outer loop
      vertex 28.4017 44.4298 1.90735e-07
      vertex 28.3546 44.242 0.390001
      vertex 28.3546 44.242 1.90735e-07
    endloop
  endfacet
  facet normal 0.990366 -0.138475 0
    outer loop
      vertex 28.3263 44.0396 0.390001
      vertex 28.3546 44.242 1.90735e-07
      vertex 28.3546 44.242 0.390001
    endloop
  endfacet
  facet normal 0.990366 -0.138475 0
    outer loop
      vertex 28.3546 44.242 1.90735e-07
      vertex 28.3263 44.0396 0.390001
      vertex 28.3263 44.0396 1.90735e-07
    endloop
  endfacet
  facet normal 0.999065 -0.0432376 0
    outer loop
      vertex 28.3169 43.8224 0.390001
      vertex 28.3263 44.0396 1.90735e-07
      vertex 28.3263 44.0396 0.390001
    endloop
  endfacet
  facet normal 0.999065 -0.0432376 0
    outer loop
      vertex 28.3263 44.0396 1.90735e-07
      vertex 28.3169 43.8224 0.390001
      vertex 28.3169 43.8224 1.90735e-07
    endloop
  endfacet
  facet normal 0.999602 0.0282257 0
    outer loop
      vertex 28.321 43.6772 0.390001
      vertex 28.3169 43.8224 1.90735e-07
      vertex 28.3169 43.8224 0.390001
    endloop
  endfacet
  facet normal 0.999602 0.0282257 0
    outer loop
      vertex 28.3169 43.8224 1.90735e-07
      vertex 28.321 43.6772 0.390001
      vertex 28.321 43.6772 1.90735e-07
    endloop
  endfacet
  facet normal 0.996157 0.0875821 0
    outer loop
      vertex 28.3333 43.5373 0.390001
      vertex 28.321 43.6772 1.90735e-07
      vertex 28.321 43.6772 0.390001
    endloop
  endfacet
  facet normal 0.996157 0.0875821 0
    outer loop
      vertex 28.321 43.6772 1.90735e-07
      vertex 28.3333 43.5373 0.390001
      vertex 28.3333 43.5373 1.90735e-07
    endloop
  endfacet
  facet normal 0.98849 0.151285 0
    outer loop
      vertex 28.3539 43.4027 0.390001
      vertex 28.3333 43.5373 1.90735e-07
      vertex 28.3333 43.5373 0.390001
    endloop
  endfacet
  facet normal 0.98849 0.151285 0
    outer loop
      vertex 28.3333 43.5373 1.90735e-07
      vertex 28.3539 43.4027 0.390001
      vertex 28.3539 43.4027 1.90735e-07
    endloop
  endfacet
  facet normal 0.975956 0.217968 0
    outer loop
      vertex 28.3828 43.2733 0.390001
      vertex 28.3539 43.4027 1.90735e-07
      vertex 28.3539 43.4027 0.390001
    endloop
  endfacet
  facet normal 0.975956 0.217968 0
    outer loop
      vertex 28.3539 43.4027 1.90735e-07
      vertex 28.3828 43.2733 0.390001
      vertex 28.3828 43.2733 1.90735e-07
    endloop
  endfacet
  facet normal 0.958251 0.28593 0
    outer loop
      vertex 28.4198 43.1493 0.390001
      vertex 28.3828 43.2733 1.90735e-07
      vertex 28.3828 43.2733 0.390001
    endloop
  endfacet
  facet normal 0.958251 0.28593 0
    outer loop
      vertex 28.3828 43.2733 1.90735e-07
      vertex 28.4198 43.1493 0.390001
      vertex 28.4198 43.1493 1.90735e-07
    endloop
  endfacet
  facet normal 0.934376 0.35629 0
    outer loop
      vertex 28.4651 43.0305 0.390001
      vertex 28.4198 43.1493 1.90735e-07
      vertex 28.4198 43.1493 0.390001
    endloop
  endfacet
  facet normal 0.934376 0.35629 0
    outer loop
      vertex 28.4198 43.1493 1.90735e-07
      vertex 28.4651 43.0305 0.390001
      vertex 28.4651 43.0305 1.90735e-07
    endloop
  endfacet
  facet normal 0.904548 0.426373 0
    outer loop
      vertex 28.5186 42.917 0.390001
      vertex 28.4651 43.0305 1.90735e-07
      vertex 28.4651 43.0305 0.390001
    endloop
  endfacet
  facet normal 0.904548 0.426373 0
    outer loop
      vertex 28.4651 43.0305 1.90735e-07
      vertex 28.5186 42.917 0.390001
      vertex 28.5186 42.917 1.90735e-07
    endloop
  endfacet
  facet normal 0.868791 0.495179 0
    outer loop
      vertex 28.5797 42.8098 0.390001
      vertex 28.5186 42.917 1.90735e-07
      vertex 28.5186 42.917 0.390001
    endloop
  endfacet
  facet normal 0.868791 0.495179 0
    outer loop
      vertex 28.5186 42.917 1.90735e-07
      vertex 28.5797 42.8098 0.390001
      vertex 28.5797 42.8098 1.90735e-07
    endloop
  endfacet
  facet normal 0.826788 0.562514 0
    outer loop
      vertex 28.6476 42.71 0.390001
      vertex 28.5797 42.8098 1.90735e-07
      vertex 28.5797 42.8098 0.390001
    endloop
  endfacet
  facet normal 0.826788 0.562514 0
    outer loop
      vertex 28.5797 42.8098 1.90735e-07
      vertex 28.6476 42.71 0.390001
      vertex 28.6476 42.71 1.90735e-07
    endloop
  endfacet
  facet normal 0.7765 0.630117 0
    outer loop
      vertex 28.7225 42.6177 0.390001
      vertex 28.6476 42.71 1.90735e-07
      vertex 28.6476 42.71 0.390001
    endloop
  endfacet
  facet normal 0.7765 0.630117 0
    outer loop
      vertex 28.6476 42.71 1.90735e-07
      vertex 28.7225 42.6177 0.390001
      vertex 28.7225 42.6177 1.90735e-07
    endloop
  endfacet
  facet normal 0.720556 0.693397 0
    outer loop
      vertex 28.8042 42.5328 0.390001
      vertex 28.7225 42.6177 1.90735e-07
      vertex 28.7225 42.6177 0.390001
    endloop
  endfacet
  facet normal 0.720556 0.693397 0
    outer loop
      vertex 28.7225 42.6177 1.90735e-07
      vertex 28.8042 42.5328 0.390001
      vertex 28.8042 42.5328 1.90735e-07
    endloop
  endfacet
  facet normal 0.658865 0.752261 -0
    outer loop
      vertex 28.8928 42.4552 1.90735e-07
      vertex 28.8042 42.5328 0.390001
      vertex 28.8928 42.4552 0.390001
    endloop
  endfacet
  facet normal 0.658865 0.752261 0
    outer loop
      vertex 28.8042 42.5328 0.390001
      vertex 28.8928 42.4552 1.90735e-07
      vertex 28.8042 42.5328 1.90735e-07
    endloop
  endfacet
  facet normal 0.59173 0.806137 -0
    outer loop
      vertex 28.9883 42.3851 1.90735e-07
      vertex 28.8928 42.4552 0.390001
      vertex 28.9883 42.3851 0.390001
    endloop
  endfacet
  facet normal 0.59173 0.806137 0
    outer loop
      vertex 28.8928 42.4552 0.390001
      vertex 28.9883 42.3851 1.90735e-07
      vertex 28.8928 42.4552 1.90735e-07
    endloop
  endfacet
  facet normal 0.522562 0.852601 -0
    outer loop
      vertex 29.0906 42.3224 1.90735e-07
      vertex 28.9883 42.3851 0.390001
      vertex 29.0906 42.3224 0.390001
    endloop
  endfacet
  facet normal 0.522562 0.852601 0
    outer loop
      vertex 28.9883 42.3851 0.390001
      vertex 29.0906 42.3224 1.90735e-07
      vertex 28.9883 42.3851 1.90735e-07
    endloop
  endfacet
  facet normal 0.452157 0.891938 -0
    outer loop
      vertex 29.1987 42.2676 1.90735e-07
      vertex 29.0906 42.3224 0.390001
      vertex 29.1987 42.2676 0.390001
    endloop
  endfacet
  facet normal 0.452157 0.891938 0
    outer loop
      vertex 29.0906 42.3224 0.390001
      vertex 29.1987 42.2676 1.90735e-07
      vertex 29.0906 42.3224 1.90735e-07
    endloop
  endfacet
  facet normal 0.379718 0.925102 -0
    outer loop
      vertex 29.3115 42.2213 1.90735e-07
      vertex 29.1987 42.2676 0.390001
      vertex 29.3115 42.2213 0.390001
    endloop
  endfacet
  facet normal 0.379718 0.925102 0
    outer loop
      vertex 29.1987 42.2676 0.390001
      vertex 29.3115 42.2213 1.90735e-07
      vertex 29.1987 42.2676 1.90735e-07
    endloop
  endfacet
  facet normal 0.307216 0.95164 -0
    outer loop
      vertex 29.4289 42.1834 1.90735e-07
      vertex 29.3115 42.2213 0.390001
      vertex 29.4289 42.1834 0.390001
    endloop
  endfacet
  facet normal 0.307216 0.95164 0
    outer loop
      vertex 29.3115 42.2213 0.390001
      vertex 29.4289 42.1834 1.90735e-07
      vertex 29.3115 42.2213 1.90735e-07
    endloop
  endfacet
  facet normal 0.234848 0.972032 -0
    outer loop
      vertex 29.551 42.1539 1.90735e-07
      vertex 29.4289 42.1834 0.390001
      vertex 29.551 42.1539 0.390001
    endloop
  endfacet
  facet normal 0.234848 0.972032 0
    outer loop
      vertex 29.4289 42.1834 0.390001
      vertex 29.551 42.1539 1.90735e-07
      vertex 29.4289 42.1834 1.90735e-07
    endloop
  endfacet
  facet normal 0.164273 0.986415 -0
    outer loop
      vertex 29.6777 42.1328 1.90735e-07
      vertex 29.551 42.1539 0.390001
      vertex 29.6777 42.1328 0.390001
    endloop
  endfacet
  facet normal 0.164273 0.986415 0
    outer loop
      vertex 29.551 42.1539 0.390001
      vertex 29.6777 42.1328 1.90735e-07
      vertex 29.551 42.1539 1.90735e-07
    endloop
  endfacet
  facet normal 0.0955246 0.995427 -0
    outer loop
      vertex 29.809 42.1202 1.90735e-07
      vertex 29.6777 42.1328 0.390001
      vertex 29.809 42.1202 0.390001
    endloop
  endfacet
  facet normal 0.0955246 0.995427 0
    outer loop
      vertex 29.6777 42.1328 0.390001
      vertex 29.809 42.1202 1.90735e-07
      vertex 29.6777 42.1328 1.90735e-07
    endloop
  endfacet
  facet normal 0.0308676 0.999523 -0
    outer loop
      vertex 29.945 42.116 1.90735e-07
      vertex 29.809 42.1202 0.390001
      vertex 29.945 42.116 0.390001
    endloop
  endfacet
  facet normal 0.0308676 0.999523 0
    outer loop
      vertex 29.809 42.1202 0.390001
      vertex 29.945 42.116 1.90735e-07
      vertex 29.809 42.1202 1.90735e-07
    endloop
  endfacet
  facet normal 0 1 -0
    outer loop
      vertex 31.1958 42.116 1.90735e-07
      vertex 29.945 42.116 0.390001
      vertex 31.1958 42.116 0.390001
    endloop
  endfacet
  facet normal 0 1 0
    outer loop
      vertex 29.945 42.116 0.390001
      vertex 31.1958 42.116 1.90735e-07
      vertex 29.945 42.116 1.90735e-07
    endloop
  endfacet
  facet normal -1 0 0
    outer loop
      vertex 31.1958 42.116 1.90735e-07
      vertex 31.1958 45.4601 0.390001
      vertex 31.1958 45.4601 1.90735e-07
    endloop
  endfacet
  facet normal -1 -0 0
    outer loop
      vertex 31.1958 45.4601 0.390001
      vertex 31.1958 42.116 1.90735e-07
      vertex 31.1958 42.116 0.390001
    endloop
  endfacet
  facet normal -0.0319295 -0.99949 0
    outer loop
      vertex 29.894 42.4824 1.90735e-07
      vertex 29.9973 42.4791 0.390001
      vertex 29.894 42.4824 0.390001
    endloop
  endfacet
  facet normal -0.0319295 -0.99949 -0
    outer loop
      vertex 29.9973 42.4791 0.390001
      vertex 29.894 42.4824 1.90735e-07
      vertex 29.9973 42.4791 1.90735e-07
    endloop
  endfacet
  facet normal -0.0978234 -0.995204 0
    outer loop
      vertex 29.7943 42.4922 1.90735e-07
      vertex 29.894 42.4824 0.390001
      vertex 29.7943 42.4922 0.390001
    endloop
  endfacet
  facet normal -0.0978234 -0.995204 -0
    outer loop
      vertex 29.894 42.4824 0.390001
      vertex 29.7943 42.4922 1.90735e-07
      vertex 29.894 42.4824 1.90735e-07
    endloop
  endfacet
  facet normal -0.169391 -0.985549 0
    outer loop
      vertex 29.6983 42.5087 1.90735e-07
      vertex 29.7943 42.4922 0.390001
      vertex 29.6983 42.5087 0.390001
    endloop
  endfacet
  facet normal -0.169391 -0.985549 -0
    outer loop
      vertex 29.7943 42.4922 0.390001
      vertex 29.6983 42.5087 1.90735e-07
      vertex 29.7943 42.4922 1.90735e-07
    endloop
  endfacet
  facet normal -0.242536 -0.970143 0
    outer loop
      vertex 29.6059 42.5318 1.90735e-07
      vertex 29.6983 42.5087 0.390001
      vertex 29.6059 42.5318 0.390001
    endloop
  endfacet
  facet normal -0.242536 -0.970143 -0
    outer loop
      vertex 29.6983 42.5087 0.390001
      vertex 29.6059 42.5318 1.90735e-07
      vertex 29.6983 42.5087 1.90735e-07
    endloop
  endfacet
  facet normal -0.316228 -0.948683 0
    outer loop
      vertex 29.5171 42.5614 1.90735e-07
      vertex 29.6059 42.5318 0.390001
      vertex 29.5171 42.5614 0.390001
    endloop
  endfacet
  facet normal -0.316228 -0.948683 -0
    outer loop
      vertex 29.6059 42.5318 0.390001
      vertex 29.5171 42.5614 1.90735e-07
      vertex 29.6059 42.5318 1.90735e-07
    endloop
  endfacet
  facet normal -0.391438 -0.920204 0
    outer loop
      vertex 29.432 42.5976 1.90735e-07
      vertex 29.5171 42.5614 0.390001
      vertex 29.432 42.5976 0.390001
    endloop
  endfacet
  facet normal -0.391438 -0.920204 -0
    outer loop
      vertex 29.5171 42.5614 0.390001
      vertex 29.432 42.5976 1.90735e-07
      vertex 29.5171 42.5614 1.90735e-07
    endloop
  endfacet
  facet normal -0.465791 -0.884895 0
    outer loop
      vertex 29.3505 42.6405 1.90735e-07
      vertex 29.432 42.5976 0.390001
      vertex 29.3505 42.6405 0.390001
    endloop
  endfacet
  facet normal -0.465791 -0.884895 -0
    outer loop
      vertex 29.432 42.5976 0.390001
      vertex 29.3505 42.6405 1.90735e-07
      vertex 29.432 42.5976 1.90735e-07
    endloop
  endfacet
  facet normal -0.536875 -0.843661 0
    outer loop
      vertex 29.2735 42.6895 1.90735e-07
      vertex 29.3505 42.6405 0.390001
      vertex 29.2735 42.6895 0.390001
    endloop
  endfacet
  facet normal -0.536875 -0.843661 -0
    outer loop
      vertex 29.3505 42.6405 0.390001
      vertex 29.2735 42.6895 1.90735e-07
      vertex 29.3505 42.6405 1.90735e-07
    endloop
  endfacet
  facet normal -0.60671 -0.794923 0
    outer loop
      vertex 29.2017 42.7443 1.90735e-07
      vertex 29.2735 42.6895 0.390001
      vertex 29.2017 42.7443 0.390001
    endloop
  endfacet
  facet normal -0.60671 -0.794923 -0
    outer loop
      vertex 29.2735 42.6895 0.390001
      vertex 29.2017 42.7443 1.90735e-07
      vertex 29.2735 42.6895 1.90735e-07
    endloop
  endfacet
  facet normal -0.674164 -0.738582 0
    outer loop
      vertex 29.1352 42.805 1.90735e-07
      vertex 29.2017 42.7443 0.390001
      vertex 29.1352 42.805 0.390001
    endloop
  endfacet
  facet normal -0.674164 -0.738582 -0
    outer loop
      vertex 29.2017 42.7443 0.390001
      vertex 29.1352 42.805 1.90735e-07
      vertex 29.2017 42.7443 1.90735e-07
    endloop
  endfacet
  facet normal -0.735313 -0.677728 0
    outer loop
      vertex 29.1352 42.805 1.90735e-07
      vertex 29.074 42.8714 0.390001
      vertex 29.074 42.8714 1.90735e-07
    endloop
  endfacet
  facet normal -0.735313 -0.677728 0
    outer loop
      vertex 29.074 42.8714 0.390001
      vertex 29.1352 42.805 1.90735e-07
      vertex 29.1352 42.805 0.390001
    endloop
  endfacet
  facet normal -0.791117 -0.611665 0
    outer loop
      vertex 29.074 42.8714 1.90735e-07
      vertex 29.0181 42.9437 0.390001
      vertex 29.0181 42.9437 1.90735e-07
    endloop
  endfacet
  facet normal -0.791117 -0.611665 0
    outer loop
      vertex 29.0181 42.9437 0.390001
      vertex 29.074 42.8714 1.90735e-07
      vertex 29.074 42.8714 0.390001
    endloop
  endfacet
  facet normal -0.839253 -0.543741 0
    outer loop
      vertex 29.0181 42.9437 1.90735e-07
      vertex 28.9675 43.0218 0.390001
      vertex 28.9675 43.0218 1.90735e-07
    endloop
  endfacet
  facet normal -0.839253 -0.543741 0
    outer loop
      vertex 28.9675 43.0218 0.390001
      vertex 29.0181 42.9437 1.90735e-07
      vertex 29.0181 42.9437 0.390001
    endloop
  endfacet
  facet normal -0.879493 -0.475912 0
    outer loop
      vertex 28.9675 43.0218 1.90735e-07
      vertex 28.9221 43.1057 0.390001
      vertex 28.9221 43.1057 1.90735e-07
    endloop
  endfacet
  facet normal -0.879493 -0.475912 0
    outer loop
      vertex 28.9221 43.1057 0.390001
      vertex 28.9675 43.0218 1.90735e-07
      vertex 28.9675 43.0218 0.390001
    endloop
  endfacet
  facet normal -0.913261 -0.407376 0
    outer loop
      vertex 28.9221 43.1057 1.90735e-07
      vertex 28.8824 43.1947 0.390001
      vertex 28.8824 43.1947 1.90735e-07
    endloop
  endfacet
  facet normal -0.913261 -0.407376 0
    outer loop
      vertex 28.8824 43.1947 0.390001
      vertex 28.9221 43.1057 1.90735e-07
      vertex 28.9221 43.1057 0.390001
    endloop
  endfacet
  facet normal -0.9414 -0.337293 0
    outer loop
      vertex 28.8824 43.1947 1.90735e-07
      vertex 28.8489 43.2882 0.390001
      vertex 28.8489 43.2882 1.90735e-07
    endloop
  endfacet
  facet normal -0.9414 -0.337293 0
    outer loop
      vertex 28.8489 43.2882 0.390001
      vertex 28.8824 43.1947 1.90735e-07
      vertex 28.8824 43.1947 0.390001
    endloop
  endfacet
  facet normal -0.962739 -0.270432 0
    outer loop
      vertex 28.8489 43.2882 1.90735e-07
      vertex 28.8214 43.3861 0.390001
      vertex 28.8214 43.3861 1.90735e-07
    endloop
  endfacet
  facet normal -0.962739 -0.270432 0
    outer loop
      vertex 28.8214 43.3861 0.390001
      vertex 28.8489 43.2882 1.90735e-07
      vertex 28.8489 43.2882 0.390001
    endloop
  endfacet
  facet normal -0.978853 -0.204565 0
    outer loop
      vertex 28.8214 43.3861 1.90735e-07
      vertex 28.8 43.4885 0.390001
      vertex 28.8 43.4885 1.90735e-07
    endloop
  endfacet
  facet normal -0.978853 -0.204565 0
    outer loop
      vertex 28.8 43.4885 0.390001
      vertex 28.8214 43.3861 1.90735e-07
      vertex 28.8214 43.3861 0.390001
    endloop
  endfacet
  facet normal -0.990042 -0.140773 0
    outer loop
      vertex 28.8 43.4885 1.90735e-07
      vertex 28.7848 43.5954 0.390001
      vertex 28.7848 43.5954 1.90735e-07
    endloop
  endfacet
  facet normal -0.990042 -0.140773 0
    outer loop
      vertex 28.7848 43.5954 0.390001
      vertex 28.8 43.4885 1.90735e-07
      vertex 28.8 43.4885 0.390001
    endloop
  endfacet
  facet normal -0.996601 -0.0823785 0
    outer loop
      vertex 28.7848 43.5954 1.90735e-07
      vertex 28.7756 43.7067 0.390001
      vertex 28.7756 43.7067 1.90735e-07
    endloop
  endfacet
  facet normal -0.996601 -0.0823785 0
    outer loop
      vertex 28.7756 43.7067 0.390001
      vertex 28.7848 43.5954 1.90735e-07
      vertex 28.7848 43.5954 0.390001
    endloop
  endfacet
  facet normal -0.999664 -0.0259204 0
    outer loop
      vertex 28.7756 43.7067 1.90735e-07
      vertex 28.7726 43.8224 0.390001
      vertex 28.7726 43.8224 1.90735e-07
    endloop
  endfacet
  facet normal -0.999664 -0.0259204 0
    outer loop
      vertex 28.7726 43.8224 0.390001
      vertex 28.7756 43.7067 1.90735e-07
      vertex 28.7756 43.7067 0.390001
    endloop
  endfacet
  facet normal -0.999194 0.040154 0
    outer loop
      vertex 28.7726 43.8224 1.90735e-07
      vertex 28.7795 43.9941 0.390001
      vertex 28.7795 43.9941 1.90735e-07
    endloop
  endfacet
  facet normal -0.999194 0.040154 0
    outer loop
      vertex 28.7795 43.9941 0.390001
      vertex 28.7726 43.8224 1.90735e-07
      vertex 28.7726 43.8224 0.390001
    endloop
  endfacet
  facet normal -0.991524 0.129924 0
    outer loop
      vertex 28.7795 43.9941 1.90735e-07
      vertex 28.8004 44.1536 0.390001
      vertex 28.8004 44.1536 1.90735e-07
    endloop
  endfacet
  facet normal -0.991524 0.129924 0
    outer loop
      vertex 28.8004 44.1536 0.390001
      vertex 28.7795 43.9941 1.90735e-07
      vertex 28.7795 43.9941 0.390001
    endloop
  endfacet
  facet normal -0.97346 0.228856 0
    outer loop
      vertex 28.8004 44.1536 1.90735e-07
      vertex 28.8351 44.3012 0.390001
      vertex 28.8351 44.3012 1.90735e-07
    endloop
  endfacet
  facet normal -0.97346 0.228856 0
    outer loop
      vertex 28.8351 44.3012 0.390001
      vertex 28.8004 44.1536 1.90735e-07
      vertex 28.8004 44.1536 0.390001
    endloop
  endfacet
  facet normal -0.940985 0.338449 0
    outer loop
      vertex 28.8351 44.3012 1.90735e-07
      vertex 28.8838 44.4366 0.390001
      vertex 28.8838 44.4366 1.90735e-07
    endloop
  endfacet
  facet normal -0.940985 0.338449 0
    outer loop
      vertex 28.8838 44.4366 0.390001
      vertex 28.8351 44.3012 1.90735e-07
      vertex 28.8351 44.3012 0.390001
    endloop
  endfacet
  facet normal -0.892102 0.451834 0
    outer loop
      vertex 28.8838 44.4366 1.90735e-07
      vertex 28.9463 44.56 0.390001
      vertex 28.9463 44.56 1.90735e-07
    endloop
  endfacet
  facet normal -0.892102 0.451834 0
    outer loop
      vertex 28.9463 44.56 0.390001
      vertex 28.8838 44.4366 1.90735e-07
      vertex 28.8838 44.4366 0.390001
    endloop
  endfacet
  facet normal -0.824107 0.566435 0
    outer loop
      vertex 28.9463 44.56 1.90735e-07
      vertex 29.0228 44.6713 0.390001
      vertex 29.0228 44.6713 1.90735e-07
    endloop
  endfacet
  facet normal -0.824107 0.566435 0
    outer loop
      vertex 29.0228 44.6713 0.390001
      vertex 28.9463 44.56 1.90735e-07
      vertex 28.9463 44.56 0.390001
    endloop
  endfacet
  facet normal -0.739468 0.673192 0
    outer loop
      vertex 29.0228 44.6713 1.90735e-07
      vertex 29.1132 44.7706 0.390001
      vertex 29.1132 44.7706 1.90735e-07
    endloop
  endfacet
  facet normal -0.739468 0.673192 0
    outer loop
      vertex 29.1132 44.7706 0.390001
      vertex 29.0228 44.6713 1.90735e-07
      vertex 29.0228 44.6713 0.390001
    endloop
  endfacet
  facet normal -0.641714 0.766944 0
    outer loop
      vertex 29.2167 44.8572 1.90735e-07
      vertex 29.1132 44.7706 0.390001
      vertex 29.2167 44.8572 0.390001
    endloop
  endfacet
  facet normal -0.641714 0.766944 0
    outer loop
      vertex 29.1132 44.7706 0.390001
      vertex 29.2167 44.8572 1.90735e-07
      vertex 29.1132 44.7706 1.90735e-07
    endloop
  endfacet
  facet normal -0.534185 0.845368 0
    outer loop
      vertex 29.3327 44.9305 1.90735e-07
      vertex 29.2167 44.8572 0.390001
      vertex 29.3327 44.9305 0.390001
    endloop
  endfacet
  facet normal -0.534185 0.845368 0
    outer loop
      vertex 29.2167 44.8572 0.390001
      vertex 29.3327 44.9305 1.90735e-07
      vertex 29.2167 44.8572 1.90735e-07
    endloop
  endfacet
  facet normal -0.42277 0.906237 0
    outer loop
      vertex 29.4611 44.9904 1.90735e-07
      vertex 29.3327 44.9305 0.390001
      vertex 29.4611 44.9904 0.390001
    endloop
  endfacet
  facet normal -0.42277 0.906237 0
    outer loop
      vertex 29.3327 44.9305 0.390001
      vertex 29.4611 44.9904 1.90735e-07
      vertex 29.3327 44.9305 1.90735e-07
    endloop
  endfacet
  facet normal -0.314003 0.949422 0
    outer loop
      vertex 29.602 45.037 1.90735e-07
      vertex 29.4611 44.9904 0.390001
      vertex 29.602 45.037 0.390001
    endloop
  endfacet
  facet normal -0.314003 0.949422 0
    outer loop
      vertex 29.4611 44.9904 0.390001
      vertex 29.602 45.037 1.90735e-07
      vertex 29.4611 44.9904 1.90735e-07
    endloop
  endfacet
  facet normal -0.212271 0.977211 0
    outer loop
      vertex 29.7553 45.0703 1.90735e-07
      vertex 29.602 45.037 0.390001
      vertex 29.7553 45.0703 0.390001
    endloop
  endfacet
  facet normal -0.212271 0.977211 0
    outer loop
      vertex 29.602 45.037 0.390001
      vertex 29.7553 45.0703 1.90735e-07
      vertex 29.602 45.037 1.90735e-07
    endloop
  endfacet
  facet normal -0.119759 0.992803 0
    outer loop
      vertex 29.9211 45.0903 1.90735e-07
      vertex 29.7553 45.0703 0.390001
      vertex 29.9211 45.0903 0.390001
    endloop
  endfacet
  facet normal -0.119759 0.992803 0
    outer loop
      vertex 29.7553 45.0703 0.390001
      vertex 29.9211 45.0903 1.90735e-07
      vertex 29.7553 45.0703 1.90735e-07
    endloop
  endfacet
  facet normal -0.0375717 0.999294 0
    outer loop
      vertex 30.0993 45.097 1.90735e-07
      vertex 29.9211 45.0903 0.390001
      vertex 30.0993 45.097 0.390001
    endloop
  endfacet
  facet normal -0.0375717 0.999294 0
    outer loop
      vertex 29.9211 45.0903 0.390001
      vertex 30.0993 45.097 1.90735e-07
      vertex 29.9211 45.0903 1.90735e-07
    endloop
  endfacet
  facet normal 0 1 -0
    outer loop
      vertex 30.7425 45.097 1.90735e-07
      vertex 30.0993 45.097 0.390001
      vertex 30.7425 45.097 0.390001
    endloop
  endfacet
  facet normal 0 1 0
    outer loop
      vertex 30.0993 45.097 0.390001
      vertex 30.7425 45.097 1.90735e-07
      vertex 30.0993 45.097 1.90735e-07
    endloop
  endfacet
  facet normal 1 -0 0
    outer loop
      vertex 30.7425 42.4791 0.390001
      vertex 30.7425 45.097 1.90735e-07
      vertex 30.7425 45.097 0.390001
    endloop
  endfacet
  facet normal 1 0 0
    outer loop
      vertex 30.7425 45.097 1.90735e-07
      vertex 30.7425 42.4791 0.390001
      vertex 30.7425 42.4791 1.90735e-07
    endloop
  endfacet
  facet normal 0 -1 0
    outer loop
      vertex 29.9973 42.4791 1.90735e-07
      vertex 30.7425 42.4791 0.390001
      vertex 29.9973 42.4791 0.390001
    endloop
  endfacet
  facet normal 0 -1 -0
    outer loop
      vertex 30.7425 42.4791 0.390001
      vertex 29.9973 42.4791 1.90735e-07
      vertex 30.7425 42.4791 1.90735e-07
    endloop
  endfacet
  facet normal 0 1 -0
    outer loop
      vertex 27.3024 43.0938 1.90735e-07
      vertex 25.7787 43.0938 0.390001
      vertex 27.3024 43.0938 0.390001
    endloop
  endfacet
  facet normal 0 1 0
    outer loop
      vertex 25.7787 43.0938 0.390001
      vertex 27.3024 43.0938 1.90735e-07
      vertex 25.7787 43.0938 1.90735e-07
    endloop
  endfacet
  facet normal 0.930633 0.365953 0
    outer loop
      vertex 27.6869 42.116 0.390001
      vertex 27.3024 43.0938 1.90735e-07
      vertex 27.3024 43.0938 0.390001
    endloop
  endfacet
  facet normal 0.930633 0.365953 0
    outer loop
      vertex 27.3024 43.0938 1.90735e-07
      vertex 27.6869 42.116 0.390001
      vertex 27.6869 42.116 1.90735e-07
    endloop
  endfacet
  facet normal 0 1 -0
    outer loop
      vertex 28.1568 42.116 1.90735e-07
      vertex 27.6869 42.116 0.390001
      vertex 28.1568 42.116 0.390001
    endloop
  endfacet
  facet normal 0 1 0
    outer loop
      vertex 27.6869 42.116 0.390001
      vertex 28.1568 42.116 1.90735e-07
      vertex 27.6869 42.116 1.90735e-07
    endloop
  endfacet
  facet normal -0.925871 -0.37784 0
    outer loop
      vertex 28.1568 42.116 1.90735e-07
      vertex 26.7921 45.4601 0.390001
      vertex 26.7921 45.4601 1.90735e-07
    endloop
  endfacet
  facet normal -0.925871 -0.37784 0
    outer loop
      vertex 26.7921 45.4601 0.390001
      vertex 28.1568 42.116 1.90735e-07
      vertex 28.1568 42.116 0.390001
    endloop
  endfacet
  facet normal 0 -1 0
    outer loop
      vertex 26.2771 45.4601 1.90735e-07
      vertex 26.7921 45.4601 0.390001
      vertex 26.2771 45.4601 0.390001
    endloop
  endfacet
  facet normal 0 -1 -0
    outer loop
      vertex 26.7921 45.4601 0.390001
      vertex 26.2771 45.4601 1.90735e-07
      vertex 26.7921 45.4601 1.90735e-07
    endloop
  endfacet
  facet normal 0.927925 -0.372768 0
    outer loop
      vertex 24.9337 42.116 0.390001
      vertex 26.2771 45.4601 1.90735e-07
      vertex 26.2771 45.4601 0.390001
    endloop
  endfacet
  facet normal 0.927925 -0.372768 0
    outer loop
      vertex 26.2771 45.4601 1.90735e-07
      vertex 24.9337 42.116 0.390001
      vertex 24.9337 42.116 1.90735e-07
    endloop
  endfacet
  facet normal 0 1 -0
    outer loop
      vertex 25.3965 42.116 1.90735e-07
      vertex 24.9337 42.116 0.390001
      vertex 25.3965 42.116 0.390001
    endloop
  endfacet
  facet normal 0 1 0
    outer loop
      vertex 24.9337 42.116 0.390001
      vertex 25.3965 42.116 1.90735e-07
      vertex 24.9337 42.116 1.90735e-07
    endloop
  endfacet
  facet normal -0.931378 0.364055 0
    outer loop
      vertex 25.3965 42.116 1.90735e-07
      vertex 25.7787 43.0938 0.390001
      vertex 25.7787 43.0938 1.90735e-07
    endloop
  endfacet
  facet normal -0.931378 0.364055 0
    outer loop
      vertex 25.7787 43.0938 0.390001
      vertex 25.3965 42.116 1.90735e-07
      vertex 25.3965 42.116 0.390001
    endloop
  endfacet
  facet normal -0.931895 0.362727 0
    outer loop
      vertex 25.9139 43.4474 1.90735e-07
      vertex 26.3435 44.5511 0.390001
      vertex 26.3435 44.5511 1.90735e-07
    endloop
  endfacet
  facet normal -0.931895 0.362727 0
    outer loop
      vertex 26.3435 44.5511 0.390001
      vertex 25.9139 43.4474 1.90735e-07
      vertex 25.9139 43.4474 0.390001
    endloop
  endfacet
  facet normal -0.929013 0.370047 0
    outer loop
      vertex 26.3435 44.5511 1.90735e-07
      vertex 26.3625 44.5988 0.390001
      vertex 26.3625 44.5988 1.90735e-07
    endloop
  endfacet
  facet normal -0.929013 0.370047 0
    outer loop
      vertex 26.3625 44.5988 0.390001
      vertex 26.3435 44.5511 1.90735e-07
      vertex 26.3435 44.5511 0.390001
    endloop
  endfacet
  facet normal -0.933346 0.358979 0
    outer loop
      vertex 26.3625 44.5988 1.90735e-07
      vertex 26.3815 44.6482 0.390001
      vertex 26.3815 44.6482 1.90735e-07
    endloop
  endfacet
  facet normal -0.933346 0.358979 0
    outer loop
      vertex 26.3815 44.6482 0.390001
      vertex 26.3625 44.5988 1.90735e-07
      vertex 26.3625 44.5988 0.390001
    endloop
  endfacet
  facet normal -0.937305 0.348509 0
    outer loop
      vertex 26.3815 44.6482 1.90735e-07
      vertex 26.4005 44.6993 0.390001
      vertex 26.4005 44.6993 1.90735e-07
    endloop
  endfacet
  facet normal -0.937305 0.348509 0
    outer loop
      vertex 26.4005 44.6993 0.390001
      vertex 26.3815 44.6482 1.90735e-07
      vertex 26.3815 44.6482 0.390001
    endloop
  endfacet
  facet normal -0.941137 0.338026 0
    outer loop
      vertex 26.4005 44.6993 1.90735e-07
      vertex 26.4195 44.7522 0.390001
      vertex 26.4195 44.7522 1.90735e-07
    endloop
  endfacet
  facet normal -0.941137 0.338026 0
    outer loop
      vertex 26.4195 44.7522 0.390001
      vertex 26.4005 44.6993 1.90735e-07
      vertex 26.4005 44.6993 0.390001
    endloop
  endfacet
  facet normal -0.94445 0.328655 0
    outer loop
      vertex 26.4195 44.7522 1.90735e-07
      vertex 26.4385 44.8068 0.390001
      vertex 26.4385 44.8068 1.90735e-07
    endloop
  endfacet
  facet normal -0.94445 0.328655 0
    outer loop
      vertex 26.4385 44.8068 0.390001
      vertex 26.4195 44.7522 1.90735e-07
      vertex 26.4195 44.7522 0.390001
    endloop
  endfacet
  facet normal -0.948178 0.31774 0
    outer loop
      vertex 26.4385 44.8068 1.90735e-07
      vertex 26.4574 44.8632 0.390001
      vertex 26.4574 44.8632 1.90735e-07
    endloop
  endfacet
  facet normal -0.948178 0.31774 0
    outer loop
      vertex 26.4574 44.8632 0.390001
      vertex 26.4385 44.8068 1.90735e-07
      vertex 26.4385 44.8068 0.390001
    endloop
  endfacet
  facet normal -0.950467 0.310824 0
    outer loop
      vertex 26.4574 44.8632 1.90735e-07
      vertex 26.4764 44.9213 0.390001
      vertex 26.4764 44.9213 1.90735e-07
    endloop
  endfacet
  facet normal -0.950467 0.310824 0
    outer loop
      vertex 26.4764 44.9213 0.390001
      vertex 26.4574 44.8632 1.90735e-07
      vertex 26.4574 44.8632 0.390001
    endloop
  endfacet
  facet normal -0.950928 0.309413 0
    outer loop
      vertex 26.4764 44.9213 1.90735e-07
      vertex 26.5405 45.1183 0.390001
      vertex 26.5405 45.1183 1.90735e-07
    endloop
  endfacet
  facet normal -0.950928 0.309413 0
    outer loop
      vertex 26.5405 45.1183 0.390001
      vertex 26.4764 44.9213 1.90735e-07
      vertex 26.4764 44.9213 0.390001
    endloop
  endfacet
  facet normal 0.95179 0.306751 0
    outer loop
      vertex 26.5619 45.0519 0.390001
      vertex 26.5405 45.1183 1.90735e-07
      vertex 26.5405 45.1183 0.390001
    endloop
  endfacet
  facet normal 0.95179 0.306751 0
    outer loop
      vertex 26.5405 45.1183 1.90735e-07
      vertex 26.5619 45.0519 0.390001
      vertex 26.5619 45.0519 1.90735e-07
    endloop
  endfacet
  facet normal 0.955461 0.295117 0
    outer loop
      vertex 26.58 44.9933 0.390001
      vertex 26.5619 45.0519 1.90735e-07
      vertex 26.5619 45.0519 0.390001
    endloop
  endfacet
  facet normal 0.955461 0.295117 0
    outer loop
      vertex 26.5619 45.0519 1.90735e-07
      vertex 26.58 44.9933 0.390001
      vertex 26.58 44.9933 1.90735e-07
    endloop
  endfacet
  facet normal 0.951509 0.30762 0
    outer loop
      vertex 26.6004 44.9302 0.390001
      vertex 26.58 44.9933 1.90735e-07
      vertex 26.58 44.9933 0.390001
    endloop
  endfacet
  facet normal 0.951509 0.30762 0
    outer loop
      vertex 26.58 44.9933 1.90735e-07
      vertex 26.6004 44.9302 0.390001
      vertex 26.6004 44.9302 1.90735e-07
    endloop
  endfacet
  facet normal 0.947699 0.319166 0
    outer loop
      vertex 26.6232 44.8625 0.390001
      vertex 26.6004 44.9302 1.90735e-07
      vertex 26.6004 44.9302 0.390001
    endloop
  endfacet
  facet normal 0.947699 0.319166 0
    outer loop
      vertex 26.6004 44.9302 1.90735e-07
      vertex 26.6232 44.8625 0.390001
      vertex 26.6232 44.8625 1.90735e-07
    endloop
  endfacet
  facet normal 0.94455 0.328368 0
    outer loop
      vertex 26.6483 44.7903 0.390001
      vertex 26.6232 44.8625 1.90735e-07
      vertex 26.6232 44.8625 0.390001
    endloop
  endfacet
  facet normal 0.94455 0.328368 0
    outer loop
      vertex 26.6232 44.8625 1.90735e-07
      vertex 26.6483 44.7903 0.390001
      vertex 26.6483 44.7903 1.90735e-07
    endloop
  endfacet
  facet normal 0.941853 0.336026 0
    outer loop
      vertex 26.6757 44.7135 0.390001
      vertex 26.6483 44.7903 1.90735e-07
      vertex 26.6483 44.7903 0.390001
    endloop
  endfacet
  facet normal 0.941853 0.336026 0
    outer loop
      vertex 26.6483 44.7903 1.90735e-07
      vertex 26.6757 44.7135 0.390001
      vertex 26.6757 44.7135 1.90735e-07
    endloop
  endfacet
  facet normal 0.938914 0.344153 0
    outer loop
      vertex 26.7055 44.6322 0.390001
      vertex 26.6757 44.7135 1.90735e-07
      vertex 26.6757 44.7135 0.390001
    endloop
  endfacet
  facet normal 0.938914 0.344153 0
    outer loop
      vertex 26.6757 44.7135 1.90735e-07
      vertex 26.7055 44.6322 0.390001
      vertex 26.7055 44.6322 1.90735e-07
    endloop
  endfacet
  facet normal 0.937089 0.34909 0
    outer loop
      vertex 26.7375 44.5463 0.390001
      vertex 26.7055 44.6322 1.90735e-07
      vertex 26.7055 44.6322 0.390001
    endloop
  endfacet
  facet normal 0.937089 0.34909 0
    outer loop
      vertex 26.7055 44.6322 1.90735e-07
      vertex 26.7375 44.5463 0.390001
      vertex 26.7375 44.5463 1.90735e-07
    endloop
  endfacet
  facet normal 0.932048 0.362336 0
    outer loop
      vertex 27.1647 43.4474 0.390001
      vertex 26.7375 44.5463 1.90735e-07
      vertex 26.7375 44.5463 0.390001
    endloop
  endfacet
  facet normal 0.932048 0.362336 0
    outer loop
      vertex 26.7375 44.5463 1.90735e-07
      vertex 27.1647 43.4474 0.390001
      vertex 27.1647 43.4474 1.90735e-07
    endloop
  endfacet
  facet normal 0 -1 0
    outer loop
      vertex 25.9139 43.4474 1.90735e-07
      vertex 27.1647 43.4474 0.390001
      vertex 25.9139 43.4474 0.390001
    endloop
  endfacet
  facet normal 0 -1 -0
    outer loop
      vertex 27.1647 43.4474 0.390001
      vertex 25.9139 43.4474 1.90735e-07
      vertex 27.1647 43.4474 1.90735e-07
    endloop
  endfacet
  facet normal 0 1 -0
    outer loop
      vertex 20.9816 43.6658 1.90735e-07
      vertex 19.173 43.6658 0.390001
      vertex 20.9816 43.6658 0.390001
    endloop
  endfacet
  facet normal 0 1 0
    outer loop
      vertex 19.173 43.6658 0.390001
      vertex 20.9816 43.6658 1.90735e-07
      vertex 19.173 43.6658 1.90735e-07
    endloop
  endfacet
  facet normal 1 -0 0
    outer loop
      vertex 20.9816 42.116 0.390001
      vertex 20.9816 43.6658 1.90735e-07
      vertex 20.9816 43.6658 0.390001
    endloop
  endfacet
  facet normal 1 0 0
    outer loop
      vertex 20.9816 43.6658 1.90735e-07
      vertex 20.9816 42.116 0.390001
      vertex 20.9816 42.116 1.90735e-07
    endloop
  endfacet
  facet normal 0 1 -0
    outer loop
      vertex 21.4349 42.116 1.90735e-07
      vertex 20.9816 42.116 0.390001
      vertex 21.4349 42.116 0.390001
    endloop
  endfacet
  facet normal 0 1 0
    outer loop
      vertex 20.9816 42.116 0.390001
      vertex 21.4349 42.116 1.90735e-07
      vertex 20.9816 42.116 1.90735e-07
    endloop
  endfacet
  facet normal -1 0 0
    outer loop
      vertex 21.4349 42.116 1.90735e-07
      vertex 21.4349 45.4601 0.390001
      vertex 21.4349 45.4601 1.90735e-07
    endloop
  endfacet
  facet normal -1 -0 0
    outer loop
      vertex 21.4349 45.4601 0.390001
      vertex 21.4349 42.116 1.90735e-07
      vertex 21.4349 42.116 0.390001
    endloop
  endfacet
  facet normal 0 -1 0
    outer loop
      vertex 20.9816 45.4601 1.90735e-07
      vertex 21.4349 45.4601 0.390001
      vertex 20.9816 45.4601 0.390001
    endloop
  endfacet
  facet normal 0 -1 -0
    outer loop
      vertex 21.4349 45.4601 0.390001
      vertex 20.9816 45.4601 1.90735e-07
      vertex 21.4349 45.4601 1.90735e-07
    endloop
  endfacet
  facet normal 1 -0 0
    outer loop
      vertex 20.9816 44.0455 0.390001
      vertex 20.9816 45.4601 1.90735e-07
      vertex 20.9816 45.4601 0.390001
    endloop
  endfacet
  facet normal 1 0 0
    outer loop
      vertex 20.9816 45.4601 1.90735e-07
      vertex 20.9816 44.0455 0.390001
      vertex 20.9816 44.0455 1.90735e-07
    endloop
  endfacet
  facet normal 0 -1 0
    outer loop
      vertex 19.173 44.0455 1.90735e-07
      vertex 20.9816 44.0455 0.390001
      vertex 19.173 44.0455 0.390001
    endloop
  endfacet
  facet normal 0 -1 -0
    outer loop
      vertex 20.9816 44.0455 0.390001
      vertex 19.173 44.0455 1.90735e-07
      vertex 20.9816 44.0455 1.90735e-07
    endloop
  endfacet
  facet normal -1 0 0
    outer loop
      vertex 19.173 44.0455 1.90735e-07
      vertex 19.173 45.4601 0.390001
      vertex 19.173 45.4601 1.90735e-07
    endloop
  endfacet
  facet normal -1 -0 0
    outer loop
      vertex 19.173 45.4601 0.390001
      vertex 19.173 44.0455 1.90735e-07
      vertex 19.173 44.0455 0.390001
    endloop
  endfacet
  facet normal 0 -1 0
    outer loop
      vertex 18.7197 45.4601 1.90735e-07
      vertex 19.173 45.4601 0.390001
      vertex 18.7197 45.4601 0.390001
    endloop
  endfacet
  facet normal 0 -1 -0
    outer loop
      vertex 19.173 45.4601 0.390001
      vertex 18.7197 45.4601 1.90735e-07
      vertex 19.173 45.4601 1.90735e-07
    endloop
  endfacet
  facet normal 1 -0 0
    outer loop
      vertex 18.7197 42.116 0.390001
      vertex 18.7197 45.4601 1.90735e-07
      vertex 18.7197 45.4601 0.390001
    endloop
  endfacet
  facet normal 1 0 0
    outer loop
      vertex 18.7197 45.4601 1.90735e-07
      vertex 18.7197 42.116 0.390001
      vertex 18.7197 42.116 1.90735e-07
    endloop
  endfacet
  facet normal 0 1 -0
    outer loop
      vertex 19.173 42.116 1.90735e-07
      vertex 18.7197 42.116 0.390001
      vertex 19.173 42.116 0.390001
    endloop
  endfacet
  facet normal 0 1 0
    outer loop
      vertex 18.7197 42.116 0.390001
      vertex 19.173 42.116 1.90735e-07
      vertex 18.7197 42.116 1.90735e-07
    endloop
  endfacet
  facet normal -1 0 0
    outer loop
      vertex 19.173 42.116 1.90735e-07
      vertex 19.173 43.6658 0.390001
      vertex 19.173 43.6658 1.90735e-07
    endloop
  endfacet
  facet normal -1 -0 0
    outer loop
      vertex 19.173 43.6658 0.390001
      vertex 19.173 42.116 1.90735e-07
      vertex 19.173 42.116 0.390001
    endloop
  endfacet
endsolid OpenSCAD_Model
